feedback_id,customer_id,feedback_date,nps_score,satisfaction_score,feedback_category,comment
FBK-000001,CUST-000001,2023-05-23,5,1,Customer support,Ticket was escalated multiple times without a clear resolution.
FBK-000002,CUST-000002,2023-12-20,3,1,Integration,Webhook latency caused duplicate entries in our CRM.
FBK-000003,CUST-000003,2024-02-26,6,5,Mobile experience,Mobile notifications sometimes get delayed.
FBK-000004,CUST-000004,2023-10-01,1,2,Product usability,UI navigation can be cluttered for new team members.
FBK-000005,CUST-000005,2024-08-30,10,3,Pricing,Great value for money compared to enterprise alternatives.
FBK-000006,CUST-000007,2024-06-19,8,3,Performance,Reliable uptime with minimal disruptions.
FBK-000007,CUST-000008,2023-07-02,6,1,Pricing,Monthly plan feels a bit expensive without annual discounts.
FBK-000008,CUST-000012,2023-01-16,7,5,Product usability,UI navigation can be cluttered for new team members.
FBK-000009,CUST-000014,2023-05-30,9,3,Integration,API documentation is top notch and easy to implement.
FBK-000010,CUST-000016,2022-08-23,8,4,Customer support,Helpful customer success manager during onboarding.
FBK-000011,CUST-000017,2022-03-16,5,1,Missing features,Missing advanced analytics export to warehouse.
FBK-000012,CUST-000018,2024-04-08,9,5,Customer support,Support team resolved our critical issue in under an hour!
FBK-000013,CUST-000025,2023-09-03,6,3,Integration,Webhook latency caused duplicate entries in our CRM.
FBK-000014,CUST-000026,2023-12-02,2,1,Pricing,Renewal rate increase was unexpected.
FBK-000015,CUST-000028,2022-08-22,6,1,Integration,Custom connector setup was frustrating.
FBK-000016,CUST-000029,2024-05-22,2,1,Pricing,Renewal rate increase was unexpected.
FBK-000017,CUST-000030,2024-10-12,10,5,Performance,Reliable uptime with minimal disruptions.
FBK-000018,CUST-000031,2024-08-11,9,5,Pricing,"Pricing is fair, but add-on user seats add up quickly."
FBK-000019,CUST-000032,2022-10-17,0,1,Product usability,UI navigation can be cluttered for new team members.
FBK-000020,CUST-000033,2024-10-22,7,4,Performance,Slow loading times on large dataset syncs.
FBK-000021,CUST-000034,2024-04-18,8,4,Integration,Seamless integration with Google Workspace and Salesforce.
FBK-000022,CUST-000035,2024-04-18,2,1,Missing features,Missing advanced analytics export to warehouse.
FBK-000023,CUST-000037,2024-02-18,7,4,Pricing,Renewal rate increase was unexpected.
FBK-000024,CUST-000039,2023-12-02,7,3,Missing features,Missing advanced analytics export to warehouse.
FBK-000025,CUST-000041,2023-04-16,7,5,Integration,Custom connector setup was frustrating.
FBK-000026,CUST-000042,2024-04-19,10,3,Pricing,"Pricing is fair, but add-on user seats add up quickly."
FBK-000027,CUST-000044,2023-11-15,9,4,Mobile experience,Mobile app is lightweight and perfect for on-the-go approvals.
FBK-000028,CUST-000045,2024-07-06,7,4,Performance,Occasional lag during peak hours in large file exports.
FBK-000029,CUST-000050,2024-08-23,7,1,Product usability,Steep learning curve for non-technical users.
FBK-000030,CUST-000051,2023-09-24,0,2,Missing features,Missing advanced analytics export to warehouse.
FBK-000031,CUST-000053,2023-03-25,2,2,Product usability,UI navigation can be cluttered for new team members.
FBK-000032,CUST-000054,2023-01-13,4,3,Pricing,Renewal rate increase was unexpected.
FBK-000033,CUST-000055,2022-10-07,10,4,Missing features,The core features cover 90% of our workflow needs.
FBK-000034,CUST-000061,2023-12-24,2,1,Customer support,Took too long to get a response on an urgent billing ticket.
FBK-000035,CUST-000062,2023-12-06,6,3,Performance,Occasional lag during peak hours in large file exports.
FBK-000036,CUST-000063,2023-04-02,6,2,Missing features,Missing advanced analytics export to warehouse.
FBK-000037,CUST-000064,2023-10-03,10,4,Performance,Blazing fast sync speeds across distributed teams.
FBK-000038,CUST-000065,2024-07-04,5,4,Integration,Webhook latency caused duplicate entries in our CRM.
FBK-000039,CUST-000067,2024-04-20,8,5,Missing features,The core features cover 90% of our workflow needs.
FBK-000040,CUST-000068,2024-03-26,6,3,Pricing,Renewal rate increase was unexpected.
FBK-000041,CUST-000069,2023-08-07,5,4,Integration,Custom connector setup was frustrating.
FBK-000042,CUST-000070,2024-04-19,9,5,Performance,Blazing fast sync speeds across distributed teams.
FBK-000043,CUST-000072,2022-05-05,10,3,Integration,Seamless integration with Google Workspace and Salesforce.
FBK-000044,CUST-000073,2023-09-24,7,4,Integration,Webhook latency caused duplicate entries in our CRM.
FBK-000045,CUST-000074,2024-05-11,8,4,Pricing,"Pricing is fair, but add-on user seats add up quickly."
FBK-000046,CUST-000076,2023-12-31,3,1,Pricing,Monthly plan feels a bit expensive without annual discounts.
FBK-000047,CUST-000077,2024-01-20,1,3,Customer support,Ticket was escalated multiple times without a clear resolution.
FBK-000048,CUST-000078,2024-08-22,8,4,Integration,Seamless integration with Google Workspace and Salesforce.
FBK-000049,CUST-000079,2023-11-13,7,3,Missing features,Missing advanced analytics export to warehouse.
FBK-000050,CUST-000081,2024-06-13,3,3,Performance,Slow loading times on large dataset syncs.
FBK-000051,CUST-000082,2024-06-30,7,4,Pricing,Renewal rate increase was unexpected.
FBK-000052,CUST-000083,2024-04-14,4,3,Integration,Webhook latency caused duplicate entries in our CRM.
FBK-000053,CUST-000084,2024-05-26,2,2,Mobile experience,Needs iPad tablet optimization.
FBK-000054,CUST-000085,2023-10-30,5,1,Performance,Occasional lag during peak hours in large file exports.
FBK-000055,CUST-000087,2024-07-02,9,4,Customer support,Support team resolved our critical issue in under an hour!
FBK-000056,CUST-000088,2024-04-19,5,1,Customer support,Ticket was escalated multiple times without a clear resolution.
FBK-000057,CUST-000089,2024-08-18,8,5,Missing features,The core features cover 90% of our workflow needs.
FBK-000058,CUST-000090,2024-08-02,8,3,Integration,Seamless integration with Google Workspace and Salesforce.
FBK-000059,CUST-000091,2024-01-29,6,5,Pricing,Monthly plan feels a bit expensive without annual discounts.
FBK-000060,CUST-000096,2023-03-06,6,4,Performance,Occasional lag during peak hours in large file exports.
FBK-000061,CUST-000097,2023-05-01,6,5,Mobile experience,Mobile notifications sometimes get delayed.
FBK-000062,CUST-000099,2023-12-29,7,3,Missing features,Missing advanced analytics export to warehouse.
FBK-000063,CUST-000100,2023-11-18,8,5,Mobile experience,Mobile app is lightweight and perfect for on-the-go approvals.
FBK-000064,CUST-000101,2023-12-12,2,2,Missing features,Missing advanced analytics export to warehouse.
FBK-000065,CUST-000103,2022-12-28,6,4,Pricing,Monthly plan feels a bit expensive without annual discounts.
FBK-000066,CUST-000104,2024-10-03,10,5,Customer support,Helpful customer success manager during onboarding.
FBK-000067,CUST-000105,2023-05-30,7,3,Mobile experience,Needs iPad tablet optimization.
FBK-000068,CUST-000106,2024-07-20,7,5,Customer support,Ticket was escalated multiple times without a clear resolution.
FBK-000069,CUST-000107,2022-11-10,6,3,Customer support,Took too long to get a response on an urgent billing ticket.
FBK-000070,CUST-000108,2023-05-02,5,5,Mobile experience,Mobile notifications sometimes get delayed.
FBK-000071,CUST-000109,2024-02-02,9,4,Integration,Seamless integration with Google Workspace and Salesforce.
FBK-000072,CUST-000110,2022-05-12,10,3,Missing features,The core features cover 90% of our workflow needs.
FBK-000073,CUST-000111,2024-01-30,9,3,Integration,API documentation is top notch and easy to implement.
FBK-000074,CUST-000113,2024-02-17,5,1,Pricing,Monthly plan feels a bit expensive without annual discounts.
FBK-000075,CUST-000114,2023-11-26,9,4,Customer support,Helpful customer success manager during onboarding.
FBK-000076,CUST-000115,2024-08-17,8,4,Customer support,Helpful customer success manager during onboarding.
FBK-000077,CUST-000118,2024-08-19,7,5,Integration,Webhook latency caused duplicate entries in our CRM.
FBK-000078,CUST-000119,2023-03-21,3,1,Mobile experience,Mobile notifications sometimes get delayed.
FBK-000079,CUST-000120,2024-06-23,7,3,Integration,Custom connector setup was frustrating.
FBK-000080,CUST-000121,2024-08-16,5,5,Product usability,Steep learning curve for non-technical users.
FBK-000081,CUST-000122,2023-12-26,9,5,Performance,Blazing fast sync speeds across distributed teams.
FBK-000082,CUST-000124,2023-11-10,8,4,Product usability,Intuitive interface and team adopted it within days.
FBK-000083,CUST-000127,2023-09-29,6,4,Pricing,Renewal rate increase was unexpected.
FBK-000084,CUST-000129,2022-07-01,3,1,Customer support,Ticket was escalated multiple times without a clear resolution.
FBK-000085,CUST-000130,2024-08-05,8,3,Performance,Blazing fast sync speeds across distributed teams.
FBK-000086,CUST-000131,2024-06-15,5,1,Performance,Occasional lag during peak hours in large file exports.
FBK-000087,CUST-000132,2024-10-27,3,2,Missing features,Missing advanced analytics export to warehouse.
FBK-000088,CUST-000133,2023-06-17,2,1,Customer support,Ticket was escalated multiple times without a clear resolution.
FBK-000089,CUST-000135,2024-02-06,0,3,Missing features,Missing advanced analytics export to warehouse.
FBK-000090,CUST-000136,2024-09-08,7,3,Performance,Slow loading times on large dataset syncs.
FBK-000091,CUST-000137,2023-08-26,9,3,Product usability,Intuitive interface and team adopted it within days.
FBK-000092,CUST-000139,2024-10-17,7,4,Integration,Webhook latency caused duplicate entries in our CRM.
FBK-000093,CUST-000140,2023-01-23,7,4,Pricing,Monthly plan feels a bit expensive without annual discounts.
FBK-000094,CUST-000143,2024-10-06,7,2,Mobile experience,Needs iPad tablet optimization.
FBK-000095,CUST-000144,2023-10-22,8,3,Customer support,Support team resolved our critical issue in under an hour!
FBK-000096,CUST-000145,2024-09-07,5,3,Pricing,Renewal rate increase was unexpected.
FBK-000097,CUST-000146,2022-11-24,5,1,Mobile experience,Mobile notifications sometimes get delayed.
FBK-000098,CUST-000148,2024-03-04,6,4,Mobile experience,Mobile notifications sometimes get delayed.
FBK-000099,CUST-000151,2024-04-25,6,5,Mobile experience,Mobile notifications sometimes get delayed.
FBK-000100,CUST-000152,2024-03-12,5,4,Pricing,Monthly plan feels a bit expensive without annual discounts.
FBK-000101,CUST-000153,2022-05-31,7,4,Product usability,UI navigation can be cluttered for new team members.
FBK-000102,CUST-000154,2023-11-07,9,4,Pricing,"Pricing is fair, but add-on user seats add up quickly."
FBK-000103,CUST-000155,2024-08-23,7,2,Product usability,Steep learning curve for non-technical users.
FBK-000104,CUST-000156,2024-10-14,9,3,Customer support,Helpful customer success manager during onboarding.
FBK-000105,CUST-000157,2022-10-20,5,3,Product usability,Steep learning curve for non-technical users.
FBK-000106,CUST-000159,2024-06-12,10,5,Missing features,The core features cover 90% of our workflow needs.
FBK-000107,CUST-000164,2024-08-05,2,1,Product usability,UI navigation can be cluttered for new team members.
FBK-000108,CUST-000166,2024-09-24,7,3,Customer support,Took too long to get a response on an urgent billing ticket.
FBK-000109,CUST-000168,2023-08-09,9,3,Customer support,Support team resolved our critical issue in under an hour!
FBK-000110,CUST-000169,2023-01-26,6,4,Mobile experience,Needs iPad tablet optimization.
FBK-000111,CUST-000170,2024-01-04,8,5,Integration,Seamless integration with Google Workspace and Salesforce.
FBK-000112,CUST-000171,2024-03-21,8,4,Performance,Reliable uptime with minimal disruptions.
FBK-000113,CUST-000172,2023-12-07,7,2,Performance,Slow loading times on large dataset syncs.
FBK-000114,CUST-000174,2024-05-21,9,4,Customer support,Support team resolved our critical issue in under an hour!
FBK-000115,CUST-000175,2024-05-16,10,3,Mobile experience,Mobile app is lightweight and perfect for on-the-go approvals.
FBK-000116,CUST-000177,2024-04-05,8,4,Pricing,Great value for money compared to enterprise alternatives.
FBK-000117,CUST-000178,2024-07-22,4,1,Missing features,Missing advanced analytics export to warehouse.
FBK-000118,CUST-000180,2023-09-10,0,2,Mobile experience,Mobile notifications sometimes get delayed.
FBK-000119,CUST-000182,2024-07-05,10,5,Product usability,Intuitive interface and team adopted it within days.
FBK-000120,CUST-000183,2023-12-25,10,3,Customer support,Helpful customer success manager during onboarding.
FBK-000121,CUST-000184,2024-03-27,1,4,Integration,Webhook latency caused duplicate entries in our CRM.
FBK-000122,CUST-000186,2023-11-23,10,4,Missing features,The core features cover 90% of our workflow needs.
FBK-000123,CUST-000187,2023-08-05,4,4,Integration,Webhook latency caused duplicate entries in our CRM.
FBK-000124,CUST-000188,2023-11-16,7,4,Mobile experience,Needs iPad tablet optimization.
FBK-000125,CUST-000190,2024-06-22,9,4,Mobile experience,Mobile app is lightweight and perfect for on-the-go approvals.
FBK-000126,CUST-000191,2024-08-28,10,5,Pricing,Great value for money compared to enterprise alternatives.
FBK-000127,CUST-000193,2022-10-27,10,4,Mobile experience,Mobile app is lightweight and perfect for on-the-go approvals.
FBK-000128,CUST-000194,2024-03-16,7,4,Customer support,Took too long to get a response on an urgent billing ticket.
FBK-000129,CUST-000195,2022-06-19,9,4,Pricing,Great value for money compared to enterprise alternatives.
FBK-000130,CUST-000196,2023-06-18,3,3,Integration,Webhook latency caused duplicate entries in our CRM.
FBK-000131,CUST-000197,2023-08-05,10,4,Customer support,Support team resolved our critical issue in under an hour!
FBK-000132,CUST-000198,2024-08-26,5,5,Customer support,Took too long to get a response on an urgent billing ticket.
FBK-000133,CUST-000199,2023-10-22,7,3,Pricing,Monthly plan feels a bit expensive without annual discounts.
FBK-000134,CUST-000200,2023-02-22,8,4,Mobile experience,Mobile app is lightweight and perfect for on-the-go approvals.
FBK-000135,CUST-000201,2024-01-30,3,1,Customer support,Ticket was escalated multiple times without a clear resolution.
FBK-000136,CUST-000202,2023-10-11,7,3,Customer support,Took too long to get a response on an urgent billing ticket.
FBK-000137,CUST-000204,2023-06-21,10,4,Performance,Blazing fast sync speeds across distributed teams.
FBK-000138,CUST-000206,2023-11-26,7,4,Integration,Webhook latency caused duplicate entries in our CRM.
FBK-000139,CUST-000208,2023-03-25,6,4,Customer support,Took too long to get a response on an urgent billing ticket.
FBK-000140,CUST-000209,2023-05-11,9,4,Customer support,Support team resolved our critical issue in under an hour!
FBK-000141,CUST-000210,2024-09-26,9,4,Performance,Blazing fast sync speeds across distributed teams.
FBK-000142,CUST-000212,2022-09-16,1,1,Product usability,Steep learning curve for non-technical users.
FBK-000143,CUST-000214,2023-08-26,4,4,Pricing,Renewal rate increase was unexpected.
FBK-000144,CUST-000219,2024-04-08,4,3,Performance,Occasional lag during peak hours in large file exports.
FBK-000145,CUST-000220,2023-10-13,7,4,Product usability,Steep learning curve for non-technical users.
FBK-000146,CUST-000222,2024-06-20,5,4,Performance,Slow loading times on large dataset syncs.
FBK-000147,CUST-000224,2022-07-25,7,3,Pricing,Renewal rate increase was unexpected.
FBK-000148,CUST-000225,2023-03-17,2,1,Missing features,Missing advanced analytics export to warehouse.
FBK-000149,CUST-000232,2023-04-06,7,3,Product usability,UI navigation can be cluttered for new team members.
FBK-000150,CUST-000233,2023-07-18,9,4,Customer support,Support team resolved our critical issue in under an hour!
FBK-000151,CUST-000235,2023-08-10,4,2,Pricing,Renewal rate increase was unexpected.
FBK-000152,CUST-000237,2022-08-12,6,1,Missing features,Missing advanced analytics export to warehouse.
FBK-000153,CUST-000238,2024-06-28,8,4,Pricing,"Pricing is fair, but add-on user seats add up quickly."
FBK-000154,CUST-000239,2024-01-09,4,2,Mobile experience,Needs iPad tablet optimization.
FBK-000155,CUST-000242,2023-01-10,3,3,Product usability,UI navigation can be cluttered for new team members.
FBK-000156,CUST-000243,2024-04-10,9,2,Missing features,The core features cover 90% of our workflow needs.
FBK-000157,CUST-000245,2024-02-01,8,4,Customer support,Helpful customer success manager during onboarding.
FBK-000158,CUST-000246,2024-04-25,5,4,Customer support,Ticket was escalated multiple times without a clear resolution.
FBK-000159,CUST-000249,2023-05-14,6,5,Mobile experience,Needs iPad tablet optimization.
FBK-000160,CUST-000250,2023-12-07,5,4,Missing features,Missing advanced analytics export to warehouse.
FBK-000161,CUST-000251,2024-03-29,7,3,Integration,Custom connector setup was frustrating.
FBK-000162,CUST-000252,2023-12-11,7,4,Mobile experience,Needs iPad tablet optimization.
FBK-000163,CUST-000253,2024-02-15,6,3,Product usability,UI navigation can be cluttered for new team members.
FBK-000164,CUST-000254,2024-06-14,8,5,Product usability,Intuitive interface and team adopted it within days.
FBK-000165,CUST-000255,2023-10-25,6,5,Integration,Webhook latency caused duplicate entries in our CRM.
FBK-000166,CUST-000258,2024-06-23,5,3,Mobile experience,Needs iPad tablet optimization.
FBK-000167,CUST-000259,2023-11-21,8,3,Integration,API documentation is top notch and easy to implement.
FBK-000168,CUST-000260,2022-09-07,2,1,Performance,Slow loading times on large dataset syncs.
FBK-000169,CUST-000262,2024-07-12,7,4,Product usability,UI navigation can be cluttered for new team members.
FBK-000170,CUST-000266,2023-12-22,6,4,Customer support,Ticket was escalated multiple times without a clear resolution.
FBK-000171,CUST-000267,2023-03-03,5,3,Customer support,Ticket was escalated multiple times without a clear resolution.
FBK-000172,CUST-000269,2024-06-20,6,2,Pricing,Renewal rate increase was unexpected.
FBK-000173,CUST-000270,2022-09-21,10,5,Integration,API documentation is top notch and easy to implement.
FBK-000174,CUST-000271,2024-07-14,3,2,Customer support,Took too long to get a response on an urgent billing ticket.
FBK-000175,CUST-000272,2024-07-24,8,4,Customer support,Helpful customer success manager during onboarding.
FBK-000176,CUST-000273,2023-12-31,7,4,Missing features,Missing advanced analytics export to warehouse.
FBK-000177,CUST-000276,2022-11-19,10,5,Product usability,"Great dashboard layout, simplifies our daily standup."
FBK-000178,CUST-000277,2022-12-17,3,1,Missing features,Missing advanced analytics export to warehouse.
FBK-000179,CUST-000278,2023-03-07,2,1,Performance,Slow loading times on large dataset syncs.
FBK-000180,CUST-000279,2024-02-07,7,3,Pricing,Renewal rate increase was unexpected.
FBK-000181,CUST-000280,2023-03-07,4,2,Integration,Webhook latency caused duplicate entries in our CRM.
FBK-000182,CUST-000282,2024-01-10,4,3,Missing features,Missing advanced analytics export to warehouse.
FBK-000183,CUST-000285,2024-02-24,8,4,Pricing,Great value for money compared to enterprise alternatives.
FBK-000184,CUST-000287,2024-05-31,8,4,Product usability,"Great dashboard layout, simplifies our daily standup."
FBK-000185,CUST-000288,2022-11-05,4,3,Mobile experience,Mobile notifications sometimes get delayed.
FBK-000186,CUST-000289,2024-03-15,9,4,Missing features,The core features cover 90% of our workflow needs.
FBK-000187,CUST-000290,2023-08-01,10,4,Product usability,Intuitive interface and team adopted it within days.
FBK-000188,CUST-000292,2023-11-18,8,4,Mobile experience,"Clean mobile UI, very responsive."
FBK-000189,CUST-000294,2024-06-05,8,2,Pricing,"Pricing is fair, but add-on user seats add up quickly."
FBK-000190,CUST-000295,2023-09-19,0,1,Pricing,Monthly plan feels a bit expensive without annual discounts.
FBK-000191,CUST-000296,2022-12-11,8,5,Product usability,Intuitive interface and team adopted it within days.
FBK-000192,CUST-000297,2022-12-18,7,4,Performance,Occasional lag during peak hours in large file exports.
FBK-000193,CUST-000300,2024-06-18,8,4,Pricing,Great value for money compared to enterprise alternatives.
FBK-000194,CUST-000301,2024-08-27,7,4,Mobile experience,Mobile notifications sometimes get delayed.
FBK-000195,CUST-000303,2023-09-21,3,1,Customer support,Ticket was escalated multiple times without a clear resolution.
FBK-000196,CUST-000306,2024-05-13,5,3,Customer support,Ticket was escalated multiple times without a clear resolution.
FBK-000197,CUST-000309,2024-10-12,8,2,Performance,Blazing fast sync speeds across distributed teams.
FBK-000198,CUST-000310,2023-11-26,9,4,Integration,Seamless integration with Google Workspace and Salesforce.
FBK-000199,CUST-000311,2023-04-23,8,5,Integration,API documentation is top notch and easy to implement.
FBK-000200,CUST-000312,2024-10-27,6,4,Mobile experience,Mobile notifications sometimes get delayed.
FBK-000201,CUST-000313,2024-05-09,7,4,Mobile experience,Needs iPad tablet optimization.
FBK-000202,CUST-000316,2023-12-31,7,5,Customer support,Took too long to get a response on an urgent billing ticket.
FBK-000203,CUST-000317,2022-10-22,3,2,Customer support,Took too long to get a response on an urgent billing ticket.
FBK-000204,CUST-000318,2023-11-12,3,3,Mobile experience,Needs iPad tablet optimization.
FBK-000205,CUST-000319,2023-03-23,8,4,Performance,Reliable uptime with minimal disruptions.
FBK-000206,CUST-000320,2023-02-22,4,1,Performance,Occasional lag during peak hours in large file exports.
FBK-000207,CUST-000321,2024-06-19,8,3,Integration,API documentation is top notch and easy to implement.
FBK-000208,CUST-000322,2023-03-27,8,5,Product usability,Intuitive interface and team adopted it within days.
FBK-000209,CUST-000323,2024-08-29,5,3,Product usability,Steep learning curve for non-technical users.
FBK-000210,CUST-000325,2023-03-19,10,4,Customer support,Support team resolved our critical issue in under an hour!
FBK-000211,CUST-000327,2023-11-15,7,4,Customer support,Ticket was escalated multiple times without a clear resolution.
FBK-000212,CUST-000329,2023-07-01,5,3,Mobile experience,Needs iPad tablet optimization.
FBK-000213,CUST-000332,2023-08-22,4,2,Performance,Slow loading times on large dataset syncs.
FBK-000214,CUST-000333,2024-03-12,8,4,Pricing,Great value for money compared to enterprise alternatives.
FBK-000215,CUST-000334,2023-08-21,6,1,Pricing,Monthly plan feels a bit expensive without annual discounts.
FBK-000216,CUST-000335,2024-01-10,6,3,Mobile experience,Mobile notifications sometimes get delayed.
FBK-000217,CUST-000336,2022-09-30,5,3,Mobile experience,Mobile notifications sometimes get delayed.
FBK-000218,CUST-000339,2024-04-20,7,4,Customer support,Ticket was escalated multiple times without a clear resolution.
FBK-000219,CUST-000340,2024-04-19,10,3,Mobile experience,Mobile app is lightweight and perfect for on-the-go approvals.
FBK-000220,CUST-000341,2023-05-22,7,3,Missing features,Missing advanced analytics export to warehouse.
FBK-000221,CUST-000342,2024-04-07,8,5,Pricing,Great value for money compared to enterprise alternatives.
FBK-000222,CUST-000344,2022-07-11,4,1,Mobile experience,Mobile notifications sometimes get delayed.
FBK-000223,CUST-000345,2023-12-11,0,1,Missing features,Missing advanced analytics export to warehouse.
FBK-000224,CUST-000347,2023-11-15,6,4,Missing features,Missing advanced analytics export to warehouse.
FBK-000225,CUST-000348,2023-08-25,1,2,Product usability,Steep learning curve for non-technical users.
FBK-000226,CUST-000349,2024-06-23,7,5,Integration,Webhook latency caused duplicate entries in our CRM.
FBK-000227,CUST-000350,2024-07-25,5,4,Mobile experience,Mobile notifications sometimes get delayed.
FBK-000228,CUST-000351,2024-08-19,8,5,Missing features,The core features cover 90% of our workflow needs.
FBK-000229,CUST-000352,2023-09-11,7,5,Product usability,UI navigation can be cluttered for new team members.
FBK-000230,CUST-000353,2023-05-03,4,2,Pricing,Renewal rate increase was unexpected.
FBK-000231,CUST-000354,2023-08-05,3,1,Customer support,Took too long to get a response on an urgent billing ticket.
FBK-000232,CUST-000355,2024-10-03,6,5,Mobile experience,Mobile notifications sometimes get delayed.
FBK-000233,CUST-000357,2024-02-29,9,4,Performance,Reliable uptime with minimal disruptions.
FBK-000234,CUST-000359,2022-03-19,1,1,Missing features,Missing advanced analytics export to warehouse.
FBK-000235,CUST-000360,2023-12-13,6,3,Mobile experience,Mobile notifications sometimes get delayed.
FBK-000236,CUST-000361,2024-03-19,7,4,Performance,Occasional lag during peak hours in large file exports.
FBK-000237,CUST-000364,2022-12-12,1,3,Pricing,Monthly plan feels a bit expensive without annual discounts.
FBK-000238,CUST-000365,2024-06-24,10,5,Performance,Blazing fast sync speeds across distributed teams.
FBK-000239,CUST-000368,2024-09-16,10,4,Performance,Blazing fast sync speeds across distributed teams.
FBK-000240,CUST-000369,2023-10-10,5,2,Pricing,Monthly plan feels a bit expensive without annual discounts.
FBK-000241,CUST-000370,2023-09-26,6,4,Mobile experience,Mobile notifications sometimes get delayed.
FBK-000242,CUST-000372,2024-09-15,9,4,Pricing,Great value for money compared to enterprise alternatives.
FBK-000243,CUST-000373,2024-07-07,8,3,Missing features,The core features cover 90% of our workflow needs.
FBK-000244,CUST-000374,2022-10-31,7,3,Missing features,Missing advanced analytics export to warehouse.
FBK-000245,CUST-000375,2023-10-22,5,2,Product usability,Steep learning curve for non-technical users.
FBK-000246,CUST-000376,2024-08-11,8,3,Integration,Seamless integration with Google Workspace and Salesforce.
FBK-000247,CUST-000377,2024-01-29,9,4,Pricing,Great value for money compared to enterprise alternatives.
FBK-000248,CUST-000378,2024-05-16,4,1,Customer support,Took too long to get a response on an urgent billing ticket.
FBK-000249,CUST-000379,2024-04-16,8,5,Product usability,"Great dashboard layout, simplifies our daily standup."
FBK-000250,CUST-000382,2023-12-02,7,4,Integration,Webhook latency caused duplicate entries in our CRM.
FBK-000251,CUST-000383,2023-06-10,6,3,Integration,Custom connector setup was frustrating.
FBK-000252,CUST-000384,2024-01-19,6,3,Mobile experience,Needs iPad tablet optimization.
FBK-000253,CUST-000386,2024-10-27,9,3,Performance,Reliable uptime with minimal disruptions.
FBK-000254,CUST-000388,2024-01-28,7,4,Customer support,Ticket was escalated multiple times without a clear resolution.
FBK-000255,CUST-000390,2022-07-15,4,2,Integration,Webhook latency caused duplicate entries in our CRM.
FBK-000256,CUST-000392,2024-04-18,3,2,Missing features,Missing advanced analytics export to warehouse.
FBK-000257,CUST-000393,2024-06-15,7,4,Pricing,Monthly plan feels a bit expensive without annual discounts.
FBK-000258,CUST-000394,2024-03-23,8,4,Mobile experience,Mobile app is lightweight and perfect for on-the-go approvals.
FBK-000259,CUST-000395,2024-07-30,5,1,Integration,Webhook latency caused duplicate entries in our CRM.
FBK-000260,CUST-000396,2023-03-28,6,5,Performance,Slow loading times on large dataset syncs.
FBK-000261,CUST-000397,2024-05-13,7,3,Performance,Slow loading times on large dataset syncs.
FBK-000262,CUST-000399,2023-10-28,4,4,Customer support,Took too long to get a response on an urgent billing ticket.
FBK-000263,CUST-000400,2023-03-03,9,4,Product usability,Intuitive interface and team adopted it within days.
FBK-000264,CUST-000401,2024-02-06,2,1,Integration,Custom connector setup was frustrating.
FBK-000265,CUST-000402,2023-12-23,4,1,Performance,Slow loading times on large dataset syncs.
FBK-000266,CUST-000403,2023-05-19,0,2,Performance,Occasional lag during peak hours in large file exports.
FBK-000267,CUST-000405,2023-08-06,3,4,Missing features,Missing advanced analytics export to warehouse.
FBK-000268,CUST-000406,2024-07-06,5,1,Customer support,Took too long to get a response on an urgent billing ticket.
FBK-000269,CUST-000407,2022-09-17,0,2,Integration,Webhook latency caused duplicate entries in our CRM.
FBK-000270,CUST-000408,2024-06-21,8,4,Customer support,Helpful customer success manager during onboarding.
FBK-000271,CUST-000409,2023-12-21,5,1,Missing features,Missing advanced analytics export to warehouse.
FBK-000272,CUST-000412,2023-06-19,6,4,Performance,Occasional lag during peak hours in large file exports.
FBK-000273,CUST-000413,2024-05-16,10,4,Pricing,"Pricing is fair, but add-on user seats add up quickly."
FBK-000274,CUST-000414,2024-03-18,5,1,Performance,Occasional lag during peak hours in large file exports.
FBK-000275,CUST-000415,2024-05-22,2,2,Pricing,Monthly plan feels a bit expensive without annual discounts.
FBK-000276,CUST-000416,2023-11-16,5,5,Integration,Custom connector setup was frustrating.
FBK-000277,CUST-000417,2024-04-23,6,5,Customer support,Took too long to get a response on an urgent billing ticket.
FBK-000278,CUST-000418,2024-06-07,8,4,Mobile experience,"Clean mobile UI, very responsive."
FBK-000279,CUST-000419,2023-10-14,9,3,Pricing,"Pricing is fair, but add-on user seats add up quickly."
FBK-000280,CUST-000422,2023-01-06,10,4,Integration,API documentation is top notch and easy to implement.
FBK-000281,CUST-000423,2023-03-27,7,4,Integration,Custom connector setup was frustrating.
FBK-000282,CUST-000424,2024-06-21,6,4,Product usability,UI navigation can be cluttered for new team members.
FBK-000283,CUST-000425,2024-01-14,7,4,Customer support,Took too long to get a response on an urgent billing ticket.
FBK-000284,CUST-000426,2024-08-27,6,4,Performance,Occasional lag during peak hours in large file exports.
FBK-000285,CUST-000427,2023-10-09,10,4,Missing features,The core features cover 90% of our workflow needs.
FBK-000286,CUST-000428,2023-10-11,8,3,Missing features,The core features cover 90% of our workflow needs.
FBK-000287,CUST-000429,2022-08-05,5,3,Missing features,Missing advanced analytics export to warehouse.
FBK-000288,CUST-000433,2024-02-11,10,4,Product usability,"Great dashboard layout, simplifies our daily standup."
FBK-000289,CUST-000435,2022-11-14,5,5,Pricing,Renewal rate increase was unexpected.
FBK-000290,CUST-000436,2023-05-27,7,4,Product usability,UI navigation can be cluttered for new team members.
FBK-000291,CUST-000437,2022-12-10,9,5,Missing features,The core features cover 90% of our workflow needs.
FBK-000292,CUST-000443,2024-02-12,7,5,Product usability,UI navigation can be cluttered for new team members.
FBK-000293,CUST-000444,2024-10-17,8,4,Missing features,The core features cover 90% of our workflow needs.
FBK-000294,CUST-000445,2023-06-13,4,1,Integration,Custom connector setup was frustrating.
FBK-000295,CUST-000446,2024-08-07,9,4,Mobile experience,Mobile app is lightweight and perfect for on-the-go approvals.
FBK-000296,CUST-000448,2022-07-19,8,2,Integration,API documentation is top notch and easy to implement.
FBK-000297,CUST-000449,2024-09-10,9,3,Pricing,Great value for money compared to enterprise alternatives.
FBK-000298,CUST-000450,2024-03-23,6,3,Product usability,Steep learning curve for non-technical users.
FBK-000299,CUST-000452,2024-06-05,8,4,Mobile experience,Mobile app is lightweight and perfect for on-the-go approvals.
FBK-000300,CUST-000455,2024-05-12,6,3,Missing features,Missing advanced analytics export to warehouse.
FBK-000301,CUST-000456,2023-09-01,8,4,Mobile experience,"Clean mobile UI, very responsive."
FBK-000302,CUST-000457,2024-05-18,8,4,Customer support,Helpful customer success manager during onboarding.
FBK-000303,CUST-000458,2024-01-31,3,1,Product usability,Steep learning curve for non-technical users.
FBK-000304,CUST-000459,2023-09-17,7,4,Mobile experience,Needs iPad tablet optimization.
FBK-000305,CUST-000461,2024-07-12,4,2,Mobile experience,Mobile notifications sometimes get delayed.
FBK-000306,CUST-000462,2023-03-24,8,4,Product usability,"Great dashboard layout, simplifies our daily standup."
FBK-000307,CUST-000463,2023-10-24,10,3,Integration,Seamless integration with Google Workspace and Salesforce.
FBK-000308,CUST-000465,2024-08-10,8,4,Customer support,Helpful customer success manager during onboarding.
FBK-000309,CUST-000466,2024-02-07,4,2,Mobile experience,Needs iPad tablet optimization.
FBK-000310,CUST-000468,2023-11-18,10,4,Mobile experience,Mobile app is lightweight and perfect for on-the-go approvals.
FBK-000311,CUST-000469,2024-01-13,8,5,Integration,Seamless integration with Google Workspace and Salesforce.
FBK-000312,CUST-000470,2023-06-12,6,4,Pricing,Renewal rate increase was unexpected.
FBK-000313,CUST-000471,2024-11-01,6,3,Product usability,Steep learning curve for non-technical users.
FBK-000314,CUST-000472,2023-11-29,3,4,Integration,Custom connector setup was frustrating.
FBK-000315,CUST-000473,2023-09-10,8,5,Integration,API documentation is top notch and easy to implement.
FBK-000316,CUST-000474,2024-07-20,6,3,Missing features,Missing advanced analytics export to warehouse.
FBK-000317,CUST-000477,2022-10-13,3,3,Customer support,Ticket was escalated multiple times without a clear resolution.
FBK-000318,CUST-000478,2023-09-16,3,3,Missing features,Missing advanced analytics export to warehouse.
FBK-000319,CUST-000480,2023-05-23,6,4,Integration,Webhook latency caused duplicate entries in our CRM.
FBK-000320,CUST-000483,2023-04-05,8,4,Mobile experience,"Clean mobile UI, very responsive."
FBK-000321,CUST-000485,2024-08-13,7,1,Mobile experience,Mobile notifications sometimes get delayed.
FBK-000322,CUST-000488,2023-12-09,5,4,Performance,Slow loading times on large dataset syncs.
FBK-000323,CUST-000489,2024-04-07,7,3,Pricing,Renewal rate increase was unexpected.
FBK-000324,CUST-000491,2023-07-10,5,5,Mobile experience,Mobile notifications sometimes get delayed.
FBK-000325,CUST-000494,2023-12-30,7,3,Missing features,Missing advanced analytics export to warehouse.
FBK-000326,CUST-000496,2023-01-16,9,3,Integration,Seamless integration with Google Workspace and Salesforce.
FBK-000327,CUST-000498,2023-04-04,7,4,Customer support,Took too long to get a response on an urgent billing ticket.
FBK-000328,CUST-000499,2023-12-24,5,1,Customer support,Took too long to get a response on an urgent billing ticket.
FBK-000329,CUST-000500,2023-12-24,6,5,Product usability,UI navigation can be cluttered for new team members.
FBK-000330,CUST-000501,2024-01-20,7,4,Performance,Slow loading times on large dataset syncs.
FBK-000331,CUST-000504,2023-08-31,3,3,Missing features,Missing advanced analytics export to warehouse.
FBK-000332,CUST-000505,2024-04-01,9,5,Integration,API documentation is top notch and easy to implement.
FBK-000333,CUST-000507,2024-01-13,7,3,Integration,Webhook latency caused duplicate entries in our CRM.
FBK-000334,CUST-000508,2024-01-26,6,4,Product usability,Steep learning curve for non-technical users.
FBK-000335,CUST-000509,2024-06-03,5,4,Missing features,Missing advanced analytics export to warehouse.
FBK-000336,CUST-000511,2024-06-15,0,1,Integration,Custom connector setup was frustrating.
FBK-000337,CUST-000513,2024-08-05,6,2,Performance,Slow loading times on large dataset syncs.
FBK-000338,CUST-000514,2024-06-05,7,3,Product usability,UI navigation can be cluttered for new team members.
FBK-000339,CUST-000516,2024-02-01,7,4,Product usability,UI navigation can be cluttered for new team members.
FBK-000340,CUST-000518,2024-05-11,10,5,Integration,API documentation is top notch and easy to implement.
FBK-000341,CUST-000520,2024-03-25,9,4,Product usability,Intuitive interface and team adopted it within days.
FBK-000342,CUST-000522,2023-05-25,8,3,Performance,Reliable uptime with minimal disruptions.
FBK-000343,CUST-000523,2024-04-11,8,5,Integration,Seamless integration with Google Workspace and Salesforce.
FBK-000344,CUST-000524,2024-01-16,6,3,Missing features,Missing advanced analytics export to warehouse.
FBK-000345,CUST-000525,2023-09-16,8,4,Missing features,The core features cover 90% of our workflow needs.
FBK-000346,CUST-000526,2023-04-30,9,4,Performance,Reliable uptime with minimal disruptions.
FBK-000347,CUST-000527,2023-12-25,8,4,Product usability,"Great dashboard layout, simplifies our daily standup."
FBK-000348,CUST-000528,2024-06-05,7,3,Customer support,Took too long to get a response on an urgent billing ticket.
FBK-000349,CUST-000529,2023-12-19,7,5,Missing features,Missing advanced analytics export to warehouse.
FBK-000350,CUST-000531,2023-01-16,9,5,Missing features,The core features cover 90% of our workflow needs.
FBK-000351,CUST-000533,2024-01-01,10,2,Missing features,The core features cover 90% of our workflow needs.
FBK-000352,CUST-000534,2022-10-15,7,4,Missing features,Missing advanced analytics export to warehouse.
FBK-000353,CUST-000535,2023-10-07,8,5,Missing features,The core features cover 90% of our workflow needs.
FBK-000354,CUST-000538,2024-04-06,10,4,Missing features,The core features cover 90% of our workflow needs.
FBK-000355,CUST-000540,2024-02-29,10,3,Customer support,Helpful customer success manager during onboarding.
FBK-000356,CUST-000543,2023-07-05,2,1,Pricing,Renewal rate increase was unexpected.
FBK-000357,CUST-000544,2022-11-29,8,3,Integration,Seamless integration with Google Workspace and Salesforce.
FBK-000358,CUST-000545,2024-07-19,4,3,Integration,Webhook latency caused duplicate entries in our CRM.
FBK-000359,CUST-000546,2023-03-13,8,4,Pricing,Great value for money compared to enterprise alternatives.
FBK-000360,CUST-000547,2023-12-25,9,5,Mobile experience,Mobile app is lightweight and perfect for on-the-go approvals.
FBK-000361,CUST-000549,2022-05-23,5,1,Performance,Occasional lag during peak hours in large file exports.
FBK-000362,CUST-000552,2023-10-26,2,1,Product usability,UI navigation can be cluttered for new team members.
FBK-000363,CUST-000553,2023-07-10,3,2,Integration,Custom connector setup was frustrating.
FBK-000364,CUST-000555,2023-01-02,6,4,Customer support,Took too long to get a response on an urgent billing ticket.
FBK-000365,CUST-000557,2023-06-27,6,5,Integration,Custom connector setup was frustrating.
FBK-000366,CUST-000558,2024-03-01,3,4,Integration,Custom connector setup was frustrating.
FBK-000367,CUST-000559,2023-12-18,7,4,Product usability,UI navigation can be cluttered for new team members.
FBK-000368,CUST-000560,2024-02-18,9,4,Integration,API documentation is top notch and easy to implement.
FBK-000369,CUST-000561,2024-07-30,4,5,Pricing,Monthly plan feels a bit expensive without annual discounts.
FBK-000370,CUST-000562,2023-09-25,9,4,Pricing,"Pricing is fair, but add-on user seats add up quickly."
FBK-000371,CUST-000565,2024-02-28,5,4,Pricing,Renewal rate increase was unexpected.
FBK-000372,CUST-000566,2023-09-02,2,2,Mobile experience,Needs iPad tablet optimization.
FBK-000373,CUST-000567,2024-05-25,2,3,Pricing,Renewal rate increase was unexpected.
FBK-000374,CUST-000568,2024-03-18,8,4,Performance,Blazing fast sync speeds across distributed teams.
FBK-000375,CUST-000571,2024-01-22,8,5,Pricing,"Pricing is fair, but add-on user seats add up quickly."
FBK-000376,CUST-000573,2024-11-04,9,4,Customer support,Helpful customer success manager during onboarding.
FBK-000377,CUST-000574,2022-09-22,0,2,Pricing,Monthly plan feels a bit expensive without annual discounts.
FBK-000378,CUST-000578,2023-12-18,9,3,Integration,API documentation is top notch and easy to implement.
FBK-000379,CUST-000579,2022-08-05,1,2,Performance,Occasional lag during peak hours in large file exports.
FBK-000380,CUST-000580,2024-02-27,7,2,Mobile experience,Mobile notifications sometimes get delayed.
FBK-000381,CUST-000581,2024-06-29,6,3,Performance,Slow loading times on large dataset syncs.
FBK-000382,CUST-000582,2024-04-01,9,3,Customer support,Support team resolved our critical issue in under an hour!
FBK-000383,CUST-000583,2023-12-04,8,4,Mobile experience,"Clean mobile UI, very responsive."
FBK-000384,CUST-000584,2024-05-19,0,1,Performance,Occasional lag during peak hours in large file exports.
FBK-000385,CUST-000586,2022-06-25,8,3,Pricing,Great value for money compared to enterprise alternatives.
FBK-000386,CUST-000587,2023-11-27,7,1,Product usability,UI navigation can be cluttered for new team members.
FBK-000387,CUST-000590,2023-02-03,6,2,Integration,Custom connector setup was frustrating.
FBK-000388,CUST-000591,2022-03-27,4,1,Integration,Custom connector setup was frustrating.
FBK-000389,CUST-000592,2022-12-01,9,4,Mobile experience,Mobile app is lightweight and perfect for on-the-go approvals.
FBK-000390,CUST-000593,2022-03-22,9,3,Customer support,Helpful customer success manager during onboarding.
FBK-000391,CUST-000594,2023-01-26,2,1,Pricing,Renewal rate increase was unexpected.
FBK-000392,CUST-000595,2022-08-30,5,2,Missing features,Missing advanced analytics export to warehouse.
FBK-000393,CUST-000596,2024-08-07,3,4,Missing features,Missing advanced analytics export to warehouse.
FBK-000394,CUST-000598,2022-09-17,10,4,Performance,Blazing fast sync speeds across distributed teams.
FBK-000395,CUST-000599,2022-12-17,9,3,Mobile experience,"Clean mobile UI, very responsive."
FBK-000396,CUST-000600,2024-03-08,5,4,Pricing,Renewal rate increase was unexpected.
FBK-000397,CUST-000602,2023-06-24,1,3,Performance,Occasional lag during peak hours in large file exports.
FBK-000398,CUST-000604,2023-08-21,9,5,Missing features,The core features cover 90% of our workflow needs.
FBK-000399,CUST-000605,2024-10-26,7,4,Integration,Webhook latency caused duplicate entries in our CRM.
FBK-000400,CUST-000607,2024-06-26,7,3,Pricing,Renewal rate increase was unexpected.
FBK-000401,CUST-000609,2024-06-17,6,4,Pricing,Monthly plan feels a bit expensive without annual discounts.
FBK-000402,CUST-000611,2023-06-10,4,2,Mobile experience,Needs iPad tablet optimization.
FBK-000403,CUST-000612,2023-05-28,10,4,Pricing,Great value for money compared to enterprise alternatives.
FBK-000404,CUST-000614,2022-03-28,8,4,Integration,Seamless integration with Google Workspace and Salesforce.
FBK-000405,CUST-000615,2023-02-25,4,1,Pricing,Monthly plan feels a bit expensive without annual discounts.
FBK-000406,CUST-000617,2022-10-13,2,2,Product usability,Steep learning curve for non-technical users.
FBK-000407,CUST-000620,2024-08-22,4,2,Performance,Occasional lag during peak hours in large file exports.
FBK-000408,CUST-000621,2024-07-28,2,2,Pricing,Renewal rate increase was unexpected.
FBK-000409,CUST-000622,2022-04-04,6,5,Mobile experience,Mobile notifications sometimes get delayed.
FBK-000410,CUST-000624,2024-03-25,9,3,Missing features,The core features cover 90% of our workflow needs.
FBK-000411,CUST-000625,2024-06-01,4,4,Product usability,Steep learning curve for non-technical users.
FBK-000412,CUST-000626,2023-04-27,3,1,Product usability,Steep learning curve for non-technical users.
FBK-000413,CUST-000628,2024-03-14,5,3,Integration,Custom connector setup was frustrating.
FBK-000414,CUST-000629,2024-07-12,4,3,Customer support,Ticket was escalated multiple times without a clear resolution.
FBK-000415,CUST-000630,2024-08-01,2,3,Integration,Webhook latency caused duplicate entries in our CRM.
FBK-000416,CUST-000631,2024-06-27,10,4,Product usability,Intuitive interface and team adopted it within days.
FBK-000417,CUST-000632,2024-07-06,8,5,Missing features,The core features cover 90% of our workflow needs.
FBK-000418,CUST-000634,2023-11-03,6,3,Missing features,Missing advanced analytics export to warehouse.
FBK-000419,CUST-000635,2024-06-26,9,4,Performance,Blazing fast sync speeds across distributed teams.
FBK-000420,CUST-000636,2024-07-30,9,3,Integration,Seamless integration with Google Workspace and Salesforce.
FBK-000421,CUST-000638,2024-06-03,4,3,Integration,Webhook latency caused duplicate entries in our CRM.
FBK-000422,CUST-000639,2024-10-31,8,3,Performance,Blazing fast sync speeds across distributed teams.
FBK-000423,CUST-000640,2022-03-21,5,2,Pricing,Renewal rate increase was unexpected.
FBK-000424,CUST-000641,2023-10-27,9,4,Integration,API documentation is top notch and easy to implement.
FBK-000425,CUST-000642,2024-09-17,8,5,Mobile experience,Mobile app is lightweight and perfect for on-the-go approvals.
FBK-000426,CUST-000644,2023-09-28,7,4,Product usability,UI navigation can be cluttered for new team members.
FBK-000427,CUST-000648,2024-05-16,9,5,Integration,Seamless integration with Google Workspace and Salesforce.
FBK-000428,CUST-000649,2023-12-23,10,4,Customer support,Support team resolved our critical issue in under an hour!
FBK-000429,CUST-000650,2023-07-02,7,3,Product usability,UI navigation can be cluttered for new team members.
FBK-000430,CUST-000652,2023-11-10,3,4,Missing features,Missing advanced analytics export to warehouse.
FBK-000431,CUST-000653,2024-03-21,10,1,Product usability,Intuitive interface and team adopted it within days.
FBK-000432,CUST-000654,2023-08-31,7,2,Pricing,Monthly plan feels a bit expensive without annual discounts.
FBK-000433,CUST-000655,2024-10-03,4,4,Customer support,Took too long to get a response on an urgent billing ticket.
FBK-000434,CUST-000656,2024-08-12,9,5,Integration,API documentation is top notch and easy to implement.
FBK-000435,CUST-000659,2023-12-22,9,5,Mobile experience,"Clean mobile UI, very responsive."
FBK-000436,CUST-000661,2022-10-21,5,2,Customer support,Took too long to get a response on an urgent billing ticket.
FBK-000437,CUST-000663,2024-05-09,9,3,Integration,Seamless integration with Google Workspace and Salesforce.
FBK-000438,CUST-000664,2022-06-14,8,2,Integration,API documentation is top notch and easy to implement.
FBK-000439,CUST-000665,2024-02-29,9,3,Integration,Seamless integration with Google Workspace and Salesforce.
FBK-000440,CUST-000666,2023-02-26,8,3,Integration,API documentation is top notch and easy to implement.
FBK-000441,CUST-000667,2024-07-01,3,2,Performance,Slow loading times on large dataset syncs.
FBK-000442,CUST-000668,2023-04-08,8,2,Missing features,The core features cover 90% of our workflow needs.
FBK-000443,CUST-000670,2024-04-18,8,4,Pricing,"Pricing is fair, but add-on user seats add up quickly."
FBK-000444,CUST-000671,2024-03-30,7,4,Customer support,Ticket was escalated multiple times without a clear resolution.
FBK-000445,CUST-000672,2023-11-06,8,3,Pricing,Great value for money compared to enterprise alternatives.
FBK-000446,CUST-000673,2024-02-10,8,4,Product usability,Intuitive interface and team adopted it within days.
FBK-000447,CUST-000674,2023-08-14,8,5,Performance,Blazing fast sync speeds across distributed teams.
FBK-000448,CUST-000675,2024-06-18,0,2,Mobile experience,Needs iPad tablet optimization.
FBK-000449,CUST-000676,2024-03-09,4,1,Performance,Occasional lag during peak hours in large file exports.
FBK-000450,CUST-000679,2022-07-29,4,2,Customer support,Took too long to get a response on an urgent billing ticket.
FBK-000451,CUST-000680,2024-02-12,4,2,Missing features,Missing advanced analytics export to warehouse.
FBK-000452,CUST-000683,2023-06-07,3,3,Customer support,Took too long to get a response on an urgent billing ticket.
FBK-000453,CUST-000684,2024-08-06,6,4,Performance,Slow loading times on large dataset syncs.
FBK-000454,CUST-000685,2024-01-24,4,3,Integration,Webhook latency caused duplicate entries in our CRM.
FBK-000455,CUST-000686,2024-07-12,8,4,Missing features,The core features cover 90% of our workflow needs.
FBK-000456,CUST-000687,2024-07-27,8,4,Mobile experience,"Clean mobile UI, very responsive."
FBK-000457,CUST-000689,2024-03-13,7,4,Mobile experience,Mobile notifications sometimes get delayed.
FBK-000458,CUST-000690,2022-11-17,6,2,Customer support,Ticket was escalated multiple times without a clear resolution.
FBK-000459,CUST-000691,2023-06-29,9,1,Mobile experience,"Clean mobile UI, very responsive."
FBK-000460,CUST-000692,2024-08-13,6,4,Pricing,Monthly plan feels a bit expensive without annual discounts.
FBK-000461,CUST-000693,2023-07-11,10,3,Mobile experience,Mobile app is lightweight and perfect for on-the-go approvals.
FBK-000462,CUST-000694,2024-06-22,10,3,Product usability,"Great dashboard layout, simplifies our daily standup."
FBK-000463,CUST-000695,2024-06-26,10,4,Pricing,"Pricing is fair, but add-on user seats add up quickly."
FBK-000464,CUST-000696,2024-08-24,9,1,Missing features,The core features cover 90% of our workflow needs.
FBK-000465,CUST-000697,2023-12-31,10,4,Missing features,The core features cover 90% of our workflow needs.
FBK-000466,CUST-000699,2024-04-21,7,3,Pricing,Renewal rate increase was unexpected.
FBK-000467,CUST-000700,2024-07-31,6,3,Pricing,Monthly plan feels a bit expensive without annual discounts.
FBK-000468,CUST-000701,2024-09-05,7,4,Product usability,Steep learning curve for non-technical users.
FBK-000469,CUST-000702,2023-10-02,7,3,Missing features,Missing advanced analytics export to warehouse.
FBK-000470,CUST-000708,2024-08-27,6,5,Integration,Custom connector setup was frustrating.
FBK-000471,CUST-000709,2022-10-27,8,4,Mobile experience,Mobile app is lightweight and perfect for on-the-go approvals.
FBK-000472,CUST-000711,2023-10-09,2,1,Product usability,Steep learning curve for non-technical users.
FBK-000473,CUST-000712,2024-09-11,10,4,Mobile experience,"Clean mobile UI, very responsive."
FBK-000474,CUST-000715,2023-04-13,7,4,Pricing,Renewal rate increase was unexpected.
FBK-000475,CUST-000717,2023-01-14,8,5,Performance,Reliable uptime with minimal disruptions.
FBK-000476,CUST-000720,2022-06-06,7,3,Performance,Slow loading times on large dataset syncs.
FBK-000477,CUST-000721,2024-03-26,6,1,Performance,Slow loading times on large dataset syncs.
FBK-000478,CUST-000723,2023-05-29,8,4,Product usability,"Great dashboard layout, simplifies our daily standup."
FBK-000479,CUST-000724,2024-04-24,2,1,Integration,Webhook latency caused duplicate entries in our CRM.
FBK-000480,CUST-000725,2023-11-05,7,4,Missing features,Missing advanced analytics export to warehouse.
FBK-000481,CUST-000726,2024-04-28,7,4,Missing features,Missing advanced analytics export to warehouse.
FBK-000482,CUST-000729,2024-08-06,10,3,Performance,Reliable uptime with minimal disruptions.
FBK-000483,CUST-000731,2023-03-02,7,4,Customer support,Ticket was escalated multiple times without a clear resolution.
FBK-000484,CUST-000732,2024-11-21,6,4,Integration,Custom connector setup was frustrating.
FBK-000485,CUST-000734,2023-10-04,9,3,Integration,API documentation is top notch and easy to implement.
FBK-000486,CUST-000735,2024-03-13,6,4,Integration,Custom connector setup was frustrating.
FBK-000487,CUST-000736,2024-04-10,7,3,Missing features,Missing advanced analytics export to warehouse.
FBK-000488,CUST-000738,2023-08-24,5,5,Pricing,Monthly plan feels a bit expensive without annual discounts.
FBK-000489,CUST-000739,2024-07-24,8,4,Performance,Blazing fast sync speeds across distributed teams.
FBK-000490,CUST-000741,2023-12-17,8,4,Mobile experience,"Clean mobile UI, very responsive."
FBK-000491,CUST-000744,2024-03-17,7,4,Pricing,Monthly plan feels a bit expensive without annual discounts.
FBK-000492,CUST-000745,2024-04-25,10,5,Integration,Seamless integration with Google Workspace and Salesforce.
FBK-000493,CUST-000747,2023-02-07,5,1,Customer support,Ticket was escalated multiple times without a clear resolution.
FBK-000494,CUST-000748,2024-04-15,7,3,Product usability,Steep learning curve for non-technical users.
FBK-000495,CUST-000749,2023-06-29,2,2,Customer support,Ticket was escalated multiple times without a clear resolution.
FBK-000496,CUST-000750,2024-09-14,6,4,Integration,Custom connector setup was frustrating.
FBK-000497,CUST-000751,2023-07-03,4,3,Missing features,Missing advanced analytics export to warehouse.
FBK-000498,CUST-000752,2023-04-05,10,3,Integration,API documentation is top notch and easy to implement.
FBK-000499,CUST-000753,2023-09-29,5,2,Integration,Custom connector setup was frustrating.
FBK-000500,CUST-000754,2024-01-03,6,5,Pricing,Monthly plan feels a bit expensive without annual discounts.
FBK-000501,CUST-000755,2024-03-27,5,4,Pricing,Monthly plan feels a bit expensive without annual discounts.
FBK-000502,CUST-000756,2023-11-14,10,4,Product usability,"Great dashboard layout, simplifies our daily standup."
FBK-000503,CUST-000759,2022-12-02,6,3,Pricing,Renewal rate increase was unexpected.
FBK-000504,CUST-000760,2024-05-01,8,4,Pricing,"Pricing is fair, but add-on user seats add up quickly."
FBK-000505,CUST-000762,2024-05-25,6,3,Missing features,Missing advanced analytics export to warehouse.
FBK-000506,CUST-000763,2024-04-07,9,4,Product usability,"Great dashboard layout, simplifies our daily standup."
FBK-000507,CUST-000765,2024-05-16,10,4,Pricing,"Pricing is fair, but add-on user seats add up quickly."
FBK-000508,CUST-000768,2024-06-29,8,4,Missing features,The core features cover 90% of our workflow needs.
FBK-000509,CUST-000769,2022-09-01,8,3,Product usability,Intuitive interface and team adopted it within days.
FBK-000510,CUST-000770,2024-01-20,3,1,Product usability,UI navigation can be cluttered for new team members.
FBK-000511,CUST-000771,2022-07-30,10,4,Product usability,Intuitive interface and team adopted it within days.
FBK-000512,CUST-000773,2024-06-28,7,4,Missing features,Missing advanced analytics export to warehouse.
FBK-000513,CUST-000774,2024-09-15,6,3,Customer support,Took too long to get a response on an urgent billing ticket.
FBK-000514,CUST-000775,2024-02-09,8,3,Customer support,Support team resolved our critical issue in under an hour!
FBK-000515,CUST-000777,2023-11-06,7,5,Integration,Custom connector setup was frustrating.
FBK-000516,CUST-000778,2024-08-15,8,3,Performance,Reliable uptime with minimal disruptions.
FBK-000517,CUST-000780,2023-12-16,0,3,Product usability,Steep learning curve for non-technical users.
FBK-000518,CUST-000782,2024-02-20,9,5,Performance,Blazing fast sync speeds across distributed teams.
FBK-000519,CUST-000783,2024-01-14,6,4,Product usability,UI navigation can be cluttered for new team members.
FBK-000520,CUST-000784,2024-11-04,6,4,Customer support,Ticket was escalated multiple times without a clear resolution.
FBK-000521,CUST-000785,2024-01-22,7,3,Missing features,Missing advanced analytics export to warehouse.
FBK-000522,CUST-000787,2022-04-27,7,4,Customer support,Ticket was escalated multiple times without a clear resolution.
FBK-000523,CUST-000788,2024-04-22,9,5,Customer support,Support team resolved our critical issue in under an hour!
FBK-000524,CUST-000790,2024-01-09,8,4,Integration,Seamless integration with Google Workspace and Salesforce.
FBK-000525,CUST-000792,2024-10-29,9,5,Customer support,Support team resolved our critical issue in under an hour!
FBK-000526,CUST-000794,2024-06-29,9,3,Product usability,"Great dashboard layout, simplifies our daily standup."
FBK-000527,CUST-000796,2024-06-07,8,4,Mobile experience,Mobile app is lightweight and perfect for on-the-go approvals.
FBK-000528,CUST-000798,2023-04-26,8,4,Integration,Seamless integration with Google Workspace and Salesforce.
FBK-000529,CUST-000800,2022-08-09,3,1,Missing features,Missing advanced analytics export to warehouse.
FBK-000530,CUST-000801,2024-06-25,8,4,Pricing,"Pricing is fair, but add-on user seats add up quickly."
FBK-000531,CUST-000802,2022-10-16,8,3,Performance,Blazing fast sync speeds across distributed teams.
FBK-000532,CUST-000804,2023-07-07,2,3,Performance,Slow loading times on large dataset syncs.
FBK-000533,CUST-000806,2023-11-07,6,4,Customer support,Took too long to get a response on an urgent billing ticket.
FBK-000534,CUST-000808,2024-08-23,5,4,Missing features,Missing advanced analytics export to warehouse.
FBK-000535,CUST-000810,2024-07-18,5,4,Pricing,Monthly plan feels a bit expensive without annual discounts.
FBK-000536,CUST-000812,2022-05-30,10,4,Mobile experience,"Clean mobile UI, very responsive."
FBK-000537,CUST-000816,2022-09-16,7,4,Customer support,Took too long to get a response on an urgent billing ticket.
FBK-000538,CUST-000818,2024-05-14,1,2,Performance,Occasional lag during peak hours in large file exports.
FBK-000539,CUST-000819,2024-08-04,2,1,Product usability,Steep learning curve for non-technical users.
FBK-000540,CUST-000820,2023-07-11,8,5,Performance,Blazing fast sync speeds across distributed teams.
FBK-000541,CUST-000821,2024-07-14,2,2,Pricing,Renewal rate increase was unexpected.
FBK-000542,CUST-000822,2024-07-24,6,3,Integration,Webhook latency caused duplicate entries in our CRM.
FBK-000543,CUST-000826,2024-06-11,8,3,Missing features,The core features cover 90% of our workflow needs.
FBK-000544,CUST-000829,2023-06-23,10,4,Product usability,Intuitive interface and team adopted it within days.
FBK-000545,CUST-000831,2024-04-19,8,5,Missing features,The core features cover 90% of our workflow needs.
FBK-000546,CUST-000832,2023-06-02,6,1,Missing features,Missing advanced analytics export to warehouse.
FBK-000547,CUST-000833,2022-04-28,10,4,Performance,Reliable uptime with minimal disruptions.
FBK-000548,CUST-000835,2024-08-07,6,5,Pricing,Monthly plan feels a bit expensive without annual discounts.
FBK-000549,CUST-000836,2024-05-31,8,3,Missing features,The core features cover 90% of our workflow needs.
FBK-000550,CUST-000837,2023-04-03,7,5,Pricing,Monthly plan feels a bit expensive without annual discounts.
FBK-000551,CUST-000838,2022-10-07,1,1,Product usability,UI navigation can be cluttered for new team members.
FBK-000552,CUST-000843,2024-10-08,8,3,Pricing,Great value for money compared to enterprise alternatives.
FBK-000553,CUST-000844,2024-07-17,10,4,Performance,Reliable uptime with minimal disruptions.
FBK-000554,CUST-000845,2023-04-01,8,4,Customer support,Helpful customer success manager during onboarding.
FBK-000555,CUST-000846,2024-01-02,8,1,Pricing,"Pricing is fair, but add-on user seats add up quickly."
FBK-000556,CUST-000847,2024-01-29,9,5,Performance,Blazing fast sync speeds across distributed teams.
FBK-000557,CUST-000849,2024-02-03,7,3,Missing features,Missing advanced analytics export to warehouse.
FBK-000558,CUST-000850,2023-09-16,3,1,Missing features,Missing advanced analytics export to warehouse.
FBK-000559,CUST-000852,2023-05-20,10,3,Integration,API documentation is top notch and easy to implement.
FBK-000560,CUST-000854,2024-05-01,4,1,Mobile experience,Mobile notifications sometimes get delayed.
FBK-000561,CUST-000857,2024-04-09,4,1,Mobile experience,Mobile notifications sometimes get delayed.
FBK-000562,CUST-000858,2024-02-27,6,1,Performance,Slow loading times on large dataset syncs.
FBK-000563,CUST-000859,2023-09-17,6,4,Pricing,Monthly plan feels a bit expensive without annual discounts.
FBK-000564,CUST-000861,2024-02-12,5,5,Performance,Slow loading times on large dataset syncs.
FBK-000565,CUST-000863,2024-04-20,3,2,Performance,Slow loading times on large dataset syncs.
FBK-000566,CUST-000865,2023-09-18,6,1,Integration,Webhook latency caused duplicate entries in our CRM.
FBK-000567,CUST-000869,2023-06-22,4,2,Customer support,Ticket was escalated multiple times without a clear resolution.
FBK-000568,CUST-000870,2024-06-05,8,3,Integration,API documentation is top notch and easy to implement.
FBK-000569,CUST-000871,2024-03-16,6,3,Missing features,Missing advanced analytics export to warehouse.
FBK-000570,CUST-000872,2022-11-05,9,3,Mobile experience,Mobile app is lightweight and perfect for on-the-go approvals.
FBK-000571,CUST-000873,2022-08-27,10,3,Customer support,Support team resolved our critical issue in under an hour!
FBK-000572,CUST-000875,2024-06-15,8,3,Customer support,Support team resolved our critical issue in under an hour!
FBK-000573,CUST-000876,2024-06-14,6,5,Mobile experience,Needs iPad tablet optimization.
FBK-000574,CUST-000877,2024-06-16,8,4,Product usability,Intuitive interface and team adopted it within days.
FBK-000575,CUST-000884,2024-06-16,8,5,Performance,Reliable uptime with minimal disruptions.
FBK-000576,CUST-000886,2022-08-10,8,3,Pricing,Great value for money compared to enterprise alternatives.
FBK-000577,CUST-000887,2024-05-28,8,4,Customer support,Support team resolved our critical issue in under an hour!
FBK-000578,CUST-000889,2024-05-14,8,4,Customer support,Helpful customer success manager during onboarding.
FBK-000579,CUST-000890,2024-05-28,3,1,Product usability,UI navigation can be cluttered for new team members.
FBK-000580,CUST-000891,2024-03-05,7,4,Pricing,Monthly plan feels a bit expensive without annual discounts.
FBK-000581,CUST-000893,2024-09-28,8,5,Pricing,Great value for money compared to enterprise alternatives.
FBK-000582,CUST-000894,2024-02-12,4,3,Product usability,Steep learning curve for non-technical users.
FBK-000583,CUST-000896,2024-05-05,8,3,Customer support,Support team resolved our critical issue in under an hour!
FBK-000584,CUST-000897,2023-07-26,6,3,Mobile experience,Mobile notifications sometimes get delayed.
FBK-000585,CUST-000898,2023-06-29,4,3,Product usability,UI navigation can be cluttered for new team members.
FBK-000586,CUST-000901,2023-09-22,7,4,Mobile experience,Needs iPad tablet optimization.
FBK-000587,CUST-000902,2024-07-25,7,3,Customer support,Ticket was escalated multiple times without a clear resolution.
FBK-000588,CUST-000903,2023-12-14,4,2,Product usability,UI navigation can be cluttered for new team members.
FBK-000589,CUST-000904,2024-09-26,10,5,Product usability,"Great dashboard layout, simplifies our daily standup."
FBK-000590,CUST-000906,2024-06-04,4,5,Customer support,Ticket was escalated multiple times without a clear resolution.
FBK-000591,CUST-000907,2023-05-17,8,3,Product usability,"Great dashboard layout, simplifies our daily standup."
FBK-000592,CUST-000908,2023-01-19,8,4,Performance,Reliable uptime with minimal disruptions.
FBK-000593,CUST-000909,2024-05-22,3,2,Performance,Slow loading times on large dataset syncs.
FBK-000594,CUST-000910,2023-06-28,6,4,Product usability,Steep learning curve for non-technical users.
FBK-000595,CUST-000911,2024-05-11,3,1,Mobile experience,Mobile notifications sometimes get delayed.
FBK-000596,CUST-000912,2024-05-13,7,5,Mobile experience,Needs iPad tablet optimization.
FBK-000597,CUST-000915,2023-12-15,7,4,Missing features,Missing advanced analytics export to warehouse.
FBK-000598,CUST-000916,2024-06-21,6,5,Pricing,Monthly plan feels a bit expensive without annual discounts.
FBK-000599,CUST-000918,2024-06-18,8,4,Customer support,Helpful customer success manager during onboarding.
FBK-000600,CUST-000921,2024-05-21,8,4,Product usability,Intuitive interface and team adopted it within days.
FBK-000601,CUST-000924,2023-06-23,9,3,Performance,Blazing fast sync speeds across distributed teams.
FBK-000602,CUST-000925,2024-01-27,8,4,Missing features,The core features cover 90% of our workflow needs.
FBK-000603,CUST-000926,2024-03-02,6,5,Missing features,Missing advanced analytics export to warehouse.
FBK-000604,CUST-000928,2024-01-09,8,3,Pricing,Great value for money compared to enterprise alternatives.
FBK-000605,CUST-000929,2022-12-20,4,2,Customer support,Ticket was escalated multiple times without a clear resolution.
FBK-000606,CUST-000931,2023-06-13,7,4,Performance,Occasional lag during peak hours in large file exports.
FBK-000607,CUST-000932,2023-07-28,8,5,Missing features,The core features cover 90% of our workflow needs.
FBK-000608,CUST-000933,2024-07-05,10,3,Pricing,Great value for money compared to enterprise alternatives.
FBK-000609,CUST-000936,2024-05-03,8,4,Pricing,"Pricing is fair, but add-on user seats add up quickly."
FBK-000610,CUST-000937,2023-07-31,3,1,Performance,Occasional lag during peak hours in large file exports.
FBK-000611,CUST-000938,2022-06-26,5,5,Performance,Slow loading times on large dataset syncs.
FBK-000612,CUST-000939,2023-05-14,9,4,Pricing,Great value for money compared to enterprise alternatives.
FBK-000613,CUST-000940,2023-12-17,5,1,Missing features,Missing advanced analytics export to warehouse.
FBK-000614,CUST-000943,2024-06-25,8,3,Performance,Reliable uptime with minimal disruptions.
FBK-000615,CUST-000944,2024-07-13,8,4,Performance,Blazing fast sync speeds across distributed teams.
FBK-000616,CUST-000945,2023-10-16,7,4,Missing features,Missing advanced analytics export to warehouse.
FBK-000617,CUST-000946,2022-10-05,0,1,Performance,Slow loading times on large dataset syncs.
FBK-000618,CUST-000948,2022-11-11,8,2,Mobile experience,Mobile app is lightweight and perfect for on-the-go approvals.
FBK-000619,CUST-000949,2023-09-16,6,2,Mobile experience,Needs iPad tablet optimization.
FBK-000620,CUST-000950,2024-02-04,7,3,Integration,Webhook latency caused duplicate entries in our CRM.
FBK-000621,CUST-000951,2022-07-31,4,4,Product usability,Steep learning curve for non-technical users.
FBK-000622,CUST-000955,2024-09-28,6,5,Pricing,Monthly plan feels a bit expensive without annual discounts.
FBK-000623,CUST-000957,2023-03-19,5,2,Mobile experience,Needs iPad tablet optimization.
FBK-000624,CUST-000959,2024-08-15,9,5,Customer support,Support team resolved our critical issue in under an hour!
FBK-000625,CUST-000960,2022-11-08,10,1,Missing features,The core features cover 90% of our workflow needs.
FBK-000626,CUST-000961,2023-04-13,7,5,Performance,Slow loading times on large dataset syncs.
FBK-000627,CUST-000962,2023-11-24,9,5,Pricing,"Pricing is fair, but add-on user seats add up quickly."
FBK-000628,CUST-000963,2024-05-21,9,4,Customer support,Helpful customer success manager during onboarding.
FBK-000629,CUST-000964,2022-12-19,9,5,Integration,API documentation is top notch and easy to implement.
FBK-000630,CUST-000965,2024-08-08,3,2,Integration,Custom connector setup was frustrating.
FBK-000631,CUST-000968,2023-08-14,5,1,Mobile experience,Mobile notifications sometimes get delayed.
FBK-000632,CUST-000969,2023-12-20,10,3,Missing features,The core features cover 90% of our workflow needs.
FBK-000633,CUST-000970,2023-07-21,8,4,Performance,Blazing fast sync speeds across distributed teams.
FBK-000634,CUST-000971,2024-06-26,8,4,Customer support,Support team resolved our critical issue in under an hour!
FBK-000635,CUST-000973,2024-01-14,5,3,Mobile experience,Mobile notifications sometimes get delayed.
FBK-000636,CUST-000975,2024-09-19,10,4,Integration,API documentation is top notch and easy to implement.
FBK-000637,CUST-000976,2024-02-03,4,3,Missing features,Missing advanced analytics export to warehouse.
FBK-000638,CUST-000978,2024-03-19,5,2,Integration,Custom connector setup was frustrating.
FBK-000639,CUST-000979,2024-03-23,7,4,Product usability,Steep learning curve for non-technical users.
FBK-000640,CUST-000981,2024-07-07,8,3,Performance,Blazing fast sync speeds across distributed teams.
FBK-000641,CUST-000982,2024-09-16,6,3,Mobile experience,Mobile notifications sometimes get delayed.
FBK-000642,CUST-000983,2023-07-21,8,3,Product usability,"Great dashboard layout, simplifies our daily standup."
FBK-000643,CUST-000984,2024-01-22,6,3,Performance,Occasional lag during peak hours in large file exports.
FBK-000644,CUST-000986,2022-09-17,10,4,Integration,API documentation is top notch and easy to implement.
FBK-000645,CUST-000987,2023-05-12,7,3,Integration,Custom connector setup was frustrating.
FBK-000646,CUST-000988,2023-07-06,10,4,Customer support,Support team resolved our critical issue in under an hour!
FBK-000647,CUST-000990,2024-02-09,3,2,Integration,Custom connector setup was frustrating.
FBK-000648,CUST-000991,2024-03-02,8,5,Product usability,Intuitive interface and team adopted it within days.
FBK-000649,CUST-000992,2022-06-14,4,1,Missing features,Missing advanced analytics export to warehouse.
FBK-000650,CUST-000994,2024-01-03,2,1,Customer support,Ticket was escalated multiple times without a clear resolution.
FBK-000651,CUST-000995,2024-07-09,6,4,Integration,Webhook latency caused duplicate entries in our CRM.
FBK-000652,CUST-000996,2024-08-30,9,4,Integration,API documentation is top notch and easy to implement.
FBK-000653,CUST-000999,2024-10-29,8,3,Customer support,Helpful customer success manager during onboarding.
FBK-000654,CUST-001000,2023-10-29,3,1,Pricing,Renewal rate increase was unexpected.
FBK-000655,CUST-001001,2024-08-31,9,4,Missing features,The core features cover 90% of our workflow needs.
FBK-000656,CUST-001002,2023-05-28,9,3,Pricing,"Pricing is fair, but add-on user seats add up quickly."
FBK-000657,CUST-001003,2023-01-26,4,2,Product usability,UI navigation can be cluttered for new team members.
FBK-000658,CUST-001004,2023-04-01,2,1,Product usability,Steep learning curve for non-technical users.
FBK-000659,CUST-001005,2024-10-03,8,4,Product usability,Intuitive interface and team adopted it within days.
FBK-000660,CUST-001006,2023-03-11,8,5,Product usability,Intuitive interface and team adopted it within days.
FBK-000661,CUST-001007,2024-08-08,5,4,Performance,Slow loading times on large dataset syncs.
FBK-000662,CUST-001008,2022-02-15,9,5,Product usability,"Great dashboard layout, simplifies our daily standup."
FBK-000663,CUST-001009,2024-07-12,10,3,Missing features,The core features cover 90% of our workflow needs.
FBK-000664,CUST-001010,2024-05-06,7,4,Pricing,Renewal rate increase was unexpected.
FBK-000665,CUST-001011,2023-09-02,7,4,Customer support,Ticket was escalated multiple times without a clear resolution.
FBK-000666,CUST-001012,2023-06-01,7,4,Pricing,Renewal rate increase was unexpected.
FBK-000667,CUST-001013,2024-04-19,7,5,Performance,Slow loading times on large dataset syncs.
FBK-000668,CUST-001015,2024-08-19,5,3,Missing features,Missing advanced analytics export to warehouse.
FBK-000669,CUST-001017,2024-07-29,7,4,Performance,Slow loading times on large dataset syncs.
FBK-000670,CUST-001019,2023-06-26,5,2,Mobile experience,Needs iPad tablet optimization.
FBK-000671,CUST-001020,2023-09-06,7,4,Mobile experience,Mobile notifications sometimes get delayed.
FBK-000672,CUST-001022,2024-05-25,8,2,Mobile experience,Mobile app is lightweight and perfect for on-the-go approvals.
FBK-000673,CUST-001023,2024-04-02,7,3,Integration,Webhook latency caused duplicate entries in our CRM.
FBK-000674,CUST-001024,2023-08-28,10,5,Performance,Blazing fast sync speeds across distributed teams.
FBK-000675,CUST-001026,2023-12-31,7,5,Mobile experience,Needs iPad tablet optimization.
FBK-000676,CUST-001028,2024-02-02,8,3,Mobile experience,"Clean mobile UI, very responsive."
FBK-000677,CUST-001030,2024-06-24,8,5,Product usability,Intuitive interface and team adopted it within days.
FBK-000678,CUST-001031,2024-02-25,10,4,Mobile experience,"Clean mobile UI, very responsive."
FBK-000679,CUST-001032,2024-08-23,9,4,Missing features,The core features cover 90% of our workflow needs.
FBK-000680,CUST-001033,2022-07-12,6,1,Missing features,Missing advanced analytics export to warehouse.
FBK-000681,CUST-001034,2023-01-15,0,1,Mobile experience,Mobile notifications sometimes get delayed.
FBK-000682,CUST-001036,2024-10-04,7,3,Missing features,Missing advanced analytics export to warehouse.
FBK-000683,CUST-001038,2023-04-27,9,3,Performance,Reliable uptime with minimal disruptions.
FBK-000684,CUST-001040,2023-11-29,9,5,Integration,API documentation is top notch and easy to implement.
FBK-000685,CUST-001042,2024-04-15,5,5,Pricing,Renewal rate increase was unexpected.
FBK-000686,CUST-001043,2022-10-24,6,5,Customer support,Took too long to get a response on an urgent billing ticket.
FBK-000687,CUST-001046,2024-08-30,8,4,Performance,Reliable uptime with minimal disruptions.
FBK-000688,CUST-001047,2024-06-21,6,3,Product usability,UI navigation can be cluttered for new team members.
FBK-000689,CUST-001051,2023-05-20,4,5,Product usability,UI navigation can be cluttered for new team members.
FBK-000690,CUST-001052,2024-04-26,7,4,Performance,Occasional lag during peak hours in large file exports.
FBK-000691,CUST-001055,2023-12-01,9,4,Pricing,"Pricing is fair, but add-on user seats add up quickly."
FBK-000692,CUST-001058,2022-12-20,4,4,Mobile experience,Mobile notifications sometimes get delayed.
FBK-000693,CUST-001059,2024-08-04,8,4,Pricing,"Pricing is fair, but add-on user seats add up quickly."
FBK-000694,CUST-001060,2024-08-08,8,3,Customer support,Support team resolved our critical issue in under an hour!
FBK-000695,CUST-001062,2023-10-13,6,1,Pricing,Monthly plan feels a bit expensive without annual discounts.
FBK-000696,CUST-001063,2023-07-16,10,5,Integration,API documentation is top notch and easy to implement.
FBK-000697,CUST-001064,2022-12-25,10,4,Customer support,Helpful customer success manager during onboarding.
FBK-000698,CUST-001065,2023-04-18,4,1,Pricing,Renewal rate increase was unexpected.
FBK-000699,CUST-001066,2024-07-14,10,5,Missing features,The core features cover 90% of our workflow needs.
FBK-000700,CUST-001067,2023-05-25,10,5,Missing features,The core features cover 90% of our workflow needs.
FBK-000701,CUST-001069,2024-07-12,7,1,Missing features,Missing advanced analytics export to warehouse.
FBK-000702,CUST-001070,2023-10-05,3,4,Performance,Occasional lag during peak hours in large file exports.
FBK-000703,CUST-001071,2024-05-21,8,4,Integration,API documentation is top notch and easy to implement.
FBK-000704,CUST-001074,2024-06-18,4,2,Performance,Slow loading times on large dataset syncs.
FBK-000705,CUST-001075,2023-07-26,3,1,Missing features,Missing advanced analytics export to warehouse.
FBK-000706,CUST-001077,2024-06-11,6,3,Integration,Webhook latency caused duplicate entries in our CRM.
FBK-000707,CUST-001078,2023-10-27,6,3,Pricing,Monthly plan feels a bit expensive without annual discounts.
FBK-000708,CUST-001079,2024-03-05,3,2,Pricing,Renewal rate increase was unexpected.
FBK-000709,CUST-001083,2024-07-14,10,5,Mobile experience,"Clean mobile UI, very responsive."
FBK-000710,CUST-001085,2024-07-17,10,5,Product usability,"Great dashboard layout, simplifies our daily standup."
FBK-000711,CUST-001086,2023-12-20,9,5,Mobile experience,"Clean mobile UI, very responsive."
FBK-000712,CUST-001087,2024-07-24,6,3,Missing features,Missing advanced analytics export to warehouse.
FBK-000713,CUST-001088,2022-05-11,5,1,Missing features,Missing advanced analytics export to warehouse.
FBK-000714,CUST-001089,2024-08-10,9,3,Integration,API documentation is top notch and easy to implement.
FBK-000715,CUST-001090,2023-08-28,5,1,Missing features,Missing advanced analytics export to warehouse.
FBK-000716,CUST-001091,2024-02-22,8,5,Performance,Reliable uptime with minimal disruptions.
FBK-000717,CUST-001095,2024-05-19,4,4,Mobile experience,Mobile notifications sometimes get delayed.
FBK-000718,CUST-001097,2023-11-20,9,4,Mobile experience,"Clean mobile UI, very responsive."
FBK-000719,CUST-001098,2022-09-01,2,1,Mobile experience,Needs iPad tablet optimization.
FBK-000720,CUST-001099,2023-12-16,6,4,Missing features,Missing advanced analytics export to warehouse.
FBK-000721,CUST-001101,2023-06-13,3,2,Customer support,Took too long to get a response on an urgent billing ticket.
FBK-000722,CUST-001102,2023-01-04,0,2,Product usability,Steep learning curve for non-technical users.
FBK-000723,CUST-001103,2022-08-15,8,4,Mobile experience,Mobile app is lightweight and perfect for on-the-go approvals.
FBK-000724,CUST-001105,2023-09-22,7,3,Mobile experience,Mobile notifications sometimes get delayed.
FBK-000725,CUST-001107,2022-09-19,2,5,Missing features,Missing advanced analytics export to warehouse.
FBK-000726,CUST-001108,2024-06-13,9,5,Pricing,Great value for money compared to enterprise alternatives.
FBK-000727,CUST-001109,2023-12-09,7,5,Customer support,Took too long to get a response on an urgent billing ticket.
FBK-000728,CUST-001110,2024-01-18,8,3,Product usability,Intuitive interface and team adopted it within days.
FBK-000729,CUST-001111,2024-05-22,6,3,Customer support,Took too long to get a response on an urgent billing ticket.
FBK-000730,CUST-001112,2023-05-20,4,2,Pricing,Renewal rate increase was unexpected.
FBK-000731,CUST-001114,2023-12-20,7,5,Integration,Custom connector setup was frustrating.
FBK-000732,CUST-001115,2023-06-26,7,3,Missing features,Missing advanced analytics export to warehouse.
FBK-000733,CUST-001116,2024-04-22,8,5,Mobile experience,Mobile app is lightweight and perfect for on-the-go approvals.
FBK-000734,CUST-001119,2023-10-28,6,4,Missing features,Missing advanced analytics export to warehouse.
FBK-000735,CUST-001122,2023-08-22,5,5,Performance,Slow loading times on large dataset syncs.
FBK-000736,CUST-001123,2023-02-27,8,3,Missing features,The core features cover 90% of our workflow needs.
FBK-000737,CUST-001125,2023-06-24,0,1,Missing features,Missing advanced analytics export to warehouse.
FBK-000738,CUST-001126,2024-07-16,9,4,Mobile experience,"Clean mobile UI, very responsive."
FBK-000739,CUST-001128,2023-04-19,9,3,Missing features,The core features cover 90% of our workflow needs.
FBK-000740,CUST-001130,2024-06-16,8,2,Product usability,Intuitive interface and team adopted it within days.
FBK-000741,CUST-001131,2024-05-11,5,3,Mobile experience,Needs iPad tablet optimization.
FBK-000742,CUST-001132,2024-05-07,7,3,Mobile experience,Mobile notifications sometimes get delayed.
FBK-000743,CUST-001136,2024-09-19,6,4,Pricing,Monthly plan feels a bit expensive without annual discounts.
FBK-000744,CUST-001137,2023-08-26,9,5,Customer support,Helpful customer success manager during onboarding.
FBK-000745,CUST-001138,2022-04-27,10,3,Pricing,"Pricing is fair, but add-on user seats add up quickly."
FBK-000746,CUST-001140,2022-08-04,7,4,Missing features,Missing advanced analytics export to warehouse.
FBK-000747,CUST-001141,2022-10-25,7,4,Missing features,Missing advanced analytics export to warehouse.
FBK-000748,CUST-001143,2023-02-10,5,2,Integration,Custom connector setup was frustrating.
FBK-000749,CUST-001144,2023-10-31,2,2,Performance,Slow loading times on large dataset syncs.
FBK-000750,CUST-001145,2023-05-08,6,4,Integration,Custom connector setup was frustrating.
FBK-000751,CUST-001146,2022-10-10,1,2,Mobile experience,Mobile notifications sometimes get delayed.
FBK-000752,CUST-001148,2023-01-23,5,1,Performance,Occasional lag during peak hours in large file exports.
FBK-000753,CUST-001149,2022-09-20,7,4,Performance,Occasional lag during peak hours in large file exports.
FBK-000754,CUST-001151,2023-03-15,3,1,Customer support,Took too long to get a response on an urgent billing ticket.
FBK-000755,CUST-001153,2024-09-14,8,4,Customer support,Helpful customer success manager during onboarding.
FBK-000756,CUST-001158,2024-05-23,8,3,Performance,Blazing fast sync speeds across distributed teams.
FBK-000757,CUST-001159,2024-10-25,7,3,Pricing,Renewal rate increase was unexpected.
FBK-000758,CUST-001160,2023-04-18,7,4,Customer support,Ticket was escalated multiple times without a clear resolution.
FBK-000759,CUST-001161,2023-02-18,7,4,Integration,Custom connector setup was frustrating.
FBK-000760,CUST-001162,2023-02-04,5,2,Mobile experience,Needs iPad tablet optimization.
FBK-000761,CUST-001165,2024-06-04,8,5,Mobile experience,"Clean mobile UI, very responsive."
FBK-000762,CUST-001166,2023-06-02,9,3,Mobile experience,Mobile app is lightweight and perfect for on-the-go approvals.
FBK-000763,CUST-001167,2022-11-03,3,2,Mobile experience,Needs iPad tablet optimization.
FBK-000764,CUST-001169,2024-05-27,7,4,Product usability,Steep learning curve for non-technical users.
FBK-000765,CUST-001170,2024-08-18,10,4,Performance,Reliable uptime with minimal disruptions.
FBK-000766,CUST-001171,2023-10-31,3,1,Performance,Slow loading times on large dataset syncs.
FBK-000767,CUST-001173,2023-06-03,10,3,Mobile experience,Mobile app is lightweight and perfect for on-the-go approvals.
FBK-000768,CUST-001174,2024-02-19,9,4,Product usability,"Great dashboard layout, simplifies our daily standup."
FBK-000769,CUST-001175,2022-07-11,6,1,Mobile experience,Needs iPad tablet optimization.
FBK-000770,CUST-001176,2023-01-28,5,1,Product usability,Steep learning curve for non-technical users.
FBK-000771,CUST-001181,2024-07-11,9,3,Product usability,"Great dashboard layout, simplifies our daily standup."
FBK-000772,CUST-001183,2024-09-05,5,2,Product usability,UI navigation can be cluttered for new team members.
FBK-000773,CUST-001184,2023-05-15,9,4,Performance,Reliable uptime with minimal disruptions.
FBK-000774,CUST-001187,2024-01-20,9,4,Integration,Seamless integration with Google Workspace and Salesforce.
FBK-000775,CUST-001190,2024-02-20,6,3,Customer support,Took too long to get a response on an urgent billing ticket.
FBK-000776,CUST-001191,2023-12-31,7,4,Missing features,Missing advanced analytics export to warehouse.
FBK-000777,CUST-001192,2024-06-26,7,2,Mobile experience,Needs iPad tablet optimization.
FBK-000778,CUST-001193,2024-07-31,7,3,Performance,Slow loading times on large dataset syncs.
FBK-000779,CUST-001194,2024-05-21,7,2,Pricing,Renewal rate increase was unexpected.
FBK-000780,CUST-001195,2024-05-28,7,3,Customer support,Took too long to get a response on an urgent billing ticket.
FBK-000781,CUST-001196,2024-08-29,7,5,Missing features,Missing advanced analytics export to warehouse.
FBK-000782,CUST-001198,2024-07-22,10,5,Integration,API documentation is top notch and easy to implement.
FBK-000783,CUST-001200,2024-01-02,8,3,Product usability,"Great dashboard layout, simplifies our daily standup."
FBK-000784,CUST-001201,2023-12-18,8,3,Performance,Reliable uptime with minimal disruptions.
FBK-000785,CUST-001202,2023-12-20,2,1,Pricing,Monthly plan feels a bit expensive without annual discounts.
FBK-000786,CUST-001203,2024-09-09,8,4,Customer support,Support team resolved our critical issue in under an hour!
FBK-000787,CUST-001204,2023-02-14,1,1,Performance,Slow loading times on large dataset syncs.
FBK-000788,CUST-001206,2024-09-22,7,4,Customer support,Ticket was escalated multiple times without a clear resolution.
FBK-000789,CUST-001207,2024-06-16,8,4,Mobile experience,Mobile app is lightweight and perfect for on-the-go approvals.
FBK-000790,CUST-001210,2023-06-21,8,3,Performance,Blazing fast sync speeds across distributed teams.
FBK-000791,CUST-001211,2023-07-17,8,4,Missing features,The core features cover 90% of our workflow needs.
FBK-000792,CUST-001212,2024-07-13,2,3,Missing features,Missing advanced analytics export to warehouse.
FBK-000793,CUST-001214,2024-04-26,0,1,Integration,Webhook latency caused duplicate entries in our CRM.
FBK-000794,CUST-001219,2023-11-03,6,1,Customer support,Ticket was escalated multiple times without a clear resolution.
FBK-000795,CUST-001221,2024-06-08,6,3,Product usability,Steep learning curve for non-technical users.
FBK-000796,CUST-001223,2022-07-29,5,3,Mobile experience,Needs iPad tablet optimization.
FBK-000797,CUST-001226,2024-02-18,10,4,Mobile experience,"Clean mobile UI, very responsive."
FBK-000798,CUST-001227,2024-05-11,6,4,Customer support,Took too long to get a response on an urgent billing ticket.
FBK-000799,CUST-001229,2022-10-18,7,3,Customer support,Ticket was escalated multiple times without a clear resolution.
FBK-000800,CUST-001230,2024-09-07,6,1,Customer support,Ticket was escalated multiple times without a clear resolution.
FBK-000801,CUST-001233,2024-02-23,8,1,Missing features,The core features cover 90% of our workflow needs.
FBK-000802,CUST-001234,2023-07-01,1,2,Product usability,UI navigation can be cluttered for new team members.
FBK-000803,CUST-001235,2024-05-05,9,4,Integration,Seamless integration with Google Workspace and Salesforce.
FBK-000804,CUST-001236,2024-03-25,7,4,Product usability,UI navigation can be cluttered for new team members.
FBK-000805,CUST-001237,2024-07-17,8,4,Mobile experience,Mobile app is lightweight and perfect for on-the-go approvals.
FBK-000806,CUST-001240,2024-09-11,6,4,Missing features,Missing advanced analytics export to warehouse.
FBK-000807,CUST-001241,2023-11-21,5,3,Integration,Webhook latency caused duplicate entries in our CRM.
FBK-000808,CUST-001242,2023-02-26,0,1,Product usability,Steep learning curve for non-technical users.
FBK-000809,CUST-001243,2023-09-23,10,3,Product usability,"Great dashboard layout, simplifies our daily standup."
FBK-000810,CUST-001244,2023-02-17,5,2,Missing features,Missing advanced analytics export to warehouse.
FBK-000811,CUST-001245,2023-03-26,1,2,Performance,Slow loading times on large dataset syncs.
FBK-000812,CUST-001246,2024-06-23,7,4,Missing features,Missing advanced analytics export to warehouse.
FBK-000813,CUST-001247,2024-11-08,9,5,Customer support,Support team resolved our critical issue in under an hour!
FBK-000814,CUST-001248,2024-06-05,8,4,Pricing,Great value for money compared to enterprise alternatives.
FBK-000815,CUST-001249,2024-10-19,8,4,Performance,Blazing fast sync speeds across distributed teams.
FBK-000816,CUST-001250,2023-01-06,5,1,Integration,Webhook latency caused duplicate entries in our CRM.
FBK-000817,CUST-001254,2024-07-07,8,4,Integration,Seamless integration with Google Workspace and Salesforce.
FBK-000818,CUST-001255,2023-07-25,9,5,Performance,Reliable uptime with minimal disruptions.
FBK-000819,CUST-001256,2024-11-03,7,4,Product usability,Steep learning curve for non-technical users.
FBK-000820,CUST-001257,2023-11-02,8,5,Product usability,Intuitive interface and team adopted it within days.
FBK-000821,CUST-001258,2023-03-20,2,3,Integration,Custom connector setup was frustrating.
FBK-000822,CUST-001259,2023-03-21,4,1,Customer support,Ticket was escalated multiple times without a clear resolution.
FBK-000823,CUST-001261,2024-01-27,6,3,Product usability,UI navigation can be cluttered for new team members.
FBK-000824,CUST-001262,2024-07-12,7,3,Customer support,Took too long to get a response on an urgent billing ticket.
FBK-000825,CUST-001264,2024-10-01,9,4,Performance,Reliable uptime with minimal disruptions.
FBK-000826,CUST-001265,2024-02-15,8,3,Product usability,Intuitive interface and team adopted it within days.
FBK-000827,CUST-001266,2023-10-15,8,4,Product usability,"Great dashboard layout, simplifies our daily standup."
FBK-000828,CUST-001267,2024-09-06,5,4,Missing features,Missing advanced analytics export to warehouse.
FBK-000829,CUST-001268,2023-05-04,9,4,Performance,Blazing fast sync speeds across distributed teams.
FBK-000830,CUST-001269,2024-02-17,9,5,Performance,Reliable uptime with minimal disruptions.
FBK-000831,CUST-001270,2024-02-05,6,3,Missing features,Missing advanced analytics export to warehouse.
FBK-000832,CUST-001271,2024-02-02,5,4,Performance,Occasional lag during peak hours in large file exports.
FBK-000833,CUST-001275,2024-07-24,9,5,Missing features,The core features cover 90% of our workflow needs.
FBK-000834,CUST-001276,2022-07-24,8,4,Missing features,The core features cover 90% of our workflow needs.
FBK-000835,CUST-001277,2024-07-17,4,1,Integration,Webhook latency caused duplicate entries in our CRM.
FBK-000836,CUST-001280,2023-11-21,4,1,Performance,Slow loading times on large dataset syncs.
FBK-000837,CUST-001281,2024-06-26,7,5,Missing features,Missing advanced analytics export to warehouse.
FBK-000838,CUST-001284,2024-05-01,8,3,Performance,Blazing fast sync speeds across distributed teams.
FBK-000839,CUST-001287,2024-01-28,6,3,Product usability,UI navigation can be cluttered for new team members.
FBK-000840,CUST-001290,2024-02-24,10,3,Pricing,"Pricing is fair, but add-on user seats add up quickly."
FBK-000841,CUST-001291,2024-05-23,1,2,Integration,Custom connector setup was frustrating.
FBK-000842,CUST-001292,2024-03-19,10,4,Missing features,The core features cover 90% of our workflow needs.
FBK-000843,CUST-001294,2024-03-04,4,2,Missing features,Missing advanced analytics export to warehouse.
FBK-000844,CUST-001295,2023-11-17,3,3,Customer support,Ticket was escalated multiple times without a clear resolution.
FBK-000845,CUST-001297,2024-05-09,7,4,Missing features,Missing advanced analytics export to warehouse.
FBK-000846,CUST-001299,2023-11-02,6,1,Performance,Occasional lag during peak hours in large file exports.
FBK-000847,CUST-001302,2022-12-19,5,3,Customer support,Took too long to get a response on an urgent billing ticket.
FBK-000848,CUST-001305,2022-12-27,10,3,Product usability,"Great dashboard layout, simplifies our daily standup."
FBK-000849,CUST-001307,2024-07-14,7,5,Mobile experience,Needs iPad tablet optimization.
FBK-000850,CUST-001309,2024-04-01,5,3,Product usability,UI navigation can be cluttered for new team members.
FBK-000851,CUST-001310,2024-03-09,7,4,Product usability,Steep learning curve for non-technical users.
FBK-000852,CUST-001311,2024-07-26,6,4,Pricing,Renewal rate increase was unexpected.
FBK-000853,CUST-001312,2024-06-07,8,4,Pricing,"Pricing is fair, but add-on user seats add up quickly."
FBK-000854,CUST-001315,2023-11-05,8,4,Mobile experience,Mobile app is lightweight and perfect for on-the-go approvals.
FBK-000855,CUST-001316,2024-03-13,7,4,Mobile experience,Needs iPad tablet optimization.
FBK-000856,CUST-001317,2024-02-02,6,5,Customer support,Took too long to get a response on an urgent billing ticket.
FBK-000857,CUST-001319,2022-06-15,6,4,Missing features,Missing advanced analytics export to warehouse.
FBK-000858,CUST-001321,2024-01-25,5,4,Customer support,Ticket was escalated multiple times without a clear resolution.
FBK-000859,CUST-001324,2023-05-06,9,4,Performance,Reliable uptime with minimal disruptions.
FBK-000860,CUST-001325,2023-03-01,9,4,Customer support,Support team resolved our critical issue in under an hour!
FBK-000861,CUST-001326,2024-01-27,9,3,Missing features,The core features cover 90% of our workflow needs.
FBK-000862,CUST-001327,2023-12-18,6,3,Pricing,Monthly plan feels a bit expensive without annual discounts.
FBK-000863,CUST-001328,2024-06-15,9,4,Customer support,Helpful customer success manager during onboarding.
FBK-000864,CUST-001329,2024-04-20,5,3,Pricing,Renewal rate increase was unexpected.
FBK-000865,CUST-001330,2024-04-23,7,5,Product usability,UI navigation can be cluttered for new team members.
FBK-000866,CUST-001332,2023-08-01,8,4,Pricing,"Pricing is fair, but add-on user seats add up quickly."
FBK-000867,CUST-001333,2023-07-09,5,2,Customer support,Ticket was escalated multiple times without a clear resolution.
FBK-000868,CUST-001334,2024-06-28,8,4,Missing features,The core features cover 90% of our workflow needs.
FBK-000869,CUST-001336,2022-10-18,9,3,Missing features,The core features cover 90% of our workflow needs.
FBK-000870,CUST-001337,2024-10-02,8,5,Integration,Seamless integration with Google Workspace and Salesforce.
FBK-000871,CUST-001338,2023-12-13,8,3,Product usability,Intuitive interface and team adopted it within days.
FBK-000872,CUST-001342,2024-04-15,6,4,Customer support,Ticket was escalated multiple times without a clear resolution.
FBK-000873,CUST-001343,2023-07-10,5,1,Pricing,Renewal rate increase was unexpected.
FBK-000874,CUST-001344,2024-03-25,0,1,Product usability,UI navigation can be cluttered for new team members.
FBK-000875,CUST-001345,2022-02-04,7,4,Customer support,Took too long to get a response on an urgent billing ticket.
FBK-000876,CUST-001346,2024-04-21,0,3,Mobile experience,Mobile notifications sometimes get delayed.
FBK-000877,CUST-001347,2024-08-05,9,4,Performance,Blazing fast sync speeds across distributed teams.
FBK-000878,CUST-001349,2023-10-22,8,4,Pricing,Great value for money compared to enterprise alternatives.
FBK-000879,CUST-001351,2022-10-03,2,1,Pricing,Renewal rate increase was unexpected.
FBK-000880,CUST-001355,2023-11-25,6,3,Pricing,Monthly plan feels a bit expensive without annual discounts.
FBK-000881,CUST-001358,2023-02-07,7,1,Product usability,Steep learning curve for non-technical users.
FBK-000882,CUST-001359,2024-04-11,7,4,Product usability,Steep learning curve for non-technical users.
FBK-000883,CUST-001363,2023-12-01,9,3,Pricing,Great value for money compared to enterprise alternatives.
FBK-000884,CUST-001364,2023-09-30,7,5,Mobile experience,Mobile notifications sometimes get delayed.
FBK-000885,CUST-001365,2023-07-21,6,2,Missing features,Missing advanced analytics export to warehouse.
FBK-000886,CUST-001367,2024-07-02,9,4,Integration,Seamless integration with Google Workspace and Salesforce.
FBK-000887,CUST-001368,2023-06-12,7,5,Integration,Custom connector setup was frustrating.
FBK-000888,CUST-001371,2024-07-17,1,1,Performance,Occasional lag during peak hours in large file exports.
FBK-000889,CUST-001374,2022-07-24,3,2,Performance,Slow loading times on large dataset syncs.
FBK-000890,CUST-001375,2024-06-23,10,2,Pricing,Great value for money compared to enterprise alternatives.
FBK-000891,CUST-001376,2023-12-13,3,2,Mobile experience,Mobile notifications sometimes get delayed.
FBK-000892,CUST-001378,2024-02-21,6,5,Customer support,Ticket was escalated multiple times without a clear resolution.
FBK-000893,CUST-001379,2022-09-27,7,3,Customer support,Ticket was escalated multiple times without a clear resolution.
FBK-000894,CUST-001380,2024-05-31,2,1,Product usability,UI navigation can be cluttered for new team members.
FBK-000895,CUST-001381,2024-03-03,8,4,Customer support,Helpful customer success manager during onboarding.
FBK-000896,CUST-001382,2022-08-27,1,1,Integration,Custom connector setup was frustrating.
FBK-000897,CUST-001383,2024-05-17,1,1,Product usability,UI navigation can be cluttered for new team members.
FBK-000898,CUST-001384,2023-05-30,3,3,Missing features,Missing advanced analytics export to warehouse.
FBK-000899,CUST-001385,2024-01-26,5,1,Pricing,Renewal rate increase was unexpected.
FBK-000900,CUST-001386,2024-03-04,4,1,Pricing,Renewal rate increase was unexpected.
FBK-000901,CUST-001387,2024-08-25,8,5,Integration,Seamless integration with Google Workspace and Salesforce.
FBK-000902,CUST-001388,2023-10-25,7,4,Performance,Slow loading times on large dataset syncs.
FBK-000903,CUST-001389,2024-05-02,8,3,Integration,API documentation is top notch and easy to implement.
FBK-000904,CUST-001390,2023-05-07,0,2,Integration,Webhook latency caused duplicate entries in our CRM.
FBK-000905,CUST-001391,2023-10-13,8,4,Customer support,Helpful customer success manager during onboarding.
FBK-000906,CUST-001392,2023-10-08,5,4,Pricing,Monthly plan feels a bit expensive without annual discounts.
FBK-000907,CUST-001393,2024-03-08,3,3,Pricing,Monthly plan feels a bit expensive without annual discounts.
FBK-000908,CUST-001394,2023-03-07,2,2,Mobile experience,Needs iPad tablet optimization.
FBK-000909,CUST-001396,2024-03-13,9,3,Pricing,Great value for money compared to enterprise alternatives.
FBK-000910,CUST-001398,2024-06-16,10,3,Customer support,Support team resolved our critical issue in under an hour!
FBK-000911,CUST-001399,2023-07-25,3,1,Missing features,Missing advanced analytics export to warehouse.
FBK-000912,CUST-001400,2024-08-26,7,5,Performance,Slow loading times on large dataset syncs.
FBK-000913,CUST-001401,2023-10-12,6,3,Pricing,Renewal rate increase was unexpected.
FBK-000914,CUST-001402,2024-04-24,6,4,Integration,Webhook latency caused duplicate entries in our CRM.
FBK-000915,CUST-001408,2024-10-17,5,4,Customer support,Ticket was escalated multiple times without a clear resolution.
FBK-000916,CUST-001409,2024-05-31,7,3,Missing features,Missing advanced analytics export to warehouse.
FBK-000917,CUST-001410,2024-06-20,8,5,Integration,Seamless integration with Google Workspace and Salesforce.
FBK-000918,CUST-001411,2024-03-01,7,4,Mobile experience,Needs iPad tablet optimization.
FBK-000919,CUST-001412,2022-08-01,1,2,Integration,Custom connector setup was frustrating.
FBK-000920,CUST-001413,2023-06-25,8,5,Pricing,Great value for money compared to enterprise alternatives.
FBK-000921,CUST-001414,2024-07-25,4,3,Customer support,Took too long to get a response on an urgent billing ticket.
FBK-000922,CUST-001415,2023-07-21,2,1,Missing features,Missing advanced analytics export to warehouse.
FBK-000923,CUST-001416,2023-09-07,9,4,Customer support,Helpful customer success manager during onboarding.
FBK-000924,CUST-001417,2024-07-17,6,3,Integration,Custom connector setup was frustrating.
FBK-000925,CUST-001418,2023-10-11,6,3,Mobile experience,Mobile notifications sometimes get delayed.
FBK-000926,CUST-001420,2024-07-26,6,5,Product usability,Steep learning curve for non-technical users.
FBK-000927,CUST-001421,2023-06-15,6,2,Performance,Occasional lag during peak hours in large file exports.
FBK-000928,CUST-001422,2022-09-30,6,4,Integration,Custom connector setup was frustrating.
FBK-000929,CUST-001423,2024-08-13,3,2,Integration,Custom connector setup was frustrating.
FBK-000930,CUST-001426,2023-02-07,7,3,Product usability,UI navigation can be cluttered for new team members.
FBK-000931,CUST-001428,2024-03-09,5,1,Product usability,Steep learning curve for non-technical users.
FBK-000932,CUST-001430,2024-04-06,9,3,Missing features,The core features cover 90% of our workflow needs.
FBK-000933,CUST-001431,2024-05-07,3,1,Product usability,UI navigation can be cluttered for new team members.
FBK-000934,CUST-001432,2024-04-04,0,1,Missing features,Missing advanced analytics export to warehouse.
FBK-000935,CUST-001435,2023-08-11,4,1,Product usability,UI navigation can be cluttered for new team members.
FBK-000936,CUST-001437,2024-04-27,7,4,Missing features,Missing advanced analytics export to warehouse.
FBK-000937,CUST-001439,2024-01-03,7,5,Mobile experience,Mobile notifications sometimes get delayed.
FBK-000938,CUST-001440,2023-08-03,9,3,Integration,Seamless integration with Google Workspace and Salesforce.
FBK-000939,CUST-001444,2023-12-13,3,1,Mobile experience,Needs iPad tablet optimization.
FBK-000940,CUST-001445,2024-03-14,8,4,Integration,Seamless integration with Google Workspace and Salesforce.
FBK-000941,CUST-001446,2023-05-13,4,3,Product usability,UI navigation can be cluttered for new team members.
FBK-000942,CUST-001447,2024-02-20,7,5,Mobile experience,Mobile notifications sometimes get delayed.
FBK-000943,CUST-001449,2024-02-05,9,4,Performance,Blazing fast sync speeds across distributed teams.
FBK-000944,CUST-001450,2023-07-22,8,3,Integration,Seamless integration with Google Workspace and Salesforce.
FBK-000945,CUST-001452,2022-11-20,0,1,Product usability,UI navigation can be cluttered for new team members.
FBK-000946,CUST-001453,2023-08-25,3,1,Mobile experience,Mobile notifications sometimes get delayed.
FBK-000947,CUST-001455,2024-03-06,7,3,Integration,Custom connector setup was frustrating.
FBK-000948,CUST-001456,2023-07-15,6,3,Customer support,Took too long to get a response on an urgent billing ticket.
FBK-000949,CUST-001459,2024-07-02,7,4,Integration,Webhook latency caused duplicate entries in our CRM.
FBK-000950,CUST-001460,2024-05-12,6,3,Mobile experience,Mobile notifications sometimes get delayed.
FBK-000951,CUST-001461,2024-08-03,9,3,Missing features,The core features cover 90% of our workflow needs.
FBK-000952,CUST-001462,2023-11-03,0,1,Product usability,Steep learning curve for non-technical users.
FBK-000953,CUST-001463,2022-08-06,5,3,Mobile experience,Needs iPad tablet optimization.
FBK-000954,CUST-001464,2023-10-13,9,5,Mobile experience,Mobile app is lightweight and perfect for on-the-go approvals.
FBK-000955,CUST-001465,2023-12-05,6,4,Missing features,Missing advanced analytics export to warehouse.
FBK-000956,CUST-001466,2024-08-13,7,3,Integration,Custom connector setup was frustrating.
FBK-000957,CUST-001467,2024-03-01,7,3,Customer support,Took too long to get a response on an urgent billing ticket.
FBK-000958,CUST-001468,2023-10-25,3,2,Product usability,Steep learning curve for non-technical users.
FBK-000959,CUST-001471,2024-08-26,9,5,Product usability,Intuitive interface and team adopted it within days.
FBK-000960,CUST-001473,2023-04-23,7,4,Mobile experience,Needs iPad tablet optimization.
FBK-000961,CUST-001474,2023-04-03,8,4,Pricing,"Pricing is fair, but add-on user seats add up quickly."
FBK-000962,CUST-001477,2024-07-31,6,1,Mobile experience,Needs iPad tablet optimization.
FBK-000963,CUST-001478,2023-10-15,4,2,Integration,Custom connector setup was frustrating.
FBK-000964,CUST-001479,2024-01-30,10,4,Performance,Blazing fast sync speeds across distributed teams.
FBK-000965,CUST-001480,2024-09-08,7,3,Integration,Custom connector setup was frustrating.
FBK-000966,CUST-001481,2024-05-31,8,4,Missing features,The core features cover 90% of our workflow needs.
FBK-000967,CUST-001486,2024-05-21,9,3,Mobile experience,Mobile app is lightweight and perfect for on-the-go approvals.
FBK-000968,CUST-001492,2024-02-02,3,2,Customer support,Took too long to get a response on an urgent billing ticket.
FBK-000969,CUST-001494,2024-06-04,3,2,Mobile experience,Needs iPad tablet optimization.
FBK-000970,CUST-001495,2023-02-11,1,2,Missing features,Missing advanced analytics export to warehouse.
FBK-000971,CUST-001496,2022-10-24,7,5,Performance,Slow loading times on large dataset syncs.
FBK-000972,CUST-001497,2024-10-08,9,4,Pricing,"Pricing is fair, but add-on user seats add up quickly."
FBK-000973,CUST-001501,2024-09-24,7,4,Pricing,Renewal rate increase was unexpected.
FBK-000974,CUST-001502,2023-07-10,4,4,Pricing,Renewal rate increase was unexpected.
FBK-000975,CUST-001504,2023-10-24,2,2,Mobile experience,Needs iPad tablet optimization.
FBK-000976,CUST-001505,2022-10-30,9,4,Missing features,The core features cover 90% of our workflow needs.
FBK-000977,CUST-001506,2024-05-04,6,2,Pricing,Renewal rate increase was unexpected.
FBK-000978,CUST-001507,2023-12-25,7,1,Pricing,Monthly plan feels a bit expensive without annual discounts.
FBK-000979,CUST-001513,2024-01-05,7,5,Missing features,Missing advanced analytics export to warehouse.
FBK-000980,CUST-001514,2024-06-08,5,4,Integration,Webhook latency caused duplicate entries in our CRM.
FBK-000981,CUST-001515,2024-07-01,6,5,Product usability,UI navigation can be cluttered for new team members.
FBK-000982,CUST-001517,2023-08-02,10,4,Missing features,The core features cover 90% of our workflow needs.
FBK-000983,CUST-001519,2024-01-05,4,1,Missing features,Missing advanced analytics export to warehouse.
FBK-000984,CUST-001520,2024-05-08,8,3,Product usability,"Great dashboard layout, simplifies our daily standup."
FBK-000985,CUST-001522,2023-10-05,6,4,Pricing,Renewal rate increase was unexpected.
FBK-000986,CUST-001523,2022-08-12,10,3,Integration,API documentation is top notch and easy to implement.
FBK-000987,CUST-001524,2024-02-12,10,5,Pricing,"Pricing is fair, but add-on user seats add up quickly."
FBK-000988,CUST-001525,2023-06-04,1,3,Missing features,Missing advanced analytics export to warehouse.
FBK-000989,CUST-001527,2024-06-12,2,1,Mobile experience,Mobile notifications sometimes get delayed.
FBK-000990,CUST-001528,2024-04-05,8,1,Performance,Reliable uptime with minimal disruptions.
FBK-000991,CUST-001529,2024-05-15,9,3,Mobile experience,"Clean mobile UI, very responsive."
FBK-000992,CUST-001533,2022-12-08,2,3,Mobile experience,Mobile notifications sometimes get delayed.
FBK-000993,CUST-001534,2024-10-27,3,4,Pricing,Renewal rate increase was unexpected.
FBK-000994,CUST-001538,2023-04-13,7,3,Product usability,UI navigation can be cluttered for new team members.
FBK-000995,CUST-001539,2024-04-10,7,4,Pricing,Monthly plan feels a bit expensive without annual discounts.
FBK-000996,CUST-001540,2024-03-16,6,4,Missing features,Missing advanced analytics export to warehouse.
FBK-000997,CUST-001541,2023-10-02,6,4,Product usability,UI navigation can be cluttered for new team members.
FBK-000998,CUST-001542,2023-06-14,5,5,Pricing,Renewal rate increase was unexpected.
FBK-000999,CUST-001544,2023-06-14,8,4,Performance,Blazing fast sync speeds across distributed teams.
FBK-001000,CUST-001545,2024-04-27,5,4,Integration,Webhook latency caused duplicate entries in our CRM.
FBK-001001,CUST-001548,2023-06-26,5,3,Pricing,Renewal rate increase was unexpected.
FBK-001002,CUST-001549,2024-05-28,8,4,Mobile experience,"Clean mobile UI, very responsive."
FBK-001003,CUST-001551,2023-11-04,7,4,Integration,Webhook latency caused duplicate entries in our CRM.
FBK-001004,CUST-001553,2022-12-17,6,1,Performance,Occasional lag during peak hours in large file exports.
FBK-001005,CUST-001554,2023-06-28,4,3,Customer support,Took too long to get a response on an urgent billing ticket.
FBK-001006,CUST-001555,2023-09-01,6,4,Mobile experience,Needs iPad tablet optimization.
FBK-001007,CUST-001557,2024-09-10,8,4,Mobile experience,Mobile app is lightweight and perfect for on-the-go approvals.
FBK-001008,CUST-001558,2024-01-03,5,1,Product usability,UI navigation can be cluttered for new team members.
FBK-001009,CUST-001560,2023-04-17,3,3,Missing features,Missing advanced analytics export to warehouse.
FBK-001010,CUST-001561,2023-08-30,10,4,Performance,Reliable uptime with minimal disruptions.
FBK-001011,CUST-001564,2024-04-10,6,4,Product usability,Steep learning curve for non-technical users.
FBK-001012,CUST-001565,2024-03-29,4,4,Product usability,Steep learning curve for non-technical users.
FBK-001013,CUST-001567,2024-06-03,1,2,Performance,Slow loading times on large dataset syncs.
FBK-001014,CUST-001568,2022-11-19,7,3,Customer support,Took too long to get a response on an urgent billing ticket.
FBK-001015,CUST-001572,2022-04-13,3,4,Product usability,UI navigation can be cluttered for new team members.
FBK-001016,CUST-001573,2024-07-14,9,4,Mobile experience,Mobile app is lightweight and perfect for on-the-go approvals.
FBK-001017,CUST-001575,2024-09-23,8,4,Integration,API documentation is top notch and easy to implement.
FBK-001018,CUST-001578,2024-07-14,7,2,Customer support,Took too long to get a response on an urgent billing ticket.
FBK-001019,CUST-001582,2023-11-21,10,3,Missing features,The core features cover 90% of our workflow needs.
FBK-001020,CUST-001584,2023-05-29,7,2,Pricing,Monthly plan feels a bit expensive without annual discounts.
FBK-001021,CUST-001585,2023-12-20,6,3,Performance,Slow loading times on large dataset syncs.
FBK-001022,CUST-001587,2023-11-27,7,4,Product usability,UI navigation can be cluttered for new team members.
FBK-001023,CUST-001588,2024-07-02,8,4,Pricing,"Pricing is fair, but add-on user seats add up quickly."
FBK-001024,CUST-001589,2024-07-26,7,5,Mobile experience,Needs iPad tablet optimization.
FBK-001025,CUST-001590,2023-09-26,0,1,Integration,Webhook latency caused duplicate entries in our CRM.
FBK-001026,CUST-001591,2022-09-07,6,5,Mobile experience,Mobile notifications sometimes get delayed.
FBK-001027,CUST-001595,2024-08-11,6,3,Pricing,Monthly plan feels a bit expensive without annual discounts.
FBK-001028,CUST-001596,2023-02-11,9,4,Performance,Blazing fast sync speeds across distributed teams.
FBK-001029,CUST-001597,2024-09-28,10,5,Integration,API documentation is top notch and easy to implement.
FBK-001030,CUST-001599,2022-12-31,4,2,Integration,Custom connector setup was frustrating.
FBK-001031,CUST-001601,2024-05-31,6,5,Pricing,Monthly plan feels a bit expensive without annual discounts.
FBK-001032,CUST-001602,2023-06-23,4,1,Mobile experience,Mobile notifications sometimes get delayed.
FBK-001033,CUST-001603,2023-02-07,4,3,Product usability,Steep learning curve for non-technical users.
FBK-001034,CUST-001605,2024-08-06,6,5,Customer support,Ticket was escalated multiple times without a clear resolution.
FBK-001035,CUST-001606,2024-06-30,10,3,Integration,Seamless integration with Google Workspace and Salesforce.
FBK-001036,CUST-001607,2022-09-05,9,5,Product usability,"Great dashboard layout, simplifies our daily standup."
FBK-001037,CUST-001608,2022-06-01,8,5,Performance,Blazing fast sync speeds across distributed teams.
FBK-001038,CUST-001609,2023-11-02,6,4,Mobile experience,Mobile notifications sometimes get delayed.
FBK-001039,CUST-001613,2024-08-24,9,4,Performance,Blazing fast sync speeds across distributed teams.
FBK-001040,CUST-001614,2023-10-05,8,3,Customer support,Helpful customer success manager during onboarding.
FBK-001041,CUST-001615,2023-12-21,5,1,Customer support,Took too long to get a response on an urgent billing ticket.
FBK-001042,CUST-001616,2023-02-01,3,2,Customer support,Ticket was escalated multiple times without a clear resolution.
FBK-001043,CUST-001619,2024-07-10,8,5,Customer support,Helpful customer success manager during onboarding.
FBK-001044,CUST-001622,2022-06-13,4,1,Integration,Webhook latency caused duplicate entries in our CRM.
FBK-001045,CUST-001624,2023-08-20,2,1,Customer support,Ticket was escalated multiple times without a clear resolution.
FBK-001046,CUST-001630,2024-02-20,9,5,Product usability,Intuitive interface and team adopted it within days.
FBK-001047,CUST-001632,2024-03-04,7,4,Pricing,Monthly plan feels a bit expensive without annual discounts.
FBK-001048,CUST-001633,2022-11-09,7,2,Mobile experience,Mobile notifications sometimes get delayed.
FBK-001049,CUST-001636,2024-09-30,7,4,Product usability,UI navigation can be cluttered for new team members.
FBK-001050,CUST-001638,2023-07-15,9,3,Performance,Blazing fast sync speeds across distributed teams.
FBK-001051,CUST-001639,2023-08-20,4,2,Mobile experience,Needs iPad tablet optimization.
FBK-001052,CUST-001640,2024-06-24,9,5,Mobile experience,Mobile app is lightweight and perfect for on-the-go approvals.
FBK-001053,CUST-001641,2024-08-01,7,5,Integration,Custom connector setup was frustrating.
FBK-001054,CUST-001642,2024-06-29,8,4,Performance,Reliable uptime with minimal disruptions.
FBK-001055,CUST-001644,2024-08-09,10,4,Integration,API documentation is top notch and easy to implement.
FBK-001056,CUST-001646,2024-02-22,8,3,Product usability,Intuitive interface and team adopted it within days.
FBK-001057,CUST-001647,2023-03-19,9,3,Performance,Reliable uptime with minimal disruptions.
FBK-001058,CUST-001649,2024-03-22,8,3,Missing features,The core features cover 90% of our workflow needs.
FBK-001059,CUST-001652,2023-08-20,7,5,Pricing,Monthly plan feels a bit expensive without annual discounts.
FBK-001060,CUST-001655,2024-09-01,6,3,Performance,Slow loading times on large dataset syncs.
FBK-001061,CUST-001656,2023-02-28,7,4,Integration,Webhook latency caused duplicate entries in our CRM.
FBK-001062,CUST-001657,2024-03-14,8,4,Product usability,"Great dashboard layout, simplifies our daily standup."
FBK-001063,CUST-001659,2024-06-06,6,3,Performance,Slow loading times on large dataset syncs.
FBK-001064,CUST-001660,2024-07-13,5,3,Product usability,Steep learning curve for non-technical users.
FBK-001065,CUST-001661,2023-01-05,6,4,Product usability,UI navigation can be cluttered for new team members.
FBK-001066,CUST-001662,2024-06-08,9,4,Performance,Blazing fast sync speeds across distributed teams.
FBK-001067,CUST-001663,2024-01-09,7,3,Integration,Webhook latency caused duplicate entries in our CRM.
FBK-001068,CUST-001664,2024-09-27,7,3,Pricing,Monthly plan feels a bit expensive without annual discounts.
FBK-001069,CUST-001665,2023-07-05,5,1,Pricing,Monthly plan feels a bit expensive without annual discounts.
FBK-001070,CUST-001667,2023-09-05,9,5,Missing features,The core features cover 90% of our workflow needs.
FBK-001071,CUST-001670,2023-05-08,9,5,Performance,Blazing fast sync speeds across distributed teams.
FBK-001072,CUST-001671,2024-05-08,6,3,Customer support,Took too long to get a response on an urgent billing ticket.
FBK-001073,CUST-001672,2024-11-03,5,4,Mobile experience,Mobile notifications sometimes get delayed.
FBK-001074,CUST-001673,2023-01-26,7,4,Missing features,Missing advanced analytics export to warehouse.
FBK-001075,CUST-001674,2024-07-28,9,2,Product usability,Intuitive interface and team adopted it within days.
FBK-001076,CUST-001676,2023-07-30,10,4,Customer support,Support team resolved our critical issue in under an hour!
FBK-001077,CUST-001678,2023-11-19,4,2,Customer support,Ticket was escalated multiple times without a clear resolution.
FBK-001078,CUST-001680,2024-06-22,6,2,Product usability,UI navigation can be cluttered for new team members.
FBK-001079,CUST-001682,2023-07-22,3,1,Pricing,Monthly plan feels a bit expensive without annual discounts.
FBK-001080,CUST-001683,2024-05-25,8,4,Pricing,"Pricing is fair, but add-on user seats add up quickly."
FBK-001081,CUST-001684,2022-06-07,10,4,Performance,Reliable uptime with minimal disruptions.
FBK-001082,CUST-001686,2023-04-12,6,3,Performance,Slow loading times on large dataset syncs.
FBK-001083,CUST-001687,2024-04-12,7,4,Product usability,UI navigation can be cluttered for new team members.
FBK-001084,CUST-001688,2024-07-07,6,4,Pricing,Monthly plan feels a bit expensive without annual discounts.
FBK-001085,CUST-001689,2024-05-11,5,1,Product usability,Steep learning curve for non-technical users.
FBK-001086,CUST-001692,2023-10-24,7,4,Performance,Slow loading times on large dataset syncs.
FBK-001087,CUST-001693,2023-02-19,9,4,Mobile experience,Mobile app is lightweight and perfect for on-the-go approvals.
FBK-001088,CUST-001694,2024-04-23,5,2,Integration,Custom connector setup was frustrating.
FBK-001089,CUST-001695,2023-05-18,6,5,Integration,Custom connector setup was frustrating.
FBK-001090,CUST-001696,2024-05-25,9,2,Pricing,Great value for money compared to enterprise alternatives.
FBK-001091,CUST-001699,2023-01-04,5,2,Customer support,Ticket was escalated multiple times without a clear resolution.
FBK-001092,CUST-001700,2024-07-19,7,4,Missing features,Missing advanced analytics export to warehouse.
FBK-001093,CUST-001704,2023-10-30,10,2,Product usability,"Great dashboard layout, simplifies our daily standup."
FBK-001094,CUST-001706,2024-01-27,8,4,Customer support,Support team resolved our critical issue in under an hour!
FBK-001095,CUST-001707,2022-11-24,7,1,Product usability,Steep learning curve for non-technical users.
FBK-001096,CUST-001709,2022-05-11,10,4,Pricing,"Pricing is fair, but add-on user seats add up quickly."
FBK-001097,CUST-001710,2024-02-23,9,3,Integration,API documentation is top notch and easy to implement.
FBK-001098,CUST-001711,2024-06-04,5,3,Performance,Occasional lag during peak hours in large file exports.
FBK-001099,CUST-001712,2024-03-18,8,5,Product usability,"Great dashboard layout, simplifies our daily standup."
FBK-001100,CUST-001713,2023-10-20,5,2,Mobile experience,Mobile notifications sometimes get delayed.
FBK-001101,CUST-001714,2024-05-06,8,4,Customer support,Helpful customer success manager during onboarding.
FBK-001102,CUST-001715,2024-02-23,6,5,Performance,Slow loading times on large dataset syncs.
FBK-001103,CUST-001716,2023-12-12,7,4,Customer support,Ticket was escalated multiple times without a clear resolution.
FBK-001104,CUST-001717,2022-10-14,6,2,Performance,Slow loading times on large dataset syncs.
FBK-001105,CUST-001718,2023-04-14,2,1,Pricing,Renewal rate increase was unexpected.
FBK-001106,CUST-001719,2024-05-12,8,5,Pricing,Great value for money compared to enterprise alternatives.
FBK-001107,CUST-001720,2024-08-03,7,2,Performance,Slow loading times on large dataset syncs.
FBK-001108,CUST-001721,2023-05-20,8,3,Performance,Reliable uptime with minimal disruptions.
FBK-001109,CUST-001723,2024-01-25,6,5,Product usability,Steep learning curve for non-technical users.
FBK-001110,CUST-001724,2024-04-19,7,4,Mobile experience,Needs iPad tablet optimization.
FBK-001111,CUST-001725,2024-06-10,9,5,Pricing,Great value for money compared to enterprise alternatives.
FBK-001112,CUST-001728,2023-09-18,4,3,Product usability,Steep learning curve for non-technical users.
FBK-001113,CUST-001729,2024-04-19,5,3,Product usability,UI navigation can be cluttered for new team members.
FBK-001114,CUST-001730,2023-05-21,5,3,Customer support,Ticket was escalated multiple times without a clear resolution.
FBK-001115,CUST-001731,2024-09-19,5,4,Performance,Slow loading times on large dataset syncs.
FBK-001116,CUST-001732,2023-05-10,8,4,Mobile experience,Mobile app is lightweight and perfect for on-the-go approvals.
FBK-001117,CUST-001733,2023-11-14,10,4,Customer support,Support team resolved our critical issue in under an hour!
FBK-001118,CUST-001734,2023-02-07,8,3,Product usability,Intuitive interface and team adopted it within days.
FBK-001119,CUST-001735,2024-04-29,10,4,Mobile experience,Mobile app is lightweight and perfect for on-the-go approvals.
FBK-001120,CUST-001737,2022-11-03,7,3,Performance,Occasional lag during peak hours in large file exports.
FBK-001121,CUST-001738,2023-10-14,7,4,Customer support,Took too long to get a response on an urgent billing ticket.
FBK-001122,CUST-001739,2024-06-18,9,4,Integration,API documentation is top notch and easy to implement.
FBK-001123,CUST-001741,2024-04-19,10,5,Missing features,The core features cover 90% of our workflow needs.
FBK-001124,CUST-001744,2022-06-01,7,2,Missing features,Missing advanced analytics export to warehouse.
FBK-001125,CUST-001746,2022-06-14,3,2,Missing features,Missing advanced analytics export to warehouse.
FBK-001126,CUST-001747,2024-07-26,10,5,Missing features,The core features cover 90% of our workflow needs.
FBK-001127,CUST-001750,2024-07-12,6,3,Pricing,Renewal rate increase was unexpected.
FBK-001128,CUST-001752,2023-08-27,0,1,Performance,Slow loading times on large dataset syncs.
FBK-001129,CUST-001753,2022-04-07,4,2,Customer support,Ticket was escalated multiple times without a clear resolution.
FBK-001130,CUST-001758,2024-01-01,7,3,Missing features,Missing advanced analytics export to warehouse.
FBK-001131,CUST-001759,2022-09-07,8,5,Missing features,The core features cover 90% of our workflow needs.
FBK-001132,CUST-001760,2024-09-18,7,4,Missing features,Missing advanced analytics export to warehouse.
FBK-001133,CUST-001761,2022-06-22,9,5,Integration,API documentation is top notch and easy to implement.
FBK-001134,CUST-001762,2022-10-10,6,3,Performance,Occasional lag during peak hours in large file exports.
FBK-001135,CUST-001763,2024-05-08,2,1,Customer support,Ticket was escalated multiple times without a clear resolution.
FBK-001136,CUST-001764,2024-01-15,0,2,Integration,Webhook latency caused duplicate entries in our CRM.
FBK-001137,CUST-001765,2024-03-09,7,4,Performance,Slow loading times on large dataset syncs.
FBK-001138,CUST-001766,2024-04-21,10,4,Missing features,The core features cover 90% of our workflow needs.
FBK-001139,CUST-001768,2023-09-19,8,4,Customer support,Support team resolved our critical issue in under an hour!
FBK-001140,CUST-001769,2023-03-27,10,3,Pricing,Great value for money compared to enterprise alternatives.
FBK-001141,CUST-001770,2024-07-13,2,1,Product usability,Steep learning curve for non-technical users.
FBK-001142,CUST-001774,2024-01-03,4,3,Missing features,Missing advanced analytics export to warehouse.
FBK-001143,CUST-001775,2023-12-10,4,3,Performance,Occasional lag during peak hours in large file exports.
FBK-001144,CUST-001777,2024-03-16,6,2,Mobile experience,Needs iPad tablet optimization.
FBK-001145,CUST-001779,2023-08-14,1,1,Mobile experience,Needs iPad tablet optimization.
FBK-001146,CUST-001782,2023-06-23,0,1,Customer support,Ticket was escalated multiple times without a clear resolution.
FBK-001147,CUST-001786,2023-05-06,7,4,Integration,Custom connector setup was frustrating.
FBK-001148,CUST-001787,2022-02-09,6,4,Integration,Custom connector setup was frustrating.
FBK-001149,CUST-001788,2023-11-19,8,3,Product usability,Intuitive interface and team adopted it within days.
FBK-001150,CUST-001789,2023-03-19,0,2,Pricing,Monthly plan feels a bit expensive without annual discounts.
FBK-001151,CUST-001790,2023-03-17,8,4,Pricing,Great value for money compared to enterprise alternatives.
FBK-001152,CUST-001791,2024-05-03,8,5,Performance,Blazing fast sync speeds across distributed teams.
FBK-001153,CUST-001792,2023-12-09,7,4,Pricing,Monthly plan feels a bit expensive without annual discounts.
FBK-001154,CUST-001794,2024-02-19,8,4,Missing features,The core features cover 90% of our workflow needs.
FBK-001155,CUST-001795,2023-05-10,10,5,Pricing,Great value for money compared to enterprise alternatives.
FBK-001156,CUST-001796,2024-04-21,6,1,Customer support,Took too long to get a response on an urgent billing ticket.
FBK-001157,CUST-001798,2023-09-19,7,5,Customer support,Ticket was escalated multiple times without a clear resolution.
FBK-001158,CUST-001801,2023-11-01,6,1,Product usability,UI navigation can be cluttered for new team members.
FBK-001159,CUST-001802,2022-08-26,4,4,Customer support,Took too long to get a response on an urgent billing ticket.
FBK-001160,CUST-001804,2023-09-21,4,2,Product usability,Steep learning curve for non-technical users.
FBK-001161,CUST-001805,2024-08-19,7,3,Customer support,Ticket was escalated multiple times without a clear resolution.
FBK-001162,CUST-001807,2023-03-18,7,4,Mobile experience,Needs iPad tablet optimization.
FBK-001163,CUST-001808,2024-05-07,6,4,Product usability,Steep learning curve for non-technical users.
FBK-001164,CUST-001810,2024-04-25,3,3,Product usability,UI navigation can be cluttered for new team members.
FBK-001165,CUST-001812,2024-06-04,3,2,Performance,Slow loading times on large dataset syncs.
FBK-001166,CUST-001819,2024-09-15,9,5,Customer support,Support team resolved our critical issue in under an hour!
FBK-001167,CUST-001820,2023-01-20,7,4,Missing features,Missing advanced analytics export to warehouse.
FBK-001168,CUST-001821,2024-02-13,2,3,Performance,Occasional lag during peak hours in large file exports.
FBK-001169,CUST-001822,2023-10-21,7,4,Missing features,Missing advanced analytics export to warehouse.
FBK-001170,CUST-001823,2023-11-06,3,1,Pricing,Monthly plan feels a bit expensive without annual discounts.
FBK-001171,CUST-001825,2023-07-31,9,4,Mobile experience,Mobile app is lightweight and perfect for on-the-go approvals.
FBK-001172,CUST-001826,2024-01-28,7,3,Integration,Webhook latency caused duplicate entries in our CRM.
FBK-001173,CUST-001827,2024-06-01,6,5,Pricing,Monthly plan feels a bit expensive without annual discounts.
FBK-001174,CUST-001828,2023-04-18,5,2,Missing features,Missing advanced analytics export to warehouse.
FBK-001175,CUST-001829,2024-03-23,5,4,Product usability,UI navigation can be cluttered for new team members.
FBK-001176,CUST-001830,2024-01-21,8,5,Customer support,Helpful customer success manager during onboarding.
FBK-001177,CUST-001833,2024-09-22,6,3,Integration,Custom connector setup was frustrating.
FBK-001178,CUST-001834,2024-10-22,4,2,Missing features,Missing advanced analytics export to warehouse.
FBK-001179,CUST-001837,2023-08-21,9,4,Mobile experience,Mobile app is lightweight and perfect for on-the-go approvals.
FBK-001180,CUST-001838,2022-05-11,6,1,Mobile experience,Needs iPad tablet optimization.
FBK-001181,CUST-001839,2022-08-10,7,2,Customer support,Took too long to get a response on an urgent billing ticket.
FBK-001182,CUST-001840,2024-05-01,10,4,Pricing,"Pricing is fair, but add-on user seats add up quickly."
FBK-001183,CUST-001842,2024-03-18,8,4,Product usability,Intuitive interface and team adopted it within days.
FBK-001184,CUST-001843,2023-10-09,7,4,Mobile experience,Mobile notifications sometimes get delayed.
FBK-001185,CUST-001844,2023-04-07,10,4,Product usability,Intuitive interface and team adopted it within days.
FBK-001186,CUST-001846,2023-06-13,9,2,Product usability,"Great dashboard layout, simplifies our daily standup."
FBK-001187,CUST-001847,2023-10-30,4,2,Missing features,Missing advanced analytics export to warehouse.
FBK-001188,CUST-001848,2024-05-04,5,5,Performance,Occasional lag during peak hours in large file exports.
FBK-001189,CUST-001850,2024-05-30,7,3,Customer support,Took too long to get a response on an urgent billing ticket.
FBK-001190,CUST-001851,2023-09-12,6,3,Performance,Slow loading times on large dataset syncs.
FBK-001191,CUST-001853,2024-11-07,7,5,Product usability,UI navigation can be cluttered for new team members.
FBK-001192,CUST-001855,2023-09-12,9,5,Missing features,The core features cover 90% of our workflow needs.
FBK-001193,CUST-001856,2022-10-26,2,2,Missing features,Missing advanced analytics export to warehouse.
FBK-001194,CUST-001857,2024-06-28,5,4,Customer support,Ticket was escalated multiple times without a clear resolution.
FBK-001195,CUST-001858,2024-07-07,9,3,Mobile experience,Mobile app is lightweight and perfect for on-the-go approvals.
FBK-001196,CUST-001859,2024-01-02,5,1,Missing features,Missing advanced analytics export to warehouse.
FBK-001197,CUST-001860,2024-07-08,8,4,Mobile experience,"Clean mobile UI, very responsive."
FBK-001198,CUST-001861,2024-08-01,6,4,Missing features,Missing advanced analytics export to warehouse.
FBK-001199,CUST-001862,2024-06-13,8,4,Missing features,The core features cover 90% of our workflow needs.
FBK-001200,CUST-001863,2023-11-13,7,3,Product usability,UI navigation can be cluttered for new team members.
FBK-001201,CUST-001864,2023-10-21,8,4,Product usability,Intuitive interface and team adopted it within days.
FBK-001202,CUST-001866,2024-11-06,7,5,Pricing,Monthly plan feels a bit expensive without annual discounts.
FBK-001203,CUST-001867,2022-03-09,3,1,Customer support,Took too long to get a response on an urgent billing ticket.
FBK-001204,CUST-001868,2023-03-15,7,4,Mobile experience,Needs iPad tablet optimization.
FBK-001205,CUST-001869,2024-08-14,10,3,Customer support,Helpful customer success manager during onboarding.
FBK-001206,CUST-001870,2024-04-27,8,3,Product usability,"Great dashboard layout, simplifies our daily standup."
FBK-001207,CUST-001871,2022-10-29,7,4,Mobile experience,Needs iPad tablet optimization.
FBK-001208,CUST-001873,2024-08-09,7,4,Performance,Occasional lag during peak hours in large file exports.
FBK-001209,CUST-001874,2023-11-10,3,3,Performance,Occasional lag during peak hours in large file exports.
FBK-001210,CUST-001878,2022-07-24,4,1,Product usability,UI navigation can be cluttered for new team members.
FBK-001211,CUST-001880,2023-07-18,10,4,Mobile experience,"Clean mobile UI, very responsive."
FBK-001212,CUST-001881,2024-06-16,6,4,Mobile experience,Mobile notifications sometimes get delayed.
FBK-001213,CUST-001885,2024-02-04,3,3,Product usability,UI navigation can be cluttered for new team members.
FBK-001214,CUST-001886,2024-04-17,1,1,Integration,Webhook latency caused duplicate entries in our CRM.
FBK-001215,CUST-001887,2023-06-16,8,4,Integration,Seamless integration with Google Workspace and Salesforce.
FBK-001216,CUST-001888,2024-09-27,10,4,Missing features,The core features cover 90% of our workflow needs.
FBK-001217,CUST-001889,2024-04-29,9,5,Integration,Seamless integration with Google Workspace and Salesforce.
FBK-001218,CUST-001890,2022-11-24,7,4,Customer support,Ticket was escalated multiple times without a clear resolution.
FBK-001219,CUST-001891,2023-03-21,7,4,Product usability,UI navigation can be cluttered for new team members.
FBK-001220,CUST-001892,2024-03-05,8,4,Integration,API documentation is top notch and easy to implement.
FBK-001221,CUST-001895,2024-04-26,0,1,Pricing,Renewal rate increase was unexpected.
FBK-001222,CUST-001896,2023-11-21,2,4,Pricing,Renewal rate increase was unexpected.
FBK-001223,CUST-001897,2023-01-01,1,3,Mobile experience,Needs iPad tablet optimization.
FBK-001224,CUST-001898,2024-03-11,9,4,Product usability,Intuitive interface and team adopted it within days.
FBK-001225,CUST-001900,2024-02-08,6,2,Mobile experience,Needs iPad tablet optimization.
FBK-001226,CUST-001904,2024-05-03,7,4,Product usability,Steep learning curve for non-technical users.
FBK-001227,CUST-001907,2023-09-05,4,5,Performance,Occasional lag during peak hours in large file exports.
FBK-001228,CUST-001908,2024-07-23,4,4,Product usability,UI navigation can be cluttered for new team members.
FBK-001229,CUST-001909,2023-03-01,9,3,Pricing,"Pricing is fair, but add-on user seats add up quickly."
FBK-001230,CUST-001912,2024-09-09,8,4,Pricing,Great value for money compared to enterprise alternatives.
FBK-001231,CUST-001916,2023-03-04,7,5,Mobile experience,Needs iPad tablet optimization.
FBK-001232,CUST-001918,2023-02-25,8,3,Customer support,Helpful customer success manager during onboarding.
FBK-001233,CUST-001919,2023-03-07,6,4,Performance,Occasional lag during peak hours in large file exports.
FBK-001234,CUST-001920,2022-11-13,4,3,Pricing,Monthly plan feels a bit expensive without annual discounts.
FBK-001235,CUST-001921,2024-07-04,3,3,Missing features,Missing advanced analytics export to warehouse.
FBK-001236,CUST-001923,2024-06-02,4,4,Performance,Slow loading times on large dataset syncs.
FBK-001237,CUST-001926,2024-09-06,7,4,Product usability,Steep learning curve for non-technical users.
FBK-001238,CUST-001927,2024-06-11,8,5,Missing features,The core features cover 90% of our workflow needs.
FBK-001239,CUST-001929,2023-04-23,6,1,Product usability,Steep learning curve for non-technical users.
FBK-001240,CUST-001932,2023-04-08,2,1,Product usability,Steep learning curve for non-technical users.
FBK-001241,CUST-001933,2024-08-27,6,5,Integration,Webhook latency caused duplicate entries in our CRM.
FBK-001242,CUST-001936,2023-01-20,6,4,Product usability,Steep learning curve for non-technical users.
FBK-001243,CUST-001937,2024-10-06,7,4,Customer support,Ticket was escalated multiple times without a clear resolution.
FBK-001244,CUST-001939,2024-10-26,8,4,Customer support,Support team resolved our critical issue in under an hour!
FBK-001245,CUST-001940,2023-09-04,7,4,Pricing,Monthly plan feels a bit expensive without annual discounts.
FBK-001246,CUST-001941,2024-07-26,10,5,Missing features,The core features cover 90% of our workflow needs.
FBK-001247,CUST-001944,2024-06-12,9,5,Performance,Blazing fast sync speeds across distributed teams.
FBK-001248,CUST-001947,2023-09-08,9,4,Integration,API documentation is top notch and easy to implement.
FBK-001249,CUST-001948,2023-01-12,4,1,Missing features,Missing advanced analytics export to warehouse.
FBK-001250,CUST-001949,2023-05-31,8,3,Performance,Reliable uptime with minimal disruptions.
FBK-001251,CUST-001952,2024-10-02,7,5,Missing features,Missing advanced analytics export to warehouse.
FBK-001252,CUST-001953,2024-06-21,6,3,Mobile experience,Mobile notifications sometimes get delayed.
FBK-001253,CUST-001954,2024-04-08,6,2,Pricing,Monthly plan feels a bit expensive without annual discounts.
FBK-001254,CUST-001956,2023-08-16,4,2,Mobile experience,Needs iPad tablet optimization.
FBK-001255,CUST-001957,2024-06-27,9,4,Integration,API documentation is top notch and easy to implement.
FBK-001256,CUST-001958,2024-08-15,6,5,Performance,Slow loading times on large dataset syncs.
FBK-001257,CUST-001959,2024-01-09,10,5,Product usability,Intuitive interface and team adopted it within days.
FBK-001258,CUST-001961,2024-02-10,3,2,Mobile experience,Needs iPad tablet optimization.
FBK-001259,CUST-001963,2024-03-15,6,4,Performance,Occasional lag during peak hours in large file exports.
FBK-001260,CUST-001964,2022-11-12,7,1,Performance,Occasional lag during peak hours in large file exports.
FBK-001261,CUST-001967,2023-08-01,7,3,Integration,Webhook latency caused duplicate entries in our CRM.
FBK-001262,CUST-001969,2024-07-27,6,3,Integration,Custom connector setup was frustrating.
FBK-001263,CUST-001970,2024-02-17,9,3,Customer support,Support team resolved our critical issue in under an hour!
FBK-001264,CUST-001971,2024-10-15,10,4,Missing features,The core features cover 90% of our workflow needs.
FBK-001265,CUST-001972,2023-04-01,4,1,Performance,Slow loading times on large dataset syncs.
FBK-001266,CUST-001974,2024-08-08,3,3,Mobile experience,Mobile notifications sometimes get delayed.
FBK-001267,CUST-001976,2024-06-01,6,1,Product usability,UI navigation can be cluttered for new team members.
FBK-001268,CUST-001977,2023-08-17,5,4,Product usability,UI navigation can be cluttered for new team members.
FBK-001269,CUST-001978,2024-01-30,9,5,Missing features,The core features cover 90% of our workflow needs.
FBK-001270,CUST-001980,2024-05-29,7,4,Customer support,Ticket was escalated multiple times without a clear resolution.
FBK-001271,CUST-001982,2023-10-14,8,5,Customer support,Helpful customer success manager during onboarding.
FBK-001272,CUST-001983,2024-09-15,9,5,Pricing,"Pricing is fair, but add-on user seats add up quickly."
FBK-001273,CUST-001984,2024-02-11,7,5,Product usability,UI navigation can be cluttered for new team members.
FBK-001274,CUST-001985,2023-08-24,10,4,Performance,Blazing fast sync speeds across distributed teams.
FBK-001275,CUST-001989,2023-12-11,5,2,Customer support,Ticket was escalated multiple times without a clear resolution.
FBK-001276,CUST-001990,2024-08-20,7,5,Product usability,Steep learning curve for non-technical users.
FBK-001277,CUST-001991,2024-01-05,2,2,Customer support,Ticket was escalated multiple times without a clear resolution.
FBK-001278,CUST-001992,2023-03-04,6,3,Integration,Custom connector setup was frustrating.
FBK-001279,CUST-001994,2024-04-21,9,4,Integration,Seamless integration with Google Workspace and Salesforce.
FBK-001280,CUST-001996,2022-11-26,3,1,Mobile experience,Needs iPad tablet optimization.
FBK-001281,CUST-001997,2024-01-28,7,4,Missing features,Missing advanced analytics export to warehouse.
FBK-001282,CUST-001998,2023-07-30,0,1,Product usability,UI navigation can be cluttered for new team members.
FBK-001283,CUST-001999,2024-02-18,9,3,Customer support,Helpful customer success manager during onboarding.
FBK-001284,CUST-002001,2024-06-06,8,5,Pricing,"Pricing is fair, but add-on user seats add up quickly."
FBK-001285,CUST-002002,2023-08-04,4,1,Pricing,Monthly plan feels a bit expensive without annual discounts.
FBK-001286,CUST-002004,2024-06-24,9,3,Mobile experience,Mobile app is lightweight and perfect for on-the-go approvals.
FBK-001287,CUST-002005,2024-02-10,10,5,Customer support,Support team resolved our critical issue in under an hour!
FBK-001288,CUST-002008,2023-04-30,10,4,Missing features,The core features cover 90% of our workflow needs.
FBK-001289,CUST-002009,2022-04-27,10,4,Customer support,Helpful customer success manager during onboarding.
FBK-001290,CUST-002013,2023-12-05,2,1,Performance,Slow loading times on large dataset syncs.
FBK-001291,CUST-002015,2024-01-11,6,1,Product usability,Steep learning curve for non-technical users.
FBK-001292,CUST-002017,2022-12-17,8,4,Performance,Reliable uptime with minimal disruptions.
FBK-001293,CUST-002018,2022-06-16,5,1,Missing features,Missing advanced analytics export to warehouse.
FBK-001294,CUST-002019,2024-06-24,8,3,Integration,API documentation is top notch and easy to implement.
FBK-001295,CUST-002020,2023-08-08,9,4,Customer support,Support team resolved our critical issue in under an hour!
FBK-001296,CUST-002021,2024-04-02,8,4,Mobile experience,Mobile app is lightweight and perfect for on-the-go approvals.
FBK-001297,CUST-002022,2023-11-15,7,5,Integration,Webhook latency caused duplicate entries in our CRM.
FBK-001298,CUST-002023,2024-07-31,10,5,Pricing,"Pricing is fair, but add-on user seats add up quickly."
FBK-001299,CUST-002024,2024-06-12,8,4,Pricing,Great value for money compared to enterprise alternatives.
FBK-001300,CUST-002025,2024-02-08,10,1,Missing features,The core features cover 90% of our workflow needs.
FBK-001301,CUST-002026,2022-08-22,4,4,Product usability,Steep learning curve for non-technical users.
FBK-001302,CUST-002027,2024-04-18,9,3,Product usability,Intuitive interface and team adopted it within days.
FBK-001303,CUST-002028,2022-12-08,4,2,Integration,Custom connector setup was frustrating.
FBK-001304,CUST-002029,2023-10-01,9,4,Mobile experience,Mobile app is lightweight and perfect for on-the-go approvals.
FBK-001305,CUST-002030,2023-04-16,5,3,Integration,Custom connector setup was frustrating.
FBK-001306,CUST-002031,2023-12-17,6,4,Product usability,Steep learning curve for non-technical users.
FBK-001307,CUST-002033,2023-04-30,3,2,Mobile experience,Mobile notifications sometimes get delayed.
FBK-001308,CUST-002038,2024-03-28,6,3,Pricing,Renewal rate increase was unexpected.
FBK-001309,CUST-002039,2024-10-24,6,3,Product usability,UI navigation can be cluttered for new team members.
FBK-001310,CUST-002040,2023-08-01,2,3,Missing features,Missing advanced analytics export to warehouse.
FBK-001311,CUST-002041,2023-10-12,9,4,Missing features,The core features cover 90% of our workflow needs.
FBK-001312,CUST-002042,2024-02-02,8,5,Integration,Seamless integration with Google Workspace and Salesforce.
FBK-001313,CUST-002043,2024-01-17,9,4,Missing features,The core features cover 90% of our workflow needs.
FBK-001314,CUST-002045,2023-09-21,7,3,Product usability,UI navigation can be cluttered for new team members.
FBK-001315,CUST-002047,2023-11-08,9,5,Missing features,The core features cover 90% of our workflow needs.
FBK-001316,CUST-002048,2024-01-09,9,4,Pricing,"Pricing is fair, but add-on user seats add up quickly."
FBK-001317,CUST-002049,2024-08-23,7,5,Product usability,UI navigation can be cluttered for new team members.
FBK-001318,CUST-002050,2024-05-17,9,3,Product usability,"Great dashboard layout, simplifies our daily standup."
FBK-001319,CUST-002051,2022-08-06,3,4,Performance,Slow loading times on large dataset syncs.
FBK-001320,CUST-002054,2024-04-29,5,5,Mobile experience,Mobile notifications sometimes get delayed.
FBK-001321,CUST-002057,2023-01-11,2,3,Integration,Custom connector setup was frustrating.
FBK-001322,CUST-002058,2024-03-17,6,3,Integration,Custom connector setup was frustrating.
FBK-001323,CUST-002059,2024-04-10,8,3,Integration,API documentation is top notch and easy to implement.
FBK-001324,CUST-002060,2024-08-06,6,5,Missing features,Missing advanced analytics export to warehouse.
FBK-001325,CUST-002063,2022-11-01,7,5,Pricing,Monthly plan feels a bit expensive without annual discounts.
FBK-001326,CUST-002064,2023-09-22,9,4,Mobile experience,"Clean mobile UI, very responsive."
FBK-001327,CUST-002067,2023-02-16,8,3,Customer support,Helpful customer success manager during onboarding.
FBK-001328,CUST-002069,2023-03-17,8,4,Missing features,The core features cover 90% of our workflow needs.
FBK-001329,CUST-002070,2024-04-06,8,3,Integration,API documentation is top notch and easy to implement.
FBK-001330,CUST-002071,2024-02-08,9,5,Performance,Reliable uptime with minimal disruptions.
FBK-001331,CUST-002072,2022-06-22,1,3,Pricing,Renewal rate increase was unexpected.
FBK-001332,CUST-002073,2024-05-17,8,3,Integration,API documentation is top notch and easy to implement.
FBK-001333,CUST-002074,2024-04-24,4,1,Pricing,Monthly plan feels a bit expensive without annual discounts.
FBK-001334,CUST-002077,2024-07-08,10,5,Mobile experience,Mobile app is lightweight and perfect for on-the-go approvals.
FBK-001335,CUST-002078,2022-09-11,8,4,Mobile experience,Mobile app is lightweight and perfect for on-the-go approvals.
FBK-001336,CUST-002079,2022-06-08,3,1,Performance,Occasional lag during peak hours in large file exports.
FBK-001337,CUST-002081,2024-02-14,8,4,Performance,Blazing fast sync speeds across distributed teams.
FBK-001338,CUST-002082,2023-12-06,4,2,Integration,Webhook latency caused duplicate entries in our CRM.
FBK-001339,CUST-002083,2023-12-15,7,4,Customer support,Ticket was escalated multiple times without a clear resolution.
FBK-001340,CUST-002087,2024-01-28,2,1,Missing features,Missing advanced analytics export to warehouse.
FBK-001341,CUST-002089,2024-07-11,6,4,Missing features,Missing advanced analytics export to warehouse.
FBK-001342,CUST-002090,2023-05-28,6,2,Mobile experience,Mobile notifications sometimes get delayed.
FBK-001343,CUST-002091,2023-11-27,8,4,Pricing,"Pricing is fair, but add-on user seats add up quickly."
FBK-001344,CUST-002093,2023-12-01,7,3,Mobile experience,Needs iPad tablet optimization.
FBK-001345,CUST-002094,2023-02-02,6,4,Customer support,Took too long to get a response on an urgent billing ticket.
FBK-001346,CUST-002095,2024-10-05,7,5,Product usability,UI navigation can be cluttered for new team members.
FBK-001347,CUST-002098,2024-03-11,10,3,Customer support,Support team resolved our critical issue in under an hour!
FBK-001348,CUST-002100,2023-07-21,7,4,Customer support,Took too long to get a response on an urgent billing ticket.
FBK-001349,CUST-002101,2022-05-27,1,1,Mobile experience,Mobile notifications sometimes get delayed.
FBK-001350,CUST-002102,2024-07-09,10,4,Missing features,The core features cover 90% of our workflow needs.
FBK-001351,CUST-002103,2024-02-17,0,2,Pricing,Renewal rate increase was unexpected.
FBK-001352,CUST-002105,2024-03-02,6,3,Missing features,Missing advanced analytics export to warehouse.
FBK-001353,CUST-002106,2024-07-05,7,4,Performance,Occasional lag during peak hours in large file exports.
FBK-001354,CUST-002109,2024-08-13,10,4,Missing features,The core features cover 90% of our workflow needs.
FBK-001355,CUST-002111,2023-06-01,8,3,Pricing,"Pricing is fair, but add-on user seats add up quickly."
FBK-001356,CUST-002114,2024-05-15,9,4,Missing features,The core features cover 90% of our workflow needs.
FBK-001357,CUST-002116,2024-05-10,9,2,Customer support,Helpful customer success manager during onboarding.
FBK-001358,CUST-002118,2024-07-16,8,2,Performance,Blazing fast sync speeds across distributed teams.
FBK-001359,CUST-002119,2024-04-10,6,1,Mobile experience,Needs iPad tablet optimization.
FBK-001360,CUST-002120,2024-06-10,4,4,Missing features,Missing advanced analytics export to warehouse.
FBK-001361,CUST-002122,2023-04-18,9,4,Customer support,Support team resolved our critical issue in under an hour!
FBK-001362,CUST-002123,2023-11-10,7,4,Missing features,Missing advanced analytics export to warehouse.
FBK-001363,CUST-002124,2024-05-23,7,4,Mobile experience,Mobile notifications sometimes get delayed.
FBK-001364,CUST-002125,2022-04-19,3,2,Customer support,Ticket was escalated multiple times without a clear resolution.
FBK-001365,CUST-002128,2024-04-23,7,5,Missing features,Missing advanced analytics export to warehouse.
FBK-001366,CUST-002129,2024-05-21,0,3,Integration,Webhook latency caused duplicate entries in our CRM.
FBK-001367,CUST-002130,2022-12-12,10,4,Pricing,"Pricing is fair, but add-on user seats add up quickly."
FBK-001368,CUST-002132,2023-03-18,3,3,Integration,Webhook latency caused duplicate entries in our CRM.
FBK-001369,CUST-002133,2024-03-31,2,2,Pricing,Monthly plan feels a bit expensive without annual discounts.
FBK-001370,CUST-002134,2024-02-26,7,5,Pricing,Monthly plan feels a bit expensive without annual discounts.
FBK-001371,CUST-002135,2024-01-24,3,3,Mobile experience,Needs iPad tablet optimization.
FBK-001372,CUST-002138,2024-06-09,4,2,Integration,Webhook latency caused duplicate entries in our CRM.
FBK-001373,CUST-002139,2023-01-28,9,4,Missing features,The core features cover 90% of our workflow needs.
FBK-001374,CUST-002140,2022-11-24,9,4,Integration,API documentation is top notch and easy to implement.
FBK-001375,CUST-002141,2023-06-28,9,3,Performance,Reliable uptime with minimal disruptions.
FBK-001376,CUST-002142,2023-06-06,1,1,Integration,Webhook latency caused duplicate entries in our CRM.
FBK-001377,CUST-002143,2023-07-31,7,5,Performance,Occasional lag during peak hours in large file exports.
FBK-001378,CUST-002146,2024-07-12,7,4,Product usability,Steep learning curve for non-technical users.
FBK-001379,CUST-002147,2024-10-04,7,4,Integration,Webhook latency caused duplicate entries in our CRM.
FBK-001380,CUST-002149,2023-07-14,10,5,Pricing,Great value for money compared to enterprise alternatives.
FBK-001381,CUST-002151,2023-06-26,10,3,Missing features,The core features cover 90% of our workflow needs.
FBK-001382,CUST-002152,2023-07-26,10,3,Integration,API documentation is top notch and easy to implement.
FBK-001383,CUST-002153,2024-04-15,8,3,Missing features,The core features cover 90% of our workflow needs.
FBK-001384,CUST-002154,2022-07-19,10,5,Missing features,The core features cover 90% of our workflow needs.
FBK-001385,CUST-002157,2023-08-03,3,3,Pricing,Renewal rate increase was unexpected.
FBK-001386,CUST-002158,2023-12-16,7,4,Customer support,Took too long to get a response on an urgent billing ticket.
FBK-001387,CUST-002160,2022-04-22,4,1,Integration,Webhook latency caused duplicate entries in our CRM.
FBK-001388,CUST-002164,2024-08-30,7,4,Product usability,Steep learning curve for non-technical users.
FBK-001389,CUST-002165,2023-07-25,6,2,Integration,Webhook latency caused duplicate entries in our CRM.
FBK-001390,CUST-002166,2022-12-02,3,3,Pricing,Renewal rate increase was unexpected.
FBK-001391,CUST-002167,2024-05-20,7,3,Customer support,Took too long to get a response on an urgent billing ticket.
FBK-001392,CUST-002169,2022-12-23,7,5,Customer support,Ticket was escalated multiple times without a clear resolution.
FBK-001393,CUST-002171,2023-07-12,9,4,Mobile experience,Mobile app is lightweight and perfect for on-the-go approvals.
FBK-001394,CUST-002173,2023-02-24,10,4,Customer support,Support team resolved our critical issue in under an hour!
FBK-001395,CUST-002175,2023-01-05,1,1,Product usability,Steep learning curve for non-technical users.
FBK-001396,CUST-002178,2022-10-11,5,5,Pricing,Monthly plan feels a bit expensive without annual discounts.
FBK-001397,CUST-002180,2023-05-17,3,1,Mobile experience,Mobile notifications sometimes get delayed.
FBK-001398,CUST-002181,2024-05-23,10,4,Mobile experience,Mobile app is lightweight and perfect for on-the-go approvals.
FBK-001399,CUST-002183,2024-03-11,5,3,Performance,Occasional lag during peak hours in large file exports.
FBK-001400,CUST-002184,2024-06-01,7,3,Product usability,UI navigation can be cluttered for new team members.
FBK-001401,CUST-002185,2022-11-02,6,1,Performance,Occasional lag during peak hours in large file exports.
FBK-001402,CUST-002186,2023-12-17,2,5,Product usability,Steep learning curve for non-technical users.
FBK-001403,CUST-002188,2024-07-23,9,4,Integration,API documentation is top notch and easy to implement.
FBK-001404,CUST-002190,2024-03-21,5,4,Pricing,Renewal rate increase was unexpected.
FBK-001405,CUST-002197,2023-06-29,4,3,Customer support,Ticket was escalated multiple times without a clear resolution.
FBK-001406,CUST-002198,2023-04-12,8,3,Performance,Reliable uptime with minimal disruptions.
FBK-001407,CUST-002201,2023-11-27,3,1,Integration,Webhook latency caused duplicate entries in our CRM.
FBK-001408,CUST-002202,2024-02-09,10,5,Pricing,Great value for money compared to enterprise alternatives.
FBK-001409,CUST-002205,2022-07-25,10,4,Product usability,Intuitive interface and team adopted it within days.
FBK-001410,CUST-002206,2023-05-10,6,4,Pricing,Renewal rate increase was unexpected.
FBK-001411,CUST-002207,2024-04-23,7,4,Integration,Custom connector setup was frustrating.
FBK-001412,CUST-002211,2024-08-10,8,4,Integration,Seamless integration with Google Workspace and Salesforce.
FBK-001413,CUST-002212,2023-02-26,6,2,Product usability,UI navigation can be cluttered for new team members.
FBK-001414,CUST-002214,2024-07-05,10,5,Pricing,"Pricing is fair, but add-on user seats add up quickly."
FBK-001415,CUST-002216,2024-02-20,5,3,Customer support,Took too long to get a response on an urgent billing ticket.
FBK-001416,CUST-002217,2023-03-28,5,3,Customer support,Took too long to get a response on an urgent billing ticket.
FBK-001417,CUST-002218,2023-11-25,7,2,Product usability,UI navigation can be cluttered for new team members.
FBK-001418,CUST-002219,2024-02-13,5,5,Customer support,Took too long to get a response on an urgent billing ticket.
FBK-001419,CUST-002220,2023-03-23,1,1,Mobile experience,Needs iPad tablet optimization.
FBK-001420,CUST-002221,2024-05-09,6,3,Customer support,Ticket was escalated multiple times without a clear resolution.
FBK-001421,CUST-002224,2024-04-07,6,1,Performance,Slow loading times on large dataset syncs.
FBK-001422,CUST-002225,2024-06-15,0,2,Pricing,Renewal rate increase was unexpected.
FBK-001423,CUST-002226,2023-10-20,9,4,Product usability,Intuitive interface and team adopted it within days.
FBK-001424,CUST-002228,2023-06-05,8,5,Performance,Reliable uptime with minimal disruptions.
FBK-001425,CUST-002229,2024-07-27,6,4,Pricing,Monthly plan feels a bit expensive without annual discounts.
FBK-001426,CUST-002230,2022-08-28,10,5,Integration,Seamless integration with Google Workspace and Salesforce.
FBK-001427,CUST-002231,2023-09-02,1,2,Integration,Webhook latency caused duplicate entries in our CRM.
FBK-001428,CUST-002234,2023-12-22,1,1,Missing features,Missing advanced analytics export to warehouse.
FBK-001429,CUST-002237,2024-06-06,4,3,Product usability,Steep learning curve for non-technical users.
FBK-001430,CUST-002238,2024-09-29,8,5,Integration,Seamless integration with Google Workspace and Salesforce.
FBK-001431,CUST-002241,2023-04-03,1,1,Pricing,Monthly plan feels a bit expensive without annual discounts.
FBK-001432,CUST-002242,2023-08-20,4,3,Pricing,Monthly plan feels a bit expensive without annual discounts.
FBK-001433,CUST-002243,2024-03-10,7,4,Missing features,Missing advanced analytics export to warehouse.
FBK-001434,CUST-002244,2024-02-07,9,4,Customer support,Helpful customer success manager during onboarding.
FBK-001435,CUST-002247,2024-06-19,9,4,Performance,Blazing fast sync speeds across distributed teams.
FBK-001436,CUST-002251,2022-04-15,9,4,Integration,API documentation is top notch and easy to implement.
FBK-001437,CUST-002252,2023-06-24,8,3,Pricing,Great value for money compared to enterprise alternatives.
FBK-001438,CUST-002254,2023-11-13,6,5,Performance,Occasional lag during peak hours in large file exports.
FBK-001439,CUST-002255,2024-04-19,7,3,Product usability,UI navigation can be cluttered for new team members.
FBK-001440,CUST-002256,2024-03-13,5,5,Product usability,UI navigation can be cluttered for new team members.
FBK-001441,CUST-002257,2024-03-05,10,4,Missing features,The core features cover 90% of our workflow needs.
FBK-001442,CUST-002259,2024-07-24,7,4,Missing features,Missing advanced analytics export to warehouse.
FBK-001443,CUST-002263,2024-02-20,7,3,Customer support,Took too long to get a response on an urgent billing ticket.
FBK-001444,CUST-002264,2023-10-11,6,3,Pricing,Renewal rate increase was unexpected.
FBK-001445,CUST-002267,2022-07-28,4,2,Missing features,Missing advanced analytics export to warehouse.
FBK-001446,CUST-002268,2024-07-14,8,4,Product usability,Intuitive interface and team adopted it within days.
FBK-001447,CUST-002269,2024-08-17,7,3,Customer support,Ticket was escalated multiple times without a clear resolution.
FBK-001448,CUST-002270,2023-05-11,7,5,Pricing,Renewal rate increase was unexpected.
FBK-001449,CUST-002272,2024-02-08,3,2,Missing features,Missing advanced analytics export to warehouse.
FBK-001450,CUST-002275,2024-04-25,10,5,Mobile experience,Mobile app is lightweight and perfect for on-the-go approvals.
FBK-001451,CUST-002276,2023-09-24,9,4,Performance,Blazing fast sync speeds across distributed teams.
FBK-001452,CUST-002277,2023-02-16,9,3,Pricing,"Pricing is fair, but add-on user seats add up quickly."
FBK-001453,CUST-002280,2022-10-03,5,3,Performance,Occasional lag during peak hours in large file exports.
FBK-001454,CUST-002282,2023-08-14,1,1,Customer support,Took too long to get a response on an urgent billing ticket.
FBK-001455,CUST-002283,2024-07-25,7,5,Missing features,Missing advanced analytics export to warehouse.
FBK-001456,CUST-002284,2022-05-20,3,1,Integration,Custom connector setup was frustrating.
FBK-001457,CUST-002285,2024-08-15,4,4,Product usability,Steep learning curve for non-technical users.
FBK-001458,CUST-002286,2023-07-17,6,4,Customer support,Ticket was escalated multiple times without a clear resolution.
FBK-001459,CUST-002290,2024-10-15,9,4,Product usability,Intuitive interface and team adopted it within days.
FBK-001460,CUST-002291,2023-04-24,5,2,Mobile experience,Needs iPad tablet optimization.
FBK-001461,CUST-002292,2024-08-22,6,3,Missing features,Missing advanced analytics export to warehouse.
FBK-001462,CUST-002293,2023-09-20,3,3,Integration,Webhook latency caused duplicate entries in our CRM.
FBK-001463,CUST-002294,2023-07-04,10,5,Mobile experience,Mobile app is lightweight and perfect for on-the-go approvals.
FBK-001464,CUST-002297,2022-09-15,6,2,Performance,Slow loading times on large dataset syncs.
FBK-001465,CUST-002298,2024-06-05,5,2,Product usability,Steep learning curve for non-technical users.
FBK-001466,CUST-002300,2022-03-29,10,3,Performance,Reliable uptime with minimal disruptions.
FBK-001467,CUST-002303,2024-05-03,2,1,Product usability,Steep learning curve for non-technical users.
FBK-001468,CUST-002304,2023-07-08,4,5,Integration,Webhook latency caused duplicate entries in our CRM.
FBK-001469,CUST-002305,2023-03-31,8,3,Performance,Reliable uptime with minimal disruptions.
FBK-001470,CUST-002307,2023-06-03,5,3,Performance,Slow loading times on large dataset syncs.
FBK-001471,CUST-002309,2024-09-26,7,4,Performance,Occasional lag during peak hours in large file exports.
FBK-001472,CUST-002310,2024-02-09,8,4,Performance,Blazing fast sync speeds across distributed teams.
FBK-001473,CUST-002311,2024-06-10,4,4,Integration,Webhook latency caused duplicate entries in our CRM.
FBK-001474,CUST-002312,2023-06-15,6,5,Missing features,Missing advanced analytics export to warehouse.
FBK-001475,CUST-002313,2024-06-06,7,2,Missing features,Missing advanced analytics export to warehouse.
FBK-001476,CUST-002314,2023-08-21,1,2,Customer support,Took too long to get a response on an urgent billing ticket.
FBK-001477,CUST-002318,2024-02-16,5,5,Integration,Webhook latency caused duplicate entries in our CRM.
FBK-001478,CUST-002319,2024-09-03,8,5,Pricing,"Pricing is fair, but add-on user seats add up quickly."
FBK-001479,CUST-002321,2024-05-20,8,3,Missing features,The core features cover 90% of our workflow needs.
FBK-001480,CUST-002322,2024-08-10,7,2,Customer support,Ticket was escalated multiple times without a clear resolution.
FBK-001481,CUST-002324,2023-11-04,8,4,Mobile experience,Mobile app is lightweight and perfect for on-the-go approvals.
FBK-001482,CUST-002325,2023-01-29,6,5,Product usability,UI navigation can be cluttered for new team members.
FBK-001483,CUST-002330,2024-05-12,8,4,Product usability,"Great dashboard layout, simplifies our daily standup."
FBK-001484,CUST-002331,2023-10-04,0,2,Product usability,UI navigation can be cluttered for new team members.
FBK-001485,CUST-002334,2024-02-23,8,4,Customer support,Support team resolved our critical issue in under an hour!
FBK-001486,CUST-002335,2022-12-16,7,4,Integration,Custom connector setup was frustrating.
FBK-001487,CUST-002336,2023-10-29,7,3,Product usability,Steep learning curve for non-technical users.
FBK-001488,CUST-002338,2023-11-10,9,4,Performance,Reliable uptime with minimal disruptions.
FBK-001489,CUST-002339,2024-08-30,9,3,Mobile experience,Mobile app is lightweight and perfect for on-the-go approvals.
FBK-001490,CUST-002341,2022-05-21,5,1,Customer support,Ticket was escalated multiple times without a clear resolution.
FBK-001491,CUST-002342,2024-05-30,7,4,Product usability,UI navigation can be cluttered for new team members.
FBK-001492,CUST-002343,2023-11-14,8,5,Product usability,Intuitive interface and team adopted it within days.
FBK-001493,CUST-002344,2024-02-05,2,1,Mobile experience,Needs iPad tablet optimization.
FBK-001494,CUST-002345,2023-03-12,7,4,Customer support,Ticket was escalated multiple times without a clear resolution.
FBK-001495,CUST-002347,2024-10-03,9,4,Missing features,The core features cover 90% of our workflow needs.
FBK-001496,CUST-002348,2024-03-05,3,3,Integration,Custom connector setup was frustrating.
FBK-001497,CUST-002349,2024-07-04,8,3,Performance,Reliable uptime with minimal disruptions.
FBK-001498,CUST-002352,2023-08-16,5,4,Performance,Occasional lag during peak hours in large file exports.
FBK-001499,CUST-002353,2022-12-19,7,3,Integration,Webhook latency caused duplicate entries in our CRM.
FBK-001500,CUST-002354,2024-11-02,7,3,Mobile experience,Mobile notifications sometimes get delayed.
FBK-001501,CUST-002355,2023-08-12,2,3,Performance,Occasional lag during peak hours in large file exports.
FBK-001502,CUST-002359,2024-05-24,4,2,Pricing,Renewal rate increase was unexpected.
FBK-001503,CUST-002362,2024-06-10,6,4,Customer support,Took too long to get a response on an urgent billing ticket.
FBK-001504,CUST-002363,2023-06-22,2,3,Pricing,Monthly plan feels a bit expensive without annual discounts.
FBK-001505,CUST-002364,2023-05-10,5,1,Product usability,UI navigation can be cluttered for new team members.
FBK-001506,CUST-002365,2023-12-07,2,2,Integration,Webhook latency caused duplicate entries in our CRM.
FBK-001507,CUST-002366,2024-03-07,3,3,Mobile experience,Mobile notifications sometimes get delayed.
FBK-001508,CUST-002367,2024-02-18,6,2,Product usability,UI navigation can be cluttered for new team members.
FBK-001509,CUST-002368,2024-03-28,9,4,Performance,Reliable uptime with minimal disruptions.
FBK-001510,CUST-002369,2023-08-05,1,2,Performance,Slow loading times on large dataset syncs.
FBK-001511,CUST-002370,2024-05-13,7,5,Performance,Occasional lag during peak hours in large file exports.
FBK-001512,CUST-002373,2024-08-26,7,4,Pricing,Monthly plan feels a bit expensive without annual discounts.
FBK-001513,CUST-002374,2024-04-21,10,4,Mobile experience,"Clean mobile UI, very responsive."
FBK-001514,CUST-002375,2024-05-16,8,5,Performance,Reliable uptime with minimal disruptions.
FBK-001515,CUST-002376,2023-04-18,3,1,Performance,Slow loading times on large dataset syncs.
FBK-001516,CUST-002380,2023-05-27,7,4,Mobile experience,Needs iPad tablet optimization.
FBK-001517,CUST-002381,2023-06-09,10,4,Customer support,Helpful customer success manager during onboarding.
FBK-001518,CUST-002382,2024-05-12,10,4,Missing features,The core features cover 90% of our workflow needs.
FBK-001519,CUST-002383,2024-08-27,7,5,Mobile experience,Mobile notifications sometimes get delayed.
FBK-001520,CUST-002385,2024-08-26,9,3,Missing features,The core features cover 90% of our workflow needs.
FBK-001521,CUST-002389,2023-12-11,4,2,Performance,Slow loading times on large dataset syncs.
FBK-001522,CUST-002390,2024-10-16,8,5,Performance,Blazing fast sync speeds across distributed teams.
FBK-001523,CUST-002391,2023-10-09,3,1,Integration,Webhook latency caused duplicate entries in our CRM.
FBK-001524,CUST-002394,2023-10-29,6,2,Performance,Occasional lag during peak hours in large file exports.
FBK-001525,CUST-002395,2024-05-02,8,5,Customer support,Helpful customer success manager during onboarding.
FBK-001526,CUST-002396,2023-09-24,1,2,Customer support,Ticket was escalated multiple times without a clear resolution.
FBK-001527,CUST-002397,2024-05-23,6,5,Missing features,Missing advanced analytics export to warehouse.
FBK-001528,CUST-002398,2024-01-10,10,5,Integration,API documentation is top notch and easy to implement.
FBK-001529,CUST-002399,2024-06-15,10,4,Missing features,The core features cover 90% of our workflow needs.
FBK-001530,CUST-002400,2023-10-28,9,2,Pricing,Great value for money compared to enterprise alternatives.
FBK-001531,CUST-002401,2023-03-14,4,1,Product usability,UI navigation can be cluttered for new team members.
FBK-001532,CUST-002402,2022-07-09,9,4,Pricing,Great value for money compared to enterprise alternatives.
FBK-001533,CUST-002403,2024-10-11,5,4,Missing features,Missing advanced analytics export to warehouse.
FBK-001534,CUST-002405,2024-03-17,5,2,Performance,Slow loading times on large dataset syncs.
FBK-001535,CUST-002406,2023-11-13,7,3,Mobile experience,Needs iPad tablet optimization.
FBK-001536,CUST-002407,2024-03-01,9,3,Performance,Reliable uptime with minimal disruptions.
FBK-001537,CUST-002411,2023-01-01,8,3,Customer support,Support team resolved our critical issue in under an hour!
FBK-001538,CUST-002412,2022-12-03,7,3,Customer support,Took too long to get a response on an urgent billing ticket.
FBK-001539,CUST-002413,2023-07-20,6,3,Performance,Slow loading times on large dataset syncs.
FBK-001540,CUST-002414,2023-09-15,8,4,Product usability,Intuitive interface and team adopted it within days.
FBK-001541,CUST-002415,2024-03-03,6,4,Pricing,Monthly plan feels a bit expensive without annual discounts.
FBK-001542,CUST-002416,2024-08-24,5,1,Missing features,Missing advanced analytics export to warehouse.
FBK-001543,CUST-002417,2024-02-16,5,5,Mobile experience,Mobile notifications sometimes get delayed.
FBK-001544,CUST-002418,2023-06-26,6,4,Missing features,Missing advanced analytics export to warehouse.
FBK-001545,CUST-002419,2023-03-15,9,5,Pricing,"Pricing is fair, but add-on user seats add up quickly."
FBK-001546,CUST-002420,2024-05-26,9,4,Performance,Reliable uptime with minimal disruptions.
FBK-001547,CUST-002421,2024-07-05,10,3,Integration,Seamless integration with Google Workspace and Salesforce.
FBK-001548,CUST-002422,2023-08-25,6,3,Pricing,Monthly plan feels a bit expensive without annual discounts.
FBK-001549,CUST-002425,2022-05-18,1,2,Customer support,Ticket was escalated multiple times without a clear resolution.
FBK-001550,CUST-002426,2023-06-03,7,4,Performance,Slow loading times on large dataset syncs.
FBK-001551,CUST-002427,2024-10-07,10,4,Customer support,Helpful customer success manager during onboarding.
FBK-001552,CUST-002428,2024-03-22,4,5,Missing features,Missing advanced analytics export to warehouse.
FBK-001553,CUST-002431,2024-01-17,6,3,Integration,Custom connector setup was frustrating.
FBK-001554,CUST-002432,2022-12-03,10,5,Performance,Blazing fast sync speeds across distributed teams.
FBK-001555,CUST-002433,2022-07-25,8,4,Missing features,The core features cover 90% of our workflow needs.
FBK-001556,CUST-002434,2023-02-12,6,5,Product usability,Steep learning curve for non-technical users.
FBK-001557,CUST-002435,2024-05-15,9,4,Mobile experience,"Clean mobile UI, very responsive."
FBK-001558,CUST-002436,2023-01-05,7,4,Integration,Custom connector setup was frustrating.
FBK-001559,CUST-002437,2024-10-03,8,4,Performance,Blazing fast sync speeds across distributed teams.
FBK-001560,CUST-002439,2023-02-02,7,4,Customer support,Took too long to get a response on an urgent billing ticket.
FBK-001561,CUST-002440,2024-09-27,6,4,Pricing,Monthly plan feels a bit expensive without annual discounts.
FBK-001562,CUST-002445,2022-08-12,0,2,Performance,Slow loading times on large dataset syncs.
FBK-001563,CUST-002446,2024-05-22,5,4,Performance,Slow loading times on large dataset syncs.
FBK-001564,CUST-002447,2024-05-10,0,1,Customer support,Ticket was escalated multiple times without a clear resolution.
FBK-001565,CUST-002449,2024-02-04,5,3,Performance,Occasional lag during peak hours in large file exports.
FBK-001566,CUST-002450,2022-10-30,3,3,Performance,Occasional lag during peak hours in large file exports.
FBK-001567,CUST-002451,2023-11-26,7,4,Integration,Webhook latency caused duplicate entries in our CRM.
FBK-001568,CUST-002453,2024-04-05,7,3,Customer support,Took too long to get a response on an urgent billing ticket.
FBK-001569,CUST-002454,2024-06-12,8,4,Missing features,The core features cover 90% of our workflow needs.
FBK-001570,CUST-002455,2024-06-06,7,4,Customer support,Ticket was escalated multiple times without a clear resolution.
FBK-001571,CUST-002456,2023-11-30,7,3,Pricing,Monthly plan feels a bit expensive without annual discounts.
FBK-001572,CUST-002457,2024-06-26,8,5,Product usability,"Great dashboard layout, simplifies our daily standup."
FBK-001573,CUST-002460,2023-11-20,8,1,Mobile experience,Mobile app is lightweight and perfect for on-the-go approvals.
FBK-001574,CUST-002461,2024-07-23,9,4,Pricing,Great value for money compared to enterprise alternatives.
FBK-001575,CUST-002462,2022-12-25,7,4,Customer support,Ticket was escalated multiple times without a clear resolution.
FBK-001576,CUST-002463,2024-04-12,5,5,Pricing,Monthly plan feels a bit expensive without annual discounts.
FBK-001577,CUST-002464,2024-06-17,4,1,Performance,Occasional lag during peak hours in large file exports.
FBK-001578,CUST-002465,2024-05-22,5,4,Pricing,Renewal rate increase was unexpected.
FBK-001579,CUST-002467,2022-09-10,9,3,Product usability,Intuitive interface and team adopted it within days.
FBK-001580,CUST-002469,2024-10-23,7,3,Product usability,Steep learning curve for non-technical users.
FBK-001581,CUST-002470,2023-02-27,10,3,Integration,Seamless integration with Google Workspace and Salesforce.
FBK-001582,CUST-002472,2024-05-14,4,4,Missing features,Missing advanced analytics export to warehouse.
FBK-001583,CUST-002474,2023-12-19,8,5,Integration,API documentation is top notch and easy to implement.
FBK-001584,CUST-002476,2024-01-13,4,1,Mobile experience,Needs iPad tablet optimization.
FBK-001585,CUST-002477,2023-09-07,3,2,Performance,Slow loading times on large dataset syncs.
FBK-001586,CUST-002478,2024-03-08,9,4,Integration,Seamless integration with Google Workspace and Salesforce.
FBK-001587,CUST-002480,2023-10-06,10,3,Performance,Blazing fast sync speeds across distributed teams.
FBK-001588,CUST-002483,2023-12-26,8,5,Missing features,The core features cover 90% of our workflow needs.
FBK-001589,CUST-002484,2023-08-03,5,5,Pricing,Renewal rate increase was unexpected.
FBK-001590,CUST-002486,2023-08-08,9,4,Performance,Blazing fast sync speeds across distributed teams.
FBK-001591,CUST-002487,2024-07-16,9,3,Customer support,Support team resolved our critical issue in under an hour!
FBK-001592,CUST-002488,2024-04-04,10,5,Customer support,Helpful customer success manager during onboarding.
FBK-001593,CUST-002490,2024-10-12,6,4,Mobile experience,Needs iPad tablet optimization.
FBK-001594,CUST-002491,2024-01-09,5,2,Integration,Webhook latency caused duplicate entries in our CRM.
FBK-001595,CUST-002492,2024-06-15,9,4,Integration,Seamless integration with Google Workspace and Salesforce.
FBK-001596,CUST-002493,2024-07-20,6,2,Performance,Slow loading times on large dataset syncs.
FBK-001597,CUST-002496,2024-08-26,6,4,Missing features,Missing advanced analytics export to warehouse.
FBK-001598,CUST-002497,2024-07-30,8,4,Missing features,The core features cover 90% of our workflow needs.
FBK-001599,CUST-002498,2023-01-24,5,1,Mobile experience,Needs iPad tablet optimization.
FBK-001600,CUST-002500,2023-03-02,7,1,Performance,Occasional lag during peak hours in large file exports.
FBK-001601,CUST-002502,2023-03-06,7,4,Performance,Slow loading times on large dataset syncs.
FBK-001602,CUST-002503,2023-02-01,8,4,Customer support,Helpful customer success manager during onboarding.
FBK-001603,CUST-002505,2024-07-13,0,1,Customer support,Took too long to get a response on an urgent billing ticket.
FBK-001604,CUST-002506,2024-08-05,10,4,Customer support,Support team resolved our critical issue in under an hour!
FBK-001605,CUST-002508,2024-09-02,7,3,Missing features,Missing advanced analytics export to warehouse.
FBK-001606,CUST-002509,2024-03-25,7,4,Mobile experience,Needs iPad tablet optimization.
FBK-001607,CUST-002510,2024-01-17,5,2,Missing features,Missing advanced analytics export to warehouse.
FBK-001608,CUST-002512,2024-10-28,7,4,Performance,Occasional lag during peak hours in large file exports.
FBK-001609,CUST-002514,2024-04-11,6,4,Product usability,UI navigation can be cluttered for new team members.
FBK-001610,CUST-002515,2023-12-13,9,3,Pricing,"Pricing is fair, but add-on user seats add up quickly."
FBK-001611,CUST-002516,2024-03-11,7,2,Missing features,Missing advanced analytics export to warehouse.
FBK-001612,CUST-002517,2023-08-27,9,3,Pricing,"Pricing is fair, but add-on user seats add up quickly."
FBK-001613,CUST-002519,2024-07-30,6,3,Customer support,Took too long to get a response on an urgent billing ticket.
FBK-001614,CUST-002520,2024-04-24,4,2,Integration,Webhook latency caused duplicate entries in our CRM.
FBK-001615,CUST-002521,2024-07-25,9,5,Customer support,Support team resolved our critical issue in under an hour!
FBK-001616,CUST-002522,2024-03-15,10,3,Customer support,Support team resolved our critical issue in under an hour!
FBK-001617,CUST-002523,2024-02-07,8,4,Product usability,Intuitive interface and team adopted it within days.
FBK-001618,CUST-002524,2024-06-20,9,3,Customer support,Support team resolved our critical issue in under an hour!
FBK-001619,CUST-002525,2024-01-14,8,4,Customer support,Support team resolved our critical issue in under an hour!
FBK-001620,CUST-002527,2024-03-23,4,2,Customer support,Ticket was escalated multiple times without a clear resolution.
FBK-001621,CUST-002528,2022-03-02,3,2,Customer support,Took too long to get a response on an urgent billing ticket.
FBK-001622,CUST-002529,2023-05-06,6,4,Missing features,Missing advanced analytics export to warehouse.
FBK-001623,CUST-002530,2024-07-10,5,3,Missing features,Missing advanced analytics export to warehouse.
FBK-001624,CUST-002531,2023-02-04,7,4,Integration,Webhook latency caused duplicate entries in our CRM.
FBK-001625,CUST-002532,2023-05-08,5,1,Missing features,Missing advanced analytics export to warehouse.
FBK-001626,CUST-002533,2023-08-11,6,4,Missing features,Missing advanced analytics export to warehouse.
FBK-001627,CUST-002534,2024-05-28,10,3,Integration,API documentation is top notch and easy to implement.
FBK-001628,CUST-002535,2024-06-19,6,1,Pricing,Renewal rate increase was unexpected.
FBK-001629,CUST-002538,2024-02-24,7,5,Product usability,UI navigation can be cluttered for new team members.
FBK-001630,CUST-002539,2023-08-04,10,4,Missing features,The core features cover 90% of our workflow needs.
FBK-001631,CUST-002541,2023-11-22,8,5,Integration,Seamless integration with Google Workspace and Salesforce.
FBK-001632,CUST-002542,2024-04-07,7,5,Mobile experience,Needs iPad tablet optimization.
FBK-001633,CUST-002543,2023-10-24,7,4,Mobile experience,Needs iPad tablet optimization.
FBK-001634,CUST-002545,2022-07-14,3,2,Missing features,Missing advanced analytics export to warehouse.
FBK-001635,CUST-002546,2023-05-17,7,5,Product usability,UI navigation can be cluttered for new team members.
FBK-001636,CUST-002548,2022-09-10,5,2,Mobile experience,Needs iPad tablet optimization.
FBK-001637,CUST-002550,2023-10-09,0,1,Pricing,Renewal rate increase was unexpected.
FBK-001638,CUST-002553,2023-11-30,7,2,Product usability,UI navigation can be cluttered for new team members.
FBK-001639,CUST-002555,2024-02-09,7,4,Pricing,Renewal rate increase was unexpected.
FBK-001640,CUST-002556,2024-03-24,7,4,Mobile experience,Mobile notifications sometimes get delayed.
FBK-001641,CUST-002558,2023-11-15,10,4,Performance,Reliable uptime with minimal disruptions.
FBK-001642,CUST-002560,2024-06-21,8,3,Integration,API documentation is top notch and easy to implement.
FBK-001643,CUST-002561,2024-09-11,7,5,Pricing,Renewal rate increase was unexpected.
FBK-001644,CUST-002562,2023-10-20,3,1,Missing features,Missing advanced analytics export to warehouse.
FBK-001645,CUST-002563,2024-07-24,5,2,Pricing,Monthly plan feels a bit expensive without annual discounts.
FBK-001646,CUST-002564,2023-09-13,3,3,Integration,Webhook latency caused duplicate entries in our CRM.
FBK-001647,CUST-002567,2024-08-10,7,5,Integration,Webhook latency caused duplicate entries in our CRM.
FBK-001648,CUST-002568,2023-05-23,3,1,Missing features,Missing advanced analytics export to warehouse.
FBK-001649,CUST-002570,2024-01-31,8,3,Performance,Blazing fast sync speeds across distributed teams.
FBK-001650,CUST-002571,2024-03-30,10,5,Performance,Reliable uptime with minimal disruptions.
FBK-001651,CUST-002572,2022-11-02,5,4,Integration,Webhook latency caused duplicate entries in our CRM.
FBK-001652,CUST-002574,2024-03-08,7,5,Pricing,Monthly plan feels a bit expensive without annual discounts.
FBK-001653,CUST-002575,2023-01-20,7,4,Pricing,Monthly plan feels a bit expensive without annual discounts.
FBK-001654,CUST-002576,2022-07-14,8,5,Customer support,Helpful customer success manager during onboarding.
FBK-001655,CUST-002578,2022-05-17,3,2,Performance,Slow loading times on large dataset syncs.
FBK-001656,CUST-002579,2023-12-11,3,4,Product usability,Steep learning curve for non-technical users.
FBK-001657,CUST-002580,2023-10-14,5,1,Product usability,Steep learning curve for non-technical users.
FBK-001658,CUST-002582,2024-05-05,7,3,Pricing,Monthly plan feels a bit expensive without annual discounts.
FBK-001659,CUST-002583,2023-11-25,6,5,Product usability,Steep learning curve for non-technical users.
FBK-001660,CUST-002586,2022-10-25,7,4,Product usability,Steep learning curve for non-technical users.
FBK-001661,CUST-002587,2024-04-26,10,5,Customer support,Helpful customer success manager during onboarding.
FBK-001662,CUST-002589,2023-01-15,8,1,Performance,Blazing fast sync speeds across distributed teams.
FBK-001663,CUST-002591,2024-05-12,6,3,Product usability,UI navigation can be cluttered for new team members.
FBK-001664,CUST-002594,2023-08-31,9,4,Pricing,"Pricing is fair, but add-on user seats add up quickly."
FBK-001665,CUST-002596,2023-06-20,8,4,Performance,Reliable uptime with minimal disruptions.
FBK-001666,CUST-002597,2024-01-15,10,4,Product usability,"Great dashboard layout, simplifies our daily standup."
FBK-001667,CUST-002598,2024-02-16,2,3,Customer support,Took too long to get a response on an urgent billing ticket.
FBK-001668,CUST-002601,2023-04-27,4,1,Performance,Occasional lag during peak hours in large file exports.
FBK-001669,CUST-002602,2024-06-25,7,3,Product usability,Steep learning curve for non-technical users.
FBK-001670,CUST-002603,2023-12-31,0,2,Missing features,Missing advanced analytics export to warehouse.
FBK-001671,CUST-002604,2022-09-17,3,2,Pricing,Monthly plan feels a bit expensive without annual discounts.
FBK-001672,CUST-002605,2022-11-24,6,2,Customer support,Took too long to get a response on an urgent billing ticket.
FBK-001673,CUST-002606,2023-04-01,3,1,Mobile experience,Needs iPad tablet optimization.
FBK-001674,CUST-002609,2023-04-05,9,4,Integration,API documentation is top notch and easy to implement.
FBK-001675,CUST-002611,2024-08-15,6,4,Mobile experience,Needs iPad tablet optimization.
FBK-001676,CUST-002612,2023-03-25,6,4,Mobile experience,Mobile notifications sometimes get delayed.
FBK-001677,CUST-002613,2024-06-19,6,3,Missing features,Missing advanced analytics export to warehouse.
FBK-001678,CUST-002618,2024-01-20,7,3,Performance,Slow loading times on large dataset syncs.
FBK-001679,CUST-002619,2024-04-16,7,4,Performance,Occasional lag during peak hours in large file exports.
FBK-001680,CUST-002620,2022-11-17,3,4,Customer support,Took too long to get a response on an urgent billing ticket.
FBK-001681,CUST-002621,2024-09-02,0,1,Mobile experience,Needs iPad tablet optimization.
FBK-001682,CUST-002622,2023-10-14,7,5,Customer support,Ticket was escalated multiple times without a clear resolution.
FBK-001683,CUST-002623,2022-12-21,7,5,Product usability,Steep learning curve for non-technical users.
FBK-001684,CUST-002625,2024-09-07,4,3,Performance,Slow loading times on large dataset syncs.
FBK-001685,CUST-002626,2023-07-22,4,2,Missing features,Missing advanced analytics export to warehouse.
FBK-001686,CUST-002629,2024-07-31,10,4,Product usability,"Great dashboard layout, simplifies our daily standup."
FBK-001687,CUST-002630,2023-02-14,8,3,Mobile experience,Mobile app is lightweight and perfect for on-the-go approvals.
FBK-001688,CUST-002632,2024-11-01,6,2,Customer support,Ticket was escalated multiple times without a clear resolution.
FBK-001689,CUST-002633,2024-06-03,4,4,Pricing,Monthly plan feels a bit expensive without annual discounts.
FBK-001690,CUST-002636,2024-08-22,9,4,Integration,API documentation is top notch and easy to implement.
FBK-001691,CUST-002637,2023-03-17,8,3,Integration,API documentation is top notch and easy to implement.
FBK-001692,CUST-002638,2024-08-26,8,3,Customer support,Support team resolved our critical issue in under an hour!
FBK-001693,CUST-002639,2024-04-10,5,4,Customer support,Ticket was escalated multiple times without a clear resolution.
FBK-001694,CUST-002641,2024-06-01,10,4,Customer support,Helpful customer success manager during onboarding.
FBK-001695,CUST-002642,2022-06-14,3,2,Integration,Custom connector setup was frustrating.
FBK-001696,CUST-002643,2024-01-14,8,5,Mobile experience,Mobile app is lightweight and perfect for on-the-go approvals.
FBK-001697,CUST-002644,2024-08-11,5,2,Product usability,UI navigation can be cluttered for new team members.
FBK-001698,CUST-002652,2024-10-08,10,5,Mobile experience,Mobile app is lightweight and perfect for on-the-go approvals.
FBK-001699,CUST-002654,2022-10-21,5,3,Product usability,Steep learning curve for non-technical users.
FBK-001700,CUST-002656,2023-10-06,7,2,Mobile experience,Mobile notifications sometimes get delayed.
FBK-001701,CUST-002657,2024-02-03,3,4,Performance,Occasional lag during peak hours in large file exports.
FBK-001702,CUST-002658,2024-06-25,7,4,Pricing,Renewal rate increase was unexpected.
FBK-001703,CUST-002659,2023-11-04,9,4,Integration,Seamless integration with Google Workspace and Salesforce.
FBK-001704,CUST-002660,2022-10-11,8,1,Mobile experience,Mobile app is lightweight and perfect for on-the-go approvals.
FBK-001705,CUST-002662,2024-07-24,10,4,Mobile experience,Mobile app is lightweight and perfect for on-the-go approvals.
FBK-001706,CUST-002663,2024-01-30,4,3,Pricing,Monthly plan feels a bit expensive without annual discounts.
FBK-001707,CUST-002664,2024-08-14,6,5,Mobile experience,Mobile notifications sometimes get delayed.
FBK-001708,CUST-002665,2023-03-15,8,3,Pricing,Great value for money compared to enterprise alternatives.
FBK-001709,CUST-002666,2023-12-07,10,4,Mobile experience,Mobile app is lightweight and perfect for on-the-go approvals.
FBK-001710,CUST-002667,2024-03-31,10,4,Missing features,The core features cover 90% of our workflow needs.
FBK-001711,CUST-002668,2022-05-16,9,1,Pricing,Great value for money compared to enterprise alternatives.
FBK-001712,CUST-002669,2024-07-14,7,4,Customer support,Took too long to get a response on an urgent billing ticket.
FBK-001713,CUST-002670,2024-04-12,1,1,Performance,Slow loading times on large dataset syncs.
FBK-001714,CUST-002671,2024-09-13,6,5,Mobile experience,Mobile notifications sometimes get delayed.
FBK-001715,CUST-002672,2024-05-25,7,3,Performance,Occasional lag during peak hours in large file exports.
FBK-001716,CUST-002673,2023-09-29,3,2,Integration,Custom connector setup was frustrating.
FBK-001717,CUST-002674,2023-01-07,10,3,Mobile experience,Mobile app is lightweight and perfect for on-the-go approvals.
FBK-001718,CUST-002675,2023-01-15,4,5,Integration,Webhook latency caused duplicate entries in our CRM.
FBK-001719,CUST-002677,2023-07-28,6,5,Pricing,Monthly plan feels a bit expensive without annual discounts.
FBK-001720,CUST-002678,2023-07-06,8,5,Customer support,Helpful customer success manager during onboarding.
FBK-001721,CUST-002679,2024-02-14,7,4,Mobile experience,Needs iPad tablet optimization.
FBK-001722,CUST-002680,2023-06-16,4,3,Mobile experience,Needs iPad tablet optimization.
FBK-001723,CUST-002682,2022-11-20,6,1,Mobile experience,Needs iPad tablet optimization.
FBK-001724,CUST-002686,2023-09-22,4,4,Customer support,Ticket was escalated multiple times without a clear resolution.
FBK-001725,CUST-002687,2024-05-31,9,5,Pricing,"Pricing is fair, but add-on user seats add up quickly."
FBK-001726,CUST-002690,2022-11-01,7,5,Mobile experience,Needs iPad tablet optimization.
FBK-001727,CUST-002692,2023-12-21,9,4,Performance,Blazing fast sync speeds across distributed teams.
FBK-001728,CUST-002693,2024-03-23,7,4,Mobile experience,Needs iPad tablet optimization.
FBK-001729,CUST-002697,2024-06-20,10,4,Product usability,Intuitive interface and team adopted it within days.
FBK-001730,CUST-002698,2024-08-28,7,5,Performance,Occasional lag during peak hours in large file exports.
FBK-001731,CUST-002699,2024-08-30,0,1,Mobile experience,Mobile notifications sometimes get delayed.
FBK-001732,CUST-002701,2023-03-28,6,4,Customer support,Ticket was escalated multiple times without a clear resolution.
FBK-001733,CUST-002702,2023-12-01,6,3,Pricing,Renewal rate increase was unexpected.
FBK-001734,CUST-002703,2024-04-23,0,3,Missing features,Missing advanced analytics export to warehouse.
FBK-001735,CUST-002704,2024-05-30,3,5,Mobile experience,Mobile notifications sometimes get delayed.
FBK-001736,CUST-002705,2024-02-26,8,5,Mobile experience,Mobile app is lightweight and perfect for on-the-go approvals.
FBK-001737,CUST-002706,2024-03-03,3,3,Customer support,Ticket was escalated multiple times without a clear resolution.
FBK-001738,CUST-002707,2023-05-23,9,4,Performance,Blazing fast sync speeds across distributed teams.
FBK-001739,CUST-002708,2022-10-19,8,5,Product usability,"Great dashboard layout, simplifies our daily standup."
FBK-001740,CUST-002709,2024-06-14,4,4,Missing features,Missing advanced analytics export to warehouse.
FBK-001741,CUST-002710,2022-06-19,5,2,Integration,Custom connector setup was frustrating.
FBK-001742,CUST-002711,2023-04-02,9,5,Customer support,Support team resolved our critical issue in under an hour!
FBK-001743,CUST-002713,2024-10-08,6,4,Pricing,Renewal rate increase was unexpected.
FBK-001744,CUST-002716,2024-11-10,7,4,Product usability,Steep learning curve for non-technical users.
FBK-001745,CUST-002717,2022-04-03,4,1,Missing features,Missing advanced analytics export to warehouse.
FBK-001746,CUST-002718,2023-01-29,8,3,Product usability,Intuitive interface and team adopted it within days.
FBK-001747,CUST-002719,2024-07-19,4,2,Customer support,Took too long to get a response on an urgent billing ticket.
FBK-001748,CUST-002720,2023-07-15,7,4,Integration,Webhook latency caused duplicate entries in our CRM.
FBK-001749,CUST-002721,2024-09-21,7,3,Mobile experience,Mobile notifications sometimes get delayed.
FBK-001750,CUST-002722,2022-04-23,6,1,Pricing,Renewal rate increase was unexpected.
FBK-001751,CUST-002724,2023-06-01,5,3,Missing features,Missing advanced analytics export to warehouse.
FBK-001752,CUST-002725,2024-03-29,7,4,Mobile experience,Mobile notifications sometimes get delayed.
FBK-001753,CUST-002726,2023-06-27,7,5,Performance,Slow loading times on large dataset syncs.
FBK-001754,CUST-002727,2024-02-02,7,3,Customer support,Ticket was escalated multiple times without a clear resolution.
FBK-001755,CUST-002728,2024-07-11,6,4,Pricing,Renewal rate increase was unexpected.
FBK-001756,CUST-002730,2024-09-22,4,1,Product usability,Steep learning curve for non-technical users.
FBK-001757,CUST-002732,2024-01-30,8,5,Integration,API documentation is top notch and easy to implement.
FBK-001758,CUST-002733,2023-08-05,10,4,Product usability,Intuitive interface and team adopted it within days.
FBK-001759,CUST-002734,2023-06-01,5,5,Integration,Custom connector setup was frustrating.
FBK-001760,CUST-002736,2024-07-21,7,5,Mobile experience,Mobile notifications sometimes get delayed.
FBK-001761,CUST-002738,2023-10-07,3,3,Performance,Occasional lag during peak hours in large file exports.
FBK-001762,CUST-002739,2024-06-03,6,2,Mobile experience,Needs iPad tablet optimization.
FBK-001763,CUST-002740,2024-07-23,6,2,Missing features,Missing advanced analytics export to warehouse.
FBK-001764,CUST-002744,2024-06-22,6,3,Performance,Occasional lag during peak hours in large file exports.
FBK-001765,CUST-002745,2024-03-19,4,2,Mobile experience,Mobile notifications sometimes get delayed.
FBK-001766,CUST-002746,2024-03-26,4,2,Customer support,Took too long to get a response on an urgent billing ticket.
FBK-001767,CUST-002748,2024-05-26,9,4,Customer support,Helpful customer success manager during onboarding.
FBK-001768,CUST-002749,2024-05-02,7,3,Customer support,Ticket was escalated multiple times without a clear resolution.
FBK-001769,CUST-002750,2023-06-09,7,4,Integration,Webhook latency caused duplicate entries in our CRM.
FBK-001770,CUST-002751,2024-07-22,8,4,Missing features,The core features cover 90% of our workflow needs.
FBK-001771,CUST-002752,2022-12-26,10,5,Customer support,Support team resolved our critical issue in under an hour!
FBK-001772,CUST-002753,2024-10-09,9,4,Missing features,The core features cover 90% of our workflow needs.
FBK-001773,CUST-002756,2024-04-01,7,3,Mobile experience,Mobile notifications sometimes get delayed.
FBK-001774,CUST-002757,2024-05-06,3,2,Missing features,Missing advanced analytics export to warehouse.
FBK-001775,CUST-002759,2024-06-23,7,4,Customer support,Ticket was escalated multiple times without a clear resolution.
FBK-001776,CUST-002763,2023-01-15,6,4,Customer support,Ticket was escalated multiple times without a clear resolution.
FBK-001777,CUST-002768,2024-03-20,5,1,Performance,Slow loading times on large dataset syncs.
FBK-001778,CUST-002769,2024-01-13,7,4,Performance,Occasional lag during peak hours in large file exports.
FBK-001779,CUST-002770,2024-08-10,6,3,Integration,Webhook latency caused duplicate entries in our CRM.
FBK-001780,CUST-002771,2023-06-01,5,3,Pricing,Monthly plan feels a bit expensive without annual discounts.
FBK-001781,CUST-002773,2024-02-04,9,4,Customer support,Helpful customer success manager during onboarding.
FBK-001782,CUST-002774,2023-03-29,9,4,Pricing,"Pricing is fair, but add-on user seats add up quickly."
FBK-001783,CUST-002777,2024-06-20,8,4,Missing features,The core features cover 90% of our workflow needs.
FBK-001784,CUST-002778,2023-06-19,6,2,Missing features,Missing advanced analytics export to warehouse.
FBK-001785,CUST-002779,2022-03-18,5,2,Missing features,Missing advanced analytics export to warehouse.
FBK-001786,CUST-002785,2024-07-05,9,4,Product usability,Intuitive interface and team adopted it within days.
FBK-001787,CUST-002787,2024-04-15,8,5,Mobile experience,"Clean mobile UI, very responsive."
FBK-001788,CUST-002788,2023-03-27,3,2,Mobile experience,Mobile notifications sometimes get delayed.
FBK-001789,CUST-002789,2023-09-16,6,4,Pricing,Monthly plan feels a bit expensive without annual discounts.
FBK-001790,CUST-002791,2023-09-28,4,2,Integration,Custom connector setup was frustrating.
FBK-001791,CUST-002793,2023-07-01,3,3,Mobile experience,Mobile notifications sometimes get delayed.
FBK-001792,CUST-002794,2023-06-25,6,3,Missing features,Missing advanced analytics export to warehouse.
FBK-001793,CUST-002795,2024-06-19,7,4,Missing features,Missing advanced analytics export to warehouse.
FBK-001794,CUST-002797,2024-09-01,7,4,Integration,Webhook latency caused duplicate entries in our CRM.
FBK-001795,CUST-002798,2022-03-27,8,4,Mobile experience,Mobile app is lightweight and perfect for on-the-go approvals.
FBK-001796,CUST-002799,2022-12-26,8,3,Mobile experience,"Clean mobile UI, very responsive."
FBK-001797,CUST-002800,2024-06-29,8,4,Product usability,Intuitive interface and team adopted it within days.
FBK-001798,CUST-002802,2022-11-01,2,3,Mobile experience,Mobile notifications sometimes get delayed.
FBK-001799,CUST-002810,2023-08-26,8,5,Missing features,The core features cover 90% of our workflow needs.
FBK-001800,CUST-002811,2022-07-25,4,1,Integration,Custom connector setup was frustrating.
FBK-001801,CUST-002812,2023-08-07,1,2,Performance,Slow loading times on large dataset syncs.
FBK-001802,CUST-002813,2023-08-20,4,4,Pricing,Monthly plan feels a bit expensive without annual discounts.
FBK-001803,CUST-002816,2024-03-10,1,2,Missing features,Missing advanced analytics export to warehouse.
FBK-001804,CUST-002820,2022-10-08,2,2,Integration,Custom connector setup was frustrating.
FBK-001805,CUST-002821,2023-11-03,6,5,Performance,Occasional lag during peak hours in large file exports.
FBK-001806,CUST-002824,2024-08-03,7,2,Performance,Occasional lag during peak hours in large file exports.
FBK-001807,CUST-002825,2023-12-05,6,3,Integration,Webhook latency caused duplicate entries in our CRM.
FBK-001808,CUST-002826,2024-08-10,9,4,Mobile experience,"Clean mobile UI, very responsive."
FBK-001809,CUST-002827,2024-06-14,10,4,Missing features,The core features cover 90% of our workflow needs.
FBK-001810,CUST-002829,2023-10-08,8,5,Mobile experience,"Clean mobile UI, very responsive."
FBK-001811,CUST-002830,2024-06-03,9,5,Mobile experience,Mobile app is lightweight and perfect for on-the-go approvals.
FBK-001812,CUST-002832,2022-10-31,2,3,Mobile experience,Needs iPad tablet optimization.
FBK-001813,CUST-002835,2024-01-11,10,5,Missing features,The core features cover 90% of our workflow needs.
FBK-001814,CUST-002836,2024-07-08,2,1,Integration,Webhook latency caused duplicate entries in our CRM.
FBK-001815,CUST-002837,2023-03-11,6,4,Performance,Slow loading times on large dataset syncs.
FBK-001816,CUST-002838,2023-11-06,9,4,Integration,Seamless integration with Google Workspace and Salesforce.
FBK-001817,CUST-002839,2024-01-03,4,3,Missing features,Missing advanced analytics export to warehouse.
FBK-001818,CUST-002840,2024-04-30,10,4,Mobile experience,Mobile app is lightweight and perfect for on-the-go approvals.
FBK-001819,CUST-002842,2023-06-04,10,3,Customer support,Helpful customer success manager during onboarding.
FBK-001820,CUST-002843,2022-10-08,7,5,Integration,Custom connector setup was frustrating.
FBK-001821,CUST-002844,2022-12-03,8,4,Product usability,"Great dashboard layout, simplifies our daily standup."
FBK-001822,CUST-002845,2023-12-15,4,2,Product usability,UI navigation can be cluttered for new team members.
FBK-001823,CUST-002846,2024-03-29,7,5,Customer support,Took too long to get a response on an urgent billing ticket.
FBK-001824,CUST-002848,2024-06-08,8,5,Performance,Reliable uptime with minimal disruptions.
FBK-001825,CUST-002849,2024-04-23,7,5,Mobile experience,Needs iPad tablet optimization.
FBK-001826,CUST-002850,2023-11-01,8,4,Missing features,The core features cover 90% of our workflow needs.
FBK-001827,CUST-002851,2024-06-01,8,3,Customer support,Helpful customer success manager during onboarding.
FBK-001828,CUST-002852,2022-03-31,10,4,Pricing,Great value for money compared to enterprise alternatives.
FBK-001829,CUST-002853,2023-12-18,9,4,Performance,Blazing fast sync speeds across distributed teams.
FBK-001830,CUST-002855,2024-03-03,9,3,Customer support,Helpful customer success manager during onboarding.
FBK-001831,CUST-002858,2023-08-24,8,3,Pricing,Great value for money compared to enterprise alternatives.
FBK-001832,CUST-002859,2024-06-17,9,4,Integration,Seamless integration with Google Workspace and Salesforce.
FBK-001833,CUST-002861,2024-08-14,10,3,Performance,Reliable uptime with minimal disruptions.
FBK-001834,CUST-002862,2023-11-27,8,4,Customer support,Support team resolved our critical issue in under an hour!
FBK-001835,CUST-002863,2023-12-22,8,4,Customer support,Support team resolved our critical issue in under an hour!
FBK-001836,CUST-002864,2022-10-10,6,4,Integration,Custom connector setup was frustrating.
FBK-001837,CUST-002865,2024-05-10,6,5,Mobile experience,Mobile notifications sometimes get delayed.
FBK-001838,CUST-002866,2023-11-04,8,2,Product usability,"Great dashboard layout, simplifies our daily standup."
FBK-001839,CUST-002872,2023-12-07,8,4,Product usability,Intuitive interface and team adopted it within days.
FBK-001840,CUST-002873,2024-06-12,8,2,Pricing,Great value for money compared to enterprise alternatives.
FBK-001841,CUST-002874,2024-05-29,8,4,Customer support,Support team resolved our critical issue in under an hour!
FBK-001842,CUST-002876,2023-10-26,8,5,Customer support,Helpful customer success manager during onboarding.
FBK-001843,CUST-002878,2024-01-01,5,3,Performance,Slow loading times on large dataset syncs.
FBK-001844,CUST-002879,2023-12-24,7,4,Integration,Custom connector setup was frustrating.
FBK-001845,CUST-002880,2023-04-30,8,3,Performance,Blazing fast sync speeds across distributed teams.
FBK-001846,CUST-002881,2023-04-28,8,3,Integration,API documentation is top notch and easy to implement.
FBK-001847,CUST-002882,2023-03-05,7,5,Performance,Occasional lag during peak hours in large file exports.
FBK-001848,CUST-002883,2022-11-23,2,1,Integration,Webhook latency caused duplicate entries in our CRM.
FBK-001849,CUST-002888,2022-09-29,3,1,Missing features,Missing advanced analytics export to warehouse.
FBK-001850,CUST-002889,2022-10-05,10,4,Performance,Reliable uptime with minimal disruptions.
FBK-001851,CUST-002890,2024-10-13,4,2,Customer support,Ticket was escalated multiple times without a clear resolution.
FBK-001852,CUST-002891,2023-07-28,7,5,Mobile experience,Needs iPad tablet optimization.
FBK-001853,CUST-002893,2023-02-13,10,4,Product usability,"Great dashboard layout, simplifies our daily standup."
FBK-001854,CUST-002895,2024-04-06,8,4,Customer support,Helpful customer success manager during onboarding.
FBK-001855,CUST-002897,2023-08-29,9,4,Performance,Reliable uptime with minimal disruptions.
FBK-001856,CUST-002898,2022-05-05,10,4,Product usability,"Great dashboard layout, simplifies our daily standup."
FBK-001857,CUST-002901,2023-06-12,4,2,Customer support,Ticket was escalated multiple times without a clear resolution.
FBK-001858,CUST-002903,2023-06-19,7,2,Product usability,Steep learning curve for non-technical users.
FBK-001859,CUST-002905,2023-04-25,3,1,Pricing,Monthly plan feels a bit expensive without annual discounts.
FBK-001860,CUST-002906,2024-03-02,9,5,Product usability,"Great dashboard layout, simplifies our daily standup."
FBK-001861,CUST-002907,2023-04-01,7,1,Customer support,Ticket was escalated multiple times without a clear resolution.
FBK-001862,CUST-002908,2024-04-03,7,4,Product usability,UI navigation can be cluttered for new team members.
FBK-001863,CUST-002911,2023-11-06,3,3,Pricing,Renewal rate increase was unexpected.
FBK-001864,CUST-002912,2024-08-30,8,4,Pricing,Great value for money compared to enterprise alternatives.
FBK-001865,CUST-002914,2024-07-20,8,4,Customer support,Support team resolved our critical issue in under an hour!
FBK-001866,CUST-002919,2023-07-01,7,4,Customer support,Ticket was escalated multiple times without a clear resolution.
FBK-001867,CUST-002923,2023-11-01,8,4,Mobile experience,"Clean mobile UI, very responsive."
FBK-001868,CUST-002924,2024-07-17,7,3,Product usability,UI navigation can be cluttered for new team members.
FBK-001869,CUST-002925,2023-03-18,9,3,Mobile experience,Mobile app is lightweight and perfect for on-the-go approvals.
FBK-001870,CUST-002927,2024-04-26,10,3,Integration,Seamless integration with Google Workspace and Salesforce.
FBK-001871,CUST-002928,2023-04-13,8,4,Integration,Seamless integration with Google Workspace and Salesforce.
FBK-001872,CUST-002929,2023-12-23,7,2,Integration,Custom connector setup was frustrating.
FBK-001873,CUST-002930,2023-06-01,8,2,Integration,API documentation is top notch and easy to implement.
FBK-001874,CUST-002931,2024-03-15,9,5,Mobile experience,"Clean mobile UI, very responsive."
FBK-001875,CUST-002934,2023-02-08,10,4,Pricing,Great value for money compared to enterprise alternatives.
FBK-001876,CUST-002935,2022-09-20,4,2,Pricing,Monthly plan feels a bit expensive without annual discounts.
FBK-001877,CUST-002936,2024-07-14,10,4,Product usability,Intuitive interface and team adopted it within days.
FBK-001878,CUST-002939,2024-05-09,7,3,Mobile experience,Mobile notifications sometimes get delayed.
FBK-001879,CUST-002941,2023-10-14,7,3,Product usability,UI navigation can be cluttered for new team members.
FBK-001880,CUST-002942,2023-04-17,6,3,Integration,Custom connector setup was frustrating.
FBK-001881,CUST-002943,2023-02-06,9,4,Customer support,Helpful customer success manager during onboarding.
FBK-001882,CUST-002944,2023-09-09,9,4,Product usability,"Great dashboard layout, simplifies our daily standup."
FBK-001883,CUST-002947,2023-07-12,3,3,Mobile experience,Mobile notifications sometimes get delayed.
FBK-001884,CUST-002948,2023-08-18,0,1,Mobile experience,Mobile notifications sometimes get delayed.
FBK-001885,CUST-002949,2022-12-07,2,1,Product usability,Steep learning curve for non-technical users.
FBK-001886,CUST-002950,2024-08-15,6,5,Pricing,Monthly plan feels a bit expensive without annual discounts.
FBK-001887,CUST-002951,2022-08-06,3,3,Missing features,Missing advanced analytics export to warehouse.
FBK-001888,CUST-002953,2024-09-14,10,3,Missing features,The core features cover 90% of our workflow needs.
FBK-001889,CUST-002955,2022-12-07,6,5,Customer support,Took too long to get a response on an urgent billing ticket.
FBK-001890,CUST-002957,2024-07-30,10,3,Pricing,Great value for money compared to enterprise alternatives.
FBK-001891,CUST-002958,2024-08-18,7,4,Integration,Custom connector setup was frustrating.
FBK-001892,CUST-002959,2024-05-27,10,3,Product usability,Intuitive interface and team adopted it within days.
FBK-001893,CUST-002960,2022-07-05,5,3,Performance,Occasional lag during peak hours in large file exports.
FBK-001894,CUST-002962,2022-07-06,4,5,Missing features,Missing advanced analytics export to warehouse.
FBK-001895,CUST-002964,2024-05-29,9,3,Missing features,The core features cover 90% of our workflow needs.
FBK-001896,CUST-002965,2024-07-21,5,3,Missing features,Missing advanced analytics export to warehouse.
FBK-001897,CUST-002968,2022-08-18,7,3,Integration,Webhook latency caused duplicate entries in our CRM.
FBK-001898,CUST-002969,2023-10-02,7,4,Missing features,Missing advanced analytics export to warehouse.
FBK-001899,CUST-002973,2024-01-25,3,1,Customer support,Ticket was escalated multiple times without a clear resolution.
FBK-001900,CUST-002974,2023-09-24,10,5,Product usability,Intuitive interface and team adopted it within days.
FBK-001901,CUST-002975,2023-10-17,8,5,Mobile experience,Mobile app is lightweight and perfect for on-the-go approvals.
FBK-001902,CUST-002976,2024-06-26,7,4,Integration,Custom connector setup was frustrating.
FBK-001903,CUST-002979,2024-03-20,7,4,Performance,Occasional lag during peak hours in large file exports.
FBK-001904,CUST-002981,2023-09-20,5,4,Pricing,Renewal rate increase was unexpected.
FBK-001905,CUST-002985,2024-04-24,9,3,Mobile experience,Mobile app is lightweight and perfect for on-the-go approvals.
FBK-001906,CUST-002987,2022-05-25,4,2,Pricing,Renewal rate increase was unexpected.
FBK-001907,CUST-002989,2023-06-19,4,1,Missing features,Missing advanced analytics export to warehouse.
FBK-001908,CUST-002991,2024-01-30,9,5,Customer support,Support team resolved our critical issue in under an hour!
FBK-001909,CUST-002992,2024-03-09,7,3,Pricing,Monthly plan feels a bit expensive without annual discounts.
FBK-001910,CUST-002993,2022-08-20,2,1,Performance,Slow loading times on large dataset syncs.
FBK-001911,CUST-002994,2024-01-04,2,1,Performance,Slow loading times on large dataset syncs.
FBK-001912,CUST-002995,2023-05-19,2,3,Performance,Occasional lag during peak hours in large file exports.
FBK-001913,CUST-002996,2023-03-05,8,4,Customer support,Support team resolved our critical issue in under an hour!
FBK-001914,CUST-002998,2024-07-19,5,4,Missing features,Missing advanced analytics export to warehouse.
FBK-001915,CUST-002999,2024-08-13,6,4,Pricing,Monthly plan feels a bit expensive without annual discounts.
FBK-001916,CUST-003000,2023-12-08,5,4,Performance,Slow loading times on large dataset syncs.
FBK-001917,CUST-003002,2023-05-05,2,1,Mobile experience,Mobile notifications sometimes get delayed.
FBK-001918,CUST-003003,2023-12-21,4,4,Customer support,Ticket was escalated multiple times without a clear resolution.
FBK-001919,CUST-003004,2023-09-03,8,5,Mobile experience,Mobile app is lightweight and perfect for on-the-go approvals.
FBK-001920,CUST-003005,2024-08-02,5,5,Missing features,Missing advanced analytics export to warehouse.
FBK-001921,CUST-003007,2023-11-23,10,5,Pricing,"Pricing is fair, but add-on user seats add up quickly."
FBK-001922,CUST-003012,2023-05-22,9,5,Pricing,"Pricing is fair, but add-on user seats add up quickly."
FBK-001923,CUST-003014,2023-11-04,0,1,Pricing,Monthly plan feels a bit expensive without annual discounts.
FBK-001924,CUST-003015,2023-10-15,5,1,Performance,Slow loading times on large dataset syncs.
FBK-001925,CUST-003016,2024-02-24,8,4,Customer support,Support team resolved our critical issue in under an hour!
FBK-001926,CUST-003019,2024-10-26,9,4,Missing features,The core features cover 90% of our workflow needs.
FBK-001927,CUST-003020,2024-10-07,7,5,Performance,Occasional lag during peak hours in large file exports.
FBK-001928,CUST-003021,2023-09-21,6,5,Product usability,UI navigation can be cluttered for new team members.
FBK-001929,CUST-003023,2023-08-01,4,2,Product usability,Steep learning curve for non-technical users.
FBK-001930,CUST-003024,2024-06-09,7,5,Performance,Occasional lag during peak hours in large file exports.
FBK-001931,CUST-003026,2024-05-31,7,5,Performance,Occasional lag during peak hours in large file exports.
FBK-001932,CUST-003027,2023-07-17,7,5,Product usability,UI navigation can be cluttered for new team members.
FBK-001933,CUST-003028,2024-09-07,8,4,Performance,Blazing fast sync speeds across distributed teams.
FBK-001934,CUST-003029,2024-01-14,2,1,Pricing,Renewal rate increase was unexpected.
FBK-001935,CUST-003030,2023-10-25,5,5,Mobile experience,Needs iPad tablet optimization.
FBK-001936,CUST-003031,2023-07-09,10,4,Pricing,Great value for money compared to enterprise alternatives.
FBK-001937,CUST-003034,2024-07-07,5,5,Missing features,Missing advanced analytics export to warehouse.
FBK-001938,CUST-003035,2023-10-12,10,5,Integration,Seamless integration with Google Workspace and Salesforce.
FBK-001939,CUST-003036,2024-05-13,1,1,Product usability,UI navigation can be cluttered for new team members.
FBK-001940,CUST-003037,2023-11-22,10,3,Mobile experience,Mobile app is lightweight and perfect for on-the-go approvals.
FBK-001941,CUST-003040,2023-02-17,10,4,Mobile experience,Mobile app is lightweight and perfect for on-the-go approvals.
FBK-001942,CUST-003042,2024-03-30,7,2,Integration,Custom connector setup was frustrating.
FBK-001943,CUST-003043,2024-04-23,9,5,Pricing,"Pricing is fair, but add-on user seats add up quickly."
FBK-001944,CUST-003044,2023-01-30,10,3,Integration,Seamless integration with Google Workspace and Salesforce.
FBK-001945,CUST-003045,2024-08-02,3,2,Performance,Slow loading times on large dataset syncs.
FBK-001946,CUST-003047,2023-01-09,0,2,Mobile experience,Needs iPad tablet optimization.
FBK-001947,CUST-003049,2023-10-13,9,4,Performance,Blazing fast sync speeds across distributed teams.
FBK-001948,CUST-003053,2024-05-03,4,1,Missing features,Missing advanced analytics export to warehouse.
FBK-001949,CUST-003055,2023-05-13,7,3,Missing features,Missing advanced analytics export to warehouse.
FBK-001950,CUST-003056,2023-04-09,0,2,Missing features,Missing advanced analytics export to warehouse.
FBK-001951,CUST-003057,2024-03-29,6,4,Integration,Custom connector setup was frustrating.
FBK-001952,CUST-003059,2023-11-24,6,3,Pricing,Renewal rate increase was unexpected.
FBK-001953,CUST-003060,2024-06-06,5,3,Mobile experience,Needs iPad tablet optimization.
FBK-001954,CUST-003061,2022-05-11,4,1,Performance,Slow loading times on large dataset syncs.
FBK-001955,CUST-003063,2024-01-04,6,3,Mobile experience,Mobile notifications sometimes get delayed.
FBK-001956,CUST-003064,2023-08-04,7,4,Mobile experience,Needs iPad tablet optimization.
FBK-001957,CUST-003066,2022-12-02,0,2,Customer support,Ticket was escalated multiple times without a clear resolution.
FBK-001958,CUST-003067,2024-08-10,5,3,Mobile experience,Needs iPad tablet optimization.
FBK-001959,CUST-003068,2024-08-05,9,5,Mobile experience,Mobile app is lightweight and perfect for on-the-go approvals.
FBK-001960,CUST-003069,2023-10-17,7,3,Product usability,Steep learning curve for non-technical users.
FBK-001961,CUST-003071,2024-10-04,5,4,Performance,Slow loading times on large dataset syncs.
FBK-001962,CUST-003072,2023-11-03,9,3,Performance,Blazing fast sync speeds across distributed teams.
FBK-001963,CUST-003076,2023-08-30,9,4,Customer support,Helpful customer success manager during onboarding.
FBK-001964,CUST-003078,2023-11-26,7,4,Mobile experience,Needs iPad tablet optimization.
FBK-001965,CUST-003079,2024-03-16,9,4,Performance,Reliable uptime with minimal disruptions.
FBK-001966,CUST-003080,2024-03-19,1,1,Integration,Webhook latency caused duplicate entries in our CRM.
FBK-001967,CUST-003082,2024-05-19,6,4,Product usability,Steep learning curve for non-technical users.
FBK-001968,CUST-003083,2024-08-03,0,1,Customer support,Ticket was escalated multiple times without a clear resolution.
FBK-001969,CUST-003084,2024-08-03,7,3,Integration,Custom connector setup was frustrating.
FBK-001970,CUST-003085,2023-10-22,9,4,Pricing,"Pricing is fair, but add-on user seats add up quickly."
FBK-001971,CUST-003086,2024-02-03,8,5,Performance,Reliable uptime with minimal disruptions.
FBK-001972,CUST-003087,2024-01-23,2,1,Integration,Custom connector setup was frustrating.
FBK-001973,CUST-003088,2024-02-22,9,5,Performance,Reliable uptime with minimal disruptions.
FBK-001974,CUST-003089,2023-09-27,4,2,Product usability,Steep learning curve for non-technical users.
FBK-001975,CUST-003090,2023-04-21,7,4,Missing features,Missing advanced analytics export to warehouse.
FBK-001976,CUST-003091,2024-05-29,8,5,Customer support,Helpful customer success manager during onboarding.
FBK-001977,CUST-003093,2024-02-17,7,4,Pricing,Renewal rate increase was unexpected.
FBK-001978,CUST-003095,2024-06-04,8,4,Mobile experience,Mobile app is lightweight and perfect for on-the-go approvals.
FBK-001979,CUST-003096,2024-04-17,5,2,Integration,Webhook latency caused duplicate entries in our CRM.
FBK-001980,CUST-003097,2024-04-24,10,5,Mobile experience,"Clean mobile UI, very responsive."
FBK-001981,CUST-003102,2023-08-02,9,4,Integration,API documentation is top notch and easy to implement.
FBK-001982,CUST-003104,2024-04-01,9,4,Pricing,Great value for money compared to enterprise alternatives.
FBK-001983,CUST-003105,2022-10-23,4,2,Pricing,Monthly plan feels a bit expensive without annual discounts.
FBK-001984,CUST-003106,2024-03-06,8,4,Missing features,The core features cover 90% of our workflow needs.
FBK-001985,CUST-003107,2023-04-17,2,2,Pricing,Renewal rate increase was unexpected.
FBK-001986,CUST-003108,2023-12-12,8,4,Pricing,Great value for money compared to enterprise alternatives.
FBK-001987,CUST-003110,2022-08-03,5,1,Performance,Slow loading times on large dataset syncs.
FBK-001988,CUST-003111,2024-09-21,8,4,Performance,Reliable uptime with minimal disruptions.
FBK-001989,CUST-003112,2024-07-27,7,3,Mobile experience,Needs iPad tablet optimization.
FBK-001990,CUST-003113,2024-03-22,10,5,Integration,Seamless integration with Google Workspace and Salesforce.
FBK-001991,CUST-003114,2023-03-09,5,3,Performance,Slow loading times on large dataset syncs.
FBK-001992,CUST-003115,2023-07-21,6,3,Mobile experience,Mobile notifications sometimes get delayed.
FBK-001993,CUST-003116,2024-05-22,5,4,Integration,Custom connector setup was frustrating.
FBK-001994,CUST-003117,2024-03-11,9,4,Customer support,Helpful customer success manager during onboarding.
FBK-001995,CUST-003119,2024-07-27,9,4,Pricing,Great value for money compared to enterprise alternatives.
FBK-001996,CUST-003120,2024-01-03,8,4,Missing features,The core features cover 90% of our workflow needs.
FBK-001997,CUST-003121,2024-04-23,7,3,Product usability,UI navigation can be cluttered for new team members.
FBK-001998,CUST-003122,2024-01-16,2,2,Product usability,UI navigation can be cluttered for new team members.
FBK-001999,CUST-003124,2024-08-26,10,5,Performance,Blazing fast sync speeds across distributed teams.
FBK-002000,CUST-003126,2024-05-10,8,3,Missing features,The core features cover 90% of our workflow needs.
FBK-002001,CUST-003127,2024-11-08,9,4,Integration,Seamless integration with Google Workspace and Salesforce.
FBK-002002,CUST-003128,2023-11-29,10,4,Customer support,Helpful customer success manager during onboarding.
FBK-002003,CUST-003129,2023-09-27,9,5,Integration,API documentation is top notch and easy to implement.
FBK-002004,CUST-003130,2022-12-13,10,3,Customer support,Helpful customer success manager during onboarding.
FBK-002005,CUST-003131,2023-04-18,4,2,Missing features,Missing advanced analytics export to warehouse.
FBK-002006,CUST-003133,2024-02-01,5,1,Missing features,Missing advanced analytics export to warehouse.
FBK-002007,CUST-003136,2024-06-26,10,4,Performance,Reliable uptime with minimal disruptions.
FBK-002008,CUST-003137,2023-05-03,7,4,Performance,Occasional lag during peak hours in large file exports.
FBK-002009,CUST-003138,2022-10-20,9,4,Product usability,"Great dashboard layout, simplifies our daily standup."
FBK-002010,CUST-003139,2022-11-03,0,1,Customer support,Took too long to get a response on an urgent billing ticket.
FBK-002011,CUST-003142,2024-07-31,10,4,Missing features,The core features cover 90% of our workflow needs.
FBK-002012,CUST-003143,2023-04-26,9,4,Customer support,Helpful customer success manager during onboarding.
FBK-002013,CUST-003144,2024-04-05,8,3,Integration,Seamless integration with Google Workspace and Salesforce.
FBK-002014,CUST-003145,2023-09-21,7,3,Customer support,Ticket was escalated multiple times without a clear resolution.
FBK-002015,CUST-003147,2024-06-04,9,3,Customer support,Support team resolved our critical issue in under an hour!
FBK-002016,CUST-003150,2024-06-27,6,3,Missing features,Missing advanced analytics export to warehouse.
FBK-002017,CUST-003151,2024-07-29,6,4,Product usability,UI navigation can be cluttered for new team members.
FBK-002018,CUST-003152,2023-10-31,8,3,Pricing,Great value for money compared to enterprise alternatives.
FBK-002019,CUST-003153,2023-03-14,2,4,Integration,Webhook latency caused duplicate entries in our CRM.
FBK-002020,CUST-003154,2024-07-02,8,3,Missing features,The core features cover 90% of our workflow needs.
FBK-002021,CUST-003155,2023-04-21,8,4,Customer support,Helpful customer success manager during onboarding.
FBK-002022,CUST-003157,2024-07-07,9,4,Customer support,Support team resolved our critical issue in under an hour!
FBK-002023,CUST-003160,2024-02-25,7,5,Product usability,UI navigation can be cluttered for new team members.
FBK-002024,CUST-003161,2023-04-08,5,3,Missing features,Missing advanced analytics export to warehouse.
FBK-002025,CUST-003162,2022-03-18,0,1,Customer support,Took too long to get a response on an urgent billing ticket.
FBK-002026,CUST-003163,2024-11-11,10,4,Product usability,"Great dashboard layout, simplifies our daily standup."
FBK-002027,CUST-003164,2024-08-28,5,4,Performance,Occasional lag during peak hours in large file exports.
FBK-002028,CUST-003166,2022-11-21,6,3,Customer support,Took too long to get a response on an urgent billing ticket.
FBK-002029,CUST-003167,2023-01-06,9,5,Customer support,Support team resolved our critical issue in under an hour!
FBK-002030,CUST-003168,2022-07-23,8,3,Pricing,"Pricing is fair, but add-on user seats add up quickly."
FBK-002031,CUST-003169,2024-09-28,7,5,Customer support,Took too long to get a response on an urgent billing ticket.
FBK-002032,CUST-003170,2024-08-29,9,3,Performance,Blazing fast sync speeds across distributed teams.
FBK-002033,CUST-003171,2024-04-14,10,2,Pricing,Great value for money compared to enterprise alternatives.
FBK-002034,CUST-003172,2023-05-19,8,4,Customer support,Support team resolved our critical issue in under an hour!
FBK-002035,CUST-003175,2022-11-27,6,4,Customer support,Ticket was escalated multiple times without a clear resolution.
FBK-002036,CUST-003177,2024-08-19,3,1,Performance,Slow loading times on large dataset syncs.
FBK-002037,CUST-003179,2023-09-04,6,2,Integration,Webhook latency caused duplicate entries in our CRM.
FBK-002038,CUST-003180,2024-07-08,9,4,Customer support,Helpful customer success manager during onboarding.
FBK-002039,CUST-003182,2023-12-05,4,2,Customer support,Ticket was escalated multiple times without a clear resolution.
FBK-002040,CUST-003183,2024-09-11,10,3,Performance,Reliable uptime with minimal disruptions.
FBK-002041,CUST-003184,2024-06-29,7,4,Missing features,Missing advanced analytics export to warehouse.
FBK-002042,CUST-003185,2022-12-11,3,1,Missing features,Missing advanced analytics export to warehouse.
FBK-002043,CUST-003187,2023-03-16,3,1,Mobile experience,Needs iPad tablet optimization.
FBK-002044,CUST-003188,2024-09-16,5,5,Customer support,Ticket was escalated multiple times without a clear resolution.
FBK-002045,CUST-003189,2022-12-31,8,2,Pricing,Great value for money compared to enterprise alternatives.
FBK-002046,CUST-003190,2023-07-29,2,1,Performance,Slow loading times on large dataset syncs.
FBK-002047,CUST-003191,2022-07-10,6,1,Missing features,Missing advanced analytics export to warehouse.
FBK-002048,CUST-003192,2023-09-21,5,4,Performance,Occasional lag during peak hours in large file exports.
FBK-002049,CUST-003193,2022-09-11,2,1,Product usability,UI navigation can be cluttered for new team members.
FBK-002050,CUST-003194,2024-08-02,9,4,Product usability,Intuitive interface and team adopted it within days.
FBK-002051,CUST-003195,2024-09-01,7,3,Integration,Custom connector setup was frustrating.
FBK-002052,CUST-003196,2023-12-26,6,3,Integration,Webhook latency caused duplicate entries in our CRM.
FBK-002053,CUST-003198,2023-09-18,9,4,Missing features,The core features cover 90% of our workflow needs.
FBK-002054,CUST-003200,2024-03-03,8,4,Missing features,The core features cover 90% of our workflow needs.
FBK-002055,CUST-003202,2024-02-21,8,5,Performance,Blazing fast sync speeds across distributed teams.
FBK-002056,CUST-003203,2024-03-17,6,5,Customer support,Took too long to get a response on an urgent billing ticket.
FBK-002057,CUST-003204,2024-06-25,5,5,Customer support,Took too long to get a response on an urgent billing ticket.
FBK-002058,CUST-003205,2023-04-26,2,2,Customer support,Ticket was escalated multiple times without a clear resolution.
FBK-002059,CUST-003206,2022-08-04,8,3,Customer support,Support team resolved our critical issue in under an hour!
FBK-002060,CUST-003209,2023-08-22,4,4,Pricing,Renewal rate increase was unexpected.
FBK-002061,CUST-003210,2024-04-28,10,3,Performance,Reliable uptime with minimal disruptions.
FBK-002062,CUST-003213,2024-08-03,5,4,Customer support,Ticket was escalated multiple times without a clear resolution.
FBK-002063,CUST-003216,2024-07-19,6,5,Pricing,Renewal rate increase was unexpected.
FBK-002064,CUST-003217,2023-04-07,10,5,Mobile experience,"Clean mobile UI, very responsive."
FBK-002065,CUST-003218,2024-06-11,9,3,Mobile experience,"Clean mobile UI, very responsive."
FBK-002066,CUST-003222,2024-09-24,5,4,Mobile experience,Mobile notifications sometimes get delayed.
FBK-002067,CUST-003223,2023-12-17,1,1,Pricing,Monthly plan feels a bit expensive without annual discounts.
FBK-002068,CUST-003224,2023-06-11,8,3,Pricing,"Pricing is fair, but add-on user seats add up quickly."
FBK-002069,CUST-003225,2023-10-17,6,4,Product usability,UI navigation can be cluttered for new team members.
FBK-002070,CUST-003226,2023-10-19,6,1,Mobile experience,Needs iPad tablet optimization.
FBK-002071,CUST-003228,2024-01-31,2,2,Performance,Occasional lag during peak hours in large file exports.
FBK-002072,CUST-003230,2023-09-10,6,4,Performance,Slow loading times on large dataset syncs.
FBK-002073,CUST-003233,2023-03-09,3,3,Customer support,Ticket was escalated multiple times without a clear resolution.
FBK-002074,CUST-003234,2022-06-29,8,4,Customer support,Support team resolved our critical issue in under an hour!
FBK-002075,CUST-003235,2024-10-10,10,4,Performance,Reliable uptime with minimal disruptions.
FBK-002076,CUST-003236,2022-07-21,6,4,Pricing,Renewal rate increase was unexpected.
FBK-002077,CUST-003237,2024-06-26,1,5,Customer support,Ticket was escalated multiple times without a clear resolution.
FBK-002078,CUST-003238,2022-10-19,8,5,Missing features,The core features cover 90% of our workflow needs.
FBK-002079,CUST-003240,2024-04-08,7,3,Integration,Custom connector setup was frustrating.
FBK-002080,CUST-003242,2023-06-28,9,3,Missing features,The core features cover 90% of our workflow needs.
FBK-002081,CUST-003243,2023-12-07,6,5,Customer support,Ticket was escalated multiple times without a clear resolution.
FBK-002082,CUST-003245,2024-04-12,8,4,Product usability,Intuitive interface and team adopted it within days.
FBK-002083,CUST-003246,2023-12-22,10,5,Missing features,The core features cover 90% of our workflow needs.
FBK-002084,CUST-003248,2022-12-16,7,4,Product usability,UI navigation can be cluttered for new team members.
FBK-002085,CUST-003249,2023-05-05,0,2,Performance,Slow loading times on large dataset syncs.
FBK-002086,CUST-003250,2024-04-16,6,4,Product usability,UI navigation can be cluttered for new team members.
FBK-002087,CUST-003251,2024-03-08,6,4,Customer support,Ticket was escalated multiple times without a clear resolution.
FBK-002088,CUST-003254,2022-02-28,3,2,Performance,Occasional lag during peak hours in large file exports.
FBK-002089,CUST-003256,2024-06-24,5,1,Customer support,Took too long to get a response on an urgent billing ticket.
FBK-002090,CUST-003258,2024-06-17,6,4,Customer support,Took too long to get a response on an urgent billing ticket.
FBK-002091,CUST-003259,2024-01-08,9,4,Customer support,Helpful customer success manager during onboarding.
FBK-002092,CUST-003261,2024-08-19,9,3,Product usability,Intuitive interface and team adopted it within days.
FBK-002093,CUST-003262,2024-07-18,7,4,Pricing,Renewal rate increase was unexpected.
FBK-002094,CUST-003263,2023-02-09,7,4,Customer support,Ticket was escalated multiple times without a clear resolution.
FBK-002095,CUST-003264,2022-05-31,9,4,Performance,Blazing fast sync speeds across distributed teams.
FBK-002096,CUST-003265,2023-11-24,9,4,Missing features,The core features cover 90% of our workflow needs.
FBK-002097,CUST-003266,2024-10-12,8,3,Product usability,Intuitive interface and team adopted it within days.
FBK-002098,CUST-003268,2024-01-17,10,3,Mobile experience,Mobile app is lightweight and perfect for on-the-go approvals.
FBK-002099,CUST-003270,2023-03-24,5,3,Integration,Webhook latency caused duplicate entries in our CRM.
FBK-002100,CUST-003271,2023-03-06,1,1,Mobile experience,Needs iPad tablet optimization.
FBK-002101,CUST-003273,2023-11-27,10,5,Product usability,Intuitive interface and team adopted it within days.
FBK-002102,CUST-003274,2024-06-30,8,4,Pricing,Great value for money compared to enterprise alternatives.
FBK-002103,CUST-003275,2023-09-25,8,3,Performance,Reliable uptime with minimal disruptions.
FBK-002104,CUST-003276,2024-08-10,0,2,Performance,Occasional lag during peak hours in large file exports.
FBK-002105,CUST-003277,2023-03-01,8,2,Customer support,Support team resolved our critical issue in under an hour!
FBK-002106,CUST-003279,2023-05-15,9,3,Pricing,Great value for money compared to enterprise alternatives.
FBK-002107,CUST-003280,2024-02-05,6,4,Customer support,Took too long to get a response on an urgent billing ticket.
FBK-002108,CUST-003281,2023-08-20,6,4,Performance,Slow loading times on large dataset syncs.
FBK-002109,CUST-003282,2024-07-17,7,4,Missing features,Missing advanced analytics export to warehouse.
FBK-002110,CUST-003283,2023-08-28,5,5,Customer support,Ticket was escalated multiple times without a clear resolution.
FBK-002111,CUST-003285,2023-04-27,10,5,Performance,Blazing fast sync speeds across distributed teams.
FBK-002112,CUST-003289,2022-11-16,4,1,Pricing,Monthly plan feels a bit expensive without annual discounts.
FBK-002113,CUST-003290,2024-09-25,6,3,Integration,Custom connector setup was frustrating.
FBK-002114,CUST-003294,2024-08-22,8,5,Product usability,Intuitive interface and team adopted it within days.
FBK-002115,CUST-003297,2024-01-20,6,4,Missing features,Missing advanced analytics export to warehouse.
FBK-002116,CUST-003298,2023-11-04,7,4,Mobile experience,Needs iPad tablet optimization.
FBK-002117,CUST-003299,2023-06-07,5,5,Product usability,UI navigation can be cluttered for new team members.
FBK-002118,CUST-003301,2024-08-24,8,4,Integration,API documentation is top notch and easy to implement.
FBK-002119,CUST-003303,2024-08-14,6,3,Pricing,Monthly plan feels a bit expensive without annual discounts.
FBK-002120,CUST-003304,2024-07-16,7,4,Product usability,UI navigation can be cluttered for new team members.
FBK-002121,CUST-003306,2024-01-13,7,5,Mobile experience,Mobile notifications sometimes get delayed.
FBK-002122,CUST-003311,2024-06-07,9,4,Mobile experience,"Clean mobile UI, very responsive."
FBK-002123,CUST-003314,2024-02-21,7,3,Missing features,Missing advanced analytics export to warehouse.
FBK-002124,CUST-003315,2023-11-22,9,4,Integration,API documentation is top notch and easy to implement.
FBK-002125,CUST-003317,2024-05-27,10,3,Mobile experience,"Clean mobile UI, very responsive."
FBK-002126,CUST-003318,2024-04-06,5,4,Integration,Webhook latency caused duplicate entries in our CRM.
FBK-002127,CUST-003319,2023-09-22,10,4,Customer support,Support team resolved our critical issue in under an hour!
FBK-002128,CUST-003321,2024-08-03,4,2,Mobile experience,Needs iPad tablet optimization.
FBK-002129,CUST-003322,2024-01-21,8,3,Integration,Seamless integration with Google Workspace and Salesforce.
FBK-002130,CUST-003323,2024-02-04,7,4,Pricing,Renewal rate increase was unexpected.
FBK-002131,CUST-003324,2023-08-21,10,4,Mobile experience,"Clean mobile UI, very responsive."
FBK-002132,CUST-003325,2022-03-17,8,4,Pricing,Great value for money compared to enterprise alternatives.
FBK-002133,CUST-003326,2024-01-20,0,2,Pricing,Monthly plan feels a bit expensive without annual discounts.
FBK-002134,CUST-003327,2024-07-02,8,5,Integration,Seamless integration with Google Workspace and Salesforce.
FBK-002135,CUST-003331,2023-03-07,4,2,Product usability,UI navigation can be cluttered for new team members.
FBK-002136,CUST-003333,2024-06-13,8,4,Pricing,Great value for money compared to enterprise alternatives.
FBK-002137,CUST-003334,2022-09-20,2,2,Performance,Slow loading times on large dataset syncs.
FBK-002138,CUST-003336,2023-06-05,4,4,Pricing,Monthly plan feels a bit expensive without annual discounts.
FBK-002139,CUST-003337,2024-03-16,5,3,Missing features,Missing advanced analytics export to warehouse.
FBK-002140,CUST-003338,2023-05-11,7,4,Product usability,UI navigation can be cluttered for new team members.
FBK-002141,CUST-003341,2024-03-26,9,4,Pricing,"Pricing is fair, but add-on user seats add up quickly."
FBK-002142,CUST-003343,2023-06-02,2,1,Customer support,Took too long to get a response on an urgent billing ticket.
FBK-002143,CUST-003344,2024-04-03,3,1,Customer support,Ticket was escalated multiple times without a clear resolution.
FBK-002144,CUST-003345,2023-05-22,10,5,Product usability,"Great dashboard layout, simplifies our daily standup."
FBK-002145,CUST-003346,2022-08-04,2,1,Product usability,UI navigation can be cluttered for new team members.
FBK-002146,CUST-003348,2024-02-29,6,5,Pricing,Monthly plan feels a bit expensive without annual discounts.
FBK-002147,CUST-003349,2022-07-25,7,3,Customer support,Ticket was escalated multiple times without a clear resolution.
FBK-002148,CUST-003350,2024-05-22,7,4,Performance,Occasional lag during peak hours in large file exports.
FBK-002149,CUST-003351,2024-07-24,5,4,Missing features,Missing advanced analytics export to warehouse.
FBK-002150,CUST-003352,2024-09-15,7,5,Product usability,UI navigation can be cluttered for new team members.
FBK-002151,CUST-003353,2024-01-20,6,5,Product usability,Steep learning curve for non-technical users.
FBK-002152,CUST-003354,2023-06-28,8,3,Performance,Reliable uptime with minimal disruptions.
FBK-002153,CUST-003355,2024-11-01,9,2,Product usability,Intuitive interface and team adopted it within days.
FBK-002154,CUST-003356,2024-04-02,0,4,Missing features,Missing advanced analytics export to warehouse.
FBK-002155,CUST-003357,2022-10-14,9,2,Missing features,The core features cover 90% of our workflow needs.
FBK-002156,CUST-003358,2024-07-27,7,4,Pricing,Monthly plan feels a bit expensive without annual discounts.
FBK-002157,CUST-003359,2023-11-18,1,2,Performance,Occasional lag during peak hours in large file exports.
FBK-002158,CUST-003361,2024-06-23,7,2,Pricing,Renewal rate increase was unexpected.
FBK-002159,CUST-003363,2023-02-10,5,1,Customer support,Ticket was escalated multiple times without a clear resolution.
FBK-002160,CUST-003364,2024-05-19,9,4,Mobile experience,"Clean mobile UI, very responsive."
FBK-002161,CUST-003365,2023-06-30,0,2,Missing features,Missing advanced analytics export to warehouse.
FBK-002162,CUST-003367,2023-10-08,5,4,Integration,Webhook latency caused duplicate entries in our CRM.
FBK-002163,CUST-003368,2024-07-10,7,4,Mobile experience,Mobile notifications sometimes get delayed.
FBK-002164,CUST-003369,2023-11-21,7,4,Product usability,Steep learning curve for non-technical users.
FBK-002165,CUST-003371,2023-01-07,0,3,Mobile experience,Needs iPad tablet optimization.
FBK-002166,CUST-003372,2023-01-22,3,2,Mobile experience,Mobile notifications sometimes get delayed.
FBK-002167,CUST-003375,2024-04-14,6,4,Pricing,Renewal rate increase was unexpected.
FBK-002168,CUST-003376,2024-02-24,10,4,Mobile experience,"Clean mobile UI, very responsive."
FBK-002169,CUST-003377,2023-11-26,3,4,Performance,Slow loading times on large dataset syncs.
FBK-002170,CUST-003380,2024-05-06,5,3,Performance,Slow loading times on large dataset syncs.
FBK-002171,CUST-003382,2023-08-06,2,2,Performance,Slow loading times on large dataset syncs.
FBK-002172,CUST-003383,2022-12-20,7,3,Customer support,Ticket was escalated multiple times without a clear resolution.
FBK-002173,CUST-003385,2024-10-03,6,4,Missing features,Missing advanced analytics export to warehouse.
FBK-002174,CUST-003393,2023-07-28,7,2,Pricing,Renewal rate increase was unexpected.
FBK-002175,CUST-003394,2023-12-15,8,3,Customer support,Support team resolved our critical issue in under an hour!
FBK-002176,CUST-003395,2023-05-26,5,3,Mobile experience,Mobile notifications sometimes get delayed.
FBK-002177,CUST-003397,2024-01-17,9,4,Missing features,The core features cover 90% of our workflow needs.
FBK-002178,CUST-003398,2024-06-08,8,4,Performance,Reliable uptime with minimal disruptions.
FBK-002179,CUST-003399,2022-09-21,6,4,Missing features,Missing advanced analytics export to warehouse.
FBK-002180,CUST-003401,2023-12-05,4,3,Missing features,Missing advanced analytics export to warehouse.
FBK-002181,CUST-003402,2024-06-03,6,3,Customer support,Ticket was escalated multiple times without a clear resolution.
FBK-002182,CUST-003404,2024-04-19,7,5,Mobile experience,Mobile notifications sometimes get delayed.
FBK-002183,CUST-003406,2024-05-28,4,3,Performance,Occasional lag during peak hours in large file exports.
FBK-002184,CUST-003407,2024-01-21,5,4,Missing features,Missing advanced analytics export to warehouse.
FBK-002185,CUST-003409,2024-10-28,4,2,Product usability,UI navigation can be cluttered for new team members.
FBK-002186,CUST-003410,2024-11-11,5,3,Pricing,Monthly plan feels a bit expensive without annual discounts.
FBK-002187,CUST-003411,2024-07-08,2,2,Missing features,Missing advanced analytics export to warehouse.
FBK-002188,CUST-003414,2024-05-28,8,4,Product usability,"Great dashboard layout, simplifies our daily standup."
FBK-002189,CUST-003415,2023-08-26,8,3,Product usability,"Great dashboard layout, simplifies our daily standup."
FBK-002190,CUST-003416,2022-04-25,7,4,Missing features,Missing advanced analytics export to warehouse.
FBK-002191,CUST-003418,2022-12-19,7,5,Performance,Occasional lag during peak hours in large file exports.
FBK-002192,CUST-003420,2023-10-16,8,4,Customer support,Helpful customer success manager during onboarding.
FBK-002193,CUST-003422,2024-04-29,10,5,Customer support,Helpful customer success manager during onboarding.
FBK-002194,CUST-003423,2023-07-09,8,5,Product usability,"Great dashboard layout, simplifies our daily standup."
FBK-002195,CUST-003424,2023-07-01,9,4,Pricing,Great value for money compared to enterprise alternatives.
FBK-002196,CUST-003425,2024-06-22,6,4,Integration,Webhook latency caused duplicate entries in our CRM.
FBK-002197,CUST-003427,2024-06-26,5,3,Performance,Occasional lag during peak hours in large file exports.
FBK-002198,CUST-003429,2023-06-01,7,2,Performance,Occasional lag during peak hours in large file exports.
FBK-002199,CUST-003430,2023-07-26,7,3,Performance,Slow loading times on large dataset syncs.
FBK-002200,CUST-003432,2024-02-13,9,4,Pricing,"Pricing is fair, but add-on user seats add up quickly."
FBK-002201,CUST-003433,2024-02-06,7,3,Missing features,Missing advanced analytics export to warehouse.
FBK-002202,CUST-003435,2023-04-22,7,4,Mobile experience,Mobile notifications sometimes get delayed.
FBK-002203,CUST-003437,2022-09-21,10,4,Integration,API documentation is top notch and easy to implement.
FBK-002204,CUST-003438,2024-05-10,2,1,Performance,Occasional lag during peak hours in large file exports.
FBK-002205,CUST-003439,2023-12-12,5,3,Product usability,Steep learning curve for non-technical users.
FBK-002206,CUST-003440,2022-12-13,7,3,Performance,Occasional lag during peak hours in large file exports.
FBK-002207,CUST-003441,2024-04-01,0,1,Pricing,Renewal rate increase was unexpected.
FBK-002208,CUST-003443,2022-10-13,7,5,Mobile experience,Mobile notifications sometimes get delayed.
FBK-002209,CUST-003444,2023-09-06,4,4,Mobile experience,Mobile notifications sometimes get delayed.
FBK-002210,CUST-003445,2022-08-19,9,3,Mobile experience,"Clean mobile UI, very responsive."
FBK-002211,CUST-003449,2023-07-06,5,1,Customer support,Ticket was escalated multiple times without a clear resolution.
FBK-002212,CUST-003451,2024-01-26,7,4,Customer support,Ticket was escalated multiple times without a clear resolution.
FBK-002213,CUST-003452,2024-03-15,5,3,Missing features,Missing advanced analytics export to warehouse.
FBK-002214,CUST-003453,2024-09-29,5,3,Performance,Slow loading times on large dataset syncs.
FBK-002215,CUST-003454,2023-08-12,10,4,Performance,Blazing fast sync speeds across distributed teams.
FBK-002216,CUST-003455,2023-02-01,7,4,Customer support,Ticket was escalated multiple times without a clear resolution.
FBK-002217,CUST-003457,2024-05-10,2,3,Performance,Slow loading times on large dataset syncs.
FBK-002218,CUST-003458,2024-06-03,4,2,Product usability,Steep learning curve for non-technical users.
FBK-002219,CUST-003459,2024-08-25,10,4,Integration,Seamless integration with Google Workspace and Salesforce.
FBK-002220,CUST-003461,2024-06-09,6,3,Missing features,Missing advanced analytics export to warehouse.
FBK-002221,CUST-003463,2022-10-21,9,4,Product usability,"Great dashboard layout, simplifies our daily standup."
FBK-002222,CUST-003465,2024-07-13,10,3,Mobile experience,Mobile app is lightweight and perfect for on-the-go approvals.
FBK-002223,CUST-003466,2024-01-05,5,2,Mobile experience,Mobile notifications sometimes get delayed.
FBK-002224,CUST-003468,2022-08-30,2,3,Pricing,Monthly plan feels a bit expensive without annual discounts.
FBK-002225,CUST-003469,2024-07-23,7,3,Integration,Webhook latency caused duplicate entries in our CRM.
FBK-002226,CUST-003470,2023-07-25,8,4,Customer support,Helpful customer success manager during onboarding.
FBK-002227,CUST-003471,2022-11-29,9,4,Customer support,Helpful customer success manager during onboarding.
FBK-002228,CUST-003472,2023-06-05,7,3,Integration,Custom connector setup was frustrating.
FBK-002229,CUST-003473,2023-10-09,9,5,Missing features,The core features cover 90% of our workflow needs.
FBK-002230,CUST-003475,2022-12-23,9,4,Missing features,The core features cover 90% of our workflow needs.
FBK-002231,CUST-003478,2024-04-09,5,3,Integration,Custom connector setup was frustrating.
FBK-002232,CUST-003479,2024-06-17,7,2,Customer support,Took too long to get a response on an urgent billing ticket.
FBK-002233,CUST-003481,2024-04-11,8,5,Mobile experience,Mobile app is lightweight and perfect for on-the-go approvals.
FBK-002234,CUST-003482,2024-02-19,4,4,Pricing,Renewal rate increase was unexpected.
FBK-002235,CUST-003484,2024-01-05,9,3,Missing features,The core features cover 90% of our workflow needs.
FBK-002236,CUST-003485,2022-07-12,8,3,Customer support,Helpful customer success manager during onboarding.
FBK-002237,CUST-003486,2023-04-15,10,5,Mobile experience,"Clean mobile UI, very responsive."
FBK-002238,CUST-003487,2023-07-11,3,1,Customer support,Ticket was escalated multiple times without a clear resolution.
FBK-002239,CUST-003489,2023-11-30,4,1,Integration,Webhook latency caused duplicate entries in our CRM.
FBK-002240,CUST-003490,2024-08-06,6,5,Missing features,Missing advanced analytics export to warehouse.
FBK-002241,CUST-003492,2024-05-07,9,4,Product usability,"Great dashboard layout, simplifies our daily standup."
FBK-002242,CUST-003493,2023-05-27,6,1,Missing features,Missing advanced analytics export to warehouse.
FBK-002243,CUST-003494,2024-08-27,10,4,Mobile experience,Mobile app is lightweight and perfect for on-the-go approvals.
FBK-002244,CUST-003495,2024-06-16,9,5,Customer support,Helpful customer success manager during onboarding.
FBK-002245,CUST-003498,2024-07-24,5,3,Integration,Custom connector setup was frustrating.
FBK-002246,CUST-003499,2022-01-27,9,2,Customer support,Helpful customer success manager during onboarding.
FBK-002247,CUST-003500,2023-09-03,7,3,Customer support,Took too long to get a response on an urgent billing ticket.
FBK-002248,CUST-003501,2024-04-10,6,3,Pricing,Monthly plan feels a bit expensive without annual discounts.
FBK-002249,CUST-003505,2023-08-02,6,3,Mobile experience,Mobile notifications sometimes get delayed.
FBK-002250,CUST-003506,2023-11-05,6,4,Integration,Custom connector setup was frustrating.
FBK-002251,CUST-003509,2024-05-31,10,4,Product usability,"Great dashboard layout, simplifies our daily standup."
FBK-002252,CUST-003511,2023-05-19,7,3,Performance,Occasional lag during peak hours in large file exports.
FBK-002253,CUST-003512,2024-03-19,5,4,Customer support,Ticket was escalated multiple times without a clear resolution.
FBK-002254,CUST-003513,2024-05-26,10,4,Performance,Blazing fast sync speeds across distributed teams.
FBK-002255,CUST-003514,2023-12-26,9,5,Customer support,Support team resolved our critical issue in under an hour!
FBK-002256,CUST-003515,2023-11-20,7,3,Pricing,Renewal rate increase was unexpected.
FBK-002257,CUST-003516,2023-12-29,3,4,Product usability,UI navigation can be cluttered for new team members.
FBK-002258,CUST-003517,2023-08-08,10,4,Performance,Reliable uptime with minimal disruptions.
FBK-002259,CUST-003518,2022-05-27,3,1,Pricing,Monthly plan feels a bit expensive without annual discounts.
FBK-002260,CUST-003520,2022-12-30,7,1,Customer support,Ticket was escalated multiple times without a clear resolution.
FBK-002261,CUST-003521,2023-09-13,3,2,Mobile experience,Mobile notifications sometimes get delayed.
FBK-002262,CUST-003522,2023-07-11,8,3,Integration,API documentation is top notch and easy to implement.
FBK-002263,CUST-003525,2024-03-28,5,4,Performance,Occasional lag during peak hours in large file exports.
FBK-002264,CUST-003526,2023-12-11,10,4,Missing features,The core features cover 90% of our workflow needs.
FBK-002265,CUST-003528,2023-10-10,4,2,Product usability,Steep learning curve for non-technical users.
FBK-002266,CUST-003530,2024-05-23,0,4,Pricing,Renewal rate increase was unexpected.
FBK-002267,CUST-003531,2023-01-30,9,1,Mobile experience,"Clean mobile UI, very responsive."
FBK-002268,CUST-003532,2024-06-18,6,5,Integration,Custom connector setup was frustrating.
FBK-002269,CUST-003533,2023-02-13,8,3,Pricing,"Pricing is fair, but add-on user seats add up quickly."
FBK-002270,CUST-003534,2023-07-21,4,2,Customer support,Took too long to get a response on an urgent billing ticket.
FBK-002271,CUST-003535,2024-05-21,7,2,Missing features,Missing advanced analytics export to warehouse.
FBK-002272,CUST-003536,2024-07-11,8,5,Performance,Blazing fast sync speeds across distributed teams.
FBK-002273,CUST-003537,2024-07-15,6,1,Mobile experience,Needs iPad tablet optimization.
FBK-002274,CUST-003538,2023-10-20,6,3,Performance,Slow loading times on large dataset syncs.
FBK-002275,CUST-003540,2024-05-22,6,3,Missing features,Missing advanced analytics export to warehouse.
FBK-002276,CUST-003541,2024-07-20,9,4,Mobile experience,"Clean mobile UI, very responsive."
FBK-002277,CUST-003543,2024-09-27,7,4,Performance,Occasional lag during peak hours in large file exports.
FBK-002278,CUST-003545,2024-04-30,9,4,Integration,API documentation is top notch and easy to implement.
FBK-002279,CUST-003546,2023-02-04,4,1,Integration,Webhook latency caused duplicate entries in our CRM.
FBK-002280,CUST-003547,2024-07-28,4,1,Mobile experience,Needs iPad tablet optimization.
FBK-002281,CUST-003548,2023-08-11,8,4,Mobile experience,"Clean mobile UI, very responsive."
FBK-002282,CUST-003550,2024-03-13,5,2,Performance,Occasional lag during peak hours in large file exports.
FBK-002283,CUST-003551,2024-03-01,5,1,Pricing,Monthly plan feels a bit expensive without annual discounts.
FBK-002284,CUST-003552,2024-03-05,8,5,Mobile experience,Mobile app is lightweight and perfect for on-the-go approvals.
FBK-002285,CUST-003553,2024-06-06,9,3,Pricing,"Pricing is fair, but add-on user seats add up quickly."
FBK-002286,CUST-003554,2024-03-17,9,3,Product usability,Intuitive interface and team adopted it within days.
FBK-002287,CUST-003555,2023-06-27,4,3,Missing features,Missing advanced analytics export to warehouse.
FBK-002288,CUST-003557,2024-08-12,5,5,Product usability,UI navigation can be cluttered for new team members.
FBK-002289,CUST-003558,2024-04-25,9,3,Pricing,Great value for money compared to enterprise alternatives.
FBK-002290,CUST-003559,2022-08-29,5,5,Product usability,Steep learning curve for non-technical users.
FBK-002291,CUST-003562,2023-02-10,4,5,Integration,Webhook latency caused duplicate entries in our CRM.
FBK-002292,CUST-003564,2023-06-12,10,4,Mobile experience,Mobile app is lightweight and perfect for on-the-go approvals.
FBK-002293,CUST-003566,2023-11-27,7,4,Product usability,Steep learning curve for non-technical users.
FBK-002294,CUST-003568,2023-12-31,8,3,Mobile experience,"Clean mobile UI, very responsive."
FBK-002295,CUST-003571,2024-04-14,9,3,Mobile experience,Mobile app is lightweight and perfect for on-the-go approvals.
FBK-002296,CUST-003575,2024-05-30,6,3,Customer support,Took too long to get a response on an urgent billing ticket.
FBK-002297,CUST-003576,2024-03-02,9,5,Pricing,Great value for money compared to enterprise alternatives.
FBK-002298,CUST-003578,2024-07-30,6,2,Missing features,Missing advanced analytics export to warehouse.
FBK-002299,CUST-003579,2024-03-13,6,4,Performance,Occasional lag during peak hours in large file exports.
FBK-002300,CUST-003580,2022-10-13,2,1,Product usability,UI navigation can be cluttered for new team members.
FBK-002301,CUST-003581,2022-10-01,5,3,Pricing,Renewal rate increase was unexpected.
FBK-002302,CUST-003582,2024-08-07,7,3,Performance,Slow loading times on large dataset syncs.
FBK-002303,CUST-003583,2022-11-28,9,5,Customer support,Helpful customer success manager during onboarding.
FBK-002304,CUST-003584,2024-05-31,3,1,Mobile experience,Mobile notifications sometimes get delayed.
FBK-002305,CUST-003586,2022-08-16,5,3,Missing features,Missing advanced analytics export to warehouse.
FBK-002306,CUST-003587,2024-03-21,6,2,Missing features,Missing advanced analytics export to warehouse.
FBK-002307,CUST-003588,2024-10-27,10,4,Performance,Reliable uptime with minimal disruptions.
FBK-002308,CUST-003589,2024-03-30,6,4,Integration,Custom connector setup was frustrating.
FBK-002309,CUST-003590,2022-07-05,3,2,Mobile experience,Needs iPad tablet optimization.
FBK-002310,CUST-003591,2023-08-23,5,4,Mobile experience,Needs iPad tablet optimization.
FBK-002311,CUST-003593,2023-09-24,6,4,Pricing,Monthly plan feels a bit expensive without annual discounts.
FBK-002312,CUST-003598,2023-02-19,7,2,Integration,Webhook latency caused duplicate entries in our CRM.
FBK-002313,CUST-003602,2023-05-05,10,3,Customer support,Helpful customer success manager during onboarding.
FBK-002314,CUST-003603,2023-03-08,8,3,Performance,Blazing fast sync speeds across distributed teams.
FBK-002315,CUST-003606,2023-12-03,5,2,Mobile experience,Mobile notifications sometimes get delayed.
FBK-002316,CUST-003607,2022-06-07,3,4,Pricing,Renewal rate increase was unexpected.
FBK-002317,CUST-003609,2023-10-30,9,5,Customer support,Helpful customer success manager during onboarding.
FBK-002318,CUST-003610,2023-07-30,7,4,Integration,Custom connector setup was frustrating.
FBK-002319,CUST-003611,2024-05-05,8,4,Product usability,"Great dashboard layout, simplifies our daily standup."
FBK-002320,CUST-003612,2024-09-10,8,4,Mobile experience,Mobile app is lightweight and perfect for on-the-go approvals.
FBK-002321,CUST-003613,2024-10-03,6,5,Pricing,Monthly plan feels a bit expensive without annual discounts.
FBK-002322,CUST-003614,2023-10-26,3,3,Pricing,Renewal rate increase was unexpected.
FBK-002323,CUST-003615,2024-08-15,8,4,Product usability,Intuitive interface and team adopted it within days.
FBK-002324,CUST-003618,2024-05-28,6,3,Pricing,Monthly plan feels a bit expensive without annual discounts.
FBK-002325,CUST-003619,2024-09-16,9,5,Performance,Reliable uptime with minimal disruptions.
FBK-002326,CUST-003620,2024-06-18,7,3,Performance,Slow loading times on large dataset syncs.
FBK-002327,CUST-003621,2024-05-07,4,2,Product usability,UI navigation can be cluttered for new team members.
FBK-002328,CUST-003623,2024-07-19,7,5,Customer support,Ticket was escalated multiple times without a clear resolution.
FBK-002329,CUST-003625,2023-01-17,2,1,Pricing,Monthly plan feels a bit expensive without annual discounts.
FBK-002330,CUST-003628,2023-02-06,7,4,Mobile experience,Mobile notifications sometimes get delayed.
FBK-002331,CUST-003630,2024-07-17,5,4,Integration,Webhook latency caused duplicate entries in our CRM.
FBK-002332,CUST-003633,2023-11-12,7,5,Mobile experience,Needs iPad tablet optimization.
FBK-002333,CUST-003634,2024-07-04,7,2,Product usability,UI navigation can be cluttered for new team members.
FBK-002334,CUST-003635,2024-08-22,8,5,Customer support,Support team resolved our critical issue in under an hour!
FBK-002335,CUST-003637,2023-12-21,3,3,Performance,Slow loading times on large dataset syncs.
FBK-002336,CUST-003639,2022-04-12,7,1,Mobile experience,Mobile notifications sometimes get delayed.
FBK-002337,CUST-003640,2024-01-27,6,4,Customer support,Took too long to get a response on an urgent billing ticket.
FBK-002338,CUST-003641,2023-09-16,7,2,Integration,Custom connector setup was frustrating.
FBK-002339,CUST-003642,2024-01-18,6,3,Missing features,Missing advanced analytics export to warehouse.
FBK-002340,CUST-003644,2024-06-25,5,5,Missing features,Missing advanced analytics export to warehouse.
FBK-002341,CUST-003645,2024-08-05,9,4,Product usability,"Great dashboard layout, simplifies our daily standup."
FBK-002342,CUST-003647,2024-06-27,6,3,Customer support,Ticket was escalated multiple times without a clear resolution.
FBK-002343,CUST-003649,2024-07-07,10,4,Integration,Seamless integration with Google Workspace and Salesforce.
FBK-002344,CUST-003650,2023-09-18,6,4,Customer support,Ticket was escalated multiple times without a clear resolution.
FBK-002345,CUST-003651,2024-04-28,7,2,Performance,Slow loading times on large dataset syncs.
FBK-002346,CUST-003652,2024-01-17,8,5,Customer support,Helpful customer success manager during onboarding.
FBK-002347,CUST-003653,2023-11-09,5,3,Missing features,Missing advanced analytics export to warehouse.
FBK-002348,CUST-003654,2024-09-21,1,1,Mobile experience,Mobile notifications sometimes get delayed.
FBK-002349,CUST-003655,2023-08-04,8,4,Missing features,The core features cover 90% of our workflow needs.
FBK-002350,CUST-003656,2024-07-25,9,4,Customer support,Support team resolved our critical issue in under an hour!
FBK-002351,CUST-003659,2024-07-16,4,1,Customer support,Ticket was escalated multiple times without a clear resolution.
FBK-002352,CUST-003661,2024-08-16,9,4,Integration,Seamless integration with Google Workspace and Salesforce.
FBK-002353,CUST-003664,2023-05-03,4,1,Mobile experience,Mobile notifications sometimes get delayed.
FBK-002354,CUST-003666,2023-03-05,7,3,Pricing,Renewal rate increase was unexpected.
FBK-002355,CUST-003667,2023-09-14,1,3,Mobile experience,Needs iPad tablet optimization.
FBK-002356,CUST-003668,2024-05-02,8,4,Mobile experience,"Clean mobile UI, very responsive."
FBK-002357,CUST-003670,2022-03-13,8,3,Customer support,Support team resolved our critical issue in under an hour!
FBK-002358,CUST-003675,2024-02-03,1,2,Pricing,Renewal rate increase was unexpected.
FBK-002359,CUST-003676,2024-04-07,10,5,Pricing,Great value for money compared to enterprise alternatives.
FBK-002360,CUST-003677,2023-09-27,7,5,Performance,Occasional lag during peak hours in large file exports.
FBK-002361,CUST-003678,2023-04-07,6,4,Pricing,Renewal rate increase was unexpected.
FBK-002362,CUST-003679,2022-05-27,3,1,Customer support,Took too long to get a response on an urgent billing ticket.
FBK-002363,CUST-003680,2023-10-31,1,1,Integration,Custom connector setup was frustrating.
FBK-002364,CUST-003683,2024-08-21,7,3,Missing features,Missing advanced analytics export to warehouse.
FBK-002365,CUST-003684,2023-10-24,7,4,Integration,Custom connector setup was frustrating.
FBK-002366,CUST-003685,2022-11-22,7,4,Pricing,Monthly plan feels a bit expensive without annual discounts.
FBK-002367,CUST-003686,2024-04-17,2,5,Pricing,Renewal rate increase was unexpected.
FBK-002368,CUST-003687,2023-12-17,3,1,Performance,Occasional lag during peak hours in large file exports.
FBK-002369,CUST-003688,2023-02-24,5,3,Performance,Occasional lag during peak hours in large file exports.
FBK-002370,CUST-003689,2024-06-20,10,4,Integration,Seamless integration with Google Workspace and Salesforce.
FBK-002371,CUST-003691,2023-04-23,6,5,Pricing,Renewal rate increase was unexpected.
FBK-002372,CUST-003692,2024-10-12,10,4,Product usability,Intuitive interface and team adopted it within days.
FBK-002373,CUST-003693,2023-10-22,7,3,Pricing,Renewal rate increase was unexpected.
FBK-002374,CUST-003697,2024-07-26,8,3,Missing features,The core features cover 90% of our workflow needs.
FBK-002375,CUST-003698,2024-01-28,8,1,Mobile experience,Mobile app is lightweight and perfect for on-the-go approvals.
FBK-002376,CUST-003699,2024-04-04,6,5,Missing features,Missing advanced analytics export to warehouse.
FBK-002377,CUST-003700,2024-02-04,5,2,Pricing,Renewal rate increase was unexpected.
FBK-002378,CUST-003701,2023-02-23,5,4,Performance,Slow loading times on large dataset syncs.
FBK-002379,CUST-003702,2024-05-17,10,4,Customer support,Support team resolved our critical issue in under an hour!
FBK-002380,CUST-003703,2022-08-22,6,2,Pricing,Monthly plan feels a bit expensive without annual discounts.
FBK-002381,CUST-003704,2023-08-18,7,4,Integration,Webhook latency caused duplicate entries in our CRM.
FBK-002382,CUST-003705,2023-09-17,9,3,Performance,Blazing fast sync speeds across distributed teams.
FBK-002383,CUST-003707,2022-11-15,6,4,Missing features,Missing advanced analytics export to warehouse.
FBK-002384,CUST-003708,2023-06-02,8,4,Integration,API documentation is top notch and easy to implement.
FBK-002385,CUST-003710,2023-07-01,6,1,Missing features,Missing advanced analytics export to warehouse.
FBK-002386,CUST-003711,2023-06-08,7,5,Product usability,UI navigation can be cluttered for new team members.
FBK-002387,CUST-003713,2023-12-16,5,1,Mobile experience,Needs iPad tablet optimization.
FBK-002388,CUST-003715,2024-04-24,9,4,Customer support,Helpful customer success manager during onboarding.
FBK-002389,CUST-003716,2024-05-29,9,3,Product usability,"Great dashboard layout, simplifies our daily standup."
FBK-002390,CUST-003717,2024-10-18,10,5,Pricing,"Pricing is fair, but add-on user seats add up quickly."
FBK-002391,CUST-003718,2023-04-24,6,5,Performance,Slow loading times on large dataset syncs.
FBK-002392,CUST-003721,2024-03-14,8,3,Mobile experience,"Clean mobile UI, very responsive."
FBK-002393,CUST-003722,2023-03-19,9,5,Product usability,Intuitive interface and team adopted it within days.
FBK-002394,CUST-003723,2024-08-31,8,5,Integration,API documentation is top notch and easy to implement.
FBK-002395,CUST-003725,2024-01-28,7,5,Performance,Slow loading times on large dataset syncs.
FBK-002396,CUST-003726,2024-03-04,4,1,Product usability,Steep learning curve for non-technical users.
FBK-002397,CUST-003727,2023-12-31,10,1,Performance,Blazing fast sync speeds across distributed teams.
FBK-002398,CUST-003728,2023-05-04,9,3,Missing features,The core features cover 90% of our workflow needs.
FBK-002399,CUST-003729,2023-12-22,7,3,Pricing,Renewal rate increase was unexpected.
FBK-002400,CUST-003731,2024-02-08,8,4,Customer support,Support team resolved our critical issue in under an hour!
FBK-002401,CUST-003732,2023-10-22,6,5,Customer support,Took too long to get a response on an urgent billing ticket.
FBK-002402,CUST-003733,2023-07-11,1,1,Pricing,Renewal rate increase was unexpected.
FBK-002403,CUST-003735,2024-07-21,2,3,Customer support,Ticket was escalated multiple times without a clear resolution.
FBK-002404,CUST-003736,2024-09-07,7,3,Customer support,Ticket was escalated multiple times without a clear resolution.
FBK-002405,CUST-003738,2024-02-24,5,4,Pricing,Renewal rate increase was unexpected.
FBK-002406,CUST-003739,2024-01-14,9,5,Customer support,Helpful customer success manager during onboarding.
FBK-002407,CUST-003740,2023-02-13,3,3,Product usability,Steep learning curve for non-technical users.
FBK-002408,CUST-003741,2024-03-13,4,1,Customer support,Ticket was escalated multiple times without a clear resolution.
FBK-002409,CUST-003742,2023-10-03,6,3,Product usability,Steep learning curve for non-technical users.
FBK-002410,CUST-003743,2023-11-28,6,5,Mobile experience,Mobile notifications sometimes get delayed.
FBK-002411,CUST-003744,2024-06-05,6,3,Performance,Slow loading times on large dataset syncs.
FBK-002412,CUST-003746,2024-08-19,10,5,Performance,Reliable uptime with minimal disruptions.
FBK-002413,CUST-003747,2024-06-14,8,3,Customer support,Support team resolved our critical issue in under an hour!
FBK-002414,CUST-003748,2022-12-26,9,4,Product usability,Intuitive interface and team adopted it within days.
FBK-002415,CUST-003749,2024-05-01,4,1,Integration,Custom connector setup was frustrating.
FBK-002416,CUST-003750,2023-02-13,3,1,Customer support,Took too long to get a response on an urgent billing ticket.
FBK-002417,CUST-003751,2022-12-18,10,3,Product usability,Intuitive interface and team adopted it within days.
FBK-002418,CUST-003752,2024-03-02,4,2,Pricing,Monthly plan feels a bit expensive without annual discounts.
FBK-002419,CUST-003753,2024-02-09,7,5,Product usability,Steep learning curve for non-technical users.
FBK-002420,CUST-003755,2023-12-21,6,4,Performance,Occasional lag during peak hours in large file exports.
FBK-002421,CUST-003757,2024-03-15,9,4,Pricing,Great value for money compared to enterprise alternatives.
FBK-002422,CUST-003759,2024-07-05,10,5,Pricing,Great value for money compared to enterprise alternatives.
FBK-002423,CUST-003760,2024-07-07,7,5,Performance,Slow loading times on large dataset syncs.
FBK-002424,CUST-003761,2024-08-21,6,5,Integration,Webhook latency caused duplicate entries in our CRM.
FBK-002425,CUST-003762,2023-03-28,9,4,Product usability,Intuitive interface and team adopted it within days.
FBK-002426,CUST-003763,2024-02-23,7,5,Customer support,Ticket was escalated multiple times without a clear resolution.
FBK-002427,CUST-003764,2023-05-17,6,1,Missing features,Missing advanced analytics export to warehouse.
FBK-002428,CUST-003765,2024-01-18,8,4,Pricing,"Pricing is fair, but add-on user seats add up quickly."
FBK-002429,CUST-003766,2024-09-01,9,3,Performance,Reliable uptime with minimal disruptions.
FBK-002430,CUST-003767,2023-05-24,10,3,Customer support,Support team resolved our critical issue in under an hour!
FBK-002431,CUST-003769,2024-06-24,7,3,Pricing,Monthly plan feels a bit expensive without annual discounts.
FBK-002432,CUST-003771,2023-12-02,10,5,Performance,Reliable uptime with minimal disruptions.
FBK-002433,CUST-003772,2023-03-17,7,2,Performance,Slow loading times on large dataset syncs.
FBK-002434,CUST-003773,2024-03-07,6,2,Mobile experience,Mobile notifications sometimes get delayed.
FBK-002435,CUST-003775,2024-05-16,2,2,Mobile experience,Mobile notifications sometimes get delayed.
FBK-002436,CUST-003776,2024-09-08,6,4,Customer support,Ticket was escalated multiple times without a clear resolution.
FBK-002437,CUST-003778,2023-12-12,6,3,Integration,Webhook latency caused duplicate entries in our CRM.
FBK-002438,CUST-003779,2023-12-04,10,3,Integration,API documentation is top notch and easy to implement.
FBK-002439,CUST-003780,2024-09-08,7,2,Integration,Custom connector setup was frustrating.
FBK-002440,CUST-003781,2024-08-16,8,4,Mobile experience,"Clean mobile UI, very responsive."
FBK-002441,CUST-003782,2024-09-17,6,2,Product usability,UI navigation can be cluttered for new team members.
FBK-002442,CUST-003783,2022-10-17,8,4,Mobile experience,Mobile app is lightweight and perfect for on-the-go approvals.
FBK-002443,CUST-003785,2023-06-04,1,3,Missing features,Missing advanced analytics export to warehouse.
FBK-002444,CUST-003786,2024-06-03,3,4,Customer support,Took too long to get a response on an urgent billing ticket.
FBK-002445,CUST-003788,2023-04-03,8,4,Customer support,Helpful customer success manager during onboarding.
FBK-002446,CUST-003792,2023-08-14,10,5,Mobile experience,"Clean mobile UI, very responsive."
FBK-002447,CUST-003793,2024-10-13,9,4,Missing features,The core features cover 90% of our workflow needs.
FBK-002448,CUST-003794,2024-03-26,7,4,Pricing,Renewal rate increase was unexpected.
FBK-002449,CUST-003795,2024-03-05,7,5,Mobile experience,Mobile notifications sometimes get delayed.
FBK-002450,CUST-003797,2023-08-10,8,2,Integration,Seamless integration with Google Workspace and Salesforce.
FBK-002451,CUST-003799,2022-10-30,8,4,Integration,API documentation is top notch and easy to implement.
FBK-002452,CUST-003801,2023-12-27,8,4,Performance,Reliable uptime with minimal disruptions.
FBK-002453,CUST-003802,2024-07-03,5,2,Integration,Webhook latency caused duplicate entries in our CRM.
FBK-002454,CUST-003803,2024-07-09,6,1,Pricing,Renewal rate increase was unexpected.
FBK-002455,CUST-003805,2023-06-07,9,3,Performance,Reliable uptime with minimal disruptions.
FBK-002456,CUST-003806,2023-05-31,10,5,Integration,API documentation is top notch and easy to implement.
FBK-002457,CUST-003808,2024-08-18,9,3,Performance,Blazing fast sync speeds across distributed teams.
FBK-002458,CUST-003809,2024-04-30,5,2,Mobile experience,Needs iPad tablet optimization.
FBK-002459,CUST-003810,2023-03-05,3,3,Integration,Custom connector setup was frustrating.
FBK-002460,CUST-003812,2022-07-20,1,1,Product usability,UI navigation can be cluttered for new team members.
FBK-002461,CUST-003816,2022-08-22,6,1,Mobile experience,Mobile notifications sometimes get delayed.
FBK-002462,CUST-003817,2023-09-21,7,3,Integration,Webhook latency caused duplicate entries in our CRM.
FBK-002463,CUST-003818,2023-02-09,6,5,Mobile experience,Needs iPad tablet optimization.
FBK-002464,CUST-003823,2024-02-06,6,4,Missing features,Missing advanced analytics export to warehouse.
FBK-002465,CUST-003824,2024-03-25,9,5,Missing features,The core features cover 90% of our workflow needs.
FBK-002466,CUST-003825,2023-01-22,5,2,Pricing,Monthly plan feels a bit expensive without annual discounts.
FBK-002467,CUST-003826,2024-06-20,9,3,Performance,Blazing fast sync speeds across distributed teams.
FBK-002468,CUST-003827,2022-10-28,8,2,Missing features,The core features cover 90% of our workflow needs.
FBK-002469,CUST-003828,2023-09-18,7,2,Product usability,Steep learning curve for non-technical users.
FBK-002470,CUST-003829,2024-02-25,9,3,Customer support,Helpful customer success manager during onboarding.
FBK-002471,CUST-003830,2022-07-27,4,1,Missing features,Missing advanced analytics export to warehouse.
FBK-002472,CUST-003831,2023-12-09,4,2,Product usability,Steep learning curve for non-technical users.
FBK-002473,CUST-003833,2024-06-24,1,3,Missing features,Missing advanced analytics export to warehouse.
FBK-002474,CUST-003835,2024-03-29,6,4,Integration,Custom connector setup was frustrating.
FBK-002475,CUST-003837,2024-05-14,9,4,Pricing,Great value for money compared to enterprise alternatives.
FBK-002476,CUST-003839,2023-12-11,7,4,Mobile experience,Mobile notifications sometimes get delayed.
FBK-002477,CUST-003840,2024-10-26,7,4,Integration,Webhook latency caused duplicate entries in our CRM.
FBK-002478,CUST-003841,2023-09-29,7,3,Mobile experience,Needs iPad tablet optimization.
FBK-002479,CUST-003844,2024-09-07,8,4,Customer support,Support team resolved our critical issue in under an hour!
FBK-002480,CUST-003845,2024-05-13,3,2,Pricing,Monthly plan feels a bit expensive without annual discounts.
FBK-002481,CUST-003846,2024-09-25,8,4,Mobile experience,"Clean mobile UI, very responsive."
FBK-002482,CUST-003848,2024-03-08,2,1,Mobile experience,Mobile notifications sometimes get delayed.
FBK-002483,CUST-003850,2024-04-16,5,4,Performance,Slow loading times on large dataset syncs.
FBK-002484,CUST-003851,2024-05-05,4,1,Missing features,Missing advanced analytics export to warehouse.
FBK-002485,CUST-003852,2023-04-09,7,5,Performance,Occasional lag during peak hours in large file exports.
FBK-002486,CUST-003853,2023-04-30,7,4,Integration,Custom connector setup was frustrating.
FBK-002487,CUST-003856,2024-02-08,5,5,Performance,Slow loading times on large dataset syncs.
FBK-002488,CUST-003857,2023-07-16,1,3,Performance,Slow loading times on large dataset syncs.
FBK-002489,CUST-003859,2024-06-08,6,3,Customer support,Took too long to get a response on an urgent billing ticket.
FBK-002490,CUST-003861,2024-03-06,10,4,Pricing,"Pricing is fair, but add-on user seats add up quickly."
FBK-002491,CUST-003862,2024-04-30,7,4,Missing features,Missing advanced analytics export to warehouse.
FBK-002492,CUST-003863,2024-01-05,7,5,Missing features,Missing advanced analytics export to warehouse.
FBK-002493,CUST-003864,2023-05-03,3,1,Customer support,Ticket was escalated multiple times without a clear resolution.
FBK-002494,CUST-003865,2023-10-04,6,4,Pricing,Renewal rate increase was unexpected.
FBK-002495,CUST-003866,2024-10-28,10,3,Customer support,Support team resolved our critical issue in under an hour!
FBK-002496,CUST-003868,2023-11-27,9,4,Missing features,The core features cover 90% of our workflow needs.
FBK-002497,CUST-003870,2023-04-16,6,2,Missing features,Missing advanced analytics export to warehouse.
FBK-002498,CUST-003871,2023-01-05,9,4,Pricing,"Pricing is fair, but add-on user seats add up quickly."
FBK-002499,CUST-003872,2024-06-28,5,4,Missing features,Missing advanced analytics export to warehouse.
FBK-002500,CUST-003874,2024-03-08,10,5,Integration,API documentation is top notch and easy to implement.
FBK-002501,CUST-003877,2024-06-11,7,4,Product usability,Steep learning curve for non-technical users.
FBK-002502,CUST-003878,2023-03-10,7,3,Mobile experience,Needs iPad tablet optimization.
FBK-002503,CUST-003879,2024-04-03,5,5,Performance,Occasional lag during peak hours in large file exports.
FBK-002504,CUST-003880,2024-02-17,6,5,Integration,Custom connector setup was frustrating.
FBK-002505,CUST-003885,2024-07-07,10,4,Pricing,Great value for money compared to enterprise alternatives.
FBK-002506,CUST-003887,2023-03-27,10,4,Pricing,Great value for money compared to enterprise alternatives.
FBK-002507,CUST-003890,2023-09-30,8,4,Product usability,Intuitive interface and team adopted it within days.
FBK-002508,CUST-003893,2024-07-30,7,4,Pricing,Monthly plan feels a bit expensive without annual discounts.
FBK-002509,CUST-003895,2022-07-10,8,4,Performance,Blazing fast sync speeds across distributed teams.
FBK-002510,CUST-003896,2024-08-25,7,4,Customer support,Ticket was escalated multiple times without a clear resolution.
FBK-002511,CUST-003898,2024-09-09,7,3,Integration,Webhook latency caused duplicate entries in our CRM.
FBK-002512,CUST-003901,2022-05-06,9,4,Missing features,The core features cover 90% of our workflow needs.
FBK-002513,CUST-003906,2023-10-10,5,4,Performance,Occasional lag during peak hours in large file exports.
FBK-002514,CUST-003907,2022-12-11,10,4,Pricing,Great value for money compared to enterprise alternatives.
FBK-002515,CUST-003908,2022-12-08,7,3,Missing features,Missing advanced analytics export to warehouse.
FBK-002516,CUST-003909,2023-06-10,6,4,Performance,Occasional lag during peak hours in large file exports.
FBK-002517,CUST-003911,2024-03-27,10,5,Performance,Blazing fast sync speeds across distributed teams.
FBK-002518,CUST-003914,2024-04-24,3,1,Customer support,Ticket was escalated multiple times without a clear resolution.
FBK-002519,CUST-003915,2024-04-25,7,4,Integration,Webhook latency caused duplicate entries in our CRM.
FBK-002520,CUST-003917,2023-03-09,0,1,Product usability,UI navigation can be cluttered for new team members.
FBK-002521,CUST-003918,2023-11-19,6,3,Customer support,Took too long to get a response on an urgent billing ticket.
FBK-002522,CUST-003919,2024-03-13,5,5,Product usability,UI navigation can be cluttered for new team members.
FBK-002523,CUST-003920,2024-07-08,7,3,Mobile experience,Mobile notifications sometimes get delayed.
FBK-002524,CUST-003921,2024-08-19,0,2,Product usability,UI navigation can be cluttered for new team members.
FBK-002525,CUST-003925,2023-03-06,3,2,Customer support,Took too long to get a response on an urgent billing ticket.
FBK-002526,CUST-003929,2024-07-11,1,1,Missing features,Missing advanced analytics export to warehouse.
FBK-002527,CUST-003930,2023-08-12,8,5,Product usability,Intuitive interface and team adopted it within days.
FBK-002528,CUST-003932,2024-01-02,0,1,Mobile experience,Mobile notifications sometimes get delayed.
FBK-002529,CUST-003933,2024-05-25,9,2,Pricing,Great value for money compared to enterprise alternatives.
FBK-002530,CUST-003935,2023-12-24,0,3,Performance,Slow loading times on large dataset syncs.
FBK-002531,CUST-003936,2024-03-02,1,1,Missing features,Missing advanced analytics export to warehouse.
FBK-002532,CUST-003937,2023-10-07,9,4,Pricing,"Pricing is fair, but add-on user seats add up quickly."
FBK-002533,CUST-003938,2024-08-29,6,3,Pricing,Monthly plan feels a bit expensive without annual discounts.
FBK-002534,CUST-003940,2024-04-03,9,4,Performance,Blazing fast sync speeds across distributed teams.
FBK-002535,CUST-003943,2024-03-12,10,3,Performance,Blazing fast sync speeds across distributed teams.
FBK-002536,CUST-003944,2024-02-12,8,5,Performance,Reliable uptime with minimal disruptions.
FBK-002537,CUST-003946,2023-09-07,6,3,Customer support,Ticket was escalated multiple times without a clear resolution.
FBK-002538,CUST-003947,2024-07-16,8,4,Missing features,The core features cover 90% of our workflow needs.
FBK-002539,CUST-003949,2024-02-02,0,1,Integration,Webhook latency caused duplicate entries in our CRM.
FBK-002540,CUST-003951,2024-07-24,7,5,Missing features,Missing advanced analytics export to warehouse.
FBK-002541,CUST-003952,2023-04-05,9,3,Integration,API documentation is top notch and easy to implement.
FBK-002542,CUST-003953,2024-08-10,2,1,Mobile experience,Mobile notifications sometimes get delayed.
FBK-002543,CUST-003954,2024-02-01,9,4,Customer support,Support team resolved our critical issue in under an hour!
FBK-002544,CUST-003955,2024-06-27,7,3,Product usability,Steep learning curve for non-technical users.
FBK-002545,CUST-003956,2023-09-22,7,4,Performance,Slow loading times on large dataset syncs.
FBK-002546,CUST-003960,2024-07-21,3,2,Product usability,UI navigation can be cluttered for new team members.
FBK-002547,CUST-003961,2023-07-03,1,1,Integration,Custom connector setup was frustrating.
FBK-002548,CUST-003962,2024-06-26,7,4,Performance,Slow loading times on large dataset syncs.
FBK-002549,CUST-003964,2024-03-12,3,5,Performance,Occasional lag during peak hours in large file exports.
FBK-002550,CUST-003967,2023-08-23,1,1,Customer support,Ticket was escalated multiple times without a clear resolution.
FBK-002551,CUST-003969,2024-03-27,3,1,Mobile experience,Mobile notifications sometimes get delayed.
FBK-002552,CUST-003970,2024-05-19,5,4,Integration,Custom connector setup was frustrating.
FBK-002553,CUST-003972,2023-09-05,9,4,Mobile experience,Mobile app is lightweight and perfect for on-the-go approvals.
FBK-002554,CUST-003974,2024-06-16,8,3,Integration,API documentation is top notch and easy to implement.
FBK-002555,CUST-003975,2023-09-30,6,4,Integration,Custom connector setup was frustrating.
FBK-002556,CUST-003977,2023-10-02,6,4,Pricing,Renewal rate increase was unexpected.
FBK-002557,CUST-003979,2024-09-05,6,3,Pricing,Monthly plan feels a bit expensive without annual discounts.
FBK-002558,CUST-003981,2023-07-17,10,5,Customer support,Support team resolved our critical issue in under an hour!
FBK-002559,CUST-003985,2023-03-23,7,4,Customer support,Took too long to get a response on an urgent billing ticket.
FBK-002560,CUST-003986,2023-06-13,7,1,Integration,Webhook latency caused duplicate entries in our CRM.
FBK-002561,CUST-003988,2023-06-06,2,2,Performance,Occasional lag during peak hours in large file exports.
FBK-002562,CUST-003990,2023-12-06,7,4,Missing features,Missing advanced analytics export to warehouse.
FBK-002563,CUST-003991,2022-10-14,10,4,Mobile experience,"Clean mobile UI, very responsive."
FBK-002564,CUST-003992,2022-12-11,8,3,Product usability,Intuitive interface and team adopted it within days.
FBK-002565,CUST-003993,2024-05-18,8,3,Missing features,The core features cover 90% of our workflow needs.
FBK-002566,CUST-003994,2024-01-12,7,5,Pricing,Monthly plan feels a bit expensive without annual discounts.
FBK-002567,CUST-003995,2023-04-04,4,2,Integration,Custom connector setup was frustrating.
FBK-002568,CUST-003996,2022-08-20,2,1,Customer support,Took too long to get a response on an urgent billing ticket.
FBK-002569,CUST-003997,2022-07-24,8,5,Performance,Blazing fast sync speeds across distributed teams.
FBK-002570,CUST-003999,2022-03-09,2,3,Customer support,Ticket was escalated multiple times without a clear resolution.
FBK-002571,CUST-004000,2023-11-20,7,3,Missing features,Missing advanced analytics export to warehouse.
FBK-002572,CUST-004001,2024-03-09,7,5,Missing features,Missing advanced analytics export to warehouse.
FBK-002573,CUST-004002,2024-03-27,8,4,Customer support,Support team resolved our critical issue in under an hour!
FBK-002574,CUST-004003,2024-08-06,7,4,Pricing,Renewal rate increase was unexpected.
FBK-002575,CUST-004005,2024-06-04,8,4,Integration,API documentation is top notch and easy to implement.
FBK-002576,CUST-004008,2024-02-01,8,5,Performance,Blazing fast sync speeds across distributed teams.
FBK-002577,CUST-004009,2024-03-22,9,5,Mobile experience,"Clean mobile UI, very responsive."
FBK-002578,CUST-004011,2023-07-09,3,2,Pricing,Renewal rate increase was unexpected.
FBK-002579,CUST-004015,2024-02-12,9,2,Missing features,The core features cover 90% of our workflow needs.
FBK-002580,CUST-004016,2023-07-26,5,3,Performance,Slow loading times on large dataset syncs.
FBK-002581,CUST-004017,2024-05-11,6,4,Pricing,Monthly plan feels a bit expensive without annual discounts.
FBK-002582,CUST-004020,2024-08-12,7,2,Mobile experience,Mobile notifications sometimes get delayed.
FBK-002583,CUST-004021,2024-07-04,8,4,Pricing,Great value for money compared to enterprise alternatives.
FBK-002584,CUST-004022,2024-06-19,9,4,Mobile experience,"Clean mobile UI, very responsive."
FBK-002585,CUST-004023,2024-06-12,9,4,Integration,API documentation is top notch and easy to implement.
FBK-002586,CUST-004024,2024-05-01,8,3,Performance,Blazing fast sync speeds across distributed teams.
FBK-002587,CUST-004025,2024-06-19,9,5,Customer support,Helpful customer success manager during onboarding.
FBK-002588,CUST-004027,2023-07-15,8,4,Product usability,"Great dashboard layout, simplifies our daily standup."
FBK-002589,CUST-004030,2024-03-17,9,4,Performance,Reliable uptime with minimal disruptions.
FBK-002590,CUST-004031,2023-08-09,3,2,Mobile experience,Needs iPad tablet optimization.
FBK-002591,CUST-004033,2023-10-03,10,3,Pricing,"Pricing is fair, but add-on user seats add up quickly."
FBK-002592,CUST-004035,2024-09-04,5,2,Integration,Custom connector setup was frustrating.
FBK-002593,CUST-004037,2023-11-22,0,2,Missing features,Missing advanced analytics export to warehouse.
FBK-002594,CUST-004038,2022-11-01,7,4,Pricing,Renewal rate increase was unexpected.
FBK-002595,CUST-004041,2024-03-07,4,3,Performance,Occasional lag during peak hours in large file exports.
FBK-002596,CUST-004042,2024-04-03,6,4,Missing features,Missing advanced analytics export to warehouse.
FBK-002597,CUST-004044,2023-04-01,7,4,Performance,Occasional lag during peak hours in large file exports.
FBK-002598,CUST-004045,2024-01-12,7,1,Integration,Custom connector setup was frustrating.
FBK-002599,CUST-004046,2023-10-03,8,5,Performance,Reliable uptime with minimal disruptions.
FBK-002600,CUST-004047,2024-08-15,5,4,Pricing,Monthly plan feels a bit expensive without annual discounts.
FBK-002601,CUST-004049,2024-01-21,8,4,Missing features,The core features cover 90% of our workflow needs.
FBK-002602,CUST-004050,2023-12-09,5,2,Mobile experience,Needs iPad tablet optimization.
FBK-002603,CUST-004051,2024-04-05,4,2,Performance,Occasional lag during peak hours in large file exports.
FBK-002604,CUST-004052,2024-02-28,3,1,Pricing,Renewal rate increase was unexpected.
FBK-002605,CUST-004053,2023-10-25,9,4,Customer support,Support team resolved our critical issue in under an hour!
FBK-002606,CUST-004055,2023-04-20,6,2,Integration,Webhook latency caused duplicate entries in our CRM.
FBK-002607,CUST-004056,2023-10-05,9,4,Pricing,Great value for money compared to enterprise alternatives.
FBK-002608,CUST-004057,2024-09-24,7,5,Performance,Slow loading times on large dataset syncs.
FBK-002609,CUST-004059,2023-09-13,6,1,Product usability,UI navigation can be cluttered for new team members.
FBK-002610,CUST-004060,2023-07-14,4,3,Performance,Slow loading times on large dataset syncs.
FBK-002611,CUST-004061,2024-08-01,7,5,Performance,Slow loading times on large dataset syncs.
FBK-002612,CUST-004062,2023-07-03,3,2,Product usability,UI navigation can be cluttered for new team members.
FBK-002613,CUST-004063,2023-09-06,7,5,Mobile experience,Needs iPad tablet optimization.
FBK-002614,CUST-004064,2023-05-17,7,4,Product usability,Steep learning curve for non-technical users.
FBK-002615,CUST-004065,2024-10-07,9,5,Pricing,"Pricing is fair, but add-on user seats add up quickly."
FBK-002616,CUST-004068,2023-03-22,7,4,Pricing,Renewal rate increase was unexpected.
FBK-002617,CUST-004070,2024-06-05,8,3,Product usability,"Great dashboard layout, simplifies our daily standup."
FBK-002618,CUST-004071,2022-08-28,8,5,Pricing,"Pricing is fair, but add-on user seats add up quickly."
FBK-002619,CUST-004073,2023-07-30,7,4,Missing features,Missing advanced analytics export to warehouse.
FBK-002620,CUST-004075,2024-01-28,8,4,Missing features,The core features cover 90% of our workflow needs.
FBK-002621,CUST-004077,2024-04-09,4,4,Pricing,Monthly plan feels a bit expensive without annual discounts.
FBK-002622,CUST-004078,2023-06-07,6,3,Performance,Occasional lag during peak hours in large file exports.
FBK-002623,CUST-004080,2023-10-06,7,4,Mobile experience,Needs iPad tablet optimization.
FBK-002624,CUST-004081,2024-03-29,7,4,Product usability,UI navigation can be cluttered for new team members.
FBK-002625,CUST-004083,2024-01-13,0,2,Performance,Slow loading times on large dataset syncs.
FBK-002626,CUST-004085,2022-03-16,6,4,Product usability,UI navigation can be cluttered for new team members.
FBK-002627,CUST-004087,2024-07-09,10,4,Integration,Seamless integration with Google Workspace and Salesforce.
FBK-002628,CUST-004089,2024-01-28,10,3,Performance,Reliable uptime with minimal disruptions.
FBK-002629,CUST-004090,2024-08-06,6,4,Pricing,Renewal rate increase was unexpected.
FBK-002630,CUST-004091,2024-09-02,6,5,Customer support,Ticket was escalated multiple times without a clear resolution.
FBK-002631,CUST-004092,2024-08-14,8,3,Customer support,Helpful customer success manager during onboarding.
FBK-002632,CUST-004093,2024-03-30,9,3,Product usability,"Great dashboard layout, simplifies our daily standup."
FBK-002633,CUST-004094,2024-07-31,9,5,Customer support,Helpful customer success manager during onboarding.
FBK-002634,CUST-004095,2024-09-04,6,1,Integration,Webhook latency caused duplicate entries in our CRM.
FBK-002635,CUST-004096,2022-10-10,5,4,Integration,Custom connector setup was frustrating.
FBK-002636,CUST-004098,2024-03-07,7,4,Performance,Occasional lag during peak hours in large file exports.
FBK-002637,CUST-004099,2023-03-11,1,4,Customer support,Ticket was escalated multiple times without a clear resolution.
FBK-002638,CUST-004101,2024-03-27,9,3,Pricing,"Pricing is fair, but add-on user seats add up quickly."
FBK-002639,CUST-004103,2024-05-11,6,4,Integration,Custom connector setup was frustrating.
FBK-002640,CUST-004104,2023-10-15,3,1,Missing features,Missing advanced analytics export to warehouse.
FBK-002641,CUST-004105,2023-08-15,6,3,Integration,Custom connector setup was frustrating.
FBK-002642,CUST-004106,2023-01-18,8,3,Pricing,"Pricing is fair, but add-on user seats add up quickly."
FBK-002643,CUST-004107,2023-09-02,9,3,Customer support,Helpful customer success manager during onboarding.
FBK-002644,CUST-004108,2023-08-02,7,4,Product usability,UI navigation can be cluttered for new team members.
FBK-002645,CUST-004109,2024-07-17,3,1,Customer support,Ticket was escalated multiple times without a clear resolution.
FBK-002646,CUST-004112,2024-02-07,10,4,Missing features,The core features cover 90% of our workflow needs.
FBK-002647,CUST-004115,2024-02-20,7,4,Product usability,Steep learning curve for non-technical users.
FBK-002648,CUST-004116,2023-10-18,5,4,Integration,Webhook latency caused duplicate entries in our CRM.
FBK-002649,CUST-004117,2022-04-12,7,5,Missing features,Missing advanced analytics export to warehouse.
FBK-002650,CUST-004118,2023-10-13,7,4,Customer support,Ticket was escalated multiple times without a clear resolution.
FBK-002651,CUST-004120,2024-06-13,8,4,Integration,Seamless integration with Google Workspace and Salesforce.
FBK-002652,CUST-004121,2024-06-24,6,4,Missing features,Missing advanced analytics export to warehouse.
FBK-002653,CUST-004122,2022-12-19,2,2,Performance,Occasional lag during peak hours in large file exports.
FBK-002654,CUST-004124,2023-04-21,10,3,Performance,Blazing fast sync speeds across distributed teams.
FBK-002655,CUST-004126,2023-05-04,7,4,Mobile experience,Mobile notifications sometimes get delayed.
FBK-002656,CUST-004127,2024-08-14,6,3,Integration,Custom connector setup was frustrating.
FBK-002657,CUST-004128,2023-08-31,6,4,Customer support,Ticket was escalated multiple times without a clear resolution.
FBK-002658,CUST-004129,2022-08-10,0,1,Performance,Slow loading times on large dataset syncs.
FBK-002659,CUST-004130,2023-05-03,6,4,Missing features,Missing advanced analytics export to warehouse.
FBK-002660,CUST-004131,2024-01-02,8,4,Pricing,"Pricing is fair, but add-on user seats add up quickly."
FBK-002661,CUST-004132,2023-09-05,5,2,Performance,Occasional lag during peak hours in large file exports.
FBK-002662,CUST-004133,2023-11-16,5,4,Pricing,Monthly plan feels a bit expensive without annual discounts.
FBK-002663,CUST-004134,2023-05-25,4,2,Mobile experience,Mobile notifications sometimes get delayed.
FBK-002664,CUST-004136,2022-09-03,3,3,Customer support,Ticket was escalated multiple times without a clear resolution.
FBK-002665,CUST-004137,2023-02-27,4,3,Product usability,Steep learning curve for non-technical users.
FBK-002666,CUST-004138,2024-01-22,9,4,Pricing,Great value for money compared to enterprise alternatives.
FBK-002667,CUST-004139,2024-08-22,7,4,Customer support,Took too long to get a response on an urgent billing ticket.
FBK-002668,CUST-004141,2023-08-16,9,5,Product usability,"Great dashboard layout, simplifies our daily standup."
FBK-002669,CUST-004142,2023-05-13,2,1,Integration,Custom connector setup was frustrating.
FBK-002670,CUST-004143,2024-03-10,5,4,Mobile experience,Mobile notifications sometimes get delayed.
FBK-002671,CUST-004144,2023-05-09,6,5,Product usability,UI navigation can be cluttered for new team members.
FBK-002672,CUST-004145,2023-12-14,7,4,Mobile experience,Needs iPad tablet optimization.
FBK-002673,CUST-004146,2024-04-01,7,3,Customer support,Ticket was escalated multiple times without a clear resolution.
FBK-002674,CUST-004147,2024-08-19,8,4,Mobile experience,Mobile app is lightweight and perfect for on-the-go approvals.
FBK-002675,CUST-004149,2024-05-30,5,4,Integration,Custom connector setup was frustrating.
FBK-002676,CUST-004152,2023-10-06,8,4,Customer support,Support team resolved our critical issue in under an hour!
FBK-002677,CUST-004153,2024-07-28,6,5,Performance,Slow loading times on large dataset syncs.
FBK-002678,CUST-004154,2023-10-18,4,3,Customer support,Ticket was escalated multiple times without a clear resolution.
FBK-002679,CUST-004155,2024-06-11,6,2,Integration,Custom connector setup was frustrating.
FBK-002680,CUST-004156,2024-06-24,8,4,Mobile experience,Mobile app is lightweight and perfect for on-the-go approvals.
FBK-002681,CUST-004157,2023-10-31,2,3,Pricing,Monthly plan feels a bit expensive without annual discounts.
FBK-002682,CUST-004160,2023-08-28,6,1,Performance,Slow loading times on large dataset syncs.
FBK-002683,CUST-004161,2022-12-27,4,1,Mobile experience,Needs iPad tablet optimization.
FBK-002684,CUST-004164,2023-05-26,5,2,Performance,Occasional lag during peak hours in large file exports.
FBK-002685,CUST-004165,2024-07-27,9,4,Integration,Seamless integration with Google Workspace and Salesforce.
FBK-002686,CUST-004166,2023-05-09,5,2,Missing features,Missing advanced analytics export to warehouse.
FBK-002687,CUST-004167,2023-12-25,1,1,Missing features,Missing advanced analytics export to warehouse.
FBK-002688,CUST-004168,2023-05-13,1,2,Integration,Custom connector setup was frustrating.
FBK-002689,CUST-004170,2022-10-19,3,2,Missing features,Missing advanced analytics export to warehouse.
FBK-002690,CUST-004172,2022-07-19,8,4,Product usability,"Great dashboard layout, simplifies our daily standup."
FBK-002691,CUST-004173,2024-04-04,6,5,Product usability,UI navigation can be cluttered for new team members.
FBK-002692,CUST-004174,2023-09-05,7,4,Customer support,Ticket was escalated multiple times without a clear resolution.
FBK-002693,CUST-004175,2024-06-17,2,2,Missing features,Missing advanced analytics export to warehouse.
FBK-002694,CUST-004176,2023-04-15,7,3,Product usability,Steep learning curve for non-technical users.
FBK-002695,CUST-004177,2023-08-15,4,4,Missing features,Missing advanced analytics export to warehouse.
FBK-002696,CUST-004179,2024-01-11,7,3,Product usability,Steep learning curve for non-technical users.
FBK-002697,CUST-004180,2022-12-21,5,3,Performance,Slow loading times on large dataset syncs.
FBK-002698,CUST-004181,2024-01-22,7,3,Missing features,Missing advanced analytics export to warehouse.
FBK-002699,CUST-004184,2024-04-11,8,3,Integration,API documentation is top notch and easy to implement.
FBK-002700,CUST-004187,2023-09-25,7,1,Mobile experience,Needs iPad tablet optimization.
FBK-002701,CUST-004188,2023-11-22,4,3,Product usability,UI navigation can be cluttered for new team members.
FBK-002702,CUST-004189,2023-08-01,6,3,Customer support,Ticket was escalated multiple times without a clear resolution.
FBK-002703,CUST-004191,2023-11-12,3,3,Performance,Occasional lag during peak hours in large file exports.
FBK-002704,CUST-004192,2023-07-01,4,3,Customer support,Ticket was escalated multiple times without a clear resolution.
FBK-002705,CUST-004194,2023-08-05,6,1,Customer support,Took too long to get a response on an urgent billing ticket.
FBK-002706,CUST-004197,2022-10-02,8,4,Mobile experience,Mobile app is lightweight and perfect for on-the-go approvals.
FBK-002707,CUST-004198,2024-01-04,9,3,Mobile experience,"Clean mobile UI, very responsive."
FBK-002708,CUST-004199,2023-08-08,9,4,Customer support,Helpful customer success manager during onboarding.
FBK-002709,CUST-004200,2023-12-09,6,5,Product usability,Steep learning curve for non-technical users.
FBK-002710,CUST-004204,2024-01-11,8,3,Integration,API documentation is top notch and easy to implement.
FBK-002711,CUST-004205,2024-10-21,8,4,Customer support,Support team resolved our critical issue in under an hour!
FBK-002712,CUST-004207,2023-09-05,6,4,Performance,Slow loading times on large dataset syncs.
FBK-002713,CUST-004208,2024-05-12,3,3,Integration,Custom connector setup was frustrating.
FBK-002714,CUST-004211,2024-06-04,3,4,Product usability,Steep learning curve for non-technical users.
FBK-002715,CUST-004212,2023-04-02,8,5,Missing features,The core features cover 90% of our workflow needs.
FBK-002716,CUST-004213,2024-10-16,7,5,Pricing,Renewal rate increase was unexpected.
FBK-002717,CUST-004215,2022-10-17,7,1,Missing features,Missing advanced analytics export to warehouse.
FBK-002718,CUST-004216,2024-06-02,7,4,Mobile experience,Mobile notifications sometimes get delayed.
FBK-002719,CUST-004217,2024-09-03,8,4,Integration,API documentation is top notch and easy to implement.
FBK-002720,CUST-004218,2022-08-07,10,3,Mobile experience,Mobile app is lightweight and perfect for on-the-go approvals.
FBK-002721,CUST-004220,2024-03-02,5,3,Pricing,Renewal rate increase was unexpected.
FBK-002722,CUST-004221,2023-04-06,0,1,Integration,Custom connector setup was frustrating.
FBK-002723,CUST-004223,2024-02-08,5,4,Performance,Occasional lag during peak hours in large file exports.
FBK-002724,CUST-004226,2024-09-12,5,3,Customer support,Ticket was escalated multiple times without a clear resolution.
FBK-002725,CUST-004228,2023-12-02,9,4,Customer support,Support team resolved our critical issue in under an hour!
FBK-002726,CUST-004229,2023-07-17,9,4,Customer support,Support team resolved our critical issue in under an hour!
FBK-002727,CUST-004232,2023-12-11,8,4,Pricing,Great value for money compared to enterprise alternatives.
FBK-002728,CUST-004233,2024-09-06,7,5,Integration,Webhook latency caused duplicate entries in our CRM.
FBK-002729,CUST-004234,2022-10-19,6,3,Mobile experience,Mobile notifications sometimes get delayed.
FBK-002730,CUST-004235,2024-03-19,10,4,Performance,Blazing fast sync speeds across distributed teams.
FBK-002731,CUST-004236,2024-01-02,9,5,Customer support,Support team resolved our critical issue in under an hour!
FBK-002732,CUST-004237,2024-06-20,9,4,Integration,API documentation is top notch and easy to implement.
FBK-002733,CUST-004240,2023-08-24,2,3,Customer support,Took too long to get a response on an urgent billing ticket.
FBK-002734,CUST-004243,2024-03-08,6,2,Customer support,Ticket was escalated multiple times without a clear resolution.
FBK-002735,CUST-004245,2023-11-25,4,3,Customer support,Ticket was escalated multiple times without a clear resolution.
FBK-002736,CUST-004246,2024-04-24,5,4,Pricing,Renewal rate increase was unexpected.
FBK-002737,CUST-004248,2024-06-11,3,1,Mobile experience,Needs iPad tablet optimization.
FBK-002738,CUST-004249,2022-07-05,9,3,Missing features,The core features cover 90% of our workflow needs.
FBK-002739,CUST-004251,2024-05-22,6,3,Mobile experience,Mobile notifications sometimes get delayed.
FBK-002740,CUST-004252,2024-05-03,9,4,Customer support,Helpful customer success manager during onboarding.
FBK-002741,CUST-004253,2024-05-16,6,5,Missing features,Missing advanced analytics export to warehouse.
FBK-002742,CUST-004255,2024-05-06,3,3,Mobile experience,Needs iPad tablet optimization.
FBK-002743,CUST-004256,2024-05-05,4,1,Performance,Slow loading times on large dataset syncs.
FBK-002744,CUST-004258,2024-07-29,10,4,Performance,Reliable uptime with minimal disruptions.
FBK-002745,CUST-004260,2023-05-27,6,4,Performance,Slow loading times on large dataset syncs.
FBK-002746,CUST-004261,2024-04-08,4,1,Integration,Custom connector setup was frustrating.
FBK-002747,CUST-004262,2024-04-20,9,4,Integration,Seamless integration with Google Workspace and Salesforce.
FBK-002748,CUST-004263,2022-06-02,9,3,Integration,API documentation is top notch and easy to implement.
FBK-002749,CUST-004264,2024-01-29,10,4,Pricing,Great value for money compared to enterprise alternatives.
FBK-002750,CUST-004265,2024-03-27,6,5,Pricing,Renewal rate increase was unexpected.
FBK-002751,CUST-004267,2023-05-26,5,2,Missing features,Missing advanced analytics export to warehouse.
FBK-002752,CUST-004268,2022-10-31,7,4,Pricing,Monthly plan feels a bit expensive without annual discounts.
FBK-002753,CUST-004269,2024-07-01,7,1,Integration,Webhook latency caused duplicate entries in our CRM.
FBK-002754,CUST-004273,2024-08-16,8,2,Integration,API documentation is top notch and easy to implement.
FBK-002755,CUST-004274,2024-10-05,7,5,Performance,Slow loading times on large dataset syncs.
FBK-002756,CUST-004275,2023-05-31,1,1,Missing features,Missing advanced analytics export to warehouse.
FBK-002757,CUST-004278,2023-08-18,7,4,Integration,Custom connector setup was frustrating.
FBK-002758,CUST-004279,2024-03-02,1,3,Pricing,Renewal rate increase was unexpected.
FBK-002759,CUST-004280,2023-05-01,3,3,Missing features,Missing advanced analytics export to warehouse.
FBK-002760,CUST-004283,2024-05-11,8,4,Mobile experience,Mobile app is lightweight and perfect for on-the-go approvals.
FBK-002761,CUST-004287,2023-02-11,7,4,Mobile experience,Needs iPad tablet optimization.
FBK-002762,CUST-004288,2023-12-16,6,4,Performance,Slow loading times on large dataset syncs.
FBK-002763,CUST-004289,2024-05-02,3,1,Pricing,Monthly plan feels a bit expensive without annual discounts.
FBK-002764,CUST-004290,2023-12-15,5,3,Pricing,Renewal rate increase was unexpected.
FBK-002765,CUST-004291,2024-04-30,7,4,Missing features,Missing advanced analytics export to warehouse.
FBK-002766,CUST-004292,2024-02-08,2,2,Mobile experience,Needs iPad tablet optimization.
FBK-002767,CUST-004293,2022-12-30,10,5,Performance,Blazing fast sync speeds across distributed teams.
FBK-002768,CUST-004294,2023-12-27,9,3,Pricing,Great value for money compared to enterprise alternatives.
FBK-002769,CUST-004295,2022-03-26,9,4,Product usability,"Great dashboard layout, simplifies our daily standup."
FBK-002770,CUST-004297,2024-10-17,4,2,Pricing,Renewal rate increase was unexpected.
FBK-002771,CUST-004298,2023-02-22,9,5,Product usability,Intuitive interface and team adopted it within days.
FBK-002772,CUST-004299,2024-04-20,5,1,Integration,Webhook latency caused duplicate entries in our CRM.
FBK-002773,CUST-004300,2023-06-25,8,2,Integration,Seamless integration with Google Workspace and Salesforce.
FBK-002774,CUST-004302,2024-08-07,9,5,Pricing,"Pricing is fair, but add-on user seats add up quickly."
FBK-002775,CUST-004303,2023-10-20,2,2,Pricing,Renewal rate increase was unexpected.
FBK-002776,CUST-004304,2023-10-28,8,3,Product usability,"Great dashboard layout, simplifies our daily standup."
FBK-002777,CUST-004305,2024-07-16,9,5,Performance,Blazing fast sync speeds across distributed teams.
FBK-002778,CUST-004306,2024-05-06,6,5,Performance,Slow loading times on large dataset syncs.
FBK-002779,CUST-004309,2024-08-20,8,4,Mobile experience,Mobile app is lightweight and perfect for on-the-go approvals.
FBK-002780,CUST-004312,2023-04-25,2,2,Mobile experience,Needs iPad tablet optimization.
FBK-002781,CUST-004313,2024-06-03,5,1,Customer support,Ticket was escalated multiple times without a clear resolution.
FBK-002782,CUST-004316,2024-07-28,5,4,Integration,Webhook latency caused duplicate entries in our CRM.
FBK-002783,CUST-004317,2023-07-29,2,3,Product usability,UI navigation can be cluttered for new team members.
FBK-002784,CUST-004318,2023-12-13,7,3,Integration,Webhook latency caused duplicate entries in our CRM.
FBK-002785,CUST-004319,2023-09-30,6,5,Product usability,UI navigation can be cluttered for new team members.
FBK-002786,CUST-004320,2023-02-16,7,3,Integration,Custom connector setup was frustrating.
FBK-002787,CUST-004321,2022-09-28,5,2,Customer support,Ticket was escalated multiple times without a clear resolution.
FBK-002788,CUST-004324,2022-10-03,6,3,Missing features,Missing advanced analytics export to warehouse.
FBK-002789,CUST-004325,2023-04-03,6,1,Pricing,Monthly plan feels a bit expensive without annual discounts.
FBK-002790,CUST-004326,2023-09-01,8,4,Performance,Blazing fast sync speeds across distributed teams.
FBK-002791,CUST-004327,2024-09-13,8,4,Pricing,Great value for money compared to enterprise alternatives.
FBK-002792,CUST-004328,2023-03-05,8,4,Integration,Seamless integration with Google Workspace and Salesforce.
FBK-002793,CUST-004331,2022-11-21,7,2,Integration,Webhook latency caused duplicate entries in our CRM.
FBK-002794,CUST-004332,2023-12-06,5,2,Performance,Slow loading times on large dataset syncs.
FBK-002795,CUST-004333,2024-05-15,10,5,Integration,Seamless integration with Google Workspace and Salesforce.
FBK-002796,CUST-004334,2024-04-06,2,2,Product usability,UI navigation can be cluttered for new team members.
FBK-002797,CUST-004339,2022-11-14,10,3,Integration,Seamless integration with Google Workspace and Salesforce.
FBK-002798,CUST-004340,2022-04-23,8,5,Mobile experience,Mobile app is lightweight and perfect for on-the-go approvals.
FBK-002799,CUST-004342,2023-09-25,6,2,Missing features,Missing advanced analytics export to warehouse.
FBK-002800,CUST-004343,2023-11-18,10,4,Mobile experience,Mobile app is lightweight and perfect for on-the-go approvals.
FBK-002801,CUST-004347,2024-01-06,9,3,Product usability,"Great dashboard layout, simplifies our daily standup."
FBK-002802,CUST-004352,2024-08-31,10,3,Product usability,"Great dashboard layout, simplifies our daily standup."
FBK-002803,CUST-004353,2024-04-28,7,4,Performance,Occasional lag during peak hours in large file exports.
FBK-002804,CUST-004354,2024-03-05,6,5,Performance,Occasional lag during peak hours in large file exports.
FBK-002805,CUST-004356,2024-01-03,5,3,Missing features,Missing advanced analytics export to warehouse.
FBK-002806,CUST-004357,2024-04-23,4,2,Mobile experience,Mobile notifications sometimes get delayed.
FBK-002807,CUST-004358,2024-05-24,8,4,Mobile experience,Mobile app is lightweight and perfect for on-the-go approvals.
FBK-002808,CUST-004359,2024-09-30,9,5,Integration,Seamless integration with Google Workspace and Salesforce.
FBK-002809,CUST-004362,2022-12-21,6,5,Mobile experience,Mobile notifications sometimes get delayed.
FBK-002810,CUST-004364,2023-10-05,5,4,Customer support,Took too long to get a response on an urgent billing ticket.
FBK-002811,CUST-004365,2024-03-29,7,5,Missing features,Missing advanced analytics export to warehouse.
FBK-002812,CUST-004366,2022-07-01,7,4,Product usability,UI navigation can be cluttered for new team members.
FBK-002813,CUST-004368,2024-05-07,7,2,Performance,Occasional lag during peak hours in large file exports.
FBK-002814,CUST-004369,2024-08-31,8,3,Customer support,Helpful customer success manager during onboarding.
FBK-002815,CUST-004370,2024-04-27,9,4,Product usability,Intuitive interface and team adopted it within days.
FBK-002816,CUST-004371,2023-04-19,4,1,Pricing,Monthly plan feels a bit expensive without annual discounts.
FBK-002817,CUST-004372,2022-11-07,5,3,Pricing,Monthly plan feels a bit expensive without annual discounts.
FBK-002818,CUST-004374,2023-09-30,7,3,Integration,Webhook latency caused duplicate entries in our CRM.
FBK-002819,CUST-004375,2024-08-04,7,4,Missing features,Missing advanced analytics export to warehouse.
FBK-002820,CUST-004376,2024-03-23,4,4,Pricing,Renewal rate increase was unexpected.
FBK-002821,CUST-004377,2024-06-07,6,3,Pricing,Renewal rate increase was unexpected.
FBK-002822,CUST-004379,2024-01-11,8,3,Integration,API documentation is top notch and easy to implement.
FBK-002823,CUST-004382,2024-03-24,8,3,Performance,Reliable uptime with minimal disruptions.
FBK-002824,CUST-004383,2024-06-14,1,2,Missing features,Missing advanced analytics export to warehouse.
FBK-002825,CUST-004384,2024-07-01,7,5,Customer support,Ticket was escalated multiple times without a clear resolution.
FBK-002826,CUST-004386,2024-04-24,3,2,Pricing,Monthly plan feels a bit expensive without annual discounts.
FBK-002827,CUST-004387,2024-05-06,9,3,Product usability,Intuitive interface and team adopted it within days.
FBK-002828,CUST-004388,2024-06-27,7,4,Mobile experience,Needs iPad tablet optimization.
FBK-002829,CUST-004389,2024-02-29,7,4,Pricing,Monthly plan feels a bit expensive without annual discounts.
FBK-002830,CUST-004390,2023-12-14,8,4,Mobile experience,"Clean mobile UI, very responsive."
FBK-002831,CUST-004391,2024-09-12,7,3,Customer support,Ticket was escalated multiple times without a clear resolution.
FBK-002832,CUST-004392,2024-08-16,4,4,Mobile experience,Mobile notifications sometimes get delayed.
FBK-002833,CUST-004394,2024-07-22,7,3,Pricing,Renewal rate increase was unexpected.
FBK-002834,CUST-004397,2024-02-27,8,4,Missing features,The core features cover 90% of our workflow needs.
FBK-002835,CUST-004400,2022-03-13,5,2,Pricing,Renewal rate increase was unexpected.
FBK-002836,CUST-004401,2024-06-01,10,3,Mobile experience,"Clean mobile UI, very responsive."
FBK-002837,CUST-004402,2023-05-08,5,1,Missing features,Missing advanced analytics export to warehouse.
FBK-002838,CUST-004404,2023-08-02,5,4,Mobile experience,Mobile notifications sometimes get delayed.
FBK-002839,CUST-004406,2024-01-27,8,4,Performance,Reliable uptime with minimal disruptions.
FBK-002840,CUST-004410,2022-05-12,10,4,Integration,API documentation is top notch and easy to implement.
FBK-002841,CUST-004411,2022-09-15,2,2,Product usability,Steep learning curve for non-technical users.
FBK-002842,CUST-004412,2024-07-12,5,5,Product usability,Steep learning curve for non-technical users.
FBK-002843,CUST-004415,2024-07-24,7,4,Performance,Slow loading times on large dataset syncs.
FBK-002844,CUST-004417,2022-06-03,3,3,Integration,Custom connector setup was frustrating.
FBK-002845,CUST-004419,2022-11-19,6,5,Missing features,Missing advanced analytics export to warehouse.
FBK-002846,CUST-004421,2023-04-04,2,1,Mobile experience,Mobile notifications sometimes get delayed.
FBK-002847,CUST-004422,2023-01-06,8,2,Product usability,"Great dashboard layout, simplifies our daily standup."
FBK-002848,CUST-004423,2023-05-23,4,3,Pricing,Monthly plan feels a bit expensive without annual discounts.
FBK-002849,CUST-004424,2023-10-10,0,2,Customer support,Took too long to get a response on an urgent billing ticket.
FBK-002850,CUST-004425,2024-03-21,4,3,Missing features,Missing advanced analytics export to warehouse.
FBK-002851,CUST-004426,2024-05-13,7,4,Missing features,Missing advanced analytics export to warehouse.
FBK-002852,CUST-004427,2023-10-20,4,5,Missing features,Missing advanced analytics export to warehouse.
FBK-002853,CUST-004428,2024-06-14,9,4,Pricing,"Pricing is fair, but add-on user seats add up quickly."
FBK-002854,CUST-004429,2023-11-16,1,1,Missing features,Missing advanced analytics export to warehouse.
FBK-002855,CUST-004430,2023-10-19,4,2,Performance,Occasional lag during peak hours in large file exports.
FBK-002856,CUST-004431,2023-07-08,9,3,Product usability,"Great dashboard layout, simplifies our daily standup."
FBK-002857,CUST-004432,2022-06-06,7,3,Pricing,Renewal rate increase was unexpected.
FBK-002858,CUST-004434,2023-05-02,10,3,Mobile experience,"Clean mobile UI, very responsive."
FBK-002859,CUST-004435,2024-08-24,9,4,Performance,Reliable uptime with minimal disruptions.
FBK-002860,CUST-004436,2023-06-02,4,1,Mobile experience,Needs iPad tablet optimization.
FBK-002861,CUST-004437,2023-02-05,7,3,Integration,Webhook latency caused duplicate entries in our CRM.
FBK-002862,CUST-004438,2024-09-10,8,4,Missing features,The core features cover 90% of our workflow needs.
FBK-002863,CUST-004439,2024-10-25,7,4,Mobile experience,Mobile notifications sometimes get delayed.
FBK-002864,CUST-004440,2023-11-09,10,5,Missing features,The core features cover 90% of our workflow needs.
FBK-002865,CUST-004441,2023-08-01,5,2,Product usability,UI navigation can be cluttered for new team members.
FBK-002866,CUST-004442,2023-01-12,6,5,Integration,Webhook latency caused duplicate entries in our CRM.
FBK-002867,CUST-004443,2024-05-03,1,1,Missing features,Missing advanced analytics export to warehouse.
FBK-002868,CUST-004444,2023-04-27,5,2,Customer support,Ticket was escalated multiple times without a clear resolution.
FBK-002869,CUST-004445,2023-04-30,1,2,Performance,Slow loading times on large dataset syncs.
FBK-002870,CUST-004447,2023-07-13,7,3,Mobile experience,Mobile notifications sometimes get delayed.
FBK-002871,CUST-004449,2024-03-22,4,3,Customer support,Took too long to get a response on an urgent billing ticket.
FBK-002872,CUST-004450,2023-06-17,6,3,Performance,Slow loading times on large dataset syncs.
FBK-002873,CUST-004451,2023-07-10,8,5,Performance,Blazing fast sync speeds across distributed teams.
FBK-002874,CUST-004453,2024-02-13,7,3,Mobile experience,Needs iPad tablet optimization.
FBK-002875,CUST-004456,2024-01-03,6,1,Missing features,Missing advanced analytics export to warehouse.
FBK-002876,CUST-004457,2024-03-27,10,5,Customer support,Support team resolved our critical issue in under an hour!
FBK-002877,CUST-004458,2024-07-03,9,3,Mobile experience,"Clean mobile UI, very responsive."
FBK-002878,CUST-004459,2023-06-17,10,3,Integration,Seamless integration with Google Workspace and Salesforce.
FBK-002879,CUST-004460,2023-10-13,9,4,Customer support,Helpful customer success manager during onboarding.
FBK-002880,CUST-004461,2024-08-19,8,4,Customer support,Helpful customer success manager during onboarding.
FBK-002881,CUST-004462,2022-11-03,6,4,Mobile experience,Needs iPad tablet optimization.
FBK-002882,CUST-004464,2022-12-06,5,3,Pricing,Monthly plan feels a bit expensive without annual discounts.
FBK-002883,CUST-004467,2024-03-30,10,4,Pricing,Great value for money compared to enterprise alternatives.
FBK-002884,CUST-004469,2024-04-19,8,3,Product usability,"Great dashboard layout, simplifies our daily standup."
FBK-002885,CUST-004470,2024-06-18,0,1,Product usability,UI navigation can be cluttered for new team members.
FBK-002886,CUST-004472,2023-03-26,4,3,Product usability,UI navigation can be cluttered for new team members.
FBK-002887,CUST-004473,2024-08-20,6,4,Performance,Occasional lag during peak hours in large file exports.
FBK-002888,CUST-004474,2024-07-23,7,4,Pricing,Renewal rate increase was unexpected.
FBK-002889,CUST-004475,2024-07-30,9,3,Customer support,Support team resolved our critical issue in under an hour!
FBK-002890,CUST-004476,2022-11-27,9,4,Missing features,The core features cover 90% of our workflow needs.
FBK-002891,CUST-004480,2024-02-22,10,3,Pricing,"Pricing is fair, but add-on user seats add up quickly."
FBK-002892,CUST-004483,2023-02-08,9,4,Performance,Reliable uptime with minimal disruptions.
FBK-002893,CUST-004484,2024-04-18,5,2,Missing features,Missing advanced analytics export to warehouse.
FBK-002894,CUST-004486,2023-05-19,3,1,Integration,Custom connector setup was frustrating.
FBK-002895,CUST-004487,2023-07-07,7,3,Customer support,Took too long to get a response on an urgent billing ticket.
FBK-002896,CUST-004488,2022-07-06,3,4,Performance,Slow loading times on large dataset syncs.
FBK-002897,CUST-004490,2023-04-07,6,3,Performance,Slow loading times on large dataset syncs.
FBK-002898,CUST-004492,2024-03-04,6,4,Pricing,Renewal rate increase was unexpected.
FBK-002899,CUST-004494,2024-10-15,7,3,Performance,Slow loading times on large dataset syncs.
FBK-002900,CUST-004495,2024-05-18,10,4,Integration,Seamless integration with Google Workspace and Salesforce.
FBK-002901,CUST-004496,2022-08-12,8,4,Mobile experience,"Clean mobile UI, very responsive."
FBK-002902,CUST-004497,2024-09-09,7,4,Product usability,Steep learning curve for non-technical users.
FBK-002903,CUST-004498,2023-07-25,3,2,Integration,Webhook latency caused duplicate entries in our CRM.
FBK-002904,CUST-004501,2024-11-07,9,5,Pricing,Great value for money compared to enterprise alternatives.
FBK-002905,CUST-004502,2023-11-07,6,2,Integration,Webhook latency caused duplicate entries in our CRM.
FBK-002906,CUST-004503,2022-10-31,7,2,Performance,Slow loading times on large dataset syncs.
FBK-002907,CUST-004505,2023-06-24,6,5,Integration,Webhook latency caused duplicate entries in our CRM.
FBK-002908,CUST-004506,2024-04-13,10,5,Performance,Reliable uptime with minimal disruptions.
FBK-002909,CUST-004508,2024-03-09,8,5,Performance,Blazing fast sync speeds across distributed teams.
FBK-002910,CUST-004509,2022-11-17,6,3,Product usability,UI navigation can be cluttered for new team members.
FBK-002911,CUST-004510,2022-07-02,6,2,Customer support,Took too long to get a response on an urgent billing ticket.
FBK-002912,CUST-004515,2024-04-30,10,4,Missing features,The core features cover 90% of our workflow needs.
FBK-002913,CUST-004516,2024-05-19,7,3,Product usability,Steep learning curve for non-technical users.
FBK-002914,CUST-004518,2024-06-07,4,1,Integration,Custom connector setup was frustrating.
FBK-002915,CUST-004520,2023-04-22,1,3,Product usability,Steep learning curve for non-technical users.
FBK-002916,CUST-004522,2024-05-21,9,4,Customer support,Support team resolved our critical issue in under an hour!
FBK-002917,CUST-004523,2022-05-20,4,1,Product usability,UI navigation can be cluttered for new team members.
FBK-002918,CUST-004526,2024-05-20,6,2,Mobile experience,Mobile notifications sometimes get delayed.
FBK-002919,CUST-004527,2023-04-08,4,1,Product usability,UI navigation can be cluttered for new team members.
FBK-002920,CUST-004529,2024-03-23,7,4,Pricing,Monthly plan feels a bit expensive without annual discounts.
FBK-002921,CUST-004530,2023-09-26,6,5,Mobile experience,Needs iPad tablet optimization.
FBK-002922,CUST-004531,2023-01-23,8,4,Missing features,The core features cover 90% of our workflow needs.
FBK-002923,CUST-004532,2024-03-20,9,3,Product usability,Intuitive interface and team adopted it within days.
FBK-002924,CUST-004534,2024-02-18,7,4,Mobile experience,Needs iPad tablet optimization.
FBK-002925,CUST-004539,2023-04-24,8,3,Integration,Seamless integration with Google Workspace and Salesforce.
FBK-002926,CUST-004540,2023-08-31,7,3,Missing features,Missing advanced analytics export to warehouse.
FBK-002927,CUST-004541,2024-05-22,10,4,Performance,Reliable uptime with minimal disruptions.
FBK-002928,CUST-004543,2023-06-14,10,4,Performance,Blazing fast sync speeds across distributed teams.
FBK-002929,CUST-004545,2024-02-25,3,4,Pricing,Renewal rate increase was unexpected.
FBK-002930,CUST-004547,2024-03-26,9,4,Integration,API documentation is top notch and easy to implement.
FBK-002931,CUST-004549,2023-04-05,7,2,Product usability,UI navigation can be cluttered for new team members.
FBK-002932,CUST-004551,2024-08-10,10,3,Mobile experience,Mobile app is lightweight and perfect for on-the-go approvals.
FBK-002933,CUST-004552,2023-02-09,9,5,Mobile experience,Mobile app is lightweight and perfect for on-the-go approvals.
FBK-002934,CUST-004553,2022-10-05,1,1,Missing features,Missing advanced analytics export to warehouse.
FBK-002935,CUST-004554,2024-01-18,8,3,Missing features,The core features cover 90% of our workflow needs.
FBK-002936,CUST-004555,2022-07-03,7,5,Mobile experience,Needs iPad tablet optimization.
FBK-002937,CUST-004556,2024-03-03,0,1,Product usability,Steep learning curve for non-technical users.
FBK-002938,CUST-004559,2023-01-23,6,4,Customer support,Ticket was escalated multiple times without a clear resolution.
FBK-002939,CUST-004560,2023-12-26,6,1,Mobile experience,Mobile notifications sometimes get delayed.
FBK-002940,CUST-004561,2023-06-26,5,4,Missing features,Missing advanced analytics export to warehouse.
FBK-002941,CUST-004562,2023-09-21,5,3,Integration,Custom connector setup was frustrating.
FBK-002942,CUST-004563,2023-02-21,0,2,Mobile experience,Mobile notifications sometimes get delayed.
FBK-002943,CUST-004565,2022-12-28,9,1,Mobile experience,Mobile app is lightweight and perfect for on-the-go approvals.
FBK-002944,CUST-004566,2024-08-28,9,4,Pricing,Great value for money compared to enterprise alternatives.
FBK-002945,CUST-004567,2023-06-28,5,3,Product usability,UI navigation can be cluttered for new team members.
FBK-002946,CUST-004568,2023-12-11,7,1,Customer support,Ticket was escalated multiple times without a clear resolution.
FBK-002947,CUST-004569,2023-08-06,4,3,Mobile experience,Mobile notifications sometimes get delayed.
FBK-002948,CUST-004571,2022-12-30,1,1,Missing features,Missing advanced analytics export to warehouse.
FBK-002949,CUST-004572,2024-02-23,6,5,Performance,Slow loading times on large dataset syncs.
FBK-002950,CUST-004573,2024-02-16,8,4,Integration,Seamless integration with Google Workspace and Salesforce.
FBK-002951,CUST-004574,2023-12-02,9,3,Performance,Reliable uptime with minimal disruptions.
FBK-002952,CUST-004577,2023-12-21,10,5,Product usability,Intuitive interface and team adopted it within days.
FBK-002953,CUST-004579,2022-10-16,7,5,Missing features,Missing advanced analytics export to warehouse.
FBK-002954,CUST-004580,2023-11-23,6,4,Mobile experience,Mobile notifications sometimes get delayed.
FBK-002955,CUST-004581,2024-06-22,8,4,Customer support,Helpful customer success manager during onboarding.
FBK-002956,CUST-004582,2024-05-27,8,3,Pricing,Great value for money compared to enterprise alternatives.
FBK-002957,CUST-004583,2023-11-25,8,5,Missing features,The core features cover 90% of our workflow needs.
FBK-002958,CUST-004584,2024-05-19,10,5,Customer support,Helpful customer success manager during onboarding.
FBK-002959,CUST-004591,2022-07-06,6,1,Mobile experience,Needs iPad tablet optimization.
FBK-002960,CUST-004594,2024-07-25,7,5,Integration,Custom connector setup was frustrating.
FBK-002961,CUST-004595,2024-02-20,9,5,Mobile experience,"Clean mobile UI, very responsive."
FBK-002962,CUST-004597,2024-02-13,8,4,Missing features,The core features cover 90% of our workflow needs.
FBK-002963,CUST-004598,2024-05-30,10,4,Pricing,"Pricing is fair, but add-on user seats add up quickly."
FBK-002964,CUST-004599,2022-08-24,0,1,Integration,Custom connector setup was frustrating.
FBK-002965,CUST-004601,2024-03-24,8,3,Mobile experience,"Clean mobile UI, very responsive."
FBK-002966,CUST-004602,2024-04-30,9,3,Pricing,"Pricing is fair, but add-on user seats add up quickly."
FBK-002967,CUST-004603,2024-05-19,10,5,Missing features,The core features cover 90% of our workflow needs.
FBK-002968,CUST-004607,2023-10-18,7,4,Performance,Slow loading times on large dataset syncs.
FBK-002969,CUST-004608,2024-08-10,9,5,Customer support,Helpful customer success manager during onboarding.
FBK-002970,CUST-004609,2024-03-20,6,1,Performance,Occasional lag during peak hours in large file exports.
FBK-002971,CUST-004611,2024-05-26,0,2,Integration,Custom connector setup was frustrating.
FBK-002972,CUST-004612,2024-08-01,4,3,Mobile experience,Needs iPad tablet optimization.
FBK-002973,CUST-004613,2024-02-06,2,1,Performance,Occasional lag during peak hours in large file exports.
FBK-002974,CUST-004615,2022-04-19,2,3,Pricing,Monthly plan feels a bit expensive without annual discounts.
FBK-002975,CUST-004616,2024-01-13,6,2,Integration,Webhook latency caused duplicate entries in our CRM.
FBK-002976,CUST-004617,2022-03-08,5,2,Mobile experience,Mobile notifications sometimes get delayed.
FBK-002977,CUST-004618,2024-04-17,6,4,Pricing,Monthly plan feels a bit expensive without annual discounts.
FBK-002978,CUST-004621,2023-10-14,6,3,Product usability,UI navigation can be cluttered for new team members.
FBK-002979,CUST-004622,2023-05-20,9,4,Missing features,The core features cover 90% of our workflow needs.
FBK-002980,CUST-004623,2024-03-26,7,5,Customer support,Ticket was escalated multiple times without a clear resolution.
FBK-002981,CUST-004624,2022-04-01,2,3,Pricing,Renewal rate increase was unexpected.
FBK-002982,CUST-004625,2024-01-21,8,4,Performance,Reliable uptime with minimal disruptions.
FBK-002983,CUST-004626,2024-05-31,7,4,Mobile experience,Mobile notifications sometimes get delayed.
FBK-002984,CUST-004629,2023-12-26,9,4,Integration,API documentation is top notch and easy to implement.
FBK-002985,CUST-004631,2023-12-11,7,3,Pricing,Renewal rate increase was unexpected.
FBK-002986,CUST-004632,2023-11-26,5,2,Missing features,Missing advanced analytics export to warehouse.
FBK-002987,CUST-004633,2024-08-30,7,4,Performance,Occasional lag during peak hours in large file exports.
FBK-002988,CUST-004637,2023-06-17,0,4,Customer support,Ticket was escalated multiple times without a clear resolution.
FBK-002989,CUST-004638,2024-06-07,2,2,Mobile experience,Needs iPad tablet optimization.
FBK-002990,CUST-004639,2024-01-16,8,5,Performance,Blazing fast sync speeds across distributed teams.
FBK-002991,CUST-004640,2024-04-19,8,4,Mobile experience,Mobile app is lightweight and perfect for on-the-go approvals.
FBK-002992,CUST-004642,2024-08-27,10,3,Customer support,Support team resolved our critical issue in under an hour!
FBK-002993,CUST-004643,2023-09-28,8,4,Customer support,Support team resolved our critical issue in under an hour!
FBK-002994,CUST-004644,2024-05-03,7,5,Pricing,Renewal rate increase was unexpected.
FBK-002995,CUST-004646,2023-06-18,4,3,Product usability,Steep learning curve for non-technical users.
FBK-002996,CUST-004647,2023-08-19,10,4,Product usability,Intuitive interface and team adopted it within days.
FBK-002997,CUST-004648,2024-01-06,8,2,Mobile experience,Mobile app is lightweight and perfect for on-the-go approvals.
FBK-002998,CUST-004649,2024-03-21,8,4,Integration,Seamless integration with Google Workspace and Salesforce.
FBK-002999,CUST-004650,2023-11-20,7,4,Pricing,Monthly plan feels a bit expensive without annual discounts.
FBK-003000,CUST-004651,2023-08-29,9,4,Product usability,"Great dashboard layout, simplifies our daily standup."
FBK-003001,CUST-004652,2024-02-12,8,3,Performance,Blazing fast sync speeds across distributed teams.
FBK-003002,CUST-004653,2023-12-13,8,4,Mobile experience,Mobile app is lightweight and perfect for on-the-go approvals.
FBK-003003,CUST-004654,2024-05-18,6,5,Product usability,Steep learning curve for non-technical users.
FBK-003004,CUST-004657,2022-06-06,7,3,Customer support,Ticket was escalated multiple times without a clear resolution.
FBK-003005,CUST-004658,2023-09-25,7,4,Integration,Custom connector setup was frustrating.
FBK-003006,CUST-004660,2023-09-05,3,2,Missing features,Missing advanced analytics export to warehouse.
FBK-003007,CUST-004661,2023-09-21,5,4,Pricing,Renewal rate increase was unexpected.
FBK-003008,CUST-004663,2023-10-18,10,4,Performance,Reliable uptime with minimal disruptions.
FBK-003009,CUST-004664,2024-09-20,2,2,Missing features,Missing advanced analytics export to warehouse.
FBK-003010,CUST-004666,2024-07-03,4,3,Performance,Slow loading times on large dataset syncs.
FBK-003011,CUST-004667,2024-04-06,7,4,Customer support,Ticket was escalated multiple times without a clear resolution.
FBK-003012,CUST-004668,2024-09-28,10,3,Missing features,The core features cover 90% of our workflow needs.
FBK-003013,CUST-004672,2023-08-16,10,3,Customer support,Helpful customer success manager during onboarding.
FBK-003014,CUST-004674,2024-06-09,4,1,Missing features,Missing advanced analytics export to warehouse.
FBK-003015,CUST-004676,2023-07-17,8,4,Performance,Blazing fast sync speeds across distributed teams.
FBK-003016,CUST-004678,2023-12-22,9,5,Pricing,"Pricing is fair, but add-on user seats add up quickly."
FBK-003017,CUST-004679,2023-08-21,10,3,Product usability,"Great dashboard layout, simplifies our daily standup."
FBK-003018,CUST-004681,2023-12-24,9,2,Integration,Seamless integration with Google Workspace and Salesforce.
FBK-003019,CUST-004684,2022-07-02,0,3,Mobile experience,Needs iPad tablet optimization.
FBK-003020,CUST-004687,2023-05-26,6,3,Product usability,Steep learning curve for non-technical users.
FBK-003021,CUST-004688,2023-10-04,3,3,Mobile experience,Mobile notifications sometimes get delayed.
FBK-003022,CUST-004689,2024-03-15,6,4,Performance,Slow loading times on large dataset syncs.
FBK-003023,CUST-004690,2023-04-03,0,2,Customer support,Ticket was escalated multiple times without a clear resolution.
FBK-003024,CUST-004695,2023-10-01,4,3,Missing features,Missing advanced analytics export to warehouse.
FBK-003025,CUST-004698,2024-06-14,4,2,Pricing,Monthly plan feels a bit expensive without annual discounts.
FBK-003026,CUST-004699,2024-03-29,10,3,Pricing,Great value for money compared to enterprise alternatives.
FBK-003027,CUST-004700,2022-09-01,3,4,Mobile experience,Needs iPad tablet optimization.
FBK-003028,CUST-004701,2024-05-13,8,5,Integration,Seamless integration with Google Workspace and Salesforce.
FBK-003029,CUST-004702,2023-01-24,8,4,Customer support,Helpful customer success manager during onboarding.
FBK-003030,CUST-004703,2023-01-06,9,5,Product usability,Intuitive interface and team adopted it within days.
FBK-003031,CUST-004704,2024-05-30,8,3,Performance,Blazing fast sync speeds across distributed teams.
FBK-003032,CUST-004705,2024-07-01,8,5,Customer support,Support team resolved our critical issue in under an hour!
FBK-003033,CUST-004706,2022-10-15,1,1,Mobile experience,Needs iPad tablet optimization.
FBK-003034,CUST-004708,2024-01-19,7,4,Missing features,Missing advanced analytics export to warehouse.
FBK-003035,CUST-004709,2023-06-12,3,2,Customer support,Took too long to get a response on an urgent billing ticket.
FBK-003036,CUST-004710,2024-01-20,8,2,Mobile experience,"Clean mobile UI, very responsive."
FBK-003037,CUST-004711,2023-12-30,8,3,Customer support,Support team resolved our critical issue in under an hour!
FBK-003038,CUST-004712,2024-09-28,8,4,Mobile experience,Mobile app is lightweight and perfect for on-the-go approvals.
FBK-003039,CUST-004713,2024-05-04,7,4,Missing features,Missing advanced analytics export to warehouse.
FBK-003040,CUST-004714,2024-05-08,8,5,Integration,API documentation is top notch and easy to implement.
FBK-003041,CUST-004715,2023-06-23,8,4,Missing features,The core features cover 90% of our workflow needs.
FBK-003042,CUST-004716,2023-10-07,7,4,Integration,Custom connector setup was frustrating.
FBK-003043,CUST-004718,2024-07-14,8,2,Customer support,Support team resolved our critical issue in under an hour!
FBK-003044,CUST-004719,2023-12-18,8,5,Missing features,The core features cover 90% of our workflow needs.
FBK-003045,CUST-004720,2024-02-21,6,3,Integration,Webhook latency caused duplicate entries in our CRM.
FBK-003046,CUST-004721,2024-02-06,10,4,Mobile experience,"Clean mobile UI, very responsive."
FBK-003047,CUST-004722,2023-02-09,9,3,Product usability,Intuitive interface and team adopted it within days.
FBK-003048,CUST-004723,2023-05-16,6,3,Mobile experience,Needs iPad tablet optimization.
FBK-003049,CUST-004724,2024-01-07,4,5,Integration,Custom connector setup was frustrating.
FBK-003050,CUST-004725,2022-05-19,7,5,Mobile experience,Mobile notifications sometimes get delayed.
FBK-003051,CUST-004726,2023-10-03,6,2,Customer support,Ticket was escalated multiple times without a clear resolution.
FBK-003052,CUST-004730,2022-05-09,5,4,Integration,Custom connector setup was frustrating.
FBK-003053,CUST-004733,2023-10-22,7,4,Integration,Custom connector setup was frustrating.
FBK-003054,CUST-004734,2023-07-10,8,5,Mobile experience,Mobile app is lightweight and perfect for on-the-go approvals.
FBK-003055,CUST-004737,2023-11-04,9,5,Performance,Reliable uptime with minimal disruptions.
FBK-003056,CUST-004740,2024-06-03,7,4,Performance,Slow loading times on large dataset syncs.
FBK-003057,CUST-004743,2022-08-22,8,4,Mobile experience,Mobile app is lightweight and perfect for on-the-go approvals.
FBK-003058,CUST-004744,2024-02-06,2,1,Mobile experience,Mobile notifications sometimes get delayed.
FBK-003059,CUST-004746,2024-04-14,7,3,Performance,Slow loading times on large dataset syncs.
FBK-003060,CUST-004747,2023-11-29,7,4,Integration,Webhook latency caused duplicate entries in our CRM.
FBK-003061,CUST-004748,2024-08-11,8,3,Customer support,Helpful customer success manager during onboarding.
FBK-003062,CUST-004749,2024-05-21,0,1,Product usability,UI navigation can be cluttered for new team members.
FBK-003063,CUST-004750,2024-05-06,6,3,Mobile experience,Needs iPad tablet optimization.
FBK-003064,CUST-004751,2023-08-30,8,4,Missing features,The core features cover 90% of our workflow needs.
FBK-003065,CUST-004752,2024-07-09,7,3,Customer support,Ticket was escalated multiple times without a clear resolution.
FBK-003066,CUST-004753,2023-09-05,6,3,Customer support,Took too long to get a response on an urgent billing ticket.
FBK-003067,CUST-004755,2024-07-11,9,4,Pricing,Great value for money compared to enterprise alternatives.
FBK-003068,CUST-004756,2024-07-16,10,3,Mobile experience,Mobile app is lightweight and perfect for on-the-go approvals.
FBK-003069,CUST-004758,2024-04-17,0,1,Performance,Occasional lag during peak hours in large file exports.
FBK-003070,CUST-004759,2023-05-08,6,2,Performance,Occasional lag during peak hours in large file exports.
FBK-003071,CUST-004761,2022-05-13,8,2,Performance,Reliable uptime with minimal disruptions.
FBK-003072,CUST-004762,2024-04-13,10,5,Performance,Reliable uptime with minimal disruptions.
FBK-003073,CUST-004764,2024-05-26,3,2,Customer support,Took too long to get a response on an urgent billing ticket.
FBK-003074,CUST-004765,2023-02-28,9,3,Pricing,Great value for money compared to enterprise alternatives.
FBK-003075,CUST-004766,2024-06-14,8,3,Mobile experience,"Clean mobile UI, very responsive."
FBK-003076,CUST-004767,2024-04-01,3,1,Pricing,Monthly plan feels a bit expensive without annual discounts.
FBK-003077,CUST-004769,2024-06-08,7,4,Mobile experience,Needs iPad tablet optimization.
FBK-003078,CUST-004771,2024-04-01,10,5,Customer support,Support team resolved our critical issue in under an hour!
FBK-003079,CUST-004772,2024-07-24,8,3,Mobile experience,"Clean mobile UI, very responsive."
FBK-003080,CUST-004773,2022-10-30,5,2,Mobile experience,Needs iPad tablet optimization.
FBK-003081,CUST-004774,2023-09-23,10,4,Product usability,Intuitive interface and team adopted it within days.
FBK-003082,CUST-004775,2024-05-29,9,4,Pricing,"Pricing is fair, but add-on user seats add up quickly."
FBK-003083,CUST-004776,2024-06-24,5,1,Customer support,Ticket was escalated multiple times without a clear resolution.
FBK-003084,CUST-004777,2024-07-13,9,3,Pricing,"Pricing is fair, but add-on user seats add up quickly."
FBK-003085,CUST-004778,2023-12-11,5,1,Missing features,Missing advanced analytics export to warehouse.
FBK-003086,CUST-004779,2022-09-12,8,4,Performance,Reliable uptime with minimal disruptions.
FBK-003087,CUST-004780,2024-08-15,7,5,Mobile experience,Needs iPad tablet optimization.
FBK-003088,CUST-004782,2024-06-30,6,4,Product usability,Steep learning curve for non-technical users.
FBK-003089,CUST-004783,2023-10-10,7,4,Pricing,Renewal rate increase was unexpected.
FBK-003090,CUST-004785,2023-02-01,5,4,Customer support,Took too long to get a response on an urgent billing ticket.
FBK-003091,CUST-004787,2024-09-25,6,3,Mobile experience,Mobile notifications sometimes get delayed.
FBK-003092,CUST-004788,2024-04-13,9,3,Customer support,Helpful customer success manager during onboarding.
FBK-003093,CUST-004789,2023-07-20,4,1,Performance,Occasional lag during peak hours in large file exports.
FBK-003094,CUST-004790,2023-11-21,4,3,Mobile experience,Mobile notifications sometimes get delayed.
FBK-003095,CUST-004791,2024-01-06,6,2,Performance,Slow loading times on large dataset syncs.
FBK-003096,CUST-004793,2023-05-04,3,3,Mobile experience,Needs iPad tablet optimization.
FBK-003097,CUST-004794,2023-09-06,7,3,Customer support,Ticket was escalated multiple times without a clear resolution.
FBK-003098,CUST-004795,2023-05-22,8,4,Integration,Seamless integration with Google Workspace and Salesforce.
FBK-003099,CUST-004797,2023-07-15,8,3,Missing features,The core features cover 90% of our workflow needs.
FBK-003100,CUST-004798,2023-06-26,10,4,Missing features,The core features cover 90% of our workflow needs.
FBK-003101,CUST-004800,2022-11-18,5,1,Product usability,Steep learning curve for non-technical users.
FBK-003102,CUST-004802,2022-07-15,3,1,Pricing,Monthly plan feels a bit expensive without annual discounts.
FBK-003103,CUST-004807,2022-11-21,4,1,Integration,Custom connector setup was frustrating.
FBK-003104,CUST-004810,2024-07-18,5,4,Customer support,Ticket was escalated multiple times without a clear resolution.
FBK-003105,CUST-004814,2024-02-07,8,3,Integration,API documentation is top notch and easy to implement.
FBK-003106,CUST-004816,2023-10-31,6,5,Mobile experience,Needs iPad tablet optimization.
FBK-003107,CUST-004817,2023-08-17,9,3,Performance,Blazing fast sync speeds across distributed teams.
FBK-003108,CUST-004818,2024-08-07,10,5,Product usability,Intuitive interface and team adopted it within days.
FBK-003109,CUST-004819,2023-04-05,7,3,Performance,Occasional lag during peak hours in large file exports.
FBK-003110,CUST-004820,2022-08-24,8,3,Missing features,The core features cover 90% of our workflow needs.
FBK-003111,CUST-004821,2024-04-16,10,4,Customer support,Helpful customer success manager during onboarding.
FBK-003112,CUST-004823,2024-09-02,5,4,Missing features,Missing advanced analytics export to warehouse.
FBK-003113,CUST-004824,2024-03-27,4,2,Missing features,Missing advanced analytics export to warehouse.
FBK-003114,CUST-004825,2023-05-19,5,4,Pricing,Monthly plan feels a bit expensive without annual discounts.
FBK-003115,CUST-004826,2024-05-28,8,2,Product usability,Intuitive interface and team adopted it within days.
FBK-003116,CUST-004827,2023-08-04,8,3,Integration,Seamless integration with Google Workspace and Salesforce.
FBK-003117,CUST-004828,2023-05-15,9,4,Missing features,The core features cover 90% of our workflow needs.
FBK-003118,CUST-004831,2024-01-30,9,4,Integration,API documentation is top notch and easy to implement.
FBK-003119,CUST-004833,2023-06-01,6,3,Customer support,Took too long to get a response on an urgent billing ticket.
FBK-003120,CUST-004834,2022-09-23,2,1,Missing features,Missing advanced analytics export to warehouse.
FBK-003121,CUST-004835,2023-09-11,3,1,Customer support,Took too long to get a response on an urgent billing ticket.
FBK-003122,CUST-004836,2023-05-27,1,1,Pricing,Renewal rate increase was unexpected.
FBK-003123,CUST-004838,2023-10-20,5,3,Mobile experience,Mobile notifications sometimes get delayed.
FBK-003124,CUST-004840,2024-05-11,6,4,Missing features,Missing advanced analytics export to warehouse.
FBK-003125,CUST-004841,2024-05-05,2,1,Product usability,Steep learning curve for non-technical users.
FBK-003126,CUST-004842,2023-09-13,5,5,Integration,Webhook latency caused duplicate entries in our CRM.
FBK-003127,CUST-004843,2024-03-29,4,3,Mobile experience,Mobile notifications sometimes get delayed.
FBK-003128,CUST-004844,2023-01-15,8,3,Integration,Seamless integration with Google Workspace and Salesforce.
FBK-003129,CUST-004846,2024-03-25,8,4,Pricing,"Pricing is fair, but add-on user seats add up quickly."
FBK-003130,CUST-004847,2023-09-16,8,4,Pricing,"Pricing is fair, but add-on user seats add up quickly."
FBK-003131,CUST-004850,2024-09-10,10,4,Integration,Seamless integration with Google Workspace and Salesforce.
FBK-003132,CUST-004851,2024-08-16,7,4,Mobile experience,Mobile notifications sometimes get delayed.
FBK-003133,CUST-004855,2023-11-02,1,3,Product usability,Steep learning curve for non-technical users.
FBK-003134,CUST-004856,2023-10-13,6,4,Performance,Slow loading times on large dataset syncs.
FBK-003135,CUST-004858,2023-12-31,8,3,Pricing,"Pricing is fair, but add-on user seats add up quickly."
FBK-003136,CUST-004860,2023-07-19,7,2,Performance,Occasional lag during peak hours in large file exports.
FBK-003137,CUST-004862,2024-09-28,0,1,Product usability,UI navigation can be cluttered for new team members.
FBK-003138,CUST-004866,2022-09-24,9,4,Mobile experience,Mobile app is lightweight and perfect for on-the-go approvals.
FBK-003139,CUST-004868,2024-04-11,9,3,Pricing,Great value for money compared to enterprise alternatives.
FBK-003140,CUST-004869,2023-01-16,7,1,Integration,Custom connector setup was frustrating.
FBK-003141,CUST-004871,2023-03-05,10,5,Customer support,Helpful customer success manager during onboarding.
FBK-003142,CUST-004872,2023-03-11,5,4,Customer support,Ticket was escalated multiple times without a clear resolution.
FBK-003143,CUST-004873,2024-05-22,7,4,Pricing,Monthly plan feels a bit expensive without annual discounts.
FBK-003144,CUST-004875,2024-04-08,10,5,Performance,Reliable uptime with minimal disruptions.
FBK-003145,CUST-004876,2024-06-21,10,5,Mobile experience,"Clean mobile UI, very responsive."
FBK-003146,CUST-004877,2023-04-06,8,3,Missing features,The core features cover 90% of our workflow needs.
FBK-003147,CUST-004879,2023-08-26,8,5,Integration,Seamless integration with Google Workspace and Salesforce.
FBK-003148,CUST-004880,2024-05-06,7,4,Integration,Custom connector setup was frustrating.
FBK-003149,CUST-004882,2023-10-11,5,2,Missing features,Missing advanced analytics export to warehouse.
FBK-003150,CUST-004883,2023-11-30,6,3,Customer support,Ticket was escalated multiple times without a clear resolution.
FBK-003151,CUST-004884,2023-09-27,0,1,Missing features,Missing advanced analytics export to warehouse.
FBK-003152,CUST-004886,2023-12-16,3,1,Missing features,Missing advanced analytics export to warehouse.
FBK-003153,CUST-004887,2024-01-12,8,4,Mobile experience,"Clean mobile UI, very responsive."
FBK-003154,CUST-004889,2024-07-07,1,3,Performance,Occasional lag during peak hours in large file exports.
FBK-003155,CUST-004890,2023-06-02,6,5,Product usability,Steep learning curve for non-technical users.
FBK-003156,CUST-004894,2024-07-08,4,1,Pricing,Monthly plan feels a bit expensive without annual discounts.
FBK-003157,CUST-004897,2023-11-05,4,3,Customer support,Ticket was escalated multiple times without a clear resolution.
FBK-003158,CUST-004898,2024-03-05,8,5,Mobile experience,"Clean mobile UI, very responsive."
FBK-003159,CUST-004901,2023-09-20,5,2,Pricing,Monthly plan feels a bit expensive without annual discounts.
FBK-003160,CUST-004902,2024-04-03,5,1,Product usability,UI navigation can be cluttered for new team members.
FBK-003161,CUST-004903,2022-07-22,8,4,Integration,Seamless integration with Google Workspace and Salesforce.
FBK-003162,CUST-004906,2023-07-15,10,4,Pricing,Great value for money compared to enterprise alternatives.
FBK-003163,CUST-004907,2024-02-11,2,1,Mobile experience,Needs iPad tablet optimization.
FBK-003164,CUST-004910,2023-07-22,7,4,Customer support,Took too long to get a response on an urgent billing ticket.
FBK-003165,CUST-004914,2023-09-05,9,4,Mobile experience,"Clean mobile UI, very responsive."
FBK-003166,CUST-004916,2024-01-01,3,1,Customer support,Ticket was escalated multiple times without a clear resolution.
FBK-003167,CUST-004917,2024-07-21,7,3,Mobile experience,Mobile notifications sometimes get delayed.
FBK-003168,CUST-004919,2024-02-25,10,4,Integration,Seamless integration with Google Workspace and Salesforce.
FBK-003169,CUST-004920,2024-02-16,5,2,Mobile experience,Needs iPad tablet optimization.
FBK-003170,CUST-004921,2023-11-13,9,3,Customer support,Support team resolved our critical issue in under an hour!
FBK-003171,CUST-004922,2024-05-06,4,1,Performance,Occasional lag during peak hours in large file exports.
FBK-003172,CUST-004923,2024-06-11,5,4,Customer support,Ticket was escalated multiple times without a clear resolution.
FBK-003173,CUST-004924,2022-10-05,2,2,Mobile experience,Mobile notifications sometimes get delayed.
FBK-003174,CUST-004927,2024-06-13,9,3,Pricing,"Pricing is fair, but add-on user seats add up quickly."
FBK-003175,CUST-004928,2024-05-18,5,3,Product usability,Steep learning curve for non-technical users.
FBK-003176,CUST-004929,2024-07-18,2,3,Customer support,Ticket was escalated multiple times without a clear resolution.
FBK-003177,CUST-004930,2024-06-18,7,4,Missing features,Missing advanced analytics export to warehouse.
FBK-003178,CUST-004931,2024-08-23,5,3,Pricing,Renewal rate increase was unexpected.
FBK-003179,CUST-004932,2023-05-19,7,3,Performance,Occasional lag during peak hours in large file exports.
FBK-003180,CUST-004933,2024-05-03,4,1,Missing features,Missing advanced analytics export to warehouse.
FBK-003181,CUST-004934,2023-03-08,2,1,Customer support,Took too long to get a response on an urgent billing ticket.
FBK-003182,CUST-004936,2024-03-19,5,2,Product usability,Steep learning curve for non-technical users.
FBK-003183,CUST-004937,2024-09-12,3,3,Performance,Occasional lag during peak hours in large file exports.
FBK-003184,CUST-004939,2024-08-24,6,4,Missing features,Missing advanced analytics export to warehouse.
FBK-003185,CUST-004940,2022-10-14,7,5,Performance,Occasional lag during peak hours in large file exports.
FBK-003186,CUST-004941,2024-10-13,10,4,Pricing,Great value for money compared to enterprise alternatives.
FBK-003187,CUST-004944,2023-09-10,6,3,Mobile experience,Mobile notifications sometimes get delayed.
FBK-003188,CUST-004946,2024-06-09,8,5,Performance,Reliable uptime with minimal disruptions.
FBK-003189,CUST-004947,2022-11-09,3,3,Integration,Webhook latency caused duplicate entries in our CRM.
FBK-003190,CUST-004948,2023-07-05,7,4,Product usability,Steep learning curve for non-technical users.
FBK-003191,CUST-004949,2024-02-14,4,5,Pricing,Renewal rate increase was unexpected.
FBK-003192,CUST-004950,2024-03-25,2,1,Pricing,Renewal rate increase was unexpected.
FBK-003193,CUST-004951,2024-01-31,5,4,Customer support,Took too long to get a response on an urgent billing ticket.
FBK-003194,CUST-004953,2024-05-09,7,4,Product usability,Steep learning curve for non-technical users.
FBK-003195,CUST-004954,2024-02-25,6,2,Customer support,Ticket was escalated multiple times without a clear resolution.
FBK-003196,CUST-004955,2023-11-23,7,3,Customer support,Ticket was escalated multiple times without a clear resolution.
FBK-003197,CUST-004956,2024-04-22,4,4,Missing features,Missing advanced analytics export to warehouse.
FBK-003198,CUST-004958,2023-07-17,8,1,Missing features,The core features cover 90% of our workflow needs.
FBK-003199,CUST-004959,2024-11-11,7,3,Missing features,Missing advanced analytics export to warehouse.
FBK-003200,CUST-004960,2023-10-02,9,4,Missing features,The core features cover 90% of our workflow needs.
FBK-003201,CUST-004962,2024-04-15,4,1,Product usability,UI navigation can be cluttered for new team members.
FBK-003202,CUST-004963,2022-06-10,2,3,Integration,Custom connector setup was frustrating.
FBK-003203,CUST-004964,2024-08-11,9,4,Pricing,"Pricing is fair, but add-on user seats add up quickly."
FBK-003204,CUST-004965,2024-05-27,10,4,Customer support,Helpful customer success manager during onboarding.
FBK-003205,CUST-004970,2022-08-15,5,2,Product usability,UI navigation can be cluttered for new team members.
FBK-003206,CUST-004971,2024-07-11,8,4,Pricing,Great value for money compared to enterprise alternatives.
FBK-003207,CUST-004973,2024-06-02,10,3,Mobile experience,"Clean mobile UI, very responsive."
FBK-003208,CUST-004974,2023-11-19,7,4,Product usability,Steep learning curve for non-technical users.
FBK-003209,CUST-004975,2024-07-21,6,4,Integration,Custom connector setup was frustrating.
FBK-003210,CUST-004979,2024-03-30,0,2,Performance,Slow loading times on large dataset syncs.
FBK-003211,CUST-004980,2022-08-23,7,4,Integration,Custom connector setup was frustrating.
FBK-003212,CUST-004982,2024-01-08,6,3,Mobile experience,Mobile notifications sometimes get delayed.
FBK-003213,CUST-004983,2024-09-15,10,3,Pricing,Great value for money compared to enterprise alternatives.
FBK-003214,CUST-004984,2024-05-02,8,3,Pricing,"Pricing is fair, but add-on user seats add up quickly."
FBK-003215,CUST-004985,2023-11-08,4,3,Missing features,Missing advanced analytics export to warehouse.
FBK-003216,CUST-004986,2024-01-22,8,3,Pricing,Great value for money compared to enterprise alternatives.
FBK-003217,CUST-004987,2022-07-14,9,4,Integration,API documentation is top notch and easy to implement.
FBK-003218,CUST-004988,2023-07-13,8,2,Pricing,Great value for money compared to enterprise alternatives.
FBK-003219,CUST-004990,2024-05-20,8,3,Pricing,Great value for money compared to enterprise alternatives.
FBK-003220,CUST-004991,2022-10-27,0,2,Missing features,Missing advanced analytics export to warehouse.
FBK-003221,CUST-004992,2024-05-12,6,4,Pricing,Renewal rate increase was unexpected.
FBK-003222,CUST-004993,2024-04-16,8,4,Missing features,The core features cover 90% of our workflow needs.
FBK-003223,CUST-004996,2023-11-07,6,3,Product usability,Steep learning curve for non-technical users.
FBK-003224,CUST-004997,2024-06-10,8,3,Pricing,Great value for money compared to enterprise alternatives.
FBK-003225,CUST-004999,2023-01-24,7,3,Product usability,Steep learning curve for non-technical users.
FBK-003226,CUST-005002,2022-10-26,8,2,Mobile experience,"Clean mobile UI, very responsive."
FBK-003227,CUST-005004,2023-01-23,8,2,Mobile experience,"Clean mobile UI, very responsive."
FBK-003228,CUST-005005,2023-07-06,10,3,Product usability,"Great dashboard layout, simplifies our daily standup."
FBK-003229,CUST-005008,2024-02-08,0,1,Missing features,Missing advanced analytics export to warehouse.
FBK-003230,CUST-005009,2024-09-24,7,5,Performance,Occasional lag during peak hours in large file exports.
FBK-003231,CUST-005011,2024-07-27,7,4,Missing features,Missing advanced analytics export to warehouse.
FBK-003232,CUST-005012,2024-02-24,10,5,Missing features,The core features cover 90% of our workflow needs.
FBK-003233,CUST-005013,2023-09-13,5,1,Integration,Custom connector setup was frustrating.
FBK-003234,CUST-005014,2023-05-01,4,2,Customer support,Ticket was escalated multiple times without a clear resolution.
FBK-003235,CUST-005015,2023-08-24,6,4,Product usability,Steep learning curve for non-technical users.
FBK-003236,CUST-005017,2022-07-01,3,1,Mobile experience,Needs iPad tablet optimization.
FBK-003237,CUST-005018,2022-12-10,5,4,Customer support,Ticket was escalated multiple times without a clear resolution.
FBK-003238,CUST-005019,2022-10-10,1,2,Integration,Custom connector setup was frustrating.
FBK-003239,CUST-005020,2024-04-06,8,4,Product usability,"Great dashboard layout, simplifies our daily standup."
FBK-003240,CUST-005021,2023-12-26,7,4,Pricing,Renewal rate increase was unexpected.
FBK-003241,CUST-005022,2024-04-22,6,2,Missing features,Missing advanced analytics export to warehouse.
FBK-003242,CUST-005023,2024-09-22,10,5,Integration,API documentation is top notch and easy to implement.
FBK-003243,CUST-005024,2024-06-06,9,4,Mobile experience,Mobile app is lightweight and perfect for on-the-go approvals.
FBK-003244,CUST-005025,2022-08-17,5,1,Integration,Webhook latency caused duplicate entries in our CRM.
FBK-003245,CUST-005027,2024-04-02,0,1,Product usability,UI navigation can be cluttered for new team members.
FBK-003246,CUST-005028,2024-02-09,8,4,Customer support,Helpful customer success manager during onboarding.
FBK-003247,CUST-005031,2023-11-13,7,4,Pricing,Monthly plan feels a bit expensive without annual discounts.
FBK-003248,CUST-005032,2024-04-27,10,2,Product usability,"Great dashboard layout, simplifies our daily standup."
FBK-003249,CUST-005033,2024-09-09,1,2,Customer support,Ticket was escalated multiple times without a clear resolution.
FBK-003250,CUST-005036,2024-06-17,3,3,Mobile experience,Needs iPad tablet optimization.
FBK-003251,CUST-005037,2023-12-07,5,4,Pricing,Monthly plan feels a bit expensive without annual discounts.
FBK-003252,CUST-005039,2024-07-08,7,5,Pricing,Monthly plan feels a bit expensive without annual discounts.
FBK-003253,CUST-005040,2023-12-19,10,5,Customer support,Helpful customer success manager during onboarding.
FBK-003254,CUST-005041,2023-02-07,3,2,Performance,Occasional lag during peak hours in large file exports.
FBK-003255,CUST-005044,2023-10-24,7,5,Pricing,Monthly plan feels a bit expensive without annual discounts.
FBK-003256,CUST-005045,2022-11-25,2,3,Integration,Custom connector setup was frustrating.
FBK-003257,CUST-005046,2024-07-19,9,4,Customer support,Support team resolved our critical issue in under an hour!
FBK-003258,CUST-005047,2023-11-21,8,3,Integration,API documentation is top notch and easy to implement.
FBK-003259,CUST-005048,2024-03-13,3,1,Integration,Webhook latency caused duplicate entries in our CRM.
FBK-003260,CUST-005049,2023-09-18,5,3,Customer support,Ticket was escalated multiple times without a clear resolution.
FBK-003261,CUST-005051,2023-12-20,5,1,Mobile experience,Mobile notifications sometimes get delayed.
FBK-003262,CUST-005052,2023-11-12,3,2,Integration,Custom connector setup was frustrating.
FBK-003263,CUST-005053,2023-07-16,5,3,Product usability,UI navigation can be cluttered for new team members.
FBK-003264,CUST-005055,2024-07-18,6,4,Performance,Occasional lag during peak hours in large file exports.
FBK-003265,CUST-005056,2023-06-14,6,3,Customer support,Ticket was escalated multiple times without a clear resolution.
FBK-003266,CUST-005058,2024-06-02,10,3,Performance,Reliable uptime with minimal disruptions.
FBK-003267,CUST-005059,2023-12-30,3,3,Missing features,Missing advanced analytics export to warehouse.
FBK-003268,CUST-005060,2024-09-26,6,4,Performance,Slow loading times on large dataset syncs.
FBK-003269,CUST-005062,2023-01-23,9,3,Mobile experience,Mobile app is lightweight and perfect for on-the-go approvals.
FBK-003270,CUST-005063,2024-01-19,9,3,Integration,API documentation is top notch and easy to implement.
FBK-003271,CUST-005064,2022-12-15,6,4,Mobile experience,Needs iPad tablet optimization.
FBK-003272,CUST-005068,2024-04-02,9,4,Pricing,"Pricing is fair, but add-on user seats add up quickly."
FBK-003273,CUST-005069,2023-10-15,10,3,Performance,Reliable uptime with minimal disruptions.
FBK-003274,CUST-005076,2023-05-11,9,5,Mobile experience,"Clean mobile UI, very responsive."
FBK-003275,CUST-005077,2023-06-11,9,5,Customer support,Helpful customer success manager during onboarding.
FBK-003276,CUST-005079,2023-02-01,6,5,Integration,Custom connector setup was frustrating.
FBK-003277,CUST-005080,2024-04-30,3,3,Missing features,Missing advanced analytics export to warehouse.
FBK-003278,CUST-005081,2024-01-02,2,2,Performance,Occasional lag during peak hours in large file exports.
FBK-003279,CUST-005082,2023-10-13,10,4,Missing features,The core features cover 90% of our workflow needs.
FBK-003280,CUST-005083,2023-01-12,6,1,Customer support,Took too long to get a response on an urgent billing ticket.
FBK-003281,CUST-005084,2024-02-20,10,4,Performance,Reliable uptime with minimal disruptions.
FBK-003282,CUST-005085,2024-07-08,7,4,Performance,Slow loading times on large dataset syncs.
FBK-003283,CUST-005086,2023-02-19,6,4,Mobile experience,Mobile notifications sometimes get delayed.
FBK-003284,CUST-005087,2024-06-17,0,2,Performance,Slow loading times on large dataset syncs.
FBK-003285,CUST-005088,2024-07-07,6,5,Performance,Occasional lag during peak hours in large file exports.
FBK-003286,CUST-005089,2023-12-02,1,3,Pricing,Monthly plan feels a bit expensive without annual discounts.
FBK-003287,CUST-005091,2023-07-22,8,4,Product usability,Intuitive interface and team adopted it within days.
FBK-003288,CUST-005092,2023-07-06,5,3,Performance,Occasional lag during peak hours in large file exports.
FBK-003289,CUST-005093,2024-06-09,7,3,Product usability,UI navigation can be cluttered for new team members.
FBK-003290,CUST-005096,2024-05-06,3,3,Product usability,UI navigation can be cluttered for new team members.
FBK-003291,CUST-005097,2023-09-19,7,4,Pricing,Renewal rate increase was unexpected.
FBK-003292,CUST-005099,2024-08-13,4,1,Customer support,Took too long to get a response on an urgent billing ticket.
FBK-003293,CUST-005101,2023-03-18,2,2,Mobile experience,Needs iPad tablet optimization.
FBK-003294,CUST-005102,2024-06-23,5,4,Integration,Custom connector setup was frustrating.
FBK-003295,CUST-005103,2024-06-16,5,5,Integration,Webhook latency caused duplicate entries in our CRM.
FBK-003296,CUST-005105,2024-04-19,5,4,Missing features,Missing advanced analytics export to warehouse.
FBK-003297,CUST-005106,2023-04-16,7,4,Mobile experience,Needs iPad tablet optimization.
FBK-003298,CUST-005107,2024-07-01,7,3,Performance,Occasional lag during peak hours in large file exports.
FBK-003299,CUST-005108,2024-06-08,10,4,Product usability,Intuitive interface and team adopted it within days.
FBK-003300,CUST-005109,2024-08-20,5,4,Performance,Slow loading times on large dataset syncs.
FBK-003301,CUST-005110,2022-09-07,7,3,Integration,Webhook latency caused duplicate entries in our CRM.
FBK-003302,CUST-005113,2024-05-21,7,4,Mobile experience,Mobile notifications sometimes get delayed.
FBK-003303,CUST-005114,2024-05-04,9,3,Mobile experience,"Clean mobile UI, very responsive."
FBK-003304,CUST-005116,2024-04-17,7,3,Customer support,Took too long to get a response on an urgent billing ticket.
FBK-003305,CUST-005117,2024-09-29,5,4,Integration,Webhook latency caused duplicate entries in our CRM.
FBK-003306,CUST-005120,2023-08-05,2,2,Missing features,Missing advanced analytics export to warehouse.
FBK-003307,CUST-005121,2023-12-04,5,2,Pricing,Renewal rate increase was unexpected.
FBK-003308,CUST-005123,2024-06-08,10,4,Pricing,Great value for money compared to enterprise alternatives.
FBK-003309,CUST-005124,2023-06-01,1,3,Performance,Slow loading times on large dataset syncs.
FBK-003310,CUST-005126,2023-12-27,8,4,Product usability,"Great dashboard layout, simplifies our daily standup."
FBK-003311,CUST-005130,2024-04-05,9,4,Performance,Reliable uptime with minimal disruptions.
FBK-003312,CUST-005131,2023-05-09,4,1,Missing features,Missing advanced analytics export to warehouse.
FBK-003313,CUST-005133,2022-11-11,0,1,Product usability,UI navigation can be cluttered for new team members.
FBK-003314,CUST-005136,2023-12-08,6,4,Integration,Webhook latency caused duplicate entries in our CRM.
FBK-003315,CUST-005139,2024-06-24,7,3,Performance,Occasional lag during peak hours in large file exports.
FBK-003316,CUST-005140,2023-04-13,7,4,Integration,Webhook latency caused duplicate entries in our CRM.
FBK-003317,CUST-005141,2024-01-14,8,4,Product usability,"Great dashboard layout, simplifies our daily standup."
FBK-003318,CUST-005142,2024-10-25,7,3,Mobile experience,Mobile notifications sometimes get delayed.
FBK-003319,CUST-005143,2023-01-26,6,3,Missing features,Missing advanced analytics export to warehouse.
FBK-003320,CUST-005144,2024-04-14,4,3,Mobile experience,Mobile notifications sometimes get delayed.
FBK-003321,CUST-005145,2024-05-30,7,4,Integration,Webhook latency caused duplicate entries in our CRM.
FBK-003322,CUST-005146,2024-03-25,8,1,Integration,Seamless integration with Google Workspace and Salesforce.
FBK-003323,CUST-005147,2024-08-05,4,1,Performance,Occasional lag during peak hours in large file exports.
FBK-003324,CUST-005148,2024-02-05,8,3,Product usability,Intuitive interface and team adopted it within days.
FBK-003325,CUST-005149,2024-01-20,2,1,Pricing,Monthly plan feels a bit expensive without annual discounts.
FBK-003326,CUST-005150,2024-06-09,6,4,Pricing,Monthly plan feels a bit expensive without annual discounts.
FBK-003327,CUST-005151,2023-03-05,7,4,Product usability,Steep learning curve for non-technical users.
FBK-003328,CUST-005152,2023-07-06,3,2,Integration,Custom connector setup was frustrating.
FBK-003329,CUST-005153,2023-04-13,9,4,Missing features,The core features cover 90% of our workflow needs.
FBK-003330,CUST-005155,2024-01-17,9,4,Customer support,Support team resolved our critical issue in under an hour!
FBK-003331,CUST-005161,2024-06-21,4,3,Mobile experience,Mobile notifications sometimes get delayed.
FBK-003332,CUST-005164,2023-07-01,4,1,Customer support,Took too long to get a response on an urgent billing ticket.
FBK-003333,CUST-005165,2022-10-04,10,5,Performance,Blazing fast sync speeds across distributed teams.
FBK-003334,CUST-005166,2024-04-02,8,4,Integration,API documentation is top notch and easy to implement.
FBK-003335,CUST-005167,2023-12-23,8,4,Pricing,Great value for money compared to enterprise alternatives.
FBK-003336,CUST-005168,2024-08-20,6,5,Performance,Slow loading times on large dataset syncs.
FBK-003337,CUST-005169,2022-10-12,8,4,Pricing,"Pricing is fair, but add-on user seats add up quickly."
FBK-003338,CUST-005170,2024-01-30,6,3,Mobile experience,Mobile notifications sometimes get delayed.
FBK-003339,CUST-005171,2024-06-11,10,4,Missing features,The core features cover 90% of our workflow needs.
FBK-003340,CUST-005173,2024-06-01,5,4,Pricing,Monthly plan feels a bit expensive without annual discounts.
FBK-003341,CUST-005175,2024-06-17,8,3,Pricing,Great value for money compared to enterprise alternatives.
FBK-003342,CUST-005177,2024-08-11,2,2,Product usability,UI navigation can be cluttered for new team members.
FBK-003343,CUST-005178,2024-06-28,2,2,Mobile experience,Needs iPad tablet optimization.
FBK-003344,CUST-005179,2024-04-02,4,1,Integration,Custom connector setup was frustrating.
FBK-003345,CUST-005181,2024-06-05,7,5,Integration,Custom connector setup was frustrating.
FBK-003346,CUST-005182,2024-04-09,9,5,Performance,Blazing fast sync speeds across distributed teams.
FBK-003347,CUST-005183,2023-05-14,10,4,Performance,Blazing fast sync speeds across distributed teams.
FBK-003348,CUST-005185,2024-05-02,3,3,Integration,Webhook latency caused duplicate entries in our CRM.
FBK-003349,CUST-005187,2022-02-27,8,2,Pricing,"Pricing is fair, but add-on user seats add up quickly."
FBK-003350,CUST-005188,2023-11-09,1,2,Customer support,Ticket was escalated multiple times without a clear resolution.
FBK-003351,CUST-005190,2022-12-21,8,4,Performance,Reliable uptime with minimal disruptions.
FBK-003352,CUST-005191,2023-11-23,10,5,Customer support,Support team resolved our critical issue in under an hour!
FBK-003353,CUST-005192,2022-05-09,6,4,Pricing,Renewal rate increase was unexpected.
FBK-003354,CUST-005193,2023-01-21,9,5,Product usability,"Great dashboard layout, simplifies our daily standup."
FBK-003355,CUST-005198,2023-05-03,10,4,Product usability,"Great dashboard layout, simplifies our daily standup."
FBK-003356,CUST-005199,2023-09-04,1,3,Product usability,Steep learning curve for non-technical users.
FBK-003357,CUST-005200,2024-10-14,6,5,Customer support,Ticket was escalated multiple times without a clear resolution.
FBK-003358,CUST-005204,2024-08-17,6,2,Pricing,Monthly plan feels a bit expensive without annual discounts.
FBK-003359,CUST-005205,2022-06-07,8,3,Missing features,The core features cover 90% of our workflow needs.
FBK-003360,CUST-005206,2023-08-13,10,3,Customer support,Helpful customer success manager during onboarding.
FBK-003361,CUST-005207,2023-12-10,6,1,Customer support,Took too long to get a response on an urgent billing ticket.
FBK-003362,CUST-005208,2022-11-10,8,4,Mobile experience,Mobile app is lightweight and perfect for on-the-go approvals.
FBK-003363,CUST-005209,2022-10-21,5,4,Integration,Webhook latency caused duplicate entries in our CRM.
FBK-003364,CUST-005210,2023-04-24,10,3,Pricing,Great value for money compared to enterprise alternatives.
FBK-003365,CUST-005213,2023-11-17,9,5,Integration,API documentation is top notch and easy to implement.
FBK-003366,CUST-005214,2023-05-22,7,5,Pricing,Monthly plan feels a bit expensive without annual discounts.
FBK-003367,CUST-005215,2024-05-18,10,3,Missing features,The core features cover 90% of our workflow needs.
FBK-003368,CUST-005217,2022-11-17,8,4,Product usability,Intuitive interface and team adopted it within days.
FBK-003369,CUST-005218,2022-08-29,3,3,Integration,Custom connector setup was frustrating.
FBK-003370,CUST-005219,2023-08-02,6,5,Product usability,UI navigation can be cluttered for new team members.
FBK-003371,CUST-005220,2024-07-29,9,3,Product usability,Intuitive interface and team adopted it within days.
FBK-003372,CUST-005221,2024-07-04,8,2,Integration,Seamless integration with Google Workspace and Salesforce.
FBK-003373,CUST-005224,2023-07-27,6,4,Product usability,Steep learning curve for non-technical users.
FBK-003374,CUST-005225,2024-07-11,9,3,Missing features,The core features cover 90% of our workflow needs.
FBK-003375,CUST-005226,2023-06-23,7,4,Customer support,Ticket was escalated multiple times without a clear resolution.
FBK-003376,CUST-005228,2022-12-10,7,5,Mobile experience,Mobile notifications sometimes get delayed.
FBK-003377,CUST-005229,2024-07-17,7,3,Pricing,Monthly plan feels a bit expensive without annual discounts.
FBK-003378,CUST-005230,2024-07-11,2,2,Missing features,Missing advanced analytics export to warehouse.
FBK-003379,CUST-005231,2024-03-03,7,4,Mobile experience,Mobile notifications sometimes get delayed.
FBK-003380,CUST-005232,2023-09-05,4,1,Missing features,Missing advanced analytics export to warehouse.
FBK-003381,CUST-005236,2024-02-11,7,5,Pricing,Monthly plan feels a bit expensive without annual discounts.
FBK-003382,CUST-005237,2022-04-10,9,5,Missing features,The core features cover 90% of our workflow needs.
FBK-003383,CUST-005238,2023-08-19,2,1,Product usability,UI navigation can be cluttered for new team members.
FBK-003384,CUST-005241,2024-08-27,10,2,Customer support,Helpful customer success manager during onboarding.
FBK-003385,CUST-005247,2024-05-25,7,4,Mobile experience,Mobile notifications sometimes get delayed.
FBK-003386,CUST-005248,2023-11-22,7,4,Performance,Occasional lag during peak hours in large file exports.
FBK-003387,CUST-005252,2023-12-14,4,3,Product usability,Steep learning curve for non-technical users.
FBK-003388,CUST-005253,2024-06-14,5,3,Pricing,Monthly plan feels a bit expensive without annual discounts.
FBK-003389,CUST-005255,2023-08-19,4,1,Performance,Occasional lag during peak hours in large file exports.
FBK-003390,CUST-005257,2024-08-31,10,3,Performance,Reliable uptime with minimal disruptions.
FBK-003391,CUST-005258,2024-07-31,8,4,Customer support,Helpful customer success manager during onboarding.
FBK-003392,CUST-005259,2022-05-01,8,4,Pricing,Great value for money compared to enterprise alternatives.
FBK-003393,CUST-005261,2024-04-28,7,1,Missing features,Missing advanced analytics export to warehouse.
FBK-003394,CUST-005262,2023-03-09,6,4,Product usability,UI navigation can be cluttered for new team members.
FBK-003395,CUST-005263,2024-09-29,5,3,Mobile experience,Needs iPad tablet optimization.
FBK-003396,CUST-005265,2024-03-01,10,3,Product usability,Intuitive interface and team adopted it within days.
FBK-003397,CUST-005266,2024-06-18,10,4,Mobile experience,"Clean mobile UI, very responsive."
FBK-003398,CUST-005267,2023-06-17,2,3,Mobile experience,Needs iPad tablet optimization.
FBK-003399,CUST-005269,2023-10-27,6,4,Missing features,Missing advanced analytics export to warehouse.
FBK-003400,CUST-005270,2024-09-25,9,5,Performance,Reliable uptime with minimal disruptions.
FBK-003401,CUST-005272,2023-02-23,4,4,Missing features,Missing advanced analytics export to warehouse.
FBK-003402,CUST-005273,2024-02-24,7,2,Customer support,Ticket was escalated multiple times without a clear resolution.
FBK-003403,CUST-005274,2024-05-14,1,2,Missing features,Missing advanced analytics export to warehouse.
FBK-003404,CUST-005275,2024-10-23,10,3,Performance,Reliable uptime with minimal disruptions.
FBK-003405,CUST-005276,2024-06-20,2,1,Customer support,Ticket was escalated multiple times without a clear resolution.
FBK-003406,CUST-005277,2024-08-27,6,3,Product usability,UI navigation can be cluttered for new team members.
FBK-003407,CUST-005278,2024-08-01,1,1,Pricing,Monthly plan feels a bit expensive without annual discounts.
FBK-003408,CUST-005279,2023-02-21,8,3,Performance,Blazing fast sync speeds across distributed teams.
FBK-003409,CUST-005281,2024-06-05,7,1,Mobile experience,Mobile notifications sometimes get delayed.
FBK-003410,CUST-005282,2023-12-27,6,5,Customer support,Took too long to get a response on an urgent billing ticket.
FBK-003411,CUST-005283,2024-03-10,7,3,Performance,Slow loading times on large dataset syncs.
FBK-003412,CUST-005284,2024-03-22,7,4,Mobile experience,Mobile notifications sometimes get delayed.
FBK-003413,CUST-005285,2024-05-02,9,5,Performance,Blazing fast sync speeds across distributed teams.
FBK-003414,CUST-005287,2024-01-09,8,3,Performance,Blazing fast sync speeds across distributed teams.
FBK-003415,CUST-005288,2023-02-18,5,3,Product usability,Steep learning curve for non-technical users.
FBK-003416,CUST-005289,2024-07-10,6,4,Integration,Webhook latency caused duplicate entries in our CRM.
FBK-003417,CUST-005290,2024-06-01,5,1,Integration,Webhook latency caused duplicate entries in our CRM.
FBK-003418,CUST-005291,2024-09-10,8,2,Performance,Blazing fast sync speeds across distributed teams.
FBK-003419,CUST-005292,2024-07-01,6,3,Mobile experience,Needs iPad tablet optimization.
FBK-003420,CUST-005294,2023-07-11,8,3,Performance,Reliable uptime with minimal disruptions.
FBK-003421,CUST-005295,2024-02-07,3,2,Mobile experience,Mobile notifications sometimes get delayed.
FBK-003422,CUST-005296,2023-07-19,2,3,Missing features,Missing advanced analytics export to warehouse.
FBK-003423,CUST-005298,2024-06-24,6,2,Integration,Webhook latency caused duplicate entries in our CRM.
FBK-003424,CUST-005299,2024-08-30,7,4,Customer support,Ticket was escalated multiple times without a clear resolution.
FBK-003425,CUST-005300,2024-10-09,8,4,Customer support,Helpful customer success manager during onboarding.
FBK-003426,CUST-005301,2023-07-17,4,1,Pricing,Monthly plan feels a bit expensive without annual discounts.
FBK-003427,CUST-005308,2022-11-15,8,5,Mobile experience,Mobile app is lightweight and perfect for on-the-go approvals.
FBK-003428,CUST-005309,2024-05-29,10,4,Integration,API documentation is top notch and easy to implement.
FBK-003429,CUST-005311,2024-02-04,6,4,Integration,Custom connector setup was frustrating.
FBK-003430,CUST-005312,2024-08-19,6,4,Customer support,Ticket was escalated multiple times without a clear resolution.
FBK-003431,CUST-005313,2023-04-28,6,2,Product usability,UI navigation can be cluttered for new team members.
FBK-003432,CUST-005316,2024-05-01,9,4,Missing features,The core features cover 90% of our workflow needs.
FBK-003433,CUST-005318,2022-05-21,3,1,Integration,Webhook latency caused duplicate entries in our CRM.
FBK-003434,CUST-005321,2023-11-03,4,1,Integration,Webhook latency caused duplicate entries in our CRM.
FBK-003435,CUST-005322,2024-09-27,7,3,Product usability,Steep learning curve for non-technical users.
FBK-003436,CUST-005325,2024-01-26,10,4,Missing features,The core features cover 90% of our workflow needs.
FBK-003437,CUST-005326,2024-09-04,8,4,Product usability,Intuitive interface and team adopted it within days.
FBK-003438,CUST-005328,2024-03-22,3,2,Mobile experience,Needs iPad tablet optimization.
FBK-003439,CUST-005329,2024-09-11,9,4,Pricing,"Pricing is fair, but add-on user seats add up quickly."
FBK-003440,CUST-005331,2023-08-27,7,3,Pricing,Monthly plan feels a bit expensive without annual discounts.
FBK-003441,CUST-005333,2024-09-12,10,3,Pricing,"Pricing is fair, but add-on user seats add up quickly."
FBK-003442,CUST-005335,2024-06-17,9,3,Customer support,Support team resolved our critical issue in under an hour!
FBK-003443,CUST-005336,2024-04-13,7,5,Missing features,Missing advanced analytics export to warehouse.
FBK-003444,CUST-005337,2023-12-21,8,5,Pricing,Great value for money compared to enterprise alternatives.
FBK-003445,CUST-005338,2024-05-24,9,3,Pricing,Great value for money compared to enterprise alternatives.
FBK-003446,CUST-005340,2024-05-21,10,3,Customer support,Support team resolved our critical issue in under an hour!
FBK-003447,CUST-005344,2024-04-04,9,4,Customer support,Helpful customer success manager during onboarding.
FBK-003448,CUST-005345,2024-05-20,10,5,Integration,Seamless integration with Google Workspace and Salesforce.
FBK-003449,CUST-005348,2022-03-06,7,3,Product usability,Steep learning curve for non-technical users.
FBK-003450,CUST-005349,2023-12-18,3,1,Performance,Occasional lag during peak hours in large file exports.
FBK-003451,CUST-005350,2022-07-21,9,4,Mobile experience,"Clean mobile UI, very responsive."
FBK-003452,CUST-005351,2024-10-19,6,4,Performance,Occasional lag during peak hours in large file exports.
FBK-003453,CUST-005352,2022-12-15,2,1,Mobile experience,Mobile notifications sometimes get delayed.
FBK-003454,CUST-005354,2024-06-30,1,1,Performance,Slow loading times on large dataset syncs.
FBK-003455,CUST-005355,2024-03-19,10,4,Product usability,Intuitive interface and team adopted it within days.
FBK-003456,CUST-005356,2023-12-29,7,3,Pricing,Monthly plan feels a bit expensive without annual discounts.
FBK-003457,CUST-005357,2023-09-14,7,2,Product usability,UI navigation can be cluttered for new team members.
FBK-003458,CUST-005359,2023-01-23,7,4,Customer support,Ticket was escalated multiple times without a clear resolution.
FBK-003459,CUST-005360,2023-07-05,3,1,Product usability,UI navigation can be cluttered for new team members.
FBK-003460,CUST-005361,2023-07-22,2,3,Missing features,Missing advanced analytics export to warehouse.
FBK-003461,CUST-005364,2024-01-27,6,3,Mobile experience,Needs iPad tablet optimization.
FBK-003462,CUST-005365,2023-01-19,9,4,Missing features,The core features cover 90% of our workflow needs.
FBK-003463,CUST-005366,2023-11-25,9,5,Mobile experience,Mobile app is lightweight and perfect for on-the-go approvals.
FBK-003464,CUST-005367,2023-08-12,7,4,Performance,Slow loading times on large dataset syncs.
FBK-003465,CUST-005369,2023-12-02,4,3,Product usability,UI navigation can be cluttered for new team members.
FBK-003466,CUST-005371,2023-11-06,6,1,Performance,Slow loading times on large dataset syncs.
FBK-003467,CUST-005373,2023-11-30,10,4,Pricing,"Pricing is fair, but add-on user seats add up quickly."
FBK-003468,CUST-005374,2022-10-01,10,5,Integration,API documentation is top notch and easy to implement.
FBK-003469,CUST-005375,2023-10-15,5,1,Pricing,Monthly plan feels a bit expensive without annual discounts.
FBK-003470,CUST-005377,2022-08-08,3,3,Performance,Occasional lag during peak hours in large file exports.
FBK-003471,CUST-005378,2023-03-24,4,4,Missing features,Missing advanced analytics export to warehouse.
FBK-003472,CUST-005379,2024-09-19,7,3,Mobile experience,Mobile notifications sometimes get delayed.
FBK-003473,CUST-005380,2024-07-18,9,5,Missing features,The core features cover 90% of our workflow needs.
FBK-003474,CUST-005381,2023-06-22,10,3,Customer support,Helpful customer success manager during onboarding.
FBK-003475,CUST-005382,2023-08-04,10,3,Product usability,"Great dashboard layout, simplifies our daily standup."
FBK-003476,CUST-005383,2023-10-22,8,5,Product usability,Intuitive interface and team adopted it within days.
FBK-003477,CUST-005386,2022-10-15,1,2,Performance,Slow loading times on large dataset syncs.
FBK-003478,CUST-005388,2023-09-27,6,4,Missing features,Missing advanced analytics export to warehouse.
FBK-003479,CUST-005392,2023-12-07,4,1,Mobile experience,Needs iPad tablet optimization.
FBK-003480,CUST-005393,2024-08-29,10,5,Customer support,Support team resolved our critical issue in under an hour!
FBK-003481,CUST-005394,2023-11-16,10,5,Product usability,"Great dashboard layout, simplifies our daily standup."
FBK-003482,CUST-005395,2023-09-08,10,5,Mobile experience,Mobile app is lightweight and perfect for on-the-go approvals.
FBK-003483,CUST-005396,2023-12-03,5,5,Mobile experience,Mobile notifications sometimes get delayed.
FBK-003484,CUST-005397,2024-02-27,9,4,Customer support,Support team resolved our critical issue in under an hour!
FBK-003485,CUST-005400,2023-09-08,1,1,Missing features,Missing advanced analytics export to warehouse.
FBK-003486,CUST-005401,2022-10-11,7,3,Pricing,Monthly plan feels a bit expensive without annual discounts.
FBK-003487,CUST-005402,2024-08-05,7,5,Performance,Occasional lag during peak hours in large file exports.
FBK-003488,CUST-005404,2024-06-12,8,4,Mobile experience,"Clean mobile UI, very responsive."
FBK-003489,CUST-005405,2024-01-24,8,4,Product usability,"Great dashboard layout, simplifies our daily standup."
FBK-003490,CUST-005406,2023-05-11,10,4,Missing features,The core features cover 90% of our workflow needs.
FBK-003491,CUST-005407,2024-05-27,7,5,Missing features,Missing advanced analytics export to warehouse.
FBK-003492,CUST-005409,2024-08-24,7,4,Integration,Custom connector setup was frustrating.
FBK-003493,CUST-005410,2024-06-19,8,5,Mobile experience,"Clean mobile UI, very responsive."
FBK-003494,CUST-005411,2022-09-13,6,5,Customer support,Ticket was escalated multiple times without a clear resolution.
FBK-003495,CUST-005412,2024-03-19,7,4,Product usability,Steep learning curve for non-technical users.
FBK-003496,CUST-005413,2024-02-22,5,1,Product usability,Steep learning curve for non-technical users.
FBK-003497,CUST-005415,2024-04-24,9,3,Mobile experience,"Clean mobile UI, very responsive."
FBK-003498,CUST-005416,2022-12-07,5,4,Product usability,UI navigation can be cluttered for new team members.
FBK-003499,CUST-005417,2024-01-23,8,4,Customer support,Helpful customer success manager during onboarding.
FBK-003500,CUST-005418,2023-04-25,9,5,Mobile experience,Mobile app is lightweight and perfect for on-the-go approvals.
FBK-003501,CUST-005419,2023-02-15,8,3,Product usability,"Great dashboard layout, simplifies our daily standup."
FBK-003502,CUST-005420,2023-06-09,8,4,Customer support,Helpful customer success manager during onboarding.
FBK-003503,CUST-005421,2024-05-23,5,1,Performance,Occasional lag during peak hours in large file exports.
FBK-003504,CUST-005422,2024-05-01,6,4,Product usability,Steep learning curve for non-technical users.
FBK-003505,CUST-005423,2024-05-26,10,5,Performance,Reliable uptime with minimal disruptions.
FBK-003506,CUST-005424,2023-10-03,2,1,Missing features,Missing advanced analytics export to warehouse.
FBK-003507,CUST-005425,2024-10-21,7,4,Missing features,Missing advanced analytics export to warehouse.
FBK-003508,CUST-005427,2024-02-22,9,3,Mobile experience,"Clean mobile UI, very responsive."
FBK-003509,CUST-005429,2024-01-12,10,5,Mobile experience,Mobile app is lightweight and perfect for on-the-go approvals.
FBK-003510,CUST-005430,2023-09-09,9,1,Performance,Blazing fast sync speeds across distributed teams.
FBK-003511,CUST-005431,2022-10-03,8,3,Performance,Reliable uptime with minimal disruptions.
FBK-003512,CUST-005432,2023-09-16,5,3,Missing features,Missing advanced analytics export to warehouse.
FBK-003513,CUST-005433,2024-04-19,6,5,Mobile experience,Needs iPad tablet optimization.
FBK-003514,CUST-005434,2023-06-16,5,1,Mobile experience,Needs iPad tablet optimization.
FBK-003515,CUST-005436,2023-09-20,8,4,Missing features,The core features cover 90% of our workflow needs.
FBK-003516,CUST-005437,2024-03-17,8,5,Product usability,Intuitive interface and team adopted it within days.
FBK-003517,CUST-005438,2023-02-15,3,1,Mobile experience,Mobile notifications sometimes get delayed.
FBK-003518,CUST-005441,2024-08-04,6,2,Product usability,UI navigation can be cluttered for new team members.
FBK-003519,CUST-005442,2022-03-12,1,3,Product usability,UI navigation can be cluttered for new team members.
FBK-003520,CUST-005445,2024-07-14,6,4,Pricing,Renewal rate increase was unexpected.
FBK-003521,CUST-005447,2024-06-01,8,4,Pricing,Great value for money compared to enterprise alternatives.
FBK-003522,CUST-005448,2023-07-14,6,3,Mobile experience,Needs iPad tablet optimization.
FBK-003523,CUST-005449,2024-06-19,7,4,Customer support,Ticket was escalated multiple times without a clear resolution.
FBK-003524,CUST-005451,2024-08-02,6,5,Performance,Slow loading times on large dataset syncs.
FBK-003525,CUST-005452,2024-04-15,3,3,Integration,Custom connector setup was frustrating.
FBK-003526,CUST-005454,2023-02-25,9,4,Mobile experience,Mobile app is lightweight and perfect for on-the-go approvals.
FBK-003527,CUST-005455,2023-04-05,6,3,Pricing,Renewal rate increase was unexpected.
FBK-003528,CUST-005457,2024-02-14,9,4,Mobile experience,Mobile app is lightweight and perfect for on-the-go approvals.
FBK-003529,CUST-005459,2024-09-24,2,3,Mobile experience,Mobile notifications sometimes get delayed.
FBK-003530,CUST-005460,2024-06-11,7,4,Performance,Occasional lag during peak hours in large file exports.
FBK-003531,CUST-005462,2022-12-19,6,2,Integration,Webhook latency caused duplicate entries in our CRM.
FBK-003532,CUST-005463,2023-03-29,1,2,Customer support,Took too long to get a response on an urgent billing ticket.
FBK-003533,CUST-005464,2023-01-18,9,3,Product usability,"Great dashboard layout, simplifies our daily standup."
FBK-003534,CUST-005465,2023-01-21,9,5,Customer support,Helpful customer success manager during onboarding.
FBK-003535,CUST-005466,2023-12-11,7,2,Customer support,Ticket was escalated multiple times without a clear resolution.
FBK-003536,CUST-005467,2022-12-02,8,4,Missing features,The core features cover 90% of our workflow needs.
FBK-003537,CUST-005468,2023-10-08,10,3,Pricing,Great value for money compared to enterprise alternatives.
FBK-003538,CUST-005469,2023-03-19,10,4,Performance,Reliable uptime with minimal disruptions.
FBK-003539,CUST-005470,2024-07-25,8,3,Product usability,Intuitive interface and team adopted it within days.
FBK-003540,CUST-005471,2023-06-04,7,2,Pricing,Monthly plan feels a bit expensive without annual discounts.
FBK-003541,CUST-005473,2023-12-22,6,4,Product usability,UI navigation can be cluttered for new team members.
FBK-003542,CUST-005474,2024-05-05,7,3,Mobile experience,Mobile notifications sometimes get delayed.
FBK-003543,CUST-005476,2024-08-26,4,4,Pricing,Monthly plan feels a bit expensive without annual discounts.
FBK-003544,CUST-005478,2024-06-03,5,4,Customer support,Took too long to get a response on an urgent billing ticket.
FBK-003545,CUST-005479,2023-10-22,10,4,Integration,API documentation is top notch and easy to implement.
FBK-003546,CUST-005480,2024-09-16,9,5,Mobile experience,Mobile app is lightweight and perfect for on-the-go approvals.
FBK-003547,CUST-005481,2022-11-13,1,1,Integration,Custom connector setup was frustrating.
FBK-003548,CUST-005484,2024-04-17,3,3,Pricing,Renewal rate increase was unexpected.
FBK-003549,CUST-005485,2022-05-08,10,4,Missing features,The core features cover 90% of our workflow needs.
FBK-003550,CUST-005486,2023-04-08,8,4,Product usability,"Great dashboard layout, simplifies our daily standup."
FBK-003551,CUST-005487,2023-09-13,4,3,Product usability,Steep learning curve for non-technical users.
FBK-003552,CUST-005489,2024-08-04,7,4,Performance,Occasional lag during peak hours in large file exports.
FBK-003553,CUST-005490,2024-08-31,7,4,Performance,Slow loading times on large dataset syncs.
FBK-003554,CUST-005491,2023-05-30,3,1,Product usability,Steep learning curve for non-technical users.
FBK-003555,CUST-005492,2023-02-15,1,1,Integration,Webhook latency caused duplicate entries in our CRM.
FBK-003556,CUST-005494,2024-07-02,8,4,Integration,API documentation is top notch and easy to implement.
FBK-003557,CUST-005496,2024-06-01,2,2,Integration,Webhook latency caused duplicate entries in our CRM.
FBK-003558,CUST-005497,2024-01-02,0,2,Product usability,Steep learning curve for non-technical users.
FBK-003559,CUST-005499,2023-11-09,8,3,Customer support,Helpful customer success manager during onboarding.
FBK-003560,CUST-005501,2024-05-27,7,3,Mobile experience,Needs iPad tablet optimization.
FBK-003561,CUST-005505,2022-08-15,8,4,Integration,API documentation is top notch and easy to implement.
FBK-003562,CUST-005506,2024-08-11,7,4,Mobile experience,Needs iPad tablet optimization.
FBK-003563,CUST-005509,2022-09-14,3,1,Integration,Custom connector setup was frustrating.
FBK-003564,CUST-005510,2023-07-30,5,4,Mobile experience,Mobile notifications sometimes get delayed.
FBK-003565,CUST-005511,2023-11-08,5,4,Pricing,Monthly plan feels a bit expensive without annual discounts.
FBK-003566,CUST-005512,2024-04-18,0,2,Pricing,Monthly plan feels a bit expensive without annual discounts.
FBK-003567,CUST-005513,2024-07-11,7,3,Pricing,Monthly plan feels a bit expensive without annual discounts.
FBK-003568,CUST-005514,2023-12-27,3,2,Product usability,UI navigation can be cluttered for new team members.
FBK-003569,CUST-005515,2024-02-22,6,4,Customer support,Took too long to get a response on an urgent billing ticket.
FBK-003570,CUST-005518,2024-05-16,8,3,Pricing,"Pricing is fair, but add-on user seats add up quickly."
FBK-003571,CUST-005519,2024-05-02,1,1,Performance,Occasional lag during peak hours in large file exports.
FBK-003572,CUST-005520,2024-04-06,8,4,Missing features,The core features cover 90% of our workflow needs.
FBK-003573,CUST-005522,2024-05-25,8,4,Missing features,The core features cover 90% of our workflow needs.
FBK-003574,CUST-005527,2024-09-04,8,4,Customer support,Helpful customer success manager during onboarding.
FBK-003575,CUST-005528,2024-04-23,10,4,Customer support,Helpful customer success manager during onboarding.
FBK-003576,CUST-005529,2023-07-01,7,4,Mobile experience,Needs iPad tablet optimization.
FBK-003577,CUST-005530,2023-09-24,6,1,Pricing,Monthly plan feels a bit expensive without annual discounts.
FBK-003578,CUST-005533,2023-09-28,2,2,Pricing,Renewal rate increase was unexpected.
FBK-003579,CUST-005534,2023-06-17,1,2,Customer support,Ticket was escalated multiple times without a clear resolution.
FBK-003580,CUST-005536,2022-06-17,3,2,Customer support,Ticket was escalated multiple times without a clear resolution.
FBK-003581,CUST-005537,2023-09-03,6,2,Mobile experience,Needs iPad tablet optimization.
FBK-003582,CUST-005538,2024-01-03,5,3,Product usability,Steep learning curve for non-technical users.
FBK-003583,CUST-005540,2024-09-02,7,1,Product usability,UI navigation can be cluttered for new team members.
FBK-003584,CUST-005541,2024-08-09,6,1,Customer support,Ticket was escalated multiple times without a clear resolution.
FBK-003585,CUST-005543,2023-11-18,8,3,Pricing,Great value for money compared to enterprise alternatives.
FBK-003586,CUST-005545,2024-06-26,0,2,Product usability,UI navigation can be cluttered for new team members.
FBK-003587,CUST-005547,2023-05-26,9,4,Pricing,Great value for money compared to enterprise alternatives.
FBK-003588,CUST-005549,2024-10-23,5,3,Integration,Webhook latency caused duplicate entries in our CRM.
FBK-003589,CUST-005550,2023-10-15,10,5,Missing features,The core features cover 90% of our workflow needs.
FBK-003590,CUST-005552,2022-06-22,9,3,Performance,Reliable uptime with minimal disruptions.
FBK-003591,CUST-005553,2022-11-01,5,4,Product usability,UI navigation can be cluttered for new team members.
FBK-003592,CUST-005554,2022-05-21,7,4,Missing features,Missing advanced analytics export to warehouse.
FBK-003593,CUST-005555,2024-07-09,6,3,Mobile experience,Needs iPad tablet optimization.
FBK-003594,CUST-005558,2022-11-01,6,2,Performance,Slow loading times on large dataset syncs.
FBK-003595,CUST-005559,2024-01-17,4,1,Integration,Webhook latency caused duplicate entries in our CRM.
FBK-003596,CUST-005560,2024-06-03,10,4,Performance,Reliable uptime with minimal disruptions.
FBK-003597,CUST-005561,2022-12-24,8,2,Product usability,"Great dashboard layout, simplifies our daily standup."
FBK-003598,CUST-005562,2023-07-03,5,1,Integration,Custom connector setup was frustrating.
FBK-003599,CUST-005564,2024-04-23,8,4,Customer support,Helpful customer success manager during onboarding.
FBK-003600,CUST-005568,2022-04-25,5,1,Mobile experience,Needs iPad tablet optimization.
FBK-003601,CUST-005572,2024-02-10,8,5,Mobile experience,"Clean mobile UI, very responsive."
FBK-003602,CUST-005573,2024-07-15,6,3,Product usability,Steep learning curve for non-technical users.
FBK-003603,CUST-005574,2022-06-03,1,3,Missing features,Missing advanced analytics export to warehouse.
FBK-003604,CUST-005575,2024-09-17,7,4,Product usability,Steep learning curve for non-technical users.
FBK-003605,CUST-005577,2024-06-21,2,1,Pricing,Monthly plan feels a bit expensive without annual discounts.
FBK-003606,CUST-005578,2023-04-16,7,3,Integration,Webhook latency caused duplicate entries in our CRM.
FBK-003607,CUST-005579,2023-08-04,9,4,Customer support,Helpful customer success manager during onboarding.
FBK-003608,CUST-005581,2024-03-06,9,5,Customer support,Support team resolved our critical issue in under an hour!
FBK-003609,CUST-005582,2024-10-25,9,4,Performance,Reliable uptime with minimal disruptions.
FBK-003610,CUST-005584,2023-04-08,3,2,Customer support,Ticket was escalated multiple times without a clear resolution.
FBK-003611,CUST-005585,2024-04-15,8,5,Missing features,The core features cover 90% of our workflow needs.
FBK-003612,CUST-005586,2024-05-15,9,3,Customer support,Helpful customer success manager during onboarding.
FBK-003613,CUST-005587,2023-10-22,2,3,Performance,Slow loading times on large dataset syncs.
FBK-003614,CUST-005588,2023-12-10,7,4,Mobile experience,Mobile notifications sometimes get delayed.
FBK-003615,CUST-005590,2024-07-25,6,4,Customer support,Took too long to get a response on an urgent billing ticket.
FBK-003616,CUST-005591,2024-08-20,8,3,Product usability,"Great dashboard layout, simplifies our daily standup."
FBK-003617,CUST-005592,2024-02-07,6,3,Customer support,Took too long to get a response on an urgent billing ticket.
FBK-003618,CUST-005595,2024-04-05,3,3,Missing features,Missing advanced analytics export to warehouse.
FBK-003619,CUST-005596,2024-02-05,7,5,Missing features,Missing advanced analytics export to warehouse.
FBK-003620,CUST-005597,2023-10-20,1,2,Product usability,Steep learning curve for non-technical users.
FBK-003621,CUST-005598,2023-11-27,9,3,Integration,Seamless integration with Google Workspace and Salesforce.
FBK-003622,CUST-005600,2024-10-01,6,2,Mobile experience,Needs iPad tablet optimization.
FBK-003623,CUST-005601,2024-01-27,7,1,Mobile experience,Needs iPad tablet optimization.
FBK-003624,CUST-005602,2023-09-16,4,4,Mobile experience,Mobile notifications sometimes get delayed.
FBK-003625,CUST-005603,2024-07-27,7,2,Performance,Slow loading times on large dataset syncs.
FBK-003626,CUST-005604,2024-04-24,4,5,Mobile experience,Needs iPad tablet optimization.
FBK-003627,CUST-005605,2023-02-10,7,4,Customer support,Ticket was escalated multiple times without a clear resolution.
FBK-003628,CUST-005607,2023-11-14,8,4,Product usability,Intuitive interface and team adopted it within days.
FBK-003629,CUST-005609,2024-05-19,9,4,Missing features,The core features cover 90% of our workflow needs.
FBK-003630,CUST-005611,2023-09-18,8,4,Mobile experience,Mobile app is lightweight and perfect for on-the-go approvals.
FBK-003631,CUST-005613,2022-06-28,8,4,Integration,Seamless integration with Google Workspace and Salesforce.
FBK-003632,CUST-005614,2024-06-13,7,4,Missing features,Missing advanced analytics export to warehouse.
FBK-003633,CUST-005615,2023-07-06,6,1,Pricing,Monthly plan feels a bit expensive without annual discounts.
FBK-003634,CUST-005616,2023-10-19,6,3,Mobile experience,Needs iPad tablet optimization.
FBK-003635,CUST-005617,2024-02-06,8,4,Customer support,Helpful customer success manager during onboarding.
FBK-003636,CUST-005623,2024-02-25,8,4,Customer support,Helpful customer success manager during onboarding.
FBK-003637,CUST-005624,2024-08-24,10,3,Pricing,"Pricing is fair, but add-on user seats add up quickly."
FBK-003638,CUST-005625,2024-09-04,7,4,Product usability,Steep learning curve for non-technical users.
FBK-003639,CUST-005626,2024-01-24,8,5,Missing features,The core features cover 90% of our workflow needs.
FBK-003640,CUST-005627,2023-04-16,9,1,Product usability,Intuitive interface and team adopted it within days.
FBK-003641,CUST-005628,2023-02-07,8,3,Product usability,"Great dashboard layout, simplifies our daily standup."
FBK-003642,CUST-005630,2023-02-09,10,4,Integration,API documentation is top notch and easy to implement.
FBK-003643,CUST-005632,2023-07-10,9,2,Product usability,"Great dashboard layout, simplifies our daily standup."
FBK-003644,CUST-005633,2024-03-28,2,3,Pricing,Renewal rate increase was unexpected.
FBK-003645,CUST-005634,2023-10-16,8,4,Missing features,The core features cover 90% of our workflow needs.
FBK-003646,CUST-005635,2023-03-07,5,4,Customer support,Ticket was escalated multiple times without a clear resolution.
FBK-003647,CUST-005636,2024-04-17,7,3,Performance,Slow loading times on large dataset syncs.
FBK-003648,CUST-005637,2023-08-23,5,3,Missing features,Missing advanced analytics export to warehouse.
FBK-003649,CUST-005638,2024-05-02,10,3,Missing features,The core features cover 90% of our workflow needs.
FBK-003650,CUST-005639,2023-02-08,3,4,Missing features,Missing advanced analytics export to warehouse.
FBK-003651,CUST-005640,2023-08-07,10,2,Mobile experience,Mobile app is lightweight and perfect for on-the-go approvals.
FBK-003652,CUST-005642,2022-10-31,10,5,Pricing,Great value for money compared to enterprise alternatives.
FBK-003653,CUST-005643,2023-07-01,10,4,Pricing,"Pricing is fair, but add-on user seats add up quickly."
FBK-003654,CUST-005644,2024-05-25,10,3,Integration,API documentation is top notch and easy to implement.
FBK-003655,CUST-005645,2024-08-12,5,4,Customer support,Ticket was escalated multiple times without a clear resolution.
FBK-003656,CUST-005646,2023-01-19,7,4,Product usability,Steep learning curve for non-technical users.
FBK-003657,CUST-005649,2022-02-23,3,3,Product usability,UI navigation can be cluttered for new team members.
FBK-003658,CUST-005652,2023-11-05,9,2,Product usability,Intuitive interface and team adopted it within days.
FBK-003659,CUST-005653,2024-01-20,7,4,Customer support,Took too long to get a response on an urgent billing ticket.
FBK-003660,CUST-005654,2022-06-04,6,3,Integration,Webhook latency caused duplicate entries in our CRM.
FBK-003661,CUST-005656,2023-12-11,5,2,Mobile experience,Needs iPad tablet optimization.
FBK-003662,CUST-005657,2023-06-18,3,2,Product usability,Steep learning curve for non-technical users.
FBK-003663,CUST-005658,2023-06-12,9,4,Missing features,The core features cover 90% of our workflow needs.
FBK-003664,CUST-005659,2024-04-08,9,3,Pricing,"Pricing is fair, but add-on user seats add up quickly."
FBK-003665,CUST-005660,2023-11-11,10,5,Integration,Seamless integration with Google Workspace and Salesforce.
FBK-003666,CUST-005661,2024-05-08,7,5,Pricing,Renewal rate increase was unexpected.
FBK-003667,CUST-005662,2024-01-27,9,3,Customer support,Support team resolved our critical issue in under an hour!
FBK-003668,CUST-005666,2022-07-01,9,4,Product usability,"Great dashboard layout, simplifies our daily standup."
FBK-003669,CUST-005668,2023-02-10,9,3,Missing features,The core features cover 90% of our workflow needs.
FBK-003670,CUST-005669,2024-08-17,9,4,Customer support,Support team resolved our critical issue in under an hour!
FBK-003671,CUST-005670,2023-11-19,8,4,Pricing,"Pricing is fair, but add-on user seats add up quickly."
FBK-003672,CUST-005671,2024-07-14,6,5,Product usability,UI navigation can be cluttered for new team members.
FBK-003673,CUST-005672,2023-05-20,4,2,Customer support,Ticket was escalated multiple times without a clear resolution.
FBK-003674,CUST-005674,2024-01-10,8,3,Pricing,Great value for money compared to enterprise alternatives.
FBK-003675,CUST-005675,2024-03-05,8,4,Pricing,"Pricing is fair, but add-on user seats add up quickly."
FBK-003676,CUST-005676,2023-03-05,1,2,Mobile experience,Needs iPad tablet optimization.
FBK-003677,CUST-005677,2022-08-14,9,5,Product usability,Intuitive interface and team adopted it within days.
FBK-003678,CUST-005678,2024-03-12,8,2,Integration,Seamless integration with Google Workspace and Salesforce.
FBK-003679,CUST-005679,2024-07-22,8,3,Mobile experience,"Clean mobile UI, very responsive."
FBK-003680,CUST-005680,2023-08-26,7,5,Mobile experience,Mobile notifications sometimes get delayed.
FBK-003681,CUST-005681,2023-09-13,6,4,Pricing,Renewal rate increase was unexpected.
FBK-003682,CUST-005684,2023-08-10,10,3,Product usability,"Great dashboard layout, simplifies our daily standup."
FBK-003683,CUST-005687,2024-06-30,9,4,Integration,Seamless integration with Google Workspace and Salesforce.
FBK-003684,CUST-005689,2023-12-18,6,3,Integration,Custom connector setup was frustrating.
FBK-003685,CUST-005690,2024-07-09,9,5,Pricing,Great value for money compared to enterprise alternatives.
FBK-003686,CUST-005694,2023-10-30,9,5,Missing features,The core features cover 90% of our workflow needs.
FBK-003687,CUST-005696,2024-01-29,9,4,Missing features,The core features cover 90% of our workflow needs.
FBK-003688,CUST-005698,2024-10-15,10,4,Performance,Reliable uptime with minimal disruptions.
FBK-003689,CUST-005699,2023-01-23,8,4,Integration,API documentation is top notch and easy to implement.
FBK-003690,CUST-005700,2023-10-28,5,1,Performance,Slow loading times on large dataset syncs.
FBK-003691,CUST-005701,2023-08-15,6,3,Missing features,Missing advanced analytics export to warehouse.
FBK-003692,CUST-005703,2024-08-03,5,2,Customer support,Ticket was escalated multiple times without a clear resolution.
FBK-003693,CUST-005704,2022-06-12,5,4,Mobile experience,Mobile notifications sometimes get delayed.
FBK-003694,CUST-005705,2024-06-01,5,2,Mobile experience,Mobile notifications sometimes get delayed.
FBK-003695,CUST-005706,2024-03-18,10,5,Missing features,The core features cover 90% of our workflow needs.
FBK-003696,CUST-005707,2023-11-21,7,1,Missing features,Missing advanced analytics export to warehouse.
FBK-003697,CUST-005708,2023-09-29,7,2,Pricing,Monthly plan feels a bit expensive without annual discounts.
FBK-003698,CUST-005709,2024-03-23,8,4,Pricing,"Pricing is fair, but add-on user seats add up quickly."
FBK-003699,CUST-005710,2024-07-25,9,4,Product usability,"Great dashboard layout, simplifies our daily standup."
FBK-003700,CUST-005711,2023-09-27,5,3,Missing features,Missing advanced analytics export to warehouse.
FBK-003701,CUST-005712,2022-10-03,2,1,Performance,Occasional lag during peak hours in large file exports.
FBK-003702,CUST-005716,2024-07-24,7,4,Missing features,Missing advanced analytics export to warehouse.
FBK-003703,CUST-005717,2024-08-06,7,4,Product usability,UI navigation can be cluttered for new team members.
FBK-003704,CUST-005719,2023-07-28,4,3,Performance,Slow loading times on large dataset syncs.
FBK-003705,CUST-005720,2022-09-15,4,3,Pricing,Monthly plan feels a bit expensive without annual discounts.
FBK-003706,CUST-005721,2023-11-29,5,1,Product usability,UI navigation can be cluttered for new team members.
FBK-003707,CUST-005722,2023-06-08,8,4,Mobile experience,Mobile app is lightweight and perfect for on-the-go approvals.
FBK-003708,CUST-005723,2024-10-05,9,5,Mobile experience,"Clean mobile UI, very responsive."
FBK-003709,CUST-005724,2023-04-23,5,1,Pricing,Renewal rate increase was unexpected.
FBK-003710,CUST-005725,2023-05-19,10,5,Product usability,"Great dashboard layout, simplifies our daily standup."
FBK-003711,CUST-005729,2024-06-02,7,5,Missing features,Missing advanced analytics export to warehouse.
FBK-003712,CUST-005732,2023-08-04,9,5,Integration,Seamless integration with Google Workspace and Salesforce.
FBK-003713,CUST-005733,2024-01-05,8,4,Pricing,"Pricing is fair, but add-on user seats add up quickly."
FBK-003714,CUST-005734,2024-05-08,9,4,Pricing,"Pricing is fair, but add-on user seats add up quickly."
FBK-003715,CUST-005735,2024-01-06,9,5,Pricing,"Pricing is fair, but add-on user seats add up quickly."
FBK-003716,CUST-005736,2023-04-05,1,3,Mobile experience,Mobile notifications sometimes get delayed.
FBK-003717,CUST-005738,2023-12-09,10,4,Missing features,The core features cover 90% of our workflow needs.
FBK-003718,CUST-005741,2024-04-03,6,4,Customer support,Ticket was escalated multiple times without a clear resolution.
FBK-003719,CUST-005743,2024-02-10,9,4,Pricing,"Pricing is fair, but add-on user seats add up quickly."
FBK-003720,CUST-005745,2023-05-29,3,1,Missing features,Missing advanced analytics export to warehouse.
FBK-003721,CUST-005746,2023-08-04,10,4,Performance,Reliable uptime with minimal disruptions.
FBK-003722,CUST-005747,2024-01-31,5,2,Integration,Webhook latency caused duplicate entries in our CRM.
FBK-003723,CUST-005748,2024-08-30,9,4,Customer support,Support team resolved our critical issue in under an hour!
FBK-003724,CUST-005752,2024-01-20,6,3,Product usability,UI navigation can be cluttered for new team members.
FBK-003725,CUST-005753,2024-09-24,4,2,Mobile experience,Mobile notifications sometimes get delayed.
FBK-003726,CUST-005755,2023-12-13,1,1,Product usability,Steep learning curve for non-technical users.
FBK-003727,CUST-005756,2023-12-18,9,4,Performance,Reliable uptime with minimal disruptions.
FBK-003728,CUST-005758,2023-05-09,6,4,Pricing,Renewal rate increase was unexpected.
FBK-003729,CUST-005759,2024-04-29,1,1,Integration,Webhook latency caused duplicate entries in our CRM.
FBK-003730,CUST-005761,2023-05-06,4,1,Performance,Occasional lag during peak hours in large file exports.
FBK-003731,CUST-005764,2024-07-30,6,3,Mobile experience,Needs iPad tablet optimization.
FBK-003732,CUST-005765,2023-10-30,8,5,Pricing,"Pricing is fair, but add-on user seats add up quickly."
FBK-003733,CUST-005766,2023-11-17,6,2,Missing features,Missing advanced analytics export to warehouse.
FBK-003734,CUST-005768,2024-09-01,10,2,Mobile experience,"Clean mobile UI, very responsive."
FBK-003735,CUST-005770,2024-04-14,8,2,Product usability,"Great dashboard layout, simplifies our daily standup."
FBK-003736,CUST-005771,2022-07-20,2,1,Integration,Custom connector setup was frustrating.
FBK-003737,CUST-005772,2024-01-02,2,3,Customer support,Took too long to get a response on an urgent billing ticket.
FBK-003738,CUST-005774,2022-08-31,10,4,Customer support,Helpful customer success manager during onboarding.
FBK-003739,CUST-005775,2024-02-10,8,4,Customer support,Support team resolved our critical issue in under an hour!
FBK-003740,CUST-005776,2023-09-30,9,4,Customer support,Helpful customer success manager during onboarding.
FBK-003741,CUST-005777,2023-05-23,9,5,Mobile experience,Mobile app is lightweight and perfect for on-the-go approvals.
FBK-003742,CUST-005778,2024-07-05,7,4,Pricing,Monthly plan feels a bit expensive without annual discounts.
FBK-003743,CUST-005779,2024-09-21,8,3,Customer support,Helpful customer success manager during onboarding.
FBK-003744,CUST-005781,2022-11-10,9,4,Product usability,Intuitive interface and team adopted it within days.
FBK-003745,CUST-005783,2024-07-09,7,4,Product usability,UI navigation can be cluttered for new team members.
FBK-003746,CUST-005784,2024-02-18,7,4,Product usability,UI navigation can be cluttered for new team members.
FBK-003747,CUST-005785,2024-01-27,8,5,Mobile experience,Mobile app is lightweight and perfect for on-the-go approvals.
FBK-003748,CUST-005786,2024-03-02,9,5,Pricing,Great value for money compared to enterprise alternatives.
FBK-003749,CUST-005787,2023-03-03,6,2,Customer support,Ticket was escalated multiple times without a clear resolution.
FBK-003750,CUST-005790,2024-11-13,8,4,Customer support,Support team resolved our critical issue in under an hour!
FBK-003751,CUST-005791,2023-10-28,7,2,Customer support,Took too long to get a response on an urgent billing ticket.
FBK-003752,CUST-005792,2023-11-25,10,4,Performance,Reliable uptime with minimal disruptions.
FBK-003753,CUST-005793,2022-10-29,8,3,Customer support,Support team resolved our critical issue in under an hour!
FBK-003754,CUST-005794,2024-06-03,2,1,Product usability,Steep learning curve for non-technical users.
FBK-003755,CUST-005795,2024-06-01,10,4,Integration,Seamless integration with Google Workspace and Salesforce.
FBK-003756,CUST-005796,2022-05-28,7,4,Mobile experience,Needs iPad tablet optimization.
FBK-003757,CUST-005798,2023-03-22,2,2,Customer support,Ticket was escalated multiple times without a clear resolution.
FBK-003758,CUST-005800,2023-02-01,6,4,Customer support,Took too long to get a response on an urgent billing ticket.
FBK-003759,CUST-005803,2024-06-08,7,5,Integration,Webhook latency caused duplicate entries in our CRM.
FBK-003760,CUST-005804,2023-11-13,9,5,Performance,Reliable uptime with minimal disruptions.
FBK-003761,CUST-005805,2024-03-15,7,3,Integration,Webhook latency caused duplicate entries in our CRM.
FBK-003762,CUST-005806,2023-08-12,8,4,Customer support,Support team resolved our critical issue in under an hour!
FBK-003763,CUST-005808,2023-03-08,3,1,Mobile experience,Mobile notifications sometimes get delayed.
FBK-003764,CUST-005809,2023-08-26,7,5,Integration,Webhook latency caused duplicate entries in our CRM.
FBK-003765,CUST-005810,2023-04-12,4,2,Integration,Webhook latency caused duplicate entries in our CRM.
FBK-003766,CUST-005811,2024-05-05,9,5,Integration,Seamless integration with Google Workspace and Salesforce.
FBK-003767,CUST-005812,2024-07-05,4,5,Product usability,UI navigation can be cluttered for new team members.
FBK-003768,CUST-005815,2023-07-02,6,3,Product usability,UI navigation can be cluttered for new team members.
FBK-003769,CUST-005817,2024-04-12,1,1,Integration,Custom connector setup was frustrating.
FBK-003770,CUST-005818,2024-02-24,3,4,Mobile experience,Mobile notifications sometimes get delayed.
FBK-003771,CUST-005819,2024-01-06,5,5,Performance,Occasional lag during peak hours in large file exports.
FBK-003772,CUST-005820,2022-04-07,6,3,Product usability,UI navigation can be cluttered for new team members.
FBK-003773,CUST-005822,2024-06-13,9,2,Performance,Reliable uptime with minimal disruptions.
FBK-003774,CUST-005823,2022-10-13,10,4,Pricing,Great value for money compared to enterprise alternatives.
FBK-003775,CUST-005824,2024-09-26,8,5,Mobile experience,Mobile app is lightweight and perfect for on-the-go approvals.
FBK-003776,CUST-005825,2024-08-15,5,5,Missing features,Missing advanced analytics export to warehouse.
FBK-003777,CUST-005826,2024-04-30,7,2,Integration,Custom connector setup was frustrating.
FBK-003778,CUST-005827,2023-08-20,4,3,Integration,Custom connector setup was frustrating.
FBK-003779,CUST-005828,2023-01-22,5,1,Product usability,UI navigation can be cluttered for new team members.
FBK-003780,CUST-005830,2024-07-01,7,3,Customer support,Ticket was escalated multiple times without a clear resolution.
FBK-003781,CUST-005832,2024-07-07,7,2,Pricing,Renewal rate increase was unexpected.
FBK-003782,CUST-005833,2024-04-27,1,1,Pricing,Renewal rate increase was unexpected.
FBK-003783,CUST-005834,2024-10-15,6,2,Mobile experience,Needs iPad tablet optimization.
FBK-003784,CUST-005836,2024-07-17,9,4,Missing features,The core features cover 90% of our workflow needs.
FBK-003785,CUST-005837,2024-10-06,6,4,Pricing,Monthly plan feels a bit expensive without annual discounts.
FBK-003786,CUST-005838,2022-12-22,4,1,Missing features,Missing advanced analytics export to warehouse.
FBK-003787,CUST-005839,2023-09-29,6,3,Missing features,Missing advanced analytics export to warehouse.
FBK-003788,CUST-005840,2024-09-26,8,3,Product usability,"Great dashboard layout, simplifies our daily standup."
FBK-003789,CUST-005842,2023-01-17,7,3,Missing features,Missing advanced analytics export to warehouse.
FBK-003790,CUST-005843,2024-09-17,9,5,Customer support,Helpful customer success manager during onboarding.
FBK-003791,CUST-005844,2024-02-02,8,3,Pricing,"Pricing is fair, but add-on user seats add up quickly."
FBK-003792,CUST-005846,2024-02-06,7,5,Performance,Slow loading times on large dataset syncs.
FBK-003793,CUST-005851,2022-10-01,1,2,Integration,Webhook latency caused duplicate entries in our CRM.
FBK-003794,CUST-005852,2024-04-10,5,4,Integration,Custom connector setup was frustrating.
FBK-003795,CUST-005853,2024-08-07,7,5,Missing features,Missing advanced analytics export to warehouse.
FBK-003796,CUST-005854,2024-08-16,7,4,Product usability,Steep learning curve for non-technical users.
FBK-003797,CUST-005855,2024-05-18,1,1,Integration,Custom connector setup was frustrating.
FBK-003798,CUST-005856,2023-07-16,5,5,Integration,Webhook latency caused duplicate entries in our CRM.
FBK-003799,CUST-005857,2023-11-02,7,5,Integration,Custom connector setup was frustrating.
FBK-003800,CUST-005858,2024-04-06,2,4,Missing features,Missing advanced analytics export to warehouse.
FBK-003801,CUST-005859,2022-11-11,4,3,Performance,Slow loading times on large dataset syncs.
FBK-003802,CUST-005861,2023-06-21,8,5,Integration,Seamless integration with Google Workspace and Salesforce.
FBK-003803,CUST-005863,2024-02-24,6,3,Pricing,Renewal rate increase was unexpected.
FBK-003804,CUST-005864,2023-01-22,6,1,Performance,Slow loading times on large dataset syncs.
FBK-003805,CUST-005865,2023-11-24,10,5,Product usability,Intuitive interface and team adopted it within days.
FBK-003806,CUST-005866,2024-08-07,7,4,Pricing,Monthly plan feels a bit expensive without annual discounts.
FBK-003807,CUST-005867,2023-12-19,7,3,Product usability,Steep learning curve for non-technical users.
FBK-003808,CUST-005869,2023-09-02,2,1,Missing features,Missing advanced analytics export to warehouse.
FBK-003809,CUST-005870,2024-01-20,6,1,Mobile experience,Needs iPad tablet optimization.
FBK-003810,CUST-005871,2024-01-11,3,2,Missing features,Missing advanced analytics export to warehouse.
FBK-003811,CUST-005872,2024-02-06,7,3,Mobile experience,Mobile notifications sometimes get delayed.
FBK-003812,CUST-005873,2023-08-02,6,5,Customer support,Took too long to get a response on an urgent billing ticket.
FBK-003813,CUST-005874,2022-12-04,9,4,Missing features,The core features cover 90% of our workflow needs.
FBK-003814,CUST-005876,2022-08-15,3,3,Product usability,UI navigation can be cluttered for new team members.
FBK-003815,CUST-005877,2023-08-05,9,4,Pricing,"Pricing is fair, but add-on user seats add up quickly."
FBK-003816,CUST-005880,2023-10-11,8,3,Missing features,The core features cover 90% of our workflow needs.
FBK-003817,CUST-005881,2024-04-16,9,3,Product usability,Intuitive interface and team adopted it within days.
FBK-003818,CUST-005883,2023-02-01,7,3,Mobile experience,Mobile notifications sometimes get delayed.
FBK-003819,CUST-005884,2024-06-13,8,4,Mobile experience,Mobile app is lightweight and perfect for on-the-go approvals.
FBK-003820,CUST-005886,2024-03-24,6,5,Missing features,Missing advanced analytics export to warehouse.
FBK-003821,CUST-005887,2023-10-21,8,4,Mobile experience,Mobile app is lightweight and perfect for on-the-go approvals.
FBK-003822,CUST-005889,2024-02-05,8,4,Integration,API documentation is top notch and easy to implement.
FBK-003823,CUST-005892,2024-07-11,8,5,Integration,Seamless integration with Google Workspace and Salesforce.
FBK-003824,CUST-005896,2024-01-14,8,3,Product usability,Intuitive interface and team adopted it within days.
FBK-003825,CUST-005897,2023-09-11,5,1,Pricing,Monthly plan feels a bit expensive without annual discounts.
FBK-003826,CUST-005898,2024-04-21,9,4,Integration,API documentation is top notch and easy to implement.
FBK-003827,CUST-005900,2024-05-31,10,4,Mobile experience,Mobile app is lightweight and perfect for on-the-go approvals.
FBK-003828,CUST-005901,2023-12-08,9,3,Integration,Seamless integration with Google Workspace and Salesforce.
FBK-003829,CUST-005902,2022-03-15,7,5,Performance,Slow loading times on large dataset syncs.
FBK-003830,CUST-005904,2023-02-01,7,5,Customer support,Ticket was escalated multiple times without a clear resolution.
FBK-003831,CUST-005906,2023-10-18,8,3,Integration,API documentation is top notch and easy to implement.
FBK-003832,CUST-005907,2023-12-09,10,4,Performance,Blazing fast sync speeds across distributed teams.
FBK-003833,CUST-005908,2024-05-15,9,3,Integration,Seamless integration with Google Workspace and Salesforce.
FBK-003834,CUST-005911,2024-05-14,8,3,Product usability,"Great dashboard layout, simplifies our daily standup."
FBK-003835,CUST-005913,2024-07-12,2,1,Pricing,Renewal rate increase was unexpected.
FBK-003836,CUST-005915,2023-12-04,4,3,Customer support,Took too long to get a response on an urgent billing ticket.
FBK-003837,CUST-005917,2024-04-25,9,3,Mobile experience,Mobile app is lightweight and perfect for on-the-go approvals.
FBK-003838,CUST-005920,2024-07-28,7,4,Missing features,Missing advanced analytics export to warehouse.
FBK-003839,CUST-005923,2022-10-30,7,3,Integration,Custom connector setup was frustrating.
FBK-003840,CUST-005925,2022-11-06,6,4,Product usability,UI navigation can be cluttered for new team members.
FBK-003841,CUST-005926,2024-04-16,5,4,Pricing,Renewal rate increase was unexpected.
FBK-003842,CUST-005927,2023-11-17,5,3,Integration,Custom connector setup was frustrating.
FBK-003843,CUST-005928,2024-10-01,4,3,Customer support,Took too long to get a response on an urgent billing ticket.
FBK-003844,CUST-005929,2024-08-01,7,5,Customer support,Ticket was escalated multiple times without a clear resolution.
FBK-003845,CUST-005931,2024-02-06,8,1,Mobile experience,"Clean mobile UI, very responsive."
FBK-003846,CUST-005932,2023-07-24,4,1,Pricing,Monthly plan feels a bit expensive without annual discounts.
FBK-003847,CUST-005933,2023-12-05,8,4,Product usability,"Great dashboard layout, simplifies our daily standup."
FBK-003848,CUST-005934,2023-10-15,8,4,Mobile experience,Mobile app is lightweight and perfect for on-the-go approvals.
FBK-003849,CUST-005936,2023-05-21,4,1,Pricing,Monthly plan feels a bit expensive without annual discounts.
FBK-003850,CUST-005937,2023-09-09,9,2,Mobile experience,"Clean mobile UI, very responsive."
FBK-003851,CUST-005940,2024-08-21,6,4,Missing features,Missing advanced analytics export to warehouse.
FBK-003852,CUST-005941,2024-05-05,3,4,Product usability,UI navigation can be cluttered for new team members.
FBK-003853,CUST-005943,2023-01-29,7,3,Mobile experience,Mobile notifications sometimes get delayed.
FBK-003854,CUST-005944,2024-06-03,0,2,Missing features,Missing advanced analytics export to warehouse.
FBK-003855,CUST-005945,2023-08-26,7,4,Mobile experience,Mobile notifications sometimes get delayed.
FBK-003856,CUST-005946,2024-07-21,10,5,Integration,API documentation is top notch and easy to implement.
FBK-003857,CUST-005949,2024-10-01,5,4,Customer support,Ticket was escalated multiple times without a clear resolution.
FBK-003858,CUST-005950,2022-06-14,10,4,Mobile experience,"Clean mobile UI, very responsive."
FBK-003859,CUST-005953,2024-05-05,6,3,Pricing,Renewal rate increase was unexpected.
FBK-003860,CUST-005954,2023-10-10,8,5,Mobile experience,Mobile app is lightweight and perfect for on-the-go approvals.
FBK-003861,CUST-005955,2023-05-07,2,3,Performance,Slow loading times on large dataset syncs.
FBK-003862,CUST-005957,2022-11-12,8,3,Integration,Seamless integration with Google Workspace and Salesforce.
FBK-003863,CUST-005958,2022-12-26,3,2,Pricing,Renewal rate increase was unexpected.
FBK-003864,CUST-005959,2024-09-07,6,1,Customer support,Took too long to get a response on an urgent billing ticket.
FBK-003865,CUST-005960,2024-03-08,7,4,Integration,Webhook latency caused duplicate entries in our CRM.
FBK-003866,CUST-005962,2024-06-28,8,4,Customer support,Support team resolved our critical issue in under an hour!
FBK-003867,CUST-005964,2024-06-02,9,5,Performance,Blazing fast sync speeds across distributed teams.
FBK-003868,CUST-005965,2023-12-22,10,4,Pricing,Great value for money compared to enterprise alternatives.
FBK-003869,CUST-005966,2024-08-31,8,3,Mobile experience,"Clean mobile UI, very responsive."
FBK-003870,CUST-005967,2023-12-12,9,5,Missing features,The core features cover 90% of our workflow needs.
FBK-003871,CUST-005970,2022-09-23,5,1,Product usability,Steep learning curve for non-technical users.
FBK-003872,CUST-005971,2022-07-02,10,5,Mobile experience,"Clean mobile UI, very responsive."
FBK-003873,CUST-005973,2024-06-04,10,5,Product usability,"Great dashboard layout, simplifies our daily standup."
FBK-003874,CUST-005974,2022-12-04,9,4,Integration,Seamless integration with Google Workspace and Salesforce.
FBK-003875,CUST-005975,2023-08-19,7,2,Mobile experience,Mobile notifications sometimes get delayed.
FBK-003876,CUST-005977,2024-08-15,6,3,Pricing,Monthly plan feels a bit expensive without annual discounts.
FBK-003877,CUST-005981,2023-04-04,4,4,Customer support,Took too long to get a response on an urgent billing ticket.
FBK-003878,CUST-005982,2023-11-27,6,3,Product usability,UI navigation can be cluttered for new team members.
FBK-003879,CUST-005985,2024-06-05,3,4,Integration,Custom connector setup was frustrating.
FBK-003880,CUST-005986,2023-05-21,8,5,Pricing,"Pricing is fair, but add-on user seats add up quickly."
FBK-003881,CUST-005988,2022-05-26,6,2,Customer support,Ticket was escalated multiple times without a clear resolution.
FBK-003882,CUST-005990,2023-12-17,5,3,Mobile experience,Mobile notifications sometimes get delayed.
FBK-003883,CUST-005991,2022-09-11,4,2,Product usability,Steep learning curve for non-technical users.
FBK-003884,CUST-005993,2023-12-01,8,3,Performance,Blazing fast sync speeds across distributed teams.
FBK-003885,CUST-005994,2023-05-05,10,4,Customer support,Support team resolved our critical issue in under an hour!
FBK-003886,CUST-005995,2024-02-16,9,5,Product usability,"Great dashboard layout, simplifies our daily standup."
FBK-003887,CUST-005996,2024-06-18,8,3,Missing features,The core features cover 90% of our workflow needs.
FBK-003888,CUST-005997,2022-08-18,7,4,Missing features,Missing advanced analytics export to warehouse.
FBK-003889,CUST-005998,2023-12-28,3,2,Performance,Slow loading times on large dataset syncs.
FBK-003890,CUST-005999,2023-10-09,2,3,Product usability,UI navigation can be cluttered for new team members.
FBK-003891,CUST-006000,2024-08-15,9,4,Mobile experience,"Clean mobile UI, very responsive."
FBK-003892,CUST-006001,2024-01-19,3,1,Mobile experience,Mobile notifications sometimes get delayed.
FBK-003893,CUST-006002,2024-07-25,5,5,Missing features,Missing advanced analytics export to warehouse.
FBK-003894,CUST-006003,2024-01-23,9,4,Missing features,The core features cover 90% of our workflow needs.
FBK-003895,CUST-006004,2024-08-26,3,3,Mobile experience,Mobile notifications sometimes get delayed.
FBK-003896,CUST-006006,2023-05-10,4,4,Missing features,Missing advanced analytics export to warehouse.
FBK-003897,CUST-006007,2023-08-10,5,1,Integration,Custom connector setup was frustrating.
FBK-003898,CUST-006008,2024-06-20,6,4,Performance,Slow loading times on large dataset syncs.
FBK-003899,CUST-006010,2024-08-30,6,3,Customer support,Ticket was escalated multiple times without a clear resolution.
FBK-003900,CUST-006013,2024-06-03,6,3,Performance,Occasional lag during peak hours in large file exports.
FBK-003901,CUST-006014,2024-06-15,7,3,Pricing,Monthly plan feels a bit expensive without annual discounts.
FBK-003902,CUST-006015,2024-03-17,1,1,Product usability,UI navigation can be cluttered for new team members.
FBK-003903,CUST-006016,2024-04-22,7,4,Integration,Webhook latency caused duplicate entries in our CRM.
FBK-003904,CUST-006019,2024-04-04,7,1,Missing features,Missing advanced analytics export to warehouse.
FBK-003905,CUST-006020,2022-06-08,6,3,Pricing,Renewal rate increase was unexpected.
FBK-003906,CUST-006021,2023-01-30,0,1,Customer support,Took too long to get a response on an urgent billing ticket.
FBK-003907,CUST-006022,2023-12-08,4,2,Pricing,Monthly plan feels a bit expensive without annual discounts.
FBK-003908,CUST-006024,2024-08-07,10,3,Mobile experience,Mobile app is lightweight and perfect for on-the-go approvals.
FBK-003909,CUST-006025,2024-04-09,9,4,Performance,Blazing fast sync speeds across distributed teams.
FBK-003910,CUST-006027,2024-08-20,7,3,Product usability,UI navigation can be cluttered for new team members.
FBK-003911,CUST-006028,2023-08-06,7,5,Integration,Webhook latency caused duplicate entries in our CRM.
FBK-003912,CUST-006030,2023-12-19,10,3,Integration,API documentation is top notch and easy to implement.
FBK-003913,CUST-006031,2024-07-03,10,4,Integration,Seamless integration with Google Workspace and Salesforce.
FBK-003914,CUST-006033,2024-02-22,9,5,Mobile experience,"Clean mobile UI, very responsive."
FBK-003915,CUST-006035,2023-07-23,4,3,Product usability,UI navigation can be cluttered for new team members.
FBK-003916,CUST-006036,2023-11-20,10,4,Performance,Reliable uptime with minimal disruptions.
FBK-003917,CUST-006037,2023-09-22,8,4,Product usability,"Great dashboard layout, simplifies our daily standup."
FBK-003918,CUST-006038,2023-02-16,8,4,Product usability,Intuitive interface and team adopted it within days.
FBK-003919,CUST-006039,2024-09-04,8,4,Product usability,Intuitive interface and team adopted it within days.
FBK-003920,CUST-006040,2022-07-23,6,1,Integration,Webhook latency caused duplicate entries in our CRM.
FBK-003921,CUST-006041,2024-08-24,6,3,Integration,Webhook latency caused duplicate entries in our CRM.
FBK-003922,CUST-006043,2023-06-30,5,1,Mobile experience,Mobile notifications sometimes get delayed.
FBK-003923,CUST-006044,2024-08-19,8,3,Performance,Blazing fast sync speeds across distributed teams.
FBK-003924,CUST-006045,2022-08-03,1,1,Mobile experience,Mobile notifications sometimes get delayed.
FBK-003925,CUST-006046,2024-02-04,4,2,Product usability,UI navigation can be cluttered for new team members.
FBK-003926,CUST-006047,2024-07-03,7,4,Performance,Occasional lag during peak hours in large file exports.
FBK-003927,CUST-006048,2024-03-15,5,3,Product usability,Steep learning curve for non-technical users.
FBK-003928,CUST-006049,2024-04-05,9,5,Pricing,"Pricing is fair, but add-on user seats add up quickly."
FBK-003929,CUST-006051,2024-09-21,9,4,Integration,API documentation is top notch and easy to implement.
FBK-003930,CUST-006052,2024-04-04,4,4,Integration,Webhook latency caused duplicate entries in our CRM.
FBK-003931,CUST-006053,2023-09-02,8,5,Missing features,The core features cover 90% of our workflow needs.
FBK-003932,CUST-006054,2024-10-14,7,4,Missing features,Missing advanced analytics export to warehouse.
FBK-003933,CUST-006055,2024-02-12,9,5,Pricing,"Pricing is fair, but add-on user seats add up quickly."
FBK-003934,CUST-006056,2024-08-05,3,1,Integration,Webhook latency caused duplicate entries in our CRM.
FBK-003935,CUST-006058,2024-08-08,9,4,Missing features,The core features cover 90% of our workflow needs.
FBK-003936,CUST-006059,2024-07-09,10,4,Product usability,Intuitive interface and team adopted it within days.
FBK-003937,CUST-006060,2024-05-11,0,2,Performance,Occasional lag during peak hours in large file exports.
FBK-003938,CUST-006061,2024-04-03,7,5,Pricing,Monthly plan feels a bit expensive without annual discounts.
FBK-003939,CUST-006064,2024-01-06,5,3,Integration,Webhook latency caused duplicate entries in our CRM.
FBK-003940,CUST-006065,2022-09-18,9,5,Customer support,Helpful customer success manager during onboarding.
FBK-003941,CUST-006066,2024-05-15,7,4,Pricing,Monthly plan feels a bit expensive without annual discounts.
FBK-003942,CUST-006069,2024-07-24,8,4,Mobile experience,"Clean mobile UI, very responsive."
FBK-003943,CUST-006071,2024-09-12,5,4,Integration,Webhook latency caused duplicate entries in our CRM.
FBK-003944,CUST-006073,2024-06-19,7,4,Mobile experience,Needs iPad tablet optimization.
FBK-003945,CUST-006074,2024-11-17,7,3,Integration,Custom connector setup was frustrating.
FBK-003946,CUST-006077,2024-06-21,10,4,Integration,Seamless integration with Google Workspace and Salesforce.
FBK-003947,CUST-006082,2023-05-27,7,1,Product usability,Steep learning curve for non-technical users.
FBK-003948,CUST-006083,2024-08-25,6,5,Pricing,Monthly plan feels a bit expensive without annual discounts.
FBK-003949,CUST-006085,2024-05-02,6,5,Customer support,Took too long to get a response on an urgent billing ticket.
FBK-003950,CUST-006087,2022-10-12,1,2,Pricing,Monthly plan feels a bit expensive without annual discounts.
FBK-003951,CUST-006088,2024-07-25,6,4,Pricing,Monthly plan feels a bit expensive without annual discounts.
FBK-003952,CUST-006090,2024-08-12,4,5,Mobile experience,Mobile notifications sometimes get delayed.
FBK-003953,CUST-006091,2022-09-24,7,3,Missing features,Missing advanced analytics export to warehouse.
FBK-003954,CUST-006092,2022-11-05,9,5,Integration,Seamless integration with Google Workspace and Salesforce.
FBK-003955,CUST-006093,2023-06-16,6,4,Mobile experience,Needs iPad tablet optimization.
FBK-003956,CUST-006094,2022-09-24,8,4,Missing features,The core features cover 90% of our workflow needs.
FBK-003957,CUST-006095,2024-07-29,7,4,Missing features,Missing advanced analytics export to warehouse.
FBK-003958,CUST-006096,2024-06-05,10,3,Pricing,Great value for money compared to enterprise alternatives.
FBK-003959,CUST-006098,2024-07-06,9,4,Missing features,The core features cover 90% of our workflow needs.
FBK-003960,CUST-006102,2024-04-02,7,1,Missing features,Missing advanced analytics export to warehouse.
FBK-003961,CUST-006106,2024-02-10,9,4,Pricing,Great value for money compared to enterprise alternatives.
FBK-003962,CUST-006110,2024-02-15,8,5,Missing features,The core features cover 90% of our workflow needs.
FBK-003963,CUST-006111,2023-12-06,9,5,Performance,Reliable uptime with minimal disruptions.
FBK-003964,CUST-006112,2023-08-31,9,4,Pricing,"Pricing is fair, but add-on user seats add up quickly."
FBK-003965,CUST-006113,2023-12-16,8,4,Missing features,The core features cover 90% of our workflow needs.
FBK-003966,CUST-006114,2023-11-16,4,3,Pricing,Renewal rate increase was unexpected.
FBK-003967,CUST-006115,2024-09-25,8,4,Product usability,Intuitive interface and team adopted it within days.
FBK-003968,CUST-006116,2023-11-20,10,3,Product usability,"Great dashboard layout, simplifies our daily standup."
FBK-003969,CUST-006118,2024-02-01,5,3,Customer support,Ticket was escalated multiple times without a clear resolution.
FBK-003970,CUST-006121,2023-01-16,0,1,Mobile experience,Mobile notifications sometimes get delayed.
FBK-003971,CUST-006122,2023-12-26,6,4,Customer support,Ticket was escalated multiple times without a clear resolution.
FBK-003972,CUST-006123,2024-05-15,7,3,Customer support,Took too long to get a response on an urgent billing ticket.
FBK-003973,CUST-006127,2024-02-14,5,2,Missing features,Missing advanced analytics export to warehouse.
FBK-003974,CUST-006130,2024-08-22,9,3,Integration,Seamless integration with Google Workspace and Salesforce.
FBK-003975,CUST-006133,2024-05-26,4,4,Customer support,Took too long to get a response on an urgent billing ticket.
FBK-003976,CUST-006134,2024-06-30,9,5,Missing features,The core features cover 90% of our workflow needs.
FBK-003977,CUST-006140,2024-03-03,4,2,Pricing,Renewal rate increase was unexpected.
FBK-003978,CUST-006141,2023-08-10,6,3,Performance,Slow loading times on large dataset syncs.
FBK-003979,CUST-006142,2023-05-01,10,3,Customer support,Support team resolved our critical issue in under an hour!
FBK-003980,CUST-006144,2024-07-05,9,5,Mobile experience,Mobile app is lightweight and perfect for on-the-go approvals.
FBK-003981,CUST-006147,2024-01-21,3,4,Integration,Custom connector setup was frustrating.
FBK-003982,CUST-006149,2024-02-12,4,4,Missing features,Missing advanced analytics export to warehouse.
FBK-003983,CUST-006150,2024-04-09,6,5,Performance,Occasional lag during peak hours in large file exports.
FBK-003984,CUST-006151,2023-04-22,8,2,Mobile experience,"Clean mobile UI, very responsive."
FBK-003985,CUST-006154,2023-09-02,1,1,Mobile experience,Mobile notifications sometimes get delayed.
FBK-003986,CUST-006155,2024-03-08,6,5,Mobile experience,Mobile notifications sometimes get delayed.
FBK-003987,CUST-006157,2024-07-02,5,4,Pricing,Monthly plan feels a bit expensive without annual discounts.
FBK-003988,CUST-006158,2024-03-21,6,3,Pricing,Monthly plan feels a bit expensive without annual discounts.
FBK-003989,CUST-006159,2022-11-17,9,4,Pricing,Great value for money compared to enterprise alternatives.
FBK-003990,CUST-006160,2023-10-11,6,4,Customer support,Took too long to get a response on an urgent billing ticket.
FBK-003991,CUST-006161,2024-06-16,5,5,Product usability,Steep learning curve for non-technical users.
FBK-003992,CUST-006162,2023-12-03,8,4,Mobile experience,Mobile app is lightweight and perfect for on-the-go approvals.
FBK-003993,CUST-006163,2024-06-14,7,2,Product usability,Steep learning curve for non-technical users.
FBK-003994,CUST-006164,2023-12-12,9,4,Missing features,The core features cover 90% of our workflow needs.
FBK-003995,CUST-006165,2024-09-24,6,2,Missing features,Missing advanced analytics export to warehouse.
FBK-003996,CUST-006166,2023-10-22,9,4,Integration,Seamless integration with Google Workspace and Salesforce.
FBK-003997,CUST-006167,2022-10-11,0,2,Mobile experience,Needs iPad tablet optimization.
FBK-003998,CUST-006168,2024-03-16,8,5,Customer support,Support team resolved our critical issue in under an hour!
FBK-003999,CUST-006169,2023-11-08,5,3,Missing features,Missing advanced analytics export to warehouse.
FBK-004000,CUST-006170,2023-06-06,9,3,Performance,Reliable uptime with minimal disruptions.
FBK-004001,CUST-006171,2023-11-27,7,3,Integration,Webhook latency caused duplicate entries in our CRM.
FBK-004002,CUST-006172,2024-07-12,7,4,Customer support,Ticket was escalated multiple times without a clear resolution.
FBK-004003,CUST-006173,2024-08-13,9,3,Performance,Blazing fast sync speeds across distributed teams.
FBK-004004,CUST-006174,2023-12-18,5,3,Performance,Occasional lag during peak hours in large file exports.
FBK-004005,CUST-006177,2023-12-24,6,4,Missing features,Missing advanced analytics export to warehouse.
FBK-004006,CUST-006179,2022-08-30,2,2,Product usability,Steep learning curve for non-technical users.
FBK-004007,CUST-006184,2023-02-14,5,4,Product usability,Steep learning curve for non-technical users.
FBK-004008,CUST-006185,2024-08-12,6,5,Customer support,Took too long to get a response on an urgent billing ticket.
FBK-004009,CUST-006187,2024-04-22,5,2,Missing features,Missing advanced analytics export to warehouse.
FBK-004010,CUST-006188,2023-07-15,3,2,Mobile experience,Mobile notifications sometimes get delayed.
FBK-004011,CUST-006189,2023-05-14,6,4,Missing features,Missing advanced analytics export to warehouse.
FBK-004012,CUST-006193,2024-07-29,5,4,Product usability,Steep learning curve for non-technical users.
FBK-004013,CUST-006194,2024-05-30,7,4,Missing features,Missing advanced analytics export to warehouse.
FBK-004014,CUST-006201,2023-03-08,10,3,Integration,API documentation is top notch and easy to implement.
FBK-004015,CUST-006202,2024-07-29,8,4,Mobile experience,Mobile app is lightweight and perfect for on-the-go approvals.
FBK-004016,CUST-006204,2024-05-21,2,3,Pricing,Renewal rate increase was unexpected.
FBK-004017,CUST-006206,2024-06-13,7,2,Missing features,Missing advanced analytics export to warehouse.
FBK-004018,CUST-006207,2024-01-29,7,4,Customer support,Ticket was escalated multiple times without a clear resolution.
FBK-004019,CUST-006208,2022-08-22,3,1,Mobile experience,Needs iPad tablet optimization.
FBK-004020,CUST-006210,2024-02-07,0,2,Mobile experience,Needs iPad tablet optimization.
FBK-004021,CUST-006214,2024-06-18,4,1,Mobile experience,Needs iPad tablet optimization.
FBK-004022,CUST-006217,2022-09-25,0,3,Pricing,Renewal rate increase was unexpected.
FBK-004023,CUST-006218,2023-08-31,8,3,Pricing,Great value for money compared to enterprise alternatives.
FBK-004024,CUST-006219,2024-06-21,3,1,Performance,Slow loading times on large dataset syncs.
FBK-004025,CUST-006222,2023-04-17,10,4,Integration,Seamless integration with Google Workspace and Salesforce.
FBK-004026,CUST-006223,2024-06-19,7,4,Integration,Custom connector setup was frustrating.
FBK-004027,CUST-006226,2024-05-02,6,2,Performance,Slow loading times on large dataset syncs.
FBK-004028,CUST-006227,2024-05-17,4,4,Integration,Webhook latency caused duplicate entries in our CRM.
FBK-004029,CUST-006229,2024-05-03,5,3,Pricing,Renewal rate increase was unexpected.
FBK-004030,CUST-006230,2024-05-14,7,3,Pricing,Renewal rate increase was unexpected.
FBK-004031,CUST-006233,2023-12-16,7,3,Integration,Webhook latency caused duplicate entries in our CRM.
FBK-004032,CUST-006234,2022-12-03,0,3,Customer support,Ticket was escalated multiple times without a clear resolution.
FBK-004033,CUST-006235,2023-12-15,6,4,Pricing,Renewal rate increase was unexpected.
FBK-004034,CUST-006236,2023-06-28,9,5,Mobile experience,"Clean mobile UI, very responsive."
FBK-004035,CUST-006237,2024-08-11,8,4,Performance,Reliable uptime with minimal disruptions.
FBK-004036,CUST-006238,2022-11-02,5,2,Pricing,Monthly plan feels a bit expensive without annual discounts.
FBK-004037,CUST-006242,2023-08-26,6,3,Customer support,Ticket was escalated multiple times without a clear resolution.
FBK-004038,CUST-006244,2023-01-09,6,2,Performance,Slow loading times on large dataset syncs.
FBK-004039,CUST-006246,2024-11-13,6,4,Pricing,Monthly plan feels a bit expensive without annual discounts.
FBK-004040,CUST-006249,2024-10-06,4,4,Missing features,Missing advanced analytics export to warehouse.
FBK-004041,CUST-006250,2024-02-24,10,4,Performance,Blazing fast sync speeds across distributed teams.
FBK-004042,CUST-006251,2023-09-18,7,4,Product usability,UI navigation can be cluttered for new team members.
FBK-004043,CUST-006253,2023-12-21,4,3,Integration,Webhook latency caused duplicate entries in our CRM.
FBK-004044,CUST-006254,2024-01-19,6,4,Customer support,Ticket was escalated multiple times without a clear resolution.
FBK-004045,CUST-006255,2023-05-26,7,4,Mobile experience,Needs iPad tablet optimization.
FBK-004046,CUST-006256,2023-04-29,2,1,Customer support,Ticket was escalated multiple times without a clear resolution.
FBK-004047,CUST-006257,2022-10-11,6,4,Product usability,UI navigation can be cluttered for new team members.
FBK-004048,CUST-006258,2024-04-24,8,4,Missing features,The core features cover 90% of our workflow needs.
FBK-004049,CUST-006263,2023-05-29,4,3,Product usability,UI navigation can be cluttered for new team members.
FBK-004050,CUST-006264,2022-09-12,7,2,Integration,Custom connector setup was frustrating.
FBK-004051,CUST-006265,2024-03-28,3,1,Missing features,Missing advanced analytics export to warehouse.
FBK-004052,CUST-006266,2023-09-24,5,1,Customer support,Ticket was escalated multiple times without a clear resolution.
FBK-004053,CUST-006268,2024-10-04,8,5,Mobile experience,Mobile app is lightweight and perfect for on-the-go approvals.
FBK-004054,CUST-006269,2024-09-10,10,3,Product usability,Intuitive interface and team adopted it within days.
FBK-004055,CUST-006271,2023-08-30,9,5,Missing features,The core features cover 90% of our workflow needs.
FBK-004056,CUST-006275,2024-03-30,0,1,Performance,Occasional lag during peak hours in large file exports.
FBK-004057,CUST-006276,2023-05-23,8,4,Performance,Blazing fast sync speeds across distributed teams.
FBK-004058,CUST-006278,2023-05-05,8,3,Pricing,"Pricing is fair, but add-on user seats add up quickly."
FBK-004059,CUST-006280,2023-10-20,7,2,Product usability,UI navigation can be cluttered for new team members.
FBK-004060,CUST-006284,2022-12-03,8,5,Pricing,"Pricing is fair, but add-on user seats add up quickly."
FBK-004061,CUST-006285,2023-11-11,7,3,Integration,Custom connector setup was frustrating.
FBK-004062,CUST-006286,2024-07-01,6,5,Product usability,Steep learning curve for non-technical users.
FBK-004063,CUST-006289,2022-12-21,4,1,Mobile experience,Mobile notifications sometimes get delayed.
FBK-004064,CUST-006291,2024-01-03,7,3,Customer support,Ticket was escalated multiple times without a clear resolution.
FBK-004065,CUST-006292,2023-12-23,7,4,Pricing,Renewal rate increase was unexpected.
FBK-004066,CUST-006294,2024-02-29,9,4,Missing features,The core features cover 90% of our workflow needs.
FBK-004067,CUST-006296,2024-10-08,2,2,Mobile experience,Mobile notifications sometimes get delayed.
FBK-004068,CUST-006297,2023-12-19,9,4,Customer support,Support team resolved our critical issue in under an hour!
FBK-004069,CUST-006298,2024-09-03,10,3,Mobile experience,"Clean mobile UI, very responsive."
FBK-004070,CUST-006302,2023-12-10,10,4,Missing features,The core features cover 90% of our workflow needs.
FBK-004071,CUST-006303,2024-01-17,5,2,Integration,Custom connector setup was frustrating.
FBK-004072,CUST-006306,2024-05-28,9,4,Product usability,"Great dashboard layout, simplifies our daily standup."
FBK-004073,CUST-006307,2022-12-13,1,2,Mobile experience,Mobile notifications sometimes get delayed.
FBK-004074,CUST-006308,2023-10-20,9,4,Performance,Reliable uptime with minimal disruptions.
FBK-004075,CUST-006309,2023-03-06,5,2,Performance,Occasional lag during peak hours in large file exports.
FBK-004076,CUST-006312,2023-11-04,10,5,Missing features,The core features cover 90% of our workflow needs.
FBK-004077,CUST-006314,2023-08-24,5,2,Missing features,Missing advanced analytics export to warehouse.
FBK-004078,CUST-006315,2024-07-22,9,4,Performance,Reliable uptime with minimal disruptions.
FBK-004079,CUST-006316,2024-06-06,5,4,Product usability,UI navigation can be cluttered for new team members.
FBK-004080,CUST-006317,2024-04-03,7,5,Product usability,Steep learning curve for non-technical users.
FBK-004081,CUST-006318,2024-05-18,6,4,Mobile experience,Mobile notifications sometimes get delayed.
FBK-004082,CUST-006319,2022-04-29,9,5,Product usability,"Great dashboard layout, simplifies our daily standup."
FBK-004083,CUST-006322,2023-02-03,0,2,Pricing,Monthly plan feels a bit expensive without annual discounts.
FBK-004084,CUST-006323,2024-05-03,8,5,Missing features,The core features cover 90% of our workflow needs.
FBK-004085,CUST-006324,2024-07-11,6,4,Performance,Occasional lag during peak hours in large file exports.
FBK-004086,CUST-006326,2024-06-21,8,4,Missing features,The core features cover 90% of our workflow needs.
FBK-004087,CUST-006328,2023-08-11,1,2,Performance,Occasional lag during peak hours in large file exports.
FBK-004088,CUST-006329,2023-05-25,6,4,Customer support,Ticket was escalated multiple times without a clear resolution.
FBK-004089,CUST-006330,2024-03-16,2,1,Product usability,UI navigation can be cluttered for new team members.
FBK-004090,CUST-006331,2023-06-12,7,1,Pricing,Monthly plan feels a bit expensive without annual discounts.
FBK-004091,CUST-006332,2024-06-17,10,3,Performance,Blazing fast sync speeds across distributed teams.
FBK-004092,CUST-006333,2024-07-24,2,2,Performance,Slow loading times on large dataset syncs.
FBK-004093,CUST-006334,2023-12-21,5,4,Integration,Webhook latency caused duplicate entries in our CRM.
FBK-004094,CUST-006335,2024-09-28,7,3,Customer support,Ticket was escalated multiple times without a clear resolution.
FBK-004095,CUST-006336,2024-01-31,2,1,Product usability,Steep learning curve for non-technical users.
FBK-004096,CUST-006337,2024-08-28,4,5,Missing features,Missing advanced analytics export to warehouse.
FBK-004097,CUST-006338,2024-01-03,2,2,Pricing,Renewal rate increase was unexpected.
FBK-004098,CUST-006339,2022-07-10,3,3,Pricing,Monthly plan feels a bit expensive without annual discounts.
FBK-004099,CUST-006342,2024-05-11,8,3,Integration,Seamless integration with Google Workspace and Salesforce.
FBK-004100,CUST-006343,2024-08-08,8,3,Missing features,The core features cover 90% of our workflow needs.
FBK-004101,CUST-006344,2024-04-05,6,3,Pricing,Monthly plan feels a bit expensive without annual discounts.
FBK-004102,CUST-006345,2023-01-31,8,4,Performance,Reliable uptime with minimal disruptions.
FBK-004103,CUST-006346,2024-09-15,10,4,Integration,API documentation is top notch and easy to implement.
FBK-004104,CUST-006348,2023-01-10,3,2,Pricing,Renewal rate increase was unexpected.
FBK-004105,CUST-006349,2023-11-27,9,4,Pricing,Great value for money compared to enterprise alternatives.
FBK-004106,CUST-006350,2023-06-15,6,4,Performance,Slow loading times on large dataset syncs.
FBK-004107,CUST-006354,2024-02-10,8,4,Product usability,"Great dashboard layout, simplifies our daily standup."
FBK-004108,CUST-006355,2024-01-21,10,3,Pricing,"Pricing is fair, but add-on user seats add up quickly."
FBK-004109,CUST-006356,2023-06-08,5,5,Product usability,Steep learning curve for non-technical users.
FBK-004110,CUST-006358,2023-10-08,2,2,Missing features,Missing advanced analytics export to warehouse.
FBK-004111,CUST-006359,2024-03-17,7,4,Performance,Slow loading times on large dataset syncs.
FBK-004112,CUST-006361,2024-08-28,9,4,Mobile experience,Mobile app is lightweight and perfect for on-the-go approvals.
FBK-004113,CUST-006362,2024-05-28,5,4,Customer support,Ticket was escalated multiple times without a clear resolution.
FBK-004114,CUST-006364,2023-06-07,7,3,Performance,Slow loading times on large dataset syncs.
FBK-004115,CUST-006365,2024-03-18,2,2,Missing features,Missing advanced analytics export to warehouse.
FBK-004116,CUST-006367,2024-04-06,8,5,Integration,Seamless integration with Google Workspace and Salesforce.
FBK-004117,CUST-006368,2024-07-20,5,5,Product usability,UI navigation can be cluttered for new team members.
FBK-004118,CUST-006369,2023-09-14,3,3,Performance,Occasional lag during peak hours in large file exports.
FBK-004119,CUST-006370,2022-11-18,6,4,Missing features,Missing advanced analytics export to warehouse.
FBK-004120,CUST-006372,2023-03-05,7,4,Product usability,UI navigation can be cluttered for new team members.
FBK-004121,CUST-006373,2023-01-06,6,4,Pricing,Monthly plan feels a bit expensive without annual discounts.
FBK-004122,CUST-006376,2023-12-25,2,2,Mobile experience,Mobile notifications sometimes get delayed.
FBK-004123,CUST-006377,2024-08-24,8,5,Mobile experience,"Clean mobile UI, very responsive."
FBK-004124,CUST-006378,2023-06-09,6,5,Mobile experience,Needs iPad tablet optimization.
FBK-004125,CUST-006379,2024-08-15,8,1,Pricing,Great value for money compared to enterprise alternatives.
FBK-004126,CUST-006380,2024-08-13,8,4,Integration,API documentation is top notch and easy to implement.
FBK-004127,CUST-006381,2024-04-13,4,4,Mobile experience,Mobile notifications sometimes get delayed.
FBK-004128,CUST-006382,2023-04-23,6,2,Pricing,Renewal rate increase was unexpected.
FBK-004129,CUST-006383,2023-04-04,8,3,Integration,API documentation is top notch and easy to implement.
FBK-004130,CUST-006386,2023-08-18,4,3,Mobile experience,Mobile notifications sometimes get delayed.
FBK-004131,CUST-006389,2024-04-29,4,4,Product usability,Steep learning curve for non-technical users.
FBK-004132,CUST-006391,2024-01-06,8,4,Integration,API documentation is top notch and easy to implement.
FBK-004133,CUST-006392,2023-11-06,9,3,Product usability,"Great dashboard layout, simplifies our daily standup."
FBK-004134,CUST-006393,2024-03-13,1,3,Performance,Occasional lag during peak hours in large file exports.
FBK-004135,CUST-006394,2022-02-25,8,2,Customer support,Helpful customer success manager during onboarding.
FBK-004136,CUST-006395,2023-05-23,9,3,Product usability,"Great dashboard layout, simplifies our daily standup."
FBK-004137,CUST-006396,2023-10-27,2,1,Mobile experience,Mobile notifications sometimes get delayed.
FBK-004138,CUST-006397,2023-02-02,8,3,Pricing,"Pricing is fair, but add-on user seats add up quickly."
FBK-004139,CUST-006400,2024-06-30,7,1,Customer support,Ticket was escalated multiple times without a clear resolution.
FBK-004140,CUST-006401,2023-10-11,4,2,Pricing,Renewal rate increase was unexpected.
FBK-004141,CUST-006404,2023-06-11,7,4,Pricing,Renewal rate increase was unexpected.
FBK-004142,CUST-006407,2024-02-12,8,3,Mobile experience,Mobile app is lightweight and perfect for on-the-go approvals.
FBK-004143,CUST-006409,2023-03-11,7,5,Product usability,UI navigation can be cluttered for new team members.
FBK-004144,CUST-006410,2024-01-25,4,1,Product usability,UI navigation can be cluttered for new team members.
FBK-004145,CUST-006412,2024-08-30,10,3,Customer support,Support team resolved our critical issue in under an hour!
FBK-004146,CUST-006413,2023-04-20,8,3,Performance,Reliable uptime with minimal disruptions.
FBK-004147,CUST-006415,2024-08-12,5,1,Product usability,UI navigation can be cluttered for new team members.
FBK-004148,CUST-006418,2024-07-30,8,4,Product usability,Intuitive interface and team adopted it within days.
FBK-004149,CUST-006419,2023-08-20,8,4,Customer support,Helpful customer success manager during onboarding.
FBK-004150,CUST-006420,2022-06-30,8,4,Mobile experience,"Clean mobile UI, very responsive."
FBK-004151,CUST-006421,2024-07-27,8,4,Integration,Seamless integration with Google Workspace and Salesforce.
FBK-004152,CUST-006422,2024-09-13,7,4,Mobile experience,Needs iPad tablet optimization.
FBK-004153,CUST-006423,2024-02-29,6,4,Pricing,Renewal rate increase was unexpected.
FBK-004154,CUST-006425,2022-07-11,7,1,Mobile experience,Mobile notifications sometimes get delayed.
FBK-004155,CUST-006426,2023-05-24,8,3,Performance,Reliable uptime with minimal disruptions.
FBK-004156,CUST-006428,2023-11-22,1,1,Missing features,Missing advanced analytics export to warehouse.
FBK-004157,CUST-006429,2024-04-30,8,4,Mobile experience,"Clean mobile UI, very responsive."
FBK-004158,CUST-006433,2023-01-23,5,3,Pricing,Monthly plan feels a bit expensive without annual discounts.
FBK-004159,CUST-006435,2024-04-23,10,4,Integration,Seamless integration with Google Workspace and Salesforce.
FBK-004160,CUST-006436,2024-07-30,8,2,Missing features,The core features cover 90% of our workflow needs.
FBK-004161,CUST-006437,2022-08-20,4,1,Integration,Custom connector setup was frustrating.
FBK-004162,CUST-006438,2024-04-25,7,4,Performance,Slow loading times on large dataset syncs.
FBK-004163,CUST-006439,2023-09-21,10,4,Mobile experience,Mobile app is lightweight and perfect for on-the-go approvals.
FBK-004164,CUST-006441,2023-11-02,5,4,Missing features,Missing advanced analytics export to warehouse.
FBK-004165,CUST-006442,2024-04-02,2,1,Integration,Custom connector setup was frustrating.
FBK-004166,CUST-006443,2023-04-22,7,5,Pricing,Monthly plan feels a bit expensive without annual discounts.
FBK-004167,CUST-006444,2023-06-27,10,2,Pricing,Great value for money compared to enterprise alternatives.
FBK-004168,CUST-006445,2023-04-10,1,3,Performance,Occasional lag during peak hours in large file exports.
FBK-004169,CUST-006447,2023-09-24,4,4,Performance,Occasional lag during peak hours in large file exports.
FBK-004170,CUST-006449,2023-05-15,4,1,Product usability,UI navigation can be cluttered for new team members.
FBK-004171,CUST-006450,2024-06-20,8,5,Missing features,The core features cover 90% of our workflow needs.
FBK-004172,CUST-006451,2024-07-18,10,4,Integration,API documentation is top notch and easy to implement.
FBK-004173,CUST-006453,2022-12-21,9,5,Mobile experience,Mobile app is lightweight and perfect for on-the-go approvals.
FBK-004174,CUST-006454,2023-10-29,6,3,Performance,Slow loading times on large dataset syncs.
FBK-004175,CUST-006455,2024-01-24,3,4,Performance,Occasional lag during peak hours in large file exports.
FBK-004176,CUST-006456,2023-04-15,2,1,Performance,Slow loading times on large dataset syncs.
FBK-004177,CUST-006457,2023-07-07,3,1,Integration,Custom connector setup was frustrating.
FBK-004178,CUST-006458,2024-05-04,6,3,Performance,Slow loading times on large dataset syncs.
FBK-004179,CUST-006459,2024-01-22,10,5,Integration,Seamless integration with Google Workspace and Salesforce.
FBK-004180,CUST-006460,2022-11-20,6,4,Customer support,Took too long to get a response on an urgent billing ticket.
FBK-004181,CUST-006461,2023-11-04,0,2,Mobile experience,Mobile notifications sometimes get delayed.
FBK-004182,CUST-006462,2024-04-03,9,1,Product usability,"Great dashboard layout, simplifies our daily standup."
FBK-004183,CUST-006463,2023-03-15,9,2,Missing features,The core features cover 90% of our workflow needs.
FBK-004184,CUST-006464,2024-07-03,7,5,Pricing,Renewal rate increase was unexpected.
FBK-004185,CUST-006467,2024-03-20,6,5,Mobile experience,Mobile notifications sometimes get delayed.
FBK-004186,CUST-006468,2024-05-13,9,3,Integration,Seamless integration with Google Workspace and Salesforce.
FBK-004187,CUST-006471,2024-10-03,9,4,Integration,API documentation is top notch and easy to implement.
FBK-004188,CUST-006472,2024-04-01,6,1,Mobile experience,Needs iPad tablet optimization.
FBK-004189,CUST-006473,2024-07-22,7,4,Mobile experience,Mobile notifications sometimes get delayed.
FBK-004190,CUST-006475,2023-09-08,6,1,Customer support,Took too long to get a response on an urgent billing ticket.
FBK-004191,CUST-006476,2024-02-22,9,3,Pricing,"Pricing is fair, but add-on user seats add up quickly."
FBK-004192,CUST-006477,2024-01-03,9,5,Customer support,Support team resolved our critical issue in under an hour!
FBK-004193,CUST-006478,2023-08-12,5,4,Customer support,Ticket was escalated multiple times without a clear resolution.
FBK-004194,CUST-006481,2024-01-27,6,4,Product usability,UI navigation can be cluttered for new team members.
FBK-004195,CUST-006483,2024-04-06,1,2,Product usability,UI navigation can be cluttered for new team members.
FBK-004196,CUST-006484,2024-01-23,6,5,Performance,Slow loading times on large dataset syncs.
FBK-004197,CUST-006485,2023-05-30,7,4,Customer support,Ticket was escalated multiple times without a clear resolution.
FBK-004198,CUST-006486,2023-03-11,8,2,Customer support,Support team resolved our critical issue in under an hour!
FBK-004199,CUST-006489,2024-03-14,0,1,Performance,Occasional lag during peak hours in large file exports.
FBK-004200,CUST-006491,2023-06-06,3,3,Customer support,Ticket was escalated multiple times without a clear resolution.
FBK-004201,CUST-006492,2024-08-09,5,5,Performance,Occasional lag during peak hours in large file exports.
FBK-004202,CUST-006493,2023-10-17,4,2,Pricing,Renewal rate increase was unexpected.
FBK-004203,CUST-006494,2024-06-05,10,4,Performance,Reliable uptime with minimal disruptions.
FBK-004204,CUST-006496,2022-11-23,9,3,Missing features,The core features cover 90% of our workflow needs.
FBK-004205,CUST-006497,2024-09-12,10,4,Pricing,"Pricing is fair, but add-on user seats add up quickly."
FBK-004206,CUST-006498,2023-01-03,5,3,Product usability,Steep learning curve for non-technical users.
FBK-004207,CUST-006499,2024-01-30,8,5,Mobile experience,"Clean mobile UI, very responsive."
FBK-004208,CUST-006500,2024-03-08,6,2,Customer support,Took too long to get a response on an urgent billing ticket.
FBK-004209,CUST-006501,2024-10-26,10,5,Integration,API documentation is top notch and easy to implement.
FBK-004210,CUST-006502,2023-07-21,10,5,Performance,Blazing fast sync speeds across distributed teams.
FBK-004211,CUST-006504,2024-02-19,7,4,Pricing,Monthly plan feels a bit expensive without annual discounts.
FBK-004212,CUST-006505,2024-01-31,6,4,Performance,Slow loading times on large dataset syncs.
FBK-004213,CUST-006506,2023-06-24,4,1,Product usability,UI navigation can be cluttered for new team members.
FBK-004214,CUST-006507,2023-02-28,10,5,Product usability,Intuitive interface and team adopted it within days.
FBK-004215,CUST-006508,2024-06-30,5,4,Pricing,Monthly plan feels a bit expensive without annual discounts.
FBK-004216,CUST-006509,2023-12-15,10,4,Pricing,Great value for money compared to enterprise alternatives.
FBK-004217,CUST-006512,2024-06-30,9,4,Missing features,The core features cover 90% of our workflow needs.
FBK-004218,CUST-006514,2024-07-21,10,3,Pricing,Great value for money compared to enterprise alternatives.
FBK-004219,CUST-006515,2024-01-05,5,1,Pricing,Monthly plan feels a bit expensive without annual discounts.
FBK-004220,CUST-006516,2023-01-24,7,4,Product usability,UI navigation can be cluttered for new team members.
FBK-004221,CUST-006517,2023-04-07,5,3,Product usability,Steep learning curve for non-technical users.
FBK-004222,CUST-006519,2023-10-04,6,5,Missing features,Missing advanced analytics export to warehouse.
FBK-004223,CUST-006520,2024-05-28,10,5,Missing features,The core features cover 90% of our workflow needs.
FBK-004224,CUST-006522,2023-07-18,9,3,Customer support,Support team resolved our critical issue in under an hour!
FBK-004225,CUST-006523,2024-01-19,5,3,Integration,Webhook latency caused duplicate entries in our CRM.
FBK-004226,CUST-006524,2024-05-21,10,3,Performance,Blazing fast sync speeds across distributed teams.
FBK-004227,CUST-006525,2023-11-20,7,2,Missing features,Missing advanced analytics export to warehouse.
FBK-004228,CUST-006527,2023-09-27,6,4,Customer support,Took too long to get a response on an urgent billing ticket.
FBK-004229,CUST-006528,2023-06-22,1,1,Customer support,Took too long to get a response on an urgent billing ticket.
FBK-004230,CUST-006530,2024-05-22,3,5,Customer support,Took too long to get a response on an urgent billing ticket.
FBK-004231,CUST-006531,2023-12-06,6,2,Integration,Webhook latency caused duplicate entries in our CRM.
FBK-004232,CUST-006533,2024-06-11,8,4,Pricing,"Pricing is fair, but add-on user seats add up quickly."
FBK-004233,CUST-006534,2023-09-05,7,3,Integration,Webhook latency caused duplicate entries in our CRM.
FBK-004234,CUST-006535,2023-03-03,3,3,Customer support,Took too long to get a response on an urgent billing ticket.
FBK-004235,CUST-006536,2024-09-07,6,2,Missing features,Missing advanced analytics export to warehouse.
FBK-004236,CUST-006537,2023-06-15,8,3,Mobile experience,"Clean mobile UI, very responsive."
FBK-004237,CUST-006538,2024-06-12,7,5,Missing features,Missing advanced analytics export to warehouse.
FBK-004238,CUST-006541,2024-03-07,8,3,Pricing,Great value for money compared to enterprise alternatives.
FBK-004239,CUST-006542,2023-05-03,10,5,Customer support,Helpful customer success manager during onboarding.
FBK-004240,CUST-006543,2024-06-11,9,3,Performance,Reliable uptime with minimal disruptions.
FBK-004241,CUST-006544,2024-02-27,6,4,Performance,Occasional lag during peak hours in large file exports.
FBK-004242,CUST-006545,2024-03-06,6,2,Missing features,Missing advanced analytics export to warehouse.
FBK-004243,CUST-006548,2023-01-31,1,2,Missing features,Missing advanced analytics export to warehouse.
FBK-004244,CUST-006549,2024-03-02,8,5,Missing features,The core features cover 90% of our workflow needs.
FBK-004245,CUST-006550,2022-07-09,0,2,Performance,Slow loading times on large dataset syncs.
FBK-004246,CUST-006551,2024-03-09,8,4,Customer support,Support team resolved our critical issue in under an hour!
FBK-004247,CUST-006553,2024-05-26,7,5,Pricing,Renewal rate increase was unexpected.
FBK-004248,CUST-006554,2024-05-20,7,4,Pricing,Renewal rate increase was unexpected.
FBK-004249,CUST-006556,2022-10-25,5,5,Performance,Slow loading times on large dataset syncs.
FBK-004250,CUST-006558,2024-06-19,10,4,Customer support,Support team resolved our critical issue in under an hour!
FBK-004251,CUST-006561,2024-02-03,8,4,Integration,Seamless integration with Google Workspace and Salesforce.
FBK-004252,CUST-006562,2022-11-09,1,2,Customer support,Ticket was escalated multiple times without a clear resolution.
FBK-004253,CUST-006563,2023-07-20,8,4,Customer support,Support team resolved our critical issue in under an hour!
FBK-004254,CUST-006564,2024-02-02,4,4,Performance,Slow loading times on large dataset syncs.
FBK-004255,CUST-006568,2024-01-05,6,3,Customer support,Took too long to get a response on an urgent billing ticket.
FBK-004256,CUST-006570,2022-10-18,8,2,Pricing,Great value for money compared to enterprise alternatives.
FBK-004257,CUST-006571,2024-05-07,7,4,Performance,Slow loading times on large dataset syncs.
FBK-004258,CUST-006572,2023-08-19,0,2,Pricing,Renewal rate increase was unexpected.
FBK-004259,CUST-006573,2023-01-28,10,4,Product usability,"Great dashboard layout, simplifies our daily standup."
FBK-004260,CUST-006574,2024-01-20,7,4,Product usability,Steep learning curve for non-technical users.
FBK-004261,CUST-006575,2024-01-12,6,3,Missing features,Missing advanced analytics export to warehouse.
FBK-004262,CUST-006576,2023-01-02,5,1,Customer support,Took too long to get a response on an urgent billing ticket.
FBK-004263,CUST-006579,2023-01-09,6,5,Pricing,Monthly plan feels a bit expensive without annual discounts.
FBK-004264,CUST-006580,2023-07-19,8,5,Mobile experience,Mobile app is lightweight and perfect for on-the-go approvals.
FBK-004265,CUST-006583,2023-11-24,7,4,Mobile experience,Needs iPad tablet optimization.
FBK-004266,CUST-006584,2024-01-31,9,4,Integration,Seamless integration with Google Workspace and Salesforce.
FBK-004267,CUST-006586,2023-05-01,9,3,Mobile experience,Mobile app is lightweight and perfect for on-the-go approvals.
FBK-004268,CUST-006587,2024-02-19,3,1,Pricing,Monthly plan feels a bit expensive without annual discounts.
FBK-004269,CUST-006588,2023-08-28,8,4,Performance,Blazing fast sync speeds across distributed teams.
FBK-004270,CUST-006590,2022-03-12,4,2,Mobile experience,Needs iPad tablet optimization.
FBK-004271,CUST-006591,2023-12-17,7,2,Performance,Occasional lag during peak hours in large file exports.
FBK-004272,CUST-006593,2024-03-25,6,5,Customer support,Ticket was escalated multiple times without a clear resolution.
FBK-004273,CUST-006595,2023-12-16,2,3,Integration,Webhook latency caused duplicate entries in our CRM.
FBK-004274,CUST-006596,2024-07-23,10,4,Performance,Blazing fast sync speeds across distributed teams.
FBK-004275,CUST-006598,2024-02-19,7,3,Product usability,Steep learning curve for non-technical users.
FBK-004276,CUST-006600,2024-04-08,4,3,Customer support,Took too long to get a response on an urgent billing ticket.
FBK-004277,CUST-006601,2023-08-06,5,1,Missing features,Missing advanced analytics export to warehouse.
FBK-004278,CUST-006603,2023-12-25,8,3,Pricing,"Pricing is fair, but add-on user seats add up quickly."
FBK-004279,CUST-006604,2024-05-10,7,4,Performance,Slow loading times on large dataset syncs.
FBK-004280,CUST-006605,2024-10-13,8,4,Pricing,Great value for money compared to enterprise alternatives.
FBK-004281,CUST-006606,2023-02-10,10,4,Mobile experience,"Clean mobile UI, very responsive."
FBK-004282,CUST-006607,2024-06-04,5,2,Customer support,Took too long to get a response on an urgent billing ticket.
FBK-004283,CUST-006608,2024-05-12,9,5,Customer support,Helpful customer success manager during onboarding.
FBK-004284,CUST-006611,2023-12-19,6,1,Pricing,Monthly plan feels a bit expensive without annual discounts.
FBK-004285,CUST-006612,2024-01-17,5,3,Customer support,Took too long to get a response on an urgent billing ticket.
FBK-004286,CUST-006614,2024-08-10,6,4,Performance,Slow loading times on large dataset syncs.
FBK-004287,CUST-006615,2024-04-01,10,3,Product usability,Intuitive interface and team adopted it within days.
FBK-004288,CUST-006616,2023-10-10,3,1,Mobile experience,Mobile notifications sometimes get delayed.
FBK-004289,CUST-006617,2023-02-25,5,3,Pricing,Monthly plan feels a bit expensive without annual discounts.
FBK-004290,CUST-006618,2024-03-02,9,4,Mobile experience,Mobile app is lightweight and perfect for on-the-go approvals.
FBK-004291,CUST-006619,2024-04-18,9,2,Performance,Blazing fast sync speeds across distributed teams.
FBK-004292,CUST-006620,2023-08-06,8,2,Product usability,Intuitive interface and team adopted it within days.
FBK-004293,CUST-006624,2024-06-06,8,3,Customer support,Helpful customer success manager during onboarding.
FBK-004294,CUST-006625,2023-11-30,7,4,Product usability,Steep learning curve for non-technical users.
FBK-004295,CUST-006627,2024-06-03,8,4,Mobile experience,Mobile app is lightweight and perfect for on-the-go approvals.
FBK-004296,CUST-006628,2023-09-11,6,4,Product usability,Steep learning curve for non-technical users.
FBK-004297,CUST-006629,2024-03-08,10,4,Customer support,Support team resolved our critical issue in under an hour!
FBK-004298,CUST-006631,2023-06-04,5,2,Missing features,Missing advanced analytics export to warehouse.
FBK-004299,CUST-006632,2023-11-15,7,3,Product usability,Steep learning curve for non-technical users.
FBK-004300,CUST-006633,2024-09-09,7,3,Pricing,Renewal rate increase was unexpected.
FBK-004301,CUST-006635,2024-06-07,9,4,Performance,Blazing fast sync speeds across distributed teams.
FBK-004302,CUST-006639,2022-11-05,1,2,Missing features,Missing advanced analytics export to warehouse.
FBK-004303,CUST-006642,2024-01-14,9,2,Missing features,The core features cover 90% of our workflow needs.
FBK-004304,CUST-006646,2023-01-25,5,3,Missing features,Missing advanced analytics export to warehouse.
FBK-004305,CUST-006647,2023-05-06,4,3,Performance,Slow loading times on large dataset syncs.
FBK-004306,CUST-006648,2022-07-06,7,4,Customer support,Ticket was escalated multiple times without a clear resolution.
FBK-004307,CUST-006649,2023-11-12,7,4,Performance,Occasional lag during peak hours in large file exports.
FBK-004308,CUST-006650,2023-05-23,3,1,Product usability,Steep learning curve for non-technical users.
FBK-004309,CUST-006651,2023-12-17,7,5,Pricing,Renewal rate increase was unexpected.
FBK-004310,CUST-006653,2023-02-11,5,5,Pricing,Monthly plan feels a bit expensive without annual discounts.
FBK-004311,CUST-006654,2022-06-08,10,5,Integration,API documentation is top notch and easy to implement.
FBK-004312,CUST-006657,2024-03-22,2,2,Performance,Occasional lag during peak hours in large file exports.
FBK-004313,CUST-006660,2023-06-28,6,1,Performance,Slow loading times on large dataset syncs.
FBK-004314,CUST-006661,2023-08-21,7,3,Mobile experience,Mobile notifications sometimes get delayed.
FBK-004315,CUST-006662,2023-12-21,5,2,Missing features,Missing advanced analytics export to warehouse.
FBK-004316,CUST-006663,2024-04-16,7,5,Integration,Custom connector setup was frustrating.
FBK-004317,CUST-006665,2024-09-05,10,3,Customer support,Helpful customer success manager during onboarding.
FBK-004318,CUST-006666,2024-04-09,4,1,Product usability,Steep learning curve for non-technical users.
FBK-004319,CUST-006668,2022-06-03,2,2,Customer support,Ticket was escalated multiple times without a clear resolution.
FBK-004320,CUST-006669,2024-04-21,8,2,Missing features,The core features cover 90% of our workflow needs.
FBK-004321,CUST-006670,2023-07-08,6,3,Product usability,Steep learning curve for non-technical users.
FBK-004322,CUST-006671,2024-10-04,6,3,Pricing,Renewal rate increase was unexpected.
FBK-004323,CUST-006673,2024-02-18,7,5,Integration,Webhook latency caused duplicate entries in our CRM.
FBK-004324,CUST-006674,2023-11-08,7,4,Pricing,Monthly plan feels a bit expensive without annual discounts.
FBK-004325,CUST-006675,2022-09-22,7,4,Mobile experience,Mobile notifications sometimes get delayed.
FBK-004326,CUST-006676,2024-08-02,10,4,Missing features,The core features cover 90% of our workflow needs.
FBK-004327,CUST-006678,2024-08-28,9,2,Mobile experience,"Clean mobile UI, very responsive."
FBK-004328,CUST-006681,2024-02-18,8,5,Mobile experience,"Clean mobile UI, very responsive."
FBK-004329,CUST-006682,2022-09-16,6,2,Product usability,Steep learning curve for non-technical users.
FBK-004330,CUST-006683,2023-08-03,8,3,Pricing,"Pricing is fair, but add-on user seats add up quickly."
FBK-004331,CUST-006685,2024-04-13,6,4,Pricing,Monthly plan feels a bit expensive without annual discounts.
FBK-004332,CUST-006687,2023-04-22,5,4,Customer support,Took too long to get a response on an urgent billing ticket.
FBK-004333,CUST-006689,2024-07-08,8,4,Mobile experience,Mobile app is lightweight and perfect for on-the-go approvals.
FBK-004334,CUST-006693,2022-03-03,9,4,Missing features,The core features cover 90% of our workflow needs.
FBK-004335,CUST-006694,2022-10-08,6,2,Pricing,Monthly plan feels a bit expensive without annual discounts.
FBK-004336,CUST-006695,2023-09-21,7,3,Mobile experience,Needs iPad tablet optimization.
FBK-004337,CUST-006698,2023-10-31,10,3,Customer support,Helpful customer success manager during onboarding.
FBK-004338,CUST-006699,2024-07-29,7,4,Customer support,Took too long to get a response on an urgent billing ticket.
FBK-004339,CUST-006700,2024-05-26,8,4,Performance,Reliable uptime with minimal disruptions.
FBK-004340,CUST-006705,2022-12-26,6,5,Product usability,UI navigation can be cluttered for new team members.
FBK-004341,CUST-006706,2023-07-09,7,3,Performance,Slow loading times on large dataset syncs.
FBK-004342,CUST-006707,2024-02-17,6,5,Customer support,Took too long to get a response on an urgent billing ticket.
FBK-004343,CUST-006708,2023-05-03,6,4,Product usability,Steep learning curve for non-technical users.
FBK-004344,CUST-006709,2024-09-15,6,5,Performance,Occasional lag during peak hours in large file exports.
FBK-004345,CUST-006710,2024-02-01,9,4,Performance,Reliable uptime with minimal disruptions.
FBK-004346,CUST-006711,2023-10-08,7,3,Customer support,Took too long to get a response on an urgent billing ticket.
FBK-004347,CUST-006712,2023-07-16,0,1,Missing features,Missing advanced analytics export to warehouse.
FBK-004348,CUST-006715,2024-08-17,6,4,Product usability,UI navigation can be cluttered for new team members.
FBK-004349,CUST-006718,2024-03-11,7,3,Performance,Occasional lag during peak hours in large file exports.
FBK-004350,CUST-006719,2024-07-19,1,3,Mobile experience,Needs iPad tablet optimization.
FBK-004351,CUST-006720,2024-10-21,8,3,Mobile experience,"Clean mobile UI, very responsive."
FBK-004352,CUST-006721,2024-05-15,7,4,Product usability,UI navigation can be cluttered for new team members.
FBK-004353,CUST-006722,2023-08-24,3,2,Customer support,Ticket was escalated multiple times without a clear resolution.
FBK-004354,CUST-006724,2024-05-13,7,5,Product usability,UI navigation can be cluttered for new team members.
FBK-004355,CUST-006725,2023-05-02,6,2,Performance,Slow loading times on large dataset syncs.
FBK-004356,CUST-006727,2024-05-16,7,4,Pricing,Renewal rate increase was unexpected.
FBK-004357,CUST-006728,2022-12-06,9,3,Missing features,The core features cover 90% of our workflow needs.
FBK-004358,CUST-006729,2024-08-11,7,4,Missing features,Missing advanced analytics export to warehouse.
FBK-004359,CUST-006730,2024-04-02,2,1,Integration,Custom connector setup was frustrating.
FBK-004360,CUST-006731,2022-05-18,8,3,Product usability,"Great dashboard layout, simplifies our daily standup."
FBK-004361,CUST-006732,2024-01-04,5,3,Mobile experience,Mobile notifications sometimes get delayed.
FBK-004362,CUST-006734,2024-10-08,10,5,Missing features,The core features cover 90% of our workflow needs.
FBK-004363,CUST-006735,2024-04-01,7,4,Product usability,Steep learning curve for non-technical users.
FBK-004364,CUST-006737,2024-01-19,7,4,Mobile experience,Mobile notifications sometimes get delayed.
FBK-004365,CUST-006738,2022-10-29,9,4,Mobile experience,Mobile app is lightweight and perfect for on-the-go approvals.
FBK-004366,CUST-006739,2024-03-09,2,2,Integration,Custom connector setup was frustrating.
FBK-004367,CUST-006741,2023-07-25,5,3,Missing features,Missing advanced analytics export to warehouse.
FBK-004368,CUST-006743,2022-07-17,9,4,Customer support,Support team resolved our critical issue in under an hour!
FBK-004369,CUST-006744,2023-10-10,8,4,Mobile experience,"Clean mobile UI, very responsive."
FBK-004370,CUST-006745,2024-08-24,9,4,Performance,Reliable uptime with minimal disruptions.
FBK-004371,CUST-006746,2024-05-21,9,4,Mobile experience,"Clean mobile UI, very responsive."
FBK-004372,CUST-006749,2024-01-17,1,1,Product usability,UI navigation can be cluttered for new team members.
FBK-004373,CUST-006754,2024-05-24,9,4,Mobile experience,"Clean mobile UI, very responsive."
FBK-004374,CUST-006756,2024-05-10,7,4,Mobile experience,Needs iPad tablet optimization.
FBK-004375,CUST-006757,2024-09-19,10,3,Missing features,The core features cover 90% of our workflow needs.
FBK-004376,CUST-006760,2023-06-04,6,5,Pricing,Monthly plan feels a bit expensive without annual discounts.
FBK-004377,CUST-006765,2024-10-08,3,2,Pricing,Renewal rate increase was unexpected.
FBK-004378,CUST-006767,2023-09-08,3,2,Performance,Occasional lag during peak hours in large file exports.
FBK-004379,CUST-006770,2024-07-08,6,4,Customer support,Ticket was escalated multiple times without a clear resolution.
FBK-004380,CUST-006772,2022-04-30,5,5,Product usability,Steep learning curve for non-technical users.
FBK-004381,CUST-006774,2024-07-31,7,4,Pricing,Renewal rate increase was unexpected.
FBK-004382,CUST-006777,2024-09-16,8,5,Missing features,The core features cover 90% of our workflow needs.
FBK-004383,CUST-006779,2022-12-01,0,1,Performance,Occasional lag during peak hours in large file exports.
FBK-004384,CUST-006780,2024-09-30,9,5,Performance,Blazing fast sync speeds across distributed teams.
FBK-004385,CUST-006781,2024-10-21,10,4,Mobile experience,"Clean mobile UI, very responsive."
FBK-004386,CUST-006782,2024-06-07,6,3,Mobile experience,Mobile notifications sometimes get delayed.
FBK-004387,CUST-006784,2024-03-10,6,5,Missing features,Missing advanced analytics export to warehouse.
FBK-004388,CUST-006785,2024-04-08,5,4,Pricing,Renewal rate increase was unexpected.
FBK-004389,CUST-006787,2024-05-17,10,2,Missing features,The core features cover 90% of our workflow needs.
FBK-004390,CUST-006789,2024-07-05,1,3,Customer support,Ticket was escalated multiple times without a clear resolution.
FBK-004391,CUST-006790,2022-06-21,4,2,Integration,Webhook latency caused duplicate entries in our CRM.
FBK-004392,CUST-006792,2023-10-19,6,4,Performance,Occasional lag during peak hours in large file exports.
FBK-004393,CUST-006793,2024-07-04,7,4,Missing features,Missing advanced analytics export to warehouse.
FBK-004394,CUST-006794,2023-10-13,4,1,Integration,Custom connector setup was frustrating.
FBK-004395,CUST-006795,2024-06-19,10,5,Product usability,Intuitive interface and team adopted it within days.
FBK-004396,CUST-006796,2024-01-02,8,5,Product usability,"Great dashboard layout, simplifies our daily standup."
FBK-004397,CUST-006797,2024-06-10,3,4,Mobile experience,Needs iPad tablet optimization.
FBK-004398,CUST-006798,2024-08-19,7,1,Pricing,Monthly plan feels a bit expensive without annual discounts.
FBK-004399,CUST-006799,2023-09-26,7,3,Product usability,Steep learning curve for non-technical users.
FBK-004400,CUST-006800,2023-08-10,6,2,Product usability,Steep learning curve for non-technical users.
FBK-004401,CUST-006801,2023-05-25,9,4,Integration,API documentation is top notch and easy to implement.
FBK-004402,CUST-006802,2023-12-13,5,2,Integration,Custom connector setup was frustrating.
FBK-004403,CUST-006806,2024-06-27,9,4,Pricing,"Pricing is fair, but add-on user seats add up quickly."
FBK-004404,CUST-006808,2024-08-29,10,5,Missing features,The core features cover 90% of our workflow needs.
FBK-004405,CUST-006810,2022-12-13,2,2,Product usability,UI navigation can be cluttered for new team members.
FBK-004406,CUST-006811,2023-02-26,4,1,Pricing,Monthly plan feels a bit expensive without annual discounts.
FBK-004407,CUST-006812,2024-07-16,1,1,Missing features,Missing advanced analytics export to warehouse.
FBK-004408,CUST-006816,2023-02-04,10,5,Customer support,Helpful customer success manager during onboarding.
FBK-004409,CUST-006817,2024-02-03,0,1,Pricing,Monthly plan feels a bit expensive without annual discounts.
FBK-004410,CUST-006819,2023-11-16,7,3,Pricing,Monthly plan feels a bit expensive without annual discounts.
FBK-004411,CUST-006820,2024-07-16,5,5,Integration,Custom connector setup was frustrating.
FBK-004412,CUST-006823,2023-03-03,7,3,Integration,Custom connector setup was frustrating.
FBK-004413,CUST-006824,2022-09-07,7,4,Missing features,Missing advanced analytics export to warehouse.
FBK-004414,CUST-006825,2024-04-27,8,4,Missing features,The core features cover 90% of our workflow needs.
FBK-004415,CUST-006826,2024-06-11,10,4,Customer support,Support team resolved our critical issue in under an hour!
FBK-004416,CUST-006827,2024-10-14,8,4,Missing features,The core features cover 90% of our workflow needs.
FBK-004417,CUST-006828,2024-07-30,7,4,Pricing,Renewal rate increase was unexpected.
FBK-004418,CUST-006830,2023-09-03,9,5,Integration,API documentation is top notch and easy to implement.
FBK-004419,CUST-006832,2024-05-28,8,5,Product usability,Intuitive interface and team adopted it within days.
FBK-004420,CUST-006833,2023-10-01,5,3,Product usability,Steep learning curve for non-technical users.
FBK-004421,CUST-006834,2024-01-22,2,1,Integration,Custom connector setup was frustrating.
FBK-004422,CUST-006837,2024-04-29,9,3,Mobile experience,"Clean mobile UI, very responsive."
FBK-004423,CUST-006839,2023-11-11,7,4,Customer support,Took too long to get a response on an urgent billing ticket.
FBK-004424,CUST-006840,2024-10-11,10,5,Performance,Blazing fast sync speeds across distributed teams.
FBK-004425,CUST-006841,2023-07-21,7,3,Product usability,Steep learning curve for non-technical users.
FBK-004426,CUST-006842,2024-09-17,7,2,Mobile experience,Mobile notifications sometimes get delayed.
FBK-004427,CUST-006843,2023-08-20,8,3,Missing features,The core features cover 90% of our workflow needs.
FBK-004428,CUST-006844,2022-12-25,4,3,Missing features,Missing advanced analytics export to warehouse.
FBK-004429,CUST-006845,2022-12-20,2,2,Customer support,Ticket was escalated multiple times without a clear resolution.
FBK-004430,CUST-006846,2022-10-14,7,5,Performance,Occasional lag during peak hours in large file exports.
FBK-004431,CUST-006847,2024-09-08,4,4,Integration,Custom connector setup was frustrating.
FBK-004432,CUST-006849,2024-05-20,8,3,Mobile experience,"Clean mobile UI, very responsive."
FBK-004433,CUST-006855,2023-11-09,1,1,Missing features,Missing advanced analytics export to warehouse.
FBK-004434,CUST-006859,2023-09-01,10,4,Performance,Blazing fast sync speeds across distributed teams.
FBK-004435,CUST-006861,2023-09-02,6,3,Product usability,UI navigation can be cluttered for new team members.
FBK-004436,CUST-006862,2024-11-04,8,4,Performance,Blazing fast sync speeds across distributed teams.
FBK-004437,CUST-006863,2024-09-30,8,3,Performance,Blazing fast sync speeds across distributed teams.
FBK-004438,CUST-006864,2023-10-22,7,4,Pricing,Renewal rate increase was unexpected.
FBK-004439,CUST-006866,2024-01-29,9,3,Customer support,Helpful customer success manager during onboarding.
FBK-004440,CUST-006867,2023-09-01,3,1,Integration,Webhook latency caused duplicate entries in our CRM.
FBK-004441,CUST-006868,2023-08-31,8,3,Performance,Blazing fast sync speeds across distributed teams.
FBK-004442,CUST-006869,2024-07-12,8,4,Pricing,"Pricing is fair, but add-on user seats add up quickly."
FBK-004443,CUST-006870,2023-08-08,7,3,Pricing,Monthly plan feels a bit expensive without annual discounts.
FBK-004444,CUST-006873,2023-11-14,8,4,Product usability,"Great dashboard layout, simplifies our daily standup."
FBK-004445,CUST-006875,2023-10-21,8,2,Integration,Seamless integration with Google Workspace and Salesforce.
FBK-004446,CUST-006876,2024-06-28,0,3,Missing features,Missing advanced analytics export to warehouse.
FBK-004447,CUST-006878,2023-02-28,7,4,Customer support,Took too long to get a response on an urgent billing ticket.
FBK-004448,CUST-006879,2024-05-13,0,1,Product usability,Steep learning curve for non-technical users.
FBK-004449,CUST-006880,2024-06-11,7,5,Pricing,Renewal rate increase was unexpected.
FBK-004450,CUST-006881,2023-01-03,2,1,Integration,Custom connector setup was frustrating.
FBK-004451,CUST-006882,2023-08-25,9,4,Performance,Blazing fast sync speeds across distributed teams.
FBK-004452,CUST-006883,2024-09-30,8,3,Customer support,Helpful customer success manager during onboarding.
FBK-004453,CUST-006884,2024-07-14,0,1,Missing features,Missing advanced analytics export to warehouse.
FBK-004454,CUST-006885,2023-10-19,0,4,Customer support,Took too long to get a response on an urgent billing ticket.
FBK-004455,CUST-006888,2023-09-11,6,1,Missing features,Missing advanced analytics export to warehouse.
FBK-004456,CUST-006889,2024-05-25,4,2,Mobile experience,Mobile notifications sometimes get delayed.
FBK-004457,CUST-006890,2022-08-29,7,2,Product usability,Steep learning curve for non-technical users.
FBK-004458,CUST-006893,2024-03-15,8,4,Integration,Seamless integration with Google Workspace and Salesforce.
FBK-004459,CUST-006894,2023-09-24,2,2,Missing features,Missing advanced analytics export to warehouse.
FBK-004460,CUST-006896,2022-11-27,0,1,Missing features,Missing advanced analytics export to warehouse.
FBK-004461,CUST-006897,2023-11-30,8,4,Product usability,Intuitive interface and team adopted it within days.
FBK-004462,CUST-006898,2024-07-28,8,1,Pricing,Great value for money compared to enterprise alternatives.
FBK-004463,CUST-006899,2023-08-06,3,2,Mobile experience,Needs iPad tablet optimization.
FBK-004464,CUST-006900,2023-11-14,5,5,Pricing,Monthly plan feels a bit expensive without annual discounts.
FBK-004465,CUST-006901,2023-09-29,7,5,Pricing,Renewal rate increase was unexpected.
FBK-004466,CUST-006902,2024-08-05,9,4,Pricing,Great value for money compared to enterprise alternatives.
FBK-004467,CUST-006903,2024-06-17,9,3,Customer support,Support team resolved our critical issue in under an hour!
FBK-004468,CUST-006904,2024-03-22,2,1,Mobile experience,Mobile notifications sometimes get delayed.
FBK-004469,CUST-006905,2024-10-01,8,3,Integration,Seamless integration with Google Workspace and Salesforce.
FBK-004470,CUST-006907,2024-02-28,6,5,Integration,Custom connector setup was frustrating.
FBK-004471,CUST-006910,2024-02-19,2,2,Mobile experience,Mobile notifications sometimes get delayed.
FBK-004472,CUST-006911,2023-03-21,9,4,Missing features,The core features cover 90% of our workflow needs.
FBK-004473,CUST-006913,2023-12-30,0,1,Missing features,Missing advanced analytics export to warehouse.
FBK-004474,CUST-006915,2023-02-04,7,3,Customer support,Took too long to get a response on an urgent billing ticket.
FBK-004475,CUST-006916,2023-08-19,10,2,Customer support,Helpful customer success manager during onboarding.
FBK-004476,CUST-006918,2024-06-10,7,4,Performance,Slow loading times on large dataset syncs.
FBK-004477,CUST-006920,2024-02-15,8,3,Missing features,The core features cover 90% of our workflow needs.
FBK-004478,CUST-006921,2024-05-22,6,3,Performance,Slow loading times on large dataset syncs.
FBK-004479,CUST-006922,2023-08-17,2,2,Pricing,Monthly plan feels a bit expensive without annual discounts.
FBK-004480,CUST-006923,2023-10-11,8,1,Integration,Seamless integration with Google Workspace and Salesforce.
FBK-004481,CUST-006924,2024-04-29,1,3,Pricing,Renewal rate increase was unexpected.
FBK-004482,CUST-006925,2023-01-08,7,3,Customer support,Ticket was escalated multiple times without a clear resolution.
FBK-004483,CUST-006926,2023-08-23,3,1,Missing features,Missing advanced analytics export to warehouse.
FBK-004484,CUST-006927,2024-03-14,5,2,Pricing,Monthly plan feels a bit expensive without annual discounts.
FBK-004485,CUST-006928,2024-03-04,5,1,Pricing,Monthly plan feels a bit expensive without annual discounts.
FBK-004486,CUST-006931,2024-04-02,10,4,Integration,API documentation is top notch and easy to implement.
FBK-004487,CUST-006933,2023-10-26,6,4,Mobile experience,Needs iPad tablet optimization.
FBK-004488,CUST-006934,2024-02-05,9,5,Product usability,Intuitive interface and team adopted it within days.
FBK-004489,CUST-006935,2024-08-26,8,5,Mobile experience,Mobile app is lightweight and perfect for on-the-go approvals.
FBK-004490,CUST-006938,2024-01-17,10,4,Performance,Reliable uptime with minimal disruptions.
FBK-004491,CUST-006939,2024-01-22,9,5,Missing features,The core features cover 90% of our workflow needs.
FBK-004492,CUST-006941,2024-07-07,3,3,Mobile experience,Mobile notifications sometimes get delayed.
FBK-004493,CUST-006942,2023-09-28,1,2,Mobile experience,Needs iPad tablet optimization.
FBK-004494,CUST-006943,2024-03-22,8,4,Pricing,"Pricing is fair, but add-on user seats add up quickly."
FBK-004495,CUST-006945,2024-03-31,5,2,Customer support,Took too long to get a response on an urgent billing ticket.
FBK-004496,CUST-006947,2022-06-07,2,3,Missing features,Missing advanced analytics export to warehouse.
FBK-004497,CUST-006950,2024-05-31,2,1,Mobile experience,Mobile notifications sometimes get delayed.
FBK-004498,CUST-006951,2024-08-27,6,1,Product usability,Steep learning curve for non-technical users.
FBK-004499,CUST-006954,2023-08-27,9,3,Pricing,Great value for money compared to enterprise alternatives.
FBK-004500,CUST-006956,2023-02-06,9,4,Product usability,"Great dashboard layout, simplifies our daily standup."
FBK-004501,CUST-006957,2024-10-24,7,3,Missing features,Missing advanced analytics export to warehouse.
FBK-004502,CUST-006958,2022-10-25,6,2,Missing features,Missing advanced analytics export to warehouse.
FBK-004503,CUST-006961,2023-07-24,5,3,Mobile experience,Needs iPad tablet optimization.
FBK-004504,CUST-006962,2024-01-15,8,3,Product usability,Intuitive interface and team adopted it within days.
FBK-004505,CUST-006965,2023-08-22,10,4,Missing features,The core features cover 90% of our workflow needs.
FBK-004506,CUST-006966,2024-07-04,9,5,Missing features,The core features cover 90% of our workflow needs.
FBK-004507,CUST-006967,2024-08-23,8,3,Mobile experience,"Clean mobile UI, very responsive."
FBK-004508,CUST-006968,2023-07-26,2,1,Missing features,Missing advanced analytics export to warehouse.
FBK-004509,CUST-006969,2024-04-24,2,3,Integration,Custom connector setup was frustrating.
FBK-004510,CUST-006970,2024-08-29,8,4,Pricing,Great value for money compared to enterprise alternatives.
FBK-004511,CUST-006971,2022-06-16,8,5,Pricing,"Pricing is fair, but add-on user seats add up quickly."
FBK-004512,CUST-006972,2024-04-09,0,2,Performance,Slow loading times on large dataset syncs.
FBK-004513,CUST-006973,2024-10-03,9,2,Pricing,"Pricing is fair, but add-on user seats add up quickly."
FBK-004514,CUST-006976,2024-04-01,9,2,Product usability,"Great dashboard layout, simplifies our daily standup."
FBK-004515,CUST-006979,2024-05-09,7,4,Missing features,Missing advanced analytics export to warehouse.
FBK-004516,CUST-006980,2023-05-11,2,1,Performance,Slow loading times on large dataset syncs.
FBK-004517,CUST-006981,2024-04-06,7,2,Performance,Slow loading times on large dataset syncs.
FBK-004518,CUST-006983,2023-03-03,5,1,Product usability,Steep learning curve for non-technical users.
FBK-004519,CUST-006984,2024-01-07,5,3,Performance,Occasional lag during peak hours in large file exports.
FBK-004520,CUST-006985,2024-06-17,7,4,Integration,Custom connector setup was frustrating.
FBK-004521,CUST-006986,2024-07-04,10,3,Mobile experience,Mobile app is lightweight and perfect for on-the-go approvals.
FBK-004522,CUST-006987,2024-03-31,7,4,Integration,Custom connector setup was frustrating.
FBK-004523,CUST-006992,2024-01-06,10,5,Integration,Seamless integration with Google Workspace and Salesforce.
FBK-004524,CUST-006994,2023-05-28,6,4,Pricing,Renewal rate increase was unexpected.
FBK-004525,CUST-006995,2023-09-29,9,5,Product usability,"Great dashboard layout, simplifies our daily standup."
FBK-004526,CUST-006996,2023-02-16,9,3,Performance,Blazing fast sync speeds across distributed teams.
FBK-004527,CUST-006997,2024-05-02,7,4,Missing features,Missing advanced analytics export to warehouse.
FBK-004528,CUST-007000,2022-11-28,10,4,Integration,Seamless integration with Google Workspace and Salesforce.
FBK-004529,CUST-007001,2024-06-10,8,4,Integration,API documentation is top notch and easy to implement.
FBK-004530,CUST-007003,2024-07-12,8,4,Pricing,Great value for money compared to enterprise alternatives.
FBK-004531,CUST-007005,2024-06-13,10,4,Customer support,Support team resolved our critical issue in under an hour!
FBK-004532,CUST-007006,2024-01-01,5,3,Missing features,Missing advanced analytics export to warehouse.
FBK-004533,CUST-007007,2023-08-20,9,3,Pricing,"Pricing is fair, but add-on user seats add up quickly."
FBK-004534,CUST-007008,2023-04-03,6,3,Missing features,Missing advanced analytics export to warehouse.
FBK-004535,CUST-007009,2023-06-10,9,5,Customer support,Helpful customer success manager during onboarding.
FBK-004536,CUST-007010,2024-08-12,9,4,Pricing,"Pricing is fair, but add-on user seats add up quickly."
FBK-004537,CUST-007013,2023-10-05,7,5,Mobile experience,Mobile notifications sometimes get delayed.
FBK-004538,CUST-007014,2024-09-27,9,4,Performance,Blazing fast sync speeds across distributed teams.
FBK-004539,CUST-007016,2023-11-11,9,4,Integration,Seamless integration with Google Workspace and Salesforce.
FBK-004540,CUST-007017,2023-01-03,1,2,Customer support,Ticket was escalated multiple times without a clear resolution.
FBK-004541,CUST-007018,2023-12-22,7,4,Product usability,Steep learning curve for non-technical users.
FBK-004542,CUST-007022,2024-08-23,5,4,Product usability,UI navigation can be cluttered for new team members.
FBK-004543,CUST-007024,2023-10-21,5,2,Pricing,Renewal rate increase was unexpected.
FBK-004544,CUST-007025,2024-05-05,9,4,Mobile experience,"Clean mobile UI, very responsive."
FBK-004545,CUST-007026,2024-08-19,9,5,Missing features,The core features cover 90% of our workflow needs.
FBK-004546,CUST-007029,2023-02-21,7,5,Performance,Slow loading times on large dataset syncs.
FBK-004547,CUST-007030,2024-05-26,6,1,Customer support,Ticket was escalated multiple times without a clear resolution.
FBK-004548,CUST-007031,2023-08-30,3,5,Mobile experience,Needs iPad tablet optimization.
FBK-004549,CUST-007032,2023-09-01,3,3,Missing features,Missing advanced analytics export to warehouse.
FBK-004550,CUST-007033,2022-06-19,8,3,Missing features,The core features cover 90% of our workflow needs.
FBK-004551,CUST-007034,2024-09-02,6,4,Integration,Webhook latency caused duplicate entries in our CRM.
FBK-004552,CUST-007035,2024-03-24,8,4,Pricing,Great value for money compared to enterprise alternatives.
FBK-004553,CUST-007036,2024-05-31,7,5,Integration,Custom connector setup was frustrating.
FBK-004554,CUST-007038,2022-10-17,8,3,Product usability,Intuitive interface and team adopted it within days.
FBK-004555,CUST-007040,2024-02-16,9,3,Product usability,Intuitive interface and team adopted it within days.
FBK-004556,CUST-007041,2023-03-17,3,1,Missing features,Missing advanced analytics export to warehouse.
FBK-004557,CUST-007042,2023-12-26,8,5,Mobile experience,"Clean mobile UI, very responsive."
FBK-004558,CUST-007043,2024-08-31,8,2,Product usability,Intuitive interface and team adopted it within days.
FBK-004559,CUST-007045,2024-02-27,3,3,Missing features,Missing advanced analytics export to warehouse.
FBK-004560,CUST-007046,2023-12-28,7,3,Missing features,Missing advanced analytics export to warehouse.
FBK-004561,CUST-007052,2023-02-03,2,4,Performance,Slow loading times on large dataset syncs.
FBK-004562,CUST-007054,2024-01-31,8,4,Mobile experience,Mobile app is lightweight and perfect for on-the-go approvals.
FBK-004563,CUST-007057,2022-05-17,2,3,Performance,Slow loading times on large dataset syncs.
FBK-004564,CUST-007058,2023-12-01,9,5,Product usability,Intuitive interface and team adopted it within days.
FBK-004565,CUST-007059,2024-05-11,6,3,Pricing,Renewal rate increase was unexpected.
FBK-004566,CUST-007060,2024-06-21,10,4,Pricing,"Pricing is fair, but add-on user seats add up quickly."
FBK-004567,CUST-007062,2024-04-04,1,2,Pricing,Monthly plan feels a bit expensive without annual discounts.
FBK-004568,CUST-007064,2022-12-29,6,3,Pricing,Renewal rate increase was unexpected.
FBK-004569,CUST-007065,2024-06-10,6,1,Mobile experience,Mobile notifications sometimes get delayed.
FBK-004570,CUST-007066,2023-12-21,8,3,Performance,Reliable uptime with minimal disruptions.
FBK-004571,CUST-007067,2023-04-16,8,2,Performance,Reliable uptime with minimal disruptions.
FBK-004572,CUST-007068,2024-06-24,2,2,Integration,Webhook latency caused duplicate entries in our CRM.
FBK-004573,CUST-007072,2023-11-27,7,3,Integration,Webhook latency caused duplicate entries in our CRM.
FBK-004574,CUST-007073,2022-07-10,9,1,Integration,Seamless integration with Google Workspace and Salesforce.
FBK-004575,CUST-007074,2023-12-31,9,5,Product usability,"Great dashboard layout, simplifies our daily standup."
FBK-004576,CUST-007075,2024-03-02,6,5,Missing features,Missing advanced analytics export to warehouse.
FBK-004577,CUST-007076,2023-07-15,1,3,Missing features,Missing advanced analytics export to warehouse.
FBK-004578,CUST-007077,2024-04-11,10,4,Missing features,The core features cover 90% of our workflow needs.
FBK-004579,CUST-007079,2023-12-13,8,2,Performance,Blazing fast sync speeds across distributed teams.
FBK-004580,CUST-007080,2022-09-26,6,3,Customer support,Took too long to get a response on an urgent billing ticket.
FBK-004581,CUST-007081,2024-05-08,8,3,Integration,Seamless integration with Google Workspace and Salesforce.
FBK-004582,CUST-007082,2023-03-23,9,3,Product usability,"Great dashboard layout, simplifies our daily standup."
FBK-004583,CUST-007085,2023-11-24,5,3,Pricing,Renewal rate increase was unexpected.
FBK-004584,CUST-007086,2024-03-22,7,3,Product usability,Steep learning curve for non-technical users.
FBK-004585,CUST-007092,2023-05-12,7,2,Product usability,UI navigation can be cluttered for new team members.
FBK-004586,CUST-007093,2024-04-17,9,4,Performance,Blazing fast sync speeds across distributed teams.
FBK-004587,CUST-007095,2024-07-05,8,4,Performance,Reliable uptime with minimal disruptions.
FBK-004588,CUST-007096,2024-01-02,7,4,Performance,Occasional lag during peak hours in large file exports.
FBK-004589,CUST-007097,2024-07-04,5,2,Mobile experience,Needs iPad tablet optimization.
FBK-004590,CUST-007099,2023-10-18,5,2,Pricing,Renewal rate increase was unexpected.
FBK-004591,CUST-007100,2023-10-02,7,4,Missing features,Missing advanced analytics export to warehouse.
FBK-004592,CUST-007101,2024-08-14,7,4,Pricing,Monthly plan feels a bit expensive without annual discounts.
FBK-004593,CUST-007102,2024-06-29,6,1,Missing features,Missing advanced analytics export to warehouse.
FBK-004594,CUST-007104,2023-07-03,8,4,Customer support,Support team resolved our critical issue in under an hour!
FBK-004595,CUST-007105,2022-07-12,4,1,Pricing,Renewal rate increase was unexpected.
FBK-004596,CUST-007106,2023-11-29,9,5,Integration,Seamless integration with Google Workspace and Salesforce.
FBK-004597,CUST-007107,2023-09-18,3,2,Mobile experience,Needs iPad tablet optimization.
FBK-004598,CUST-007109,2024-10-10,7,2,Performance,Occasional lag during peak hours in large file exports.
FBK-004599,CUST-007110,2023-10-20,1,1,Mobile experience,Mobile notifications sometimes get delayed.
FBK-004600,CUST-007111,2023-02-06,4,1,Mobile experience,Mobile notifications sometimes get delayed.
FBK-004601,CUST-007112,2024-05-27,4,5,Product usability,UI navigation can be cluttered for new team members.
FBK-004602,CUST-007115,2024-06-16,9,4,Missing features,The core features cover 90% of our workflow needs.
FBK-004603,CUST-007116,2024-03-18,9,4,Missing features,The core features cover 90% of our workflow needs.
FBK-004604,CUST-007117,2023-09-05,7,4,Pricing,Renewal rate increase was unexpected.
FBK-004605,CUST-007119,2022-10-23,0,2,Performance,Occasional lag during peak hours in large file exports.
FBK-004606,CUST-007121,2024-11-17,7,4,Integration,Custom connector setup was frustrating.
FBK-004607,CUST-007122,2022-08-20,5,4,Integration,Webhook latency caused duplicate entries in our CRM.
FBK-004608,CUST-007124,2024-04-01,5,2,Product usability,Steep learning curve for non-technical users.
FBK-004609,CUST-007125,2023-07-23,8,4,Integration,Seamless integration with Google Workspace and Salesforce.
FBK-004610,CUST-007127,2024-08-02,7,3,Pricing,Monthly plan feels a bit expensive without annual discounts.
FBK-004611,CUST-007131,2024-05-24,2,3,Integration,Custom connector setup was frustrating.
FBK-004612,CUST-007132,2024-06-01,4,3,Integration,Webhook latency caused duplicate entries in our CRM.
FBK-004613,CUST-007135,2023-11-16,9,5,Pricing,Great value for money compared to enterprise alternatives.
FBK-004614,CUST-007136,2024-06-15,10,4,Mobile experience,"Clean mobile UI, very responsive."
FBK-004615,CUST-007137,2024-04-04,7,3,Performance,Slow loading times on large dataset syncs.
FBK-004616,CUST-007138,2023-12-21,9,2,Integration,API documentation is top notch and easy to implement.
FBK-004617,CUST-007140,2024-07-24,6,3,Performance,Slow loading times on large dataset syncs.
FBK-004618,CUST-007141,2024-07-18,8,4,Mobile experience,"Clean mobile UI, very responsive."
FBK-004619,CUST-007142,2023-08-01,8,3,Product usability,Intuitive interface and team adopted it within days.
FBK-004620,CUST-007143,2022-09-25,8,5,Mobile experience,"Clean mobile UI, very responsive."
FBK-004621,CUST-007144,2024-05-26,7,4,Pricing,Monthly plan feels a bit expensive without annual discounts.
FBK-004622,CUST-007146,2023-12-11,8,4,Product usability,Intuitive interface and team adopted it within days.
FBK-004623,CUST-007147,2024-09-30,7,3,Pricing,Renewal rate increase was unexpected.
FBK-004624,CUST-007148,2024-01-10,6,2,Pricing,Renewal rate increase was unexpected.
FBK-004625,CUST-007150,2024-10-30,7,4,Integration,Custom connector setup was frustrating.
FBK-004626,CUST-007151,2023-09-10,7,2,Product usability,Steep learning curve for non-technical users.
FBK-004627,CUST-007153,2024-02-10,0,1,Mobile experience,Needs iPad tablet optimization.
FBK-004628,CUST-007155,2023-06-02,5,1,Mobile experience,Mobile notifications sometimes get delayed.
FBK-004629,CUST-007156,2022-12-27,9,4,Customer support,Support team resolved our critical issue in under an hour!
FBK-004630,CUST-007157,2024-08-11,7,4,Pricing,Monthly plan feels a bit expensive without annual discounts.
FBK-004631,CUST-007158,2024-05-18,8,5,Product usability,Intuitive interface and team adopted it within days.
FBK-004632,CUST-007159,2024-03-12,0,1,Integration,Custom connector setup was frustrating.
FBK-004633,CUST-007160,2023-05-19,4,4,Missing features,Missing advanced analytics export to warehouse.
FBK-004634,CUST-007161,2023-04-06,6,2,Missing features,Missing advanced analytics export to warehouse.
FBK-004635,CUST-007162,2023-11-05,6,3,Performance,Slow loading times on large dataset syncs.
FBK-004636,CUST-007164,2024-09-08,7,4,Performance,Slow loading times on large dataset syncs.
FBK-004637,CUST-007167,2024-03-30,7,4,Integration,Custom connector setup was frustrating.
FBK-004638,CUST-007169,2023-08-11,9,4,Integration,Seamless integration with Google Workspace and Salesforce.
FBK-004639,CUST-007170,2022-03-14,0,1,Missing features,Missing advanced analytics export to warehouse.
FBK-004640,CUST-007171,2024-04-21,8,5,Missing features,The core features cover 90% of our workflow needs.
FBK-004641,CUST-007173,2023-06-01,8,3,Missing features,The core features cover 90% of our workflow needs.
FBK-004642,CUST-007175,2023-01-10,9,5,Integration,API documentation is top notch and easy to implement.
FBK-004643,CUST-007176,2023-06-04,2,4,Performance,Occasional lag during peak hours in large file exports.
FBK-004644,CUST-007177,2023-08-11,7,4,Missing features,Missing advanced analytics export to warehouse.
FBK-004645,CUST-007180,2023-05-20,4,2,Missing features,Missing advanced analytics export to warehouse.
FBK-004646,CUST-007183,2024-05-24,2,3,Mobile experience,Needs iPad tablet optimization.
FBK-004647,CUST-007184,2024-06-29,6,4,Customer support,Took too long to get a response on an urgent billing ticket.
FBK-004648,CUST-007185,2023-11-25,7,3,Product usability,Steep learning curve for non-technical users.
FBK-004649,CUST-007187,2024-06-21,7,5,Customer support,Ticket was escalated multiple times without a clear resolution.
FBK-004650,CUST-007193,2023-03-08,8,4,Mobile experience,Mobile app is lightweight and perfect for on-the-go approvals.
FBK-004651,CUST-007194,2024-01-24,9,4,Integration,Seamless integration with Google Workspace and Salesforce.
FBK-004652,CUST-007195,2024-03-23,8,4,Mobile experience,Mobile app is lightweight and perfect for on-the-go approvals.
FBK-004653,CUST-007196,2023-01-30,7,5,Mobile experience,Needs iPad tablet optimization.
FBK-004654,CUST-007197,2024-05-08,6,4,Integration,Custom connector setup was frustrating.
FBK-004655,CUST-007198,2023-08-16,7,4,Performance,Slow loading times on large dataset syncs.
FBK-004656,CUST-007203,2024-07-25,9,3,Integration,Seamless integration with Google Workspace and Salesforce.
FBK-004657,CUST-007204,2024-05-10,10,3,Customer support,Support team resolved our critical issue in under an hour!
FBK-004658,CUST-007205,2024-06-02,6,1,Pricing,Monthly plan feels a bit expensive without annual discounts.
FBK-004659,CUST-007206,2024-05-15,5,4,Mobile experience,Mobile notifications sometimes get delayed.
FBK-004660,CUST-007211,2023-10-14,10,3,Mobile experience,"Clean mobile UI, very responsive."
FBK-004661,CUST-007212,2024-07-10,6,5,Performance,Occasional lag during peak hours in large file exports.
FBK-004662,CUST-007213,2024-05-29,9,4,Integration,Seamless integration with Google Workspace and Salesforce.
FBK-004663,CUST-007214,2024-08-24,7,5,Performance,Slow loading times on large dataset syncs.
FBK-004664,CUST-007216,2023-10-18,5,4,Performance,Slow loading times on large dataset syncs.
FBK-004665,CUST-007217,2023-09-06,6,1,Mobile experience,Needs iPad tablet optimization.
FBK-004666,CUST-007218,2022-05-31,8,5,Integration,API documentation is top notch and easy to implement.
FBK-004667,CUST-007219,2023-04-03,4,1,Mobile experience,Mobile notifications sometimes get delayed.
FBK-004668,CUST-007220,2024-02-03,10,3,Customer support,Support team resolved our critical issue in under an hour!
FBK-004669,CUST-007224,2024-09-19,9,4,Customer support,Support team resolved our critical issue in under an hour!
FBK-004670,CUST-007225,2024-06-03,7,3,Integration,Custom connector setup was frustrating.
FBK-004671,CUST-007226,2022-12-31,3,4,Integration,Custom connector setup was frustrating.
FBK-004672,CUST-007227,2023-06-07,6,3,Product usability,Steep learning curve for non-technical users.
FBK-004673,CUST-007228,2023-01-12,2,1,Integration,Custom connector setup was frustrating.
FBK-004674,CUST-007229,2023-11-06,4,2,Product usability,UI navigation can be cluttered for new team members.
FBK-004675,CUST-007230,2023-05-23,8,1,Performance,Reliable uptime with minimal disruptions.
FBK-004676,CUST-007231,2023-05-21,7,5,Pricing,Monthly plan feels a bit expensive without annual discounts.
FBK-004677,CUST-007232,2023-02-12,8,3,Product usability,Intuitive interface and team adopted it within days.
FBK-004678,CUST-007233,2023-08-27,8,3,Mobile experience,"Clean mobile UI, very responsive."
FBK-004679,CUST-007234,2023-12-06,3,2,Pricing,Monthly plan feels a bit expensive without annual discounts.
FBK-004680,CUST-007235,2024-05-28,9,4,Product usability,"Great dashboard layout, simplifies our daily standup."
FBK-004681,CUST-007236,2023-10-07,0,1,Product usability,UI navigation can be cluttered for new team members.
FBK-004682,CUST-007238,2024-05-28,5,1,Missing features,Missing advanced analytics export to warehouse.
FBK-004683,CUST-007240,2023-11-01,0,3,Product usability,Steep learning curve for non-technical users.
FBK-004684,CUST-007241,2023-02-20,9,4,Product usability,Intuitive interface and team adopted it within days.
FBK-004685,CUST-007243,2023-01-27,3,2,Product usability,Steep learning curve for non-technical users.
FBK-004686,CUST-007244,2023-06-26,2,3,Customer support,Took too long to get a response on an urgent billing ticket.
FBK-004687,CUST-007246,2022-08-13,8,3,Mobile experience,Mobile app is lightweight and perfect for on-the-go approvals.
FBK-004688,CUST-007247,2023-09-25,4,3,Integration,Webhook latency caused duplicate entries in our CRM.
FBK-004689,CUST-007248,2024-03-11,3,2,Pricing,Monthly plan feels a bit expensive without annual discounts.
FBK-004690,CUST-007249,2022-06-17,4,3,Mobile experience,Mobile notifications sometimes get delayed.
FBK-004691,CUST-007251,2022-08-30,9,4,Performance,Reliable uptime with minimal disruptions.
FBK-004692,CUST-007253,2023-07-20,3,1,Missing features,Missing advanced analytics export to warehouse.
FBK-004693,CUST-007254,2022-08-06,5,3,Integration,Custom connector setup was frustrating.
FBK-004694,CUST-007255,2023-11-06,7,4,Pricing,Monthly plan feels a bit expensive without annual discounts.
FBK-004695,CUST-007256,2024-05-30,7,3,Mobile experience,Mobile notifications sometimes get delayed.
FBK-004696,CUST-007257,2024-06-17,5,2,Pricing,Monthly plan feels a bit expensive without annual discounts.
FBK-004697,CUST-007259,2024-02-12,9,4,Performance,Reliable uptime with minimal disruptions.
FBK-004698,CUST-007261,2024-06-29,4,5,Customer support,Ticket was escalated multiple times without a clear resolution.
FBK-004699,CUST-007264,2024-06-06,9,3,Missing features,The core features cover 90% of our workflow needs.
FBK-004700,CUST-007265,2023-09-12,10,5,Pricing,"Pricing is fair, but add-on user seats add up quickly."
FBK-004701,CUST-007266,2022-12-19,7,2,Product usability,UI navigation can be cluttered for new team members.
FBK-004702,CUST-007267,2023-08-03,10,4,Pricing,"Pricing is fair, but add-on user seats add up quickly."
FBK-004703,CUST-007268,2024-03-25,8,4,Missing features,The core features cover 90% of our workflow needs.
FBK-004704,CUST-007270,2023-06-07,6,5,Missing features,Missing advanced analytics export to warehouse.
FBK-004705,CUST-007271,2023-08-02,9,4,Mobile experience,Mobile app is lightweight and perfect for on-the-go approvals.
FBK-004706,CUST-007272,2022-11-16,5,3,Customer support,Ticket was escalated multiple times without a clear resolution.
FBK-004707,CUST-007273,2022-04-26,0,2,Pricing,Monthly plan feels a bit expensive without annual discounts.
FBK-004708,CUST-007275,2023-09-09,8,4,Mobile experience,"Clean mobile UI, very responsive."
FBK-004709,CUST-007276,2024-06-13,8,4,Missing features,The core features cover 90% of our workflow needs.
FBK-004710,CUST-007278,2024-04-22,8,5,Missing features,The core features cover 90% of our workflow needs.
FBK-004711,CUST-007279,2024-03-23,5,3,Mobile experience,Needs iPad tablet optimization.
FBK-004712,CUST-007281,2023-08-27,5,2,Integration,Webhook latency caused duplicate entries in our CRM.
FBK-004713,CUST-007283,2022-08-01,8,4,Integration,Seamless integration with Google Workspace and Salesforce.
FBK-004714,CUST-007286,2023-08-30,7,4,Customer support,Took too long to get a response on an urgent billing ticket.
FBK-004715,CUST-007287,2023-08-02,9,4,Customer support,Support team resolved our critical issue in under an hour!
FBK-004716,CUST-007288,2023-06-22,10,4,Mobile experience,"Clean mobile UI, very responsive."
FBK-004717,CUST-007290,2024-07-17,10,2,Performance,Reliable uptime with minimal disruptions.
FBK-004718,CUST-007291,2024-09-16,8,3,Product usability,Intuitive interface and team adopted it within days.
FBK-004719,CUST-007292,2023-02-20,2,1,Customer support,Took too long to get a response on an urgent billing ticket.
FBK-004720,CUST-007293,2023-04-18,8,4,Performance,Blazing fast sync speeds across distributed teams.
FBK-004721,CUST-007294,2023-12-20,2,4,Customer support,Ticket was escalated multiple times without a clear resolution.
FBK-004722,CUST-007295,2024-01-18,3,1,Pricing,Monthly plan feels a bit expensive without annual discounts.
FBK-004723,CUST-007296,2023-04-14,8,5,Customer support,Helpful customer success manager during onboarding.
FBK-004724,CUST-007298,2024-04-11,7,5,Mobile experience,Mobile notifications sometimes get delayed.
FBK-004725,CUST-007299,2023-12-13,9,4,Missing features,The core features cover 90% of our workflow needs.
FBK-004726,CUST-007300,2024-06-09,7,3,Mobile experience,Mobile notifications sometimes get delayed.
FBK-004727,CUST-007302,2024-06-10,10,5,Missing features,The core features cover 90% of our workflow needs.
FBK-004728,CUST-007308,2022-03-03,8,3,Pricing,"Pricing is fair, but add-on user seats add up quickly."
FBK-004729,CUST-007309,2024-06-17,9,4,Performance,Blazing fast sync speeds across distributed teams.
FBK-004730,CUST-007311,2023-03-12,2,2,Missing features,Missing advanced analytics export to warehouse.
FBK-004731,CUST-007312,2024-04-04,7,3,Integration,Custom connector setup was frustrating.
FBK-004732,CUST-007314,2023-04-15,10,4,Missing features,The core features cover 90% of our workflow needs.
FBK-004733,CUST-007315,2024-02-20,6,3,Missing features,Missing advanced analytics export to warehouse.
FBK-004734,CUST-007317,2024-01-13,8,5,Customer support,Helpful customer success manager during onboarding.
FBK-004735,CUST-007318,2023-11-16,3,2,Mobile experience,Needs iPad tablet optimization.
FBK-004736,CUST-007319,2024-06-15,7,4,Customer support,Ticket was escalated multiple times without a clear resolution.
FBK-004737,CUST-007320,2024-04-17,10,4,Integration,Seamless integration with Google Workspace and Salesforce.
FBK-004738,CUST-007322,2024-04-20,3,3,Integration,Custom connector setup was frustrating.
FBK-004739,CUST-007323,2023-12-12,1,1,Integration,Custom connector setup was frustrating.
FBK-004740,CUST-007324,2023-05-19,1,2,Mobile experience,Needs iPad tablet optimization.
FBK-004741,CUST-007325,2024-07-06,10,4,Performance,Blazing fast sync speeds across distributed teams.
FBK-004742,CUST-007330,2023-12-04,5,3,Integration,Webhook latency caused duplicate entries in our CRM.
FBK-004743,CUST-007333,2023-09-13,9,4,Performance,Reliable uptime with minimal disruptions.
FBK-004744,CUST-007336,2024-01-04,7,4,Product usability,UI navigation can be cluttered for new team members.
FBK-004745,CUST-007337,2024-07-06,6,3,Missing features,Missing advanced analytics export to warehouse.
FBK-004746,CUST-007338,2023-08-10,10,3,Mobile experience,Mobile app is lightweight and perfect for on-the-go approvals.
FBK-004747,CUST-007339,2022-07-30,5,1,Missing features,Missing advanced analytics export to warehouse.
FBK-004748,CUST-007341,2024-05-02,7,5,Pricing,Renewal rate increase was unexpected.
FBK-004749,CUST-007342,2023-07-15,6,5,Product usability,Steep learning curve for non-technical users.
FBK-004750,CUST-007343,2024-01-20,3,1,Performance,Slow loading times on large dataset syncs.
FBK-004751,CUST-007344,2023-08-31,10,2,Integration,Seamless integration with Google Workspace and Salesforce.
FBK-004752,CUST-007345,2024-07-14,9,4,Mobile experience,"Clean mobile UI, very responsive."
FBK-004753,CUST-007349,2023-09-14,2,2,Customer support,Took too long to get a response on an urgent billing ticket.
FBK-004754,CUST-007350,2023-07-19,9,4,Customer support,Helpful customer success manager during onboarding.
FBK-004755,CUST-007352,2023-12-18,4,1,Product usability,UI navigation can be cluttered for new team members.
FBK-004756,CUST-007354,2023-09-14,7,5,Missing features,Missing advanced analytics export to warehouse.
FBK-004757,CUST-007356,2023-12-08,7,5,Performance,Occasional lag during peak hours in large file exports.
FBK-004758,CUST-007357,2023-11-18,6,1,Pricing,Monthly plan feels a bit expensive without annual discounts.
FBK-004759,CUST-007358,2024-04-15,8,4,Product usability,Intuitive interface and team adopted it within days.
FBK-004760,CUST-007359,2023-01-24,8,4,Customer support,Helpful customer success manager during onboarding.
FBK-004761,CUST-007361,2023-10-09,9,4,Integration,Seamless integration with Google Workspace and Salesforce.
FBK-004762,CUST-007362,2024-04-25,7,4,Missing features,Missing advanced analytics export to warehouse.
FBK-004763,CUST-007363,2023-01-12,10,4,Customer support,Helpful customer success manager during onboarding.
FBK-004764,CUST-007364,2022-02-05,4,2,Integration,Custom connector setup was frustrating.
FBK-004765,CUST-007365,2024-09-10,7,5,Pricing,Monthly plan feels a bit expensive without annual discounts.
FBK-004766,CUST-007368,2023-09-24,2,1,Pricing,Monthly plan feels a bit expensive without annual discounts.
FBK-004767,CUST-007369,2024-04-04,7,3,Product usability,Steep learning curve for non-technical users.
FBK-004768,CUST-007371,2022-10-14,4,3,Mobile experience,Needs iPad tablet optimization.
FBK-004769,CUST-007372,2023-02-06,10,3,Mobile experience,"Clean mobile UI, very responsive."
FBK-004770,CUST-007373,2023-04-17,6,3,Missing features,Missing advanced analytics export to warehouse.
FBK-004771,CUST-007374,2024-06-25,8,5,Customer support,Support team resolved our critical issue in under an hour!
FBK-004772,CUST-007375,2024-09-14,6,3,Performance,Occasional lag during peak hours in large file exports.
FBK-004773,CUST-007376,2022-06-11,9,5,Performance,Blazing fast sync speeds across distributed teams.
FBK-004774,CUST-007377,2024-05-25,7,3,Integration,Custom connector setup was frustrating.
FBK-004775,CUST-007379,2023-10-24,8,4,Pricing,"Pricing is fair, but add-on user seats add up quickly."
FBK-004776,CUST-007380,2023-02-18,2,1,Missing features,Missing advanced analytics export to warehouse.
FBK-004777,CUST-007381,2023-10-05,9,5,Missing features,The core features cover 90% of our workflow needs.
FBK-004778,CUST-007382,2022-12-21,2,1,Performance,Slow loading times on large dataset syncs.
FBK-004779,CUST-007384,2023-02-22,6,3,Performance,Slow loading times on large dataset syncs.
FBK-004780,CUST-007386,2024-06-15,8,4,Missing features,The core features cover 90% of our workflow needs.
FBK-004781,CUST-007388,2023-05-10,10,4,Customer support,Helpful customer success manager during onboarding.
FBK-004782,CUST-007390,2024-04-02,9,4,Mobile experience,"Clean mobile UI, very responsive."
FBK-004783,CUST-007391,2023-09-07,8,4,Integration,Seamless integration with Google Workspace and Salesforce.
FBK-004784,CUST-007392,2023-05-10,5,3,Performance,Slow loading times on large dataset syncs.
FBK-004785,CUST-007393,2024-03-08,0,1,Customer support,Took too long to get a response on an urgent billing ticket.
FBK-004786,CUST-007394,2024-09-03,10,5,Customer support,Support team resolved our critical issue in under an hour!
FBK-004787,CUST-007395,2024-05-27,4,4,Performance,Slow loading times on large dataset syncs.
FBK-004788,CUST-007396,2024-04-14,7,1,Product usability,Steep learning curve for non-technical users.
FBK-004789,CUST-007397,2023-07-19,10,3,Pricing,Great value for money compared to enterprise alternatives.
FBK-004790,CUST-007398,2023-03-05,2,1,Pricing,Monthly plan feels a bit expensive without annual discounts.
FBK-004791,CUST-007399,2023-06-26,3,1,Missing features,Missing advanced analytics export to warehouse.
FBK-004792,CUST-007404,2024-06-09,10,4,Integration,API documentation is top notch and easy to implement.
FBK-004793,CUST-007405,2024-05-28,8,4,Pricing,"Pricing is fair, but add-on user seats add up quickly."
FBK-004794,CUST-007406,2023-11-06,4,2,Mobile experience,Mobile notifications sometimes get delayed.
FBK-004795,CUST-007407,2022-08-08,6,5,Mobile experience,Mobile notifications sometimes get delayed.
FBK-004796,CUST-007409,2023-05-25,6,2,Customer support,Took too long to get a response on an urgent billing ticket.
FBK-004797,CUST-007410,2024-08-09,4,5,Missing features,Missing advanced analytics export to warehouse.
FBK-004798,CUST-007411,2023-08-15,2,2,Performance,Slow loading times on large dataset syncs.
FBK-004799,CUST-007413,2024-02-16,7,4,Mobile experience,Needs iPad tablet optimization.
FBK-004800,CUST-007414,2024-10-21,8,4,Product usability,Intuitive interface and team adopted it within days.
FBK-004801,CUST-007415,2023-08-25,10,5,Missing features,The core features cover 90% of our workflow needs.
FBK-004802,CUST-007416,2024-03-27,8,5,Product usability,"Great dashboard layout, simplifies our daily standup."
FBK-004803,CUST-007417,2024-03-21,2,2,Customer support,Ticket was escalated multiple times without a clear resolution.
FBK-004804,CUST-007419,2023-05-12,9,5,Integration,Seamless integration with Google Workspace and Salesforce.
FBK-004805,CUST-007420,2024-01-14,9,2,Missing features,The core features cover 90% of our workflow needs.
FBK-004806,CUST-007421,2024-03-01,9,3,Missing features,The core features cover 90% of our workflow needs.
FBK-004807,CUST-007423,2022-11-05,8,5,Performance,Reliable uptime with minimal disruptions.
FBK-004808,CUST-007424,2024-08-27,7,2,Integration,Custom connector setup was frustrating.
FBK-004809,CUST-007426,2023-12-30,1,4,Product usability,UI navigation can be cluttered for new team members.
FBK-004810,CUST-007429,2024-03-05,1,2,Product usability,Steep learning curve for non-technical users.
FBK-004811,CUST-007431,2023-11-04,9,3,Missing features,The core features cover 90% of our workflow needs.
FBK-004812,CUST-007433,2022-12-30,5,1,Performance,Slow loading times on large dataset syncs.
FBK-004813,CUST-007434,2024-08-15,10,4,Integration,Seamless integration with Google Workspace and Salesforce.
FBK-004814,CUST-007435,2023-05-24,5,3,Customer support,Ticket was escalated multiple times without a clear resolution.
FBK-004815,CUST-007437,2024-04-25,8,4,Pricing,Great value for money compared to enterprise alternatives.
FBK-004816,CUST-007440,2023-10-29,6,2,Performance,Occasional lag during peak hours in large file exports.
FBK-004817,CUST-007441,2024-04-22,5,2,Customer support,Took too long to get a response on an urgent billing ticket.
FBK-004818,CUST-007443,2023-12-01,7,5,Mobile experience,Mobile notifications sometimes get delayed.
FBK-004819,CUST-007446,2022-08-13,6,5,Integration,Custom connector setup was frustrating.
FBK-004820,CUST-007447,2024-02-29,4,3,Mobile experience,Mobile notifications sometimes get delayed.
FBK-004821,CUST-007449,2023-04-25,4,1,Performance,Slow loading times on large dataset syncs.
FBK-004822,CUST-007451,2024-07-01,6,5,Performance,Slow loading times on large dataset syncs.
FBK-004823,CUST-007452,2022-03-30,5,4,Performance,Occasional lag during peak hours in large file exports.
FBK-004824,CUST-007453,2023-02-27,5,4,Customer support,Ticket was escalated multiple times without a clear resolution.
FBK-004825,CUST-007454,2023-09-17,10,4,Product usability,Intuitive interface and team adopted it within days.
FBK-004826,CUST-007455,2022-09-06,7,5,Missing features,Missing advanced analytics export to warehouse.
FBK-004827,CUST-007457,2023-09-21,7,4,Mobile experience,Needs iPad tablet optimization.
FBK-004828,CUST-007459,2023-10-21,8,5,Integration,Seamless integration with Google Workspace and Salesforce.
FBK-004829,CUST-007460,2024-09-04,5,2,Performance,Slow loading times on large dataset syncs.
FBK-004830,CUST-007461,2023-03-10,4,4,Customer support,Took too long to get a response on an urgent billing ticket.
FBK-004831,CUST-007462,2023-08-26,7,4,Missing features,Missing advanced analytics export to warehouse.
FBK-004832,CUST-007463,2023-06-08,7,3,Missing features,Missing advanced analytics export to warehouse.
FBK-004833,CUST-007464,2023-03-05,7,4,Product usability,Steep learning curve for non-technical users.
FBK-004834,CUST-007468,2024-06-06,10,3,Pricing,"Pricing is fair, but add-on user seats add up quickly."
FBK-004835,CUST-007469,2024-03-19,5,1,Product usability,Steep learning curve for non-technical users.
FBK-004836,CUST-007476,2024-02-29,3,1,Missing features,Missing advanced analytics export to warehouse.
FBK-004837,CUST-007477,2023-02-01,6,5,Pricing,Monthly plan feels a bit expensive without annual discounts.
FBK-004838,CUST-007479,2024-02-08,7,4,Missing features,Missing advanced analytics export to warehouse.
FBK-004839,CUST-007481,2023-06-16,0,1,Missing features,Missing advanced analytics export to warehouse.
FBK-004840,CUST-007482,2024-06-29,9,4,Missing features,The core features cover 90% of our workflow needs.
FBK-004841,CUST-007488,2024-02-19,6,3,Pricing,Renewal rate increase was unexpected.
FBK-004842,CUST-007489,2024-08-05,2,1,Performance,Slow loading times on large dataset syncs.
FBK-004843,CUST-007490,2023-07-19,5,3,Missing features,Missing advanced analytics export to warehouse.
FBK-004844,CUST-007491,2024-02-24,6,5,Pricing,Renewal rate increase was unexpected.
FBK-004845,CUST-007492,2022-11-21,0,2,Integration,Webhook latency caused duplicate entries in our CRM.
FBK-004846,CUST-007493,2024-01-26,9,2,Mobile experience,Mobile app is lightweight and perfect for on-the-go approvals.
FBK-004847,CUST-007494,2024-06-04,5,4,Performance,Slow loading times on large dataset syncs.
FBK-004848,CUST-007495,2024-08-02,2,2,Missing features,Missing advanced analytics export to warehouse.
FBK-004849,CUST-007496,2023-07-09,10,5,Integration,Seamless integration with Google Workspace and Salesforce.
FBK-004850,CUST-007497,2023-08-18,6,2,Product usability,UI navigation can be cluttered for new team members.
FBK-004851,CUST-007498,2023-12-29,6,3,Customer support,Took too long to get a response on an urgent billing ticket.
FBK-004852,CUST-007499,2024-03-20,0,2,Customer support,Took too long to get a response on an urgent billing ticket.
FBK-004853,CUST-007500,2023-08-14,3,3,Pricing,Renewal rate increase was unexpected.
FBK-004854,CUST-007501,2024-08-26,5,5,Mobile experience,Mobile notifications sometimes get delayed.
FBK-004855,CUST-007502,2023-06-09,5,3,Customer support,Took too long to get a response on an urgent billing ticket.
FBK-004856,CUST-007504,2024-05-09,1,1,Missing features,Missing advanced analytics export to warehouse.
FBK-004857,CUST-007505,2024-04-20,5,4,Performance,Occasional lag during peak hours in large file exports.
FBK-004858,CUST-007506,2022-11-02,0,1,Customer support,Took too long to get a response on an urgent billing ticket.
FBK-004859,CUST-007509,2022-10-13,8,4,Integration,API documentation is top notch and easy to implement.
FBK-004860,CUST-007511,2022-10-24,7,4,Mobile experience,Mobile notifications sometimes get delayed.
FBK-004861,CUST-007512,2023-06-12,8,2,Pricing,Great value for money compared to enterprise alternatives.
FBK-004862,CUST-007517,2024-07-20,9,2,Integration,API documentation is top notch and easy to implement.
FBK-004863,CUST-007519,2022-10-10,8,3,Customer support,Helpful customer success manager during onboarding.
FBK-004864,CUST-007521,2023-08-08,8,3,Integration,Seamless integration with Google Workspace and Salesforce.
FBK-004865,CUST-007522,2024-02-09,6,4,Performance,Slow loading times on large dataset syncs.
FBK-004866,CUST-007524,2023-12-19,3,2,Missing features,Missing advanced analytics export to warehouse.
FBK-004867,CUST-007526,2024-10-05,7,4,Performance,Occasional lag during peak hours in large file exports.
FBK-004868,CUST-007528,2024-06-23,6,3,Product usability,Steep learning curve for non-technical users.
FBK-004869,CUST-007529,2024-02-27,7,4,Integration,Webhook latency caused duplicate entries in our CRM.
FBK-004870,CUST-007530,2023-09-23,9,3,Performance,Reliable uptime with minimal disruptions.
FBK-004871,CUST-007531,2024-09-24,5,2,Mobile experience,Mobile notifications sometimes get delayed.
FBK-004872,CUST-007538,2023-04-24,3,1,Pricing,Monthly plan feels a bit expensive without annual discounts.
FBK-004873,CUST-007539,2024-03-24,8,4,Product usability,"Great dashboard layout, simplifies our daily standup."
FBK-004874,CUST-007540,2024-01-20,3,1,Mobile experience,Needs iPad tablet optimization.
FBK-004875,CUST-007542,2024-06-21,6,1,Performance,Occasional lag during peak hours in large file exports.
FBK-004876,CUST-007543,2023-05-03,9,5,Product usability,Intuitive interface and team adopted it within days.
FBK-004877,CUST-007545,2023-11-14,8,4,Missing features,The core features cover 90% of our workflow needs.
FBK-004878,CUST-007546,2023-11-19,5,4,Pricing,Renewal rate increase was unexpected.
FBK-004879,CUST-007548,2024-09-29,10,4,Mobile experience,Mobile app is lightweight and perfect for on-the-go approvals.
FBK-004880,CUST-007549,2024-08-02,5,4,Pricing,Monthly plan feels a bit expensive without annual discounts.
FBK-004881,CUST-007550,2022-09-21,2,2,Integration,Webhook latency caused duplicate entries in our CRM.
FBK-004882,CUST-007551,2024-06-26,3,1,Performance,Slow loading times on large dataset syncs.
FBK-004883,CUST-007553,2024-02-26,9,3,Pricing,Great value for money compared to enterprise alternatives.
FBK-004884,CUST-007554,2024-02-08,10,4,Missing features,The core features cover 90% of our workflow needs.
FBK-004885,CUST-007557,2023-08-30,8,3,Customer support,Helpful customer success manager during onboarding.
FBK-004886,CUST-007558,2022-09-12,9,4,Product usability,"Great dashboard layout, simplifies our daily standup."
FBK-004887,CUST-007559,2024-06-25,7,3,Mobile experience,Needs iPad tablet optimization.
FBK-004888,CUST-007560,2023-10-30,7,4,Performance,Occasional lag during peak hours in large file exports.
FBK-004889,CUST-007563,2024-05-03,8,2,Mobile experience,"Clean mobile UI, very responsive."
FBK-004890,CUST-007564,2023-04-11,0,1,Performance,Occasional lag during peak hours in large file exports.
FBK-004891,CUST-007565,2024-07-06,8,4,Integration,Seamless integration with Google Workspace and Salesforce.
FBK-004892,CUST-007566,2023-10-27,7,4,Performance,Occasional lag during peak hours in large file exports.
FBK-004893,CUST-007567,2023-11-21,7,3,Missing features,Missing advanced analytics export to warehouse.
FBK-004894,CUST-007568,2024-11-16,7,5,Product usability,Steep learning curve for non-technical users.
FBK-004895,CUST-007569,2023-06-06,7,4,Missing features,Missing advanced analytics export to warehouse.
FBK-004896,CUST-007571,2024-05-06,9,5,Missing features,The core features cover 90% of our workflow needs.
FBK-004897,CUST-007574,2023-12-28,7,4,Integration,Webhook latency caused duplicate entries in our CRM.
FBK-004898,CUST-007576,2022-12-14,7,5,Product usability,Steep learning curve for non-technical users.
FBK-004899,CUST-007577,2024-03-29,6,5,Integration,Webhook latency caused duplicate entries in our CRM.
FBK-004900,CUST-007578,2024-06-25,10,4,Mobile experience,"Clean mobile UI, very responsive."
FBK-004901,CUST-007580,2024-09-26,6,3,Customer support,Took too long to get a response on an urgent billing ticket.
FBK-004902,CUST-007584,2024-01-07,7,4,Pricing,Renewal rate increase was unexpected.
FBK-004903,CUST-007585,2024-01-03,2,4,Customer support,Ticket was escalated multiple times without a clear resolution.
FBK-004904,CUST-007586,2024-01-26,2,2,Performance,Occasional lag during peak hours in large file exports.
FBK-004905,CUST-007589,2024-08-18,0,2,Customer support,Ticket was escalated multiple times without a clear resolution.
FBK-004906,CUST-007590,2024-07-14,6,3,Customer support,Took too long to get a response on an urgent billing ticket.
FBK-004907,CUST-007592,2023-06-16,7,3,Missing features,Missing advanced analytics export to warehouse.
FBK-004908,CUST-007594,2024-02-23,8,4,Integration,Seamless integration with Google Workspace and Salesforce.
FBK-004909,CUST-007596,2023-08-03,6,3,Integration,Webhook latency caused duplicate entries in our CRM.
FBK-004910,CUST-007599,2023-11-08,7,4,Pricing,Renewal rate increase was unexpected.
FBK-004911,CUST-007600,2024-07-09,9,2,Pricing,"Pricing is fair, but add-on user seats add up quickly."
FBK-004912,CUST-007601,2024-02-15,0,1,Missing features,Missing advanced analytics export to warehouse.
FBK-004913,CUST-007603,2024-11-02,9,4,Performance,Blazing fast sync speeds across distributed teams.
FBK-004914,CUST-007605,2023-04-28,8,5,Product usability,Intuitive interface and team adopted it within days.
FBK-004915,CUST-007606,2023-10-22,4,2,Missing features,Missing advanced analytics export to warehouse.
FBK-004916,CUST-007607,2022-06-02,2,2,Product usability,Steep learning curve for non-technical users.
FBK-004917,CUST-007608,2023-02-23,0,1,Integration,Custom connector setup was frustrating.
FBK-004918,CUST-007609,2024-01-05,5,3,Performance,Slow loading times on large dataset syncs.
FBK-004919,CUST-007610,2023-07-04,8,5,Mobile experience,Mobile app is lightweight and perfect for on-the-go approvals.
FBK-004920,CUST-007611,2024-09-22,8,3,Missing features,The core features cover 90% of our workflow needs.
FBK-004921,CUST-007612,2024-05-27,8,5,Mobile experience,Mobile app is lightweight and perfect for on-the-go approvals.
FBK-004922,CUST-007613,2022-05-14,8,5,Integration,API documentation is top notch and easy to implement.
FBK-004923,CUST-007615,2024-03-31,7,4,Missing features,Missing advanced analytics export to warehouse.
FBK-004924,CUST-007616,2022-09-09,9,3,Product usability,Intuitive interface and team adopted it within days.
FBK-004925,CUST-007617,2024-08-30,9,4,Product usability,"Great dashboard layout, simplifies our daily standup."
FBK-004926,CUST-007618,2023-01-31,5,2,Performance,Slow loading times on large dataset syncs.
FBK-004927,CUST-007619,2023-06-28,2,2,Missing features,Missing advanced analytics export to warehouse.
FBK-004928,CUST-007620,2023-10-27,7,4,Product usability,UI navigation can be cluttered for new team members.
FBK-004929,CUST-007621,2024-03-27,7,3,Pricing,Monthly plan feels a bit expensive without annual discounts.
FBK-004930,CUST-007622,2024-04-28,9,4,Performance,Blazing fast sync speeds across distributed teams.
FBK-004931,CUST-007623,2024-08-18,7,3,Missing features,Missing advanced analytics export to warehouse.
FBK-004932,CUST-007628,2023-02-19,6,2,Integration,Webhook latency caused duplicate entries in our CRM.
FBK-004933,CUST-007629,2023-11-04,1,3,Performance,Occasional lag during peak hours in large file exports.
FBK-004934,CUST-007631,2023-04-20,10,4,Mobile experience,"Clean mobile UI, very responsive."
FBK-004935,CUST-007632,2023-10-23,5,3,Integration,Webhook latency caused duplicate entries in our CRM.
FBK-004936,CUST-007633,2024-09-14,7,3,Performance,Slow loading times on large dataset syncs.
FBK-004937,CUST-007635,2023-05-12,6,4,Performance,Slow loading times on large dataset syncs.
FBK-004938,CUST-007637,2023-08-17,8,4,Mobile experience,Mobile app is lightweight and perfect for on-the-go approvals.
FBK-004939,CUST-007638,2024-06-17,8,4,Mobile experience,"Clean mobile UI, very responsive."
FBK-004940,CUST-007640,2023-09-18,2,3,Customer support,Ticket was escalated multiple times without a clear resolution.
FBK-004941,CUST-007642,2023-03-30,6,3,Customer support,Ticket was escalated multiple times without a clear resolution.
FBK-004942,CUST-007643,2023-05-21,8,4,Customer support,Support team resolved our critical issue in under an hour!
FBK-004943,CUST-007645,2024-08-06,8,5,Missing features,The core features cover 90% of our workflow needs.
FBK-004944,CUST-007646,2024-05-05,8,3,Product usability,Intuitive interface and team adopted it within days.
FBK-004945,CUST-007647,2024-07-25,9,3,Integration,API documentation is top notch and easy to implement.
FBK-004946,CUST-007649,2024-07-04,6,4,Performance,Slow loading times on large dataset syncs.
FBK-004947,CUST-007650,2024-05-29,8,4,Performance,Reliable uptime with minimal disruptions.
FBK-004948,CUST-007652,2023-02-17,8,4,Mobile experience,Mobile app is lightweight and perfect for on-the-go approvals.
FBK-004949,CUST-007654,2024-06-21,7,4,Mobile experience,Mobile notifications sometimes get delayed.
FBK-004950,CUST-007656,2023-12-05,8,3,Pricing,"Pricing is fair, but add-on user seats add up quickly."
FBK-004951,CUST-007657,2024-01-01,7,4,Performance,Slow loading times on large dataset syncs.
FBK-004952,CUST-007658,2024-07-19,4,1,Pricing,Renewal rate increase was unexpected.
FBK-004953,CUST-007659,2023-11-01,8,5,Missing features,The core features cover 90% of our workflow needs.
FBK-004954,CUST-007660,2024-05-01,9,4,Product usability,Intuitive interface and team adopted it within days.
FBK-004955,CUST-007663,2022-06-18,5,2,Performance,Slow loading times on large dataset syncs.
FBK-004956,CUST-007664,2023-08-22,8,4,Missing features,The core features cover 90% of our workflow needs.
FBK-004957,CUST-007665,2023-08-11,9,2,Integration,Seamless integration with Google Workspace and Salesforce.
FBK-004958,CUST-007666,2023-01-09,0,1,Integration,Custom connector setup was frustrating.
FBK-004959,CUST-007667,2024-04-28,4,1,Performance,Occasional lag during peak hours in large file exports.
FBK-004960,CUST-007668,2023-01-22,6,3,Pricing,Monthly plan feels a bit expensive without annual discounts.
FBK-004961,CUST-007671,2024-02-05,0,2,Product usability,Steep learning curve for non-technical users.
FBK-004962,CUST-007673,2024-06-20,5,1,Customer support,Ticket was escalated multiple times without a clear resolution.
FBK-004963,CUST-007675,2022-11-09,8,4,Customer support,Helpful customer success manager during onboarding.
FBK-004964,CUST-007676,2022-08-19,3,2,Customer support,Took too long to get a response on an urgent billing ticket.
FBK-004965,CUST-007678,2024-07-04,2,1,Performance,Occasional lag during peak hours in large file exports.
FBK-004966,CUST-007679,2023-01-11,7,3,Pricing,Renewal rate increase was unexpected.
FBK-004967,CUST-007680,2024-03-31,2,1,Performance,Slow loading times on large dataset syncs.
FBK-004968,CUST-007681,2022-11-17,8,4,Integration,API documentation is top notch and easy to implement.
FBK-004969,CUST-007682,2024-08-31,2,3,Customer support,Ticket was escalated multiple times without a clear resolution.
FBK-004970,CUST-007683,2023-09-12,6,1,Product usability,UI navigation can be cluttered for new team members.
FBK-004971,CUST-007685,2022-10-19,5,3,Missing features,Missing advanced analytics export to warehouse.
FBK-004972,CUST-007686,2024-05-17,6,4,Mobile experience,Needs iPad tablet optimization.
FBK-004973,CUST-007687,2023-01-26,9,2,Customer support,Support team resolved our critical issue in under an hour!
FBK-004974,CUST-007688,2024-07-26,9,3,Mobile experience,Mobile app is lightweight and perfect for on-the-go approvals.
FBK-004975,CUST-007689,2024-04-24,6,5,Pricing,Monthly plan feels a bit expensive without annual discounts.
FBK-004976,CUST-007690,2024-11-11,8,4,Product usability,"Great dashboard layout, simplifies our daily standup."
FBK-004977,CUST-007691,2024-06-05,9,5,Product usability,"Great dashboard layout, simplifies our daily standup."
FBK-004978,CUST-007692,2024-04-17,7,4,Pricing,Renewal rate increase was unexpected.
FBK-004979,CUST-007694,2024-02-26,7,5,Customer support,Ticket was escalated multiple times without a clear resolution.
FBK-004980,CUST-007695,2024-07-30,8,3,Performance,Blazing fast sync speeds across distributed teams.
FBK-004981,CUST-007696,2023-09-24,7,3,Product usability,UI navigation can be cluttered for new team members.
FBK-004982,CUST-007697,2022-11-28,10,3,Mobile experience,"Clean mobile UI, very responsive."
FBK-004983,CUST-007698,2024-04-26,6,3,Pricing,Monthly plan feels a bit expensive without annual discounts.
FBK-004984,CUST-007699,2023-11-22,7,4,Integration,Webhook latency caused duplicate entries in our CRM.
FBK-004985,CUST-007700,2023-10-15,0,3,Pricing,Monthly plan feels a bit expensive without annual discounts.
FBK-004986,CUST-007701,2024-10-25,5,3,Missing features,Missing advanced analytics export to warehouse.
FBK-004987,CUST-007703,2024-10-15,7,5,Customer support,Took too long to get a response on an urgent billing ticket.
FBK-004988,CUST-007704,2024-08-06,9,4,Customer support,Helpful customer success manager during onboarding.
FBK-004989,CUST-007708,2023-08-10,8,2,Missing features,The core features cover 90% of our workflow needs.
FBK-004990,CUST-007709,2023-12-08,8,4,Mobile experience,Mobile app is lightweight and perfect for on-the-go approvals.
FBK-004991,CUST-007711,2023-11-26,8,5,Pricing,Great value for money compared to enterprise alternatives.
FBK-004992,CUST-007712,2024-10-19,7,4,Pricing,Renewal rate increase was unexpected.
FBK-004993,CUST-007714,2023-03-06,8,3,Integration,API documentation is top notch and easy to implement.
FBK-004994,CUST-007715,2024-08-18,10,5,Pricing,Great value for money compared to enterprise alternatives.
FBK-004995,CUST-007717,2023-06-07,8,3,Missing features,The core features cover 90% of our workflow needs.
FBK-004996,CUST-007718,2024-10-18,10,3,Pricing,Great value for money compared to enterprise alternatives.
FBK-004997,CUST-007719,2023-12-05,3,3,Mobile experience,Needs iPad tablet optimization.
FBK-004998,CUST-007720,2024-07-15,6,4,Mobile experience,Needs iPad tablet optimization.
FBK-004999,CUST-007723,2023-10-09,6,3,Product usability,Steep learning curve for non-technical users.
FBK-005000,CUST-007724,2024-08-25,9,3,Missing features,The core features cover 90% of our workflow needs.
FBK-005001,CUST-007725,2024-07-31,5,4,Mobile experience,Mobile notifications sometimes get delayed.
FBK-005002,CUST-007728,2024-06-28,4,4,Customer support,Ticket was escalated multiple times without a clear resolution.
FBK-005003,CUST-007729,2024-06-30,6,3,Product usability,UI navigation can be cluttered for new team members.
FBK-005004,CUST-007730,2024-03-28,8,5,Performance,Reliable uptime with minimal disruptions.
FBK-005005,CUST-007731,2024-09-27,7,4,Mobile experience,Mobile notifications sometimes get delayed.
FBK-005006,CUST-007732,2022-04-10,8,3,Customer support,Support team resolved our critical issue in under an hour!
FBK-005007,CUST-007734,2024-08-12,4,4,Pricing,Monthly plan feels a bit expensive without annual discounts.
FBK-005008,CUST-007736,2024-05-08,2,3,Integration,Custom connector setup was frustrating.
FBK-005009,CUST-007737,2022-09-26,9,1,Missing features,The core features cover 90% of our workflow needs.
FBK-005010,CUST-007738,2024-03-08,6,3,Missing features,Missing advanced analytics export to warehouse.
FBK-005011,CUST-007739,2024-03-17,4,4,Mobile experience,Mobile notifications sometimes get delayed.
FBK-005012,CUST-007741,2024-01-12,2,1,Customer support,Ticket was escalated multiple times without a clear resolution.
FBK-005013,CUST-007742,2022-06-21,5,4,Mobile experience,Mobile notifications sometimes get delayed.
FBK-005014,CUST-007745,2024-01-11,2,3,Product usability,UI navigation can be cluttered for new team members.
FBK-005015,CUST-007750,2022-11-22,10,3,Mobile experience,"Clean mobile UI, very responsive."
FBK-005016,CUST-007752,2023-08-25,2,1,Missing features,Missing advanced analytics export to warehouse.
FBK-005017,CUST-007754,2023-10-19,7,5,Performance,Slow loading times on large dataset syncs.
FBK-005018,CUST-007755,2023-12-04,6,1,Product usability,Steep learning curve for non-technical users.
FBK-005019,CUST-007759,2024-01-31,9,4,Mobile experience,Mobile app is lightweight and perfect for on-the-go approvals.
FBK-005020,CUST-007760,2024-03-17,3,1,Pricing,Monthly plan feels a bit expensive without annual discounts.
FBK-005021,CUST-007761,2022-08-01,7,5,Performance,Occasional lag during peak hours in large file exports.
FBK-005022,CUST-007762,2022-11-03,5,3,Pricing,Monthly plan feels a bit expensive without annual discounts.
FBK-005023,CUST-007763,2024-03-15,10,3,Missing features,The core features cover 90% of our workflow needs.
FBK-005024,CUST-007764,2023-11-14,8,5,Product usability,"Great dashboard layout, simplifies our daily standup."
FBK-005025,CUST-007765,2023-10-10,4,3,Performance,Occasional lag during peak hours in large file exports.
FBK-005026,CUST-007767,2024-05-14,6,4,Performance,Occasional lag during peak hours in large file exports.
FBK-005027,CUST-007769,2022-12-25,6,2,Mobile experience,Needs iPad tablet optimization.
FBK-005028,CUST-007771,2023-12-19,9,5,Mobile experience,"Clean mobile UI, very responsive."
FBK-005029,CUST-007772,2023-10-07,1,3,Product usability,Steep learning curve for non-technical users.
FBK-005030,CUST-007773,2024-05-03,3,1,Customer support,Ticket was escalated multiple times without a clear resolution.
FBK-005031,CUST-007775,2024-01-31,4,4,Pricing,Monthly plan feels a bit expensive without annual discounts.
FBK-005032,CUST-007776,2024-07-11,4,1,Pricing,Renewal rate increase was unexpected.
FBK-005033,CUST-007777,2023-03-31,7,4,Mobile experience,Needs iPad tablet optimization.
FBK-005034,CUST-007778,2023-04-05,7,5,Product usability,UI navigation can be cluttered for new team members.
FBK-005035,CUST-007779,2024-08-04,5,3,Customer support,Took too long to get a response on an urgent billing ticket.
FBK-005036,CUST-007780,2024-07-24,2,2,Mobile experience,Mobile notifications sometimes get delayed.
FBK-005037,CUST-007782,2023-12-13,10,5,Pricing,"Pricing is fair, but add-on user seats add up quickly."
FBK-005038,CUST-007783,2024-09-03,7,5,Performance,Slow loading times on large dataset syncs.
FBK-005039,CUST-007785,2023-09-26,6,2,Customer support,Took too long to get a response on an urgent billing ticket.
FBK-005040,CUST-007786,2024-08-19,6,3,Mobile experience,Needs iPad tablet optimization.
FBK-005041,CUST-007787,2023-01-10,5,3,Pricing,Renewal rate increase was unexpected.
FBK-005042,CUST-007788,2023-01-02,8,4,Integration,API documentation is top notch and easy to implement.
FBK-005043,CUST-007789,2022-05-07,1,1,Mobile experience,Needs iPad tablet optimization.
FBK-005044,CUST-007794,2024-05-02,9,4,Performance,Reliable uptime with minimal disruptions.
FBK-005045,CUST-007796,2023-07-09,7,5,Customer support,Took too long to get a response on an urgent billing ticket.
FBK-005046,CUST-007798,2024-04-21,7,2,Customer support,Took too long to get a response on an urgent billing ticket.
FBK-005047,CUST-007799,2023-10-25,3,2,Performance,Slow loading times on large dataset syncs.
FBK-005048,CUST-007800,2022-09-17,10,5,Mobile experience,Mobile app is lightweight and perfect for on-the-go approvals.
FBK-005049,CUST-007802,2024-03-22,10,5,Pricing,Great value for money compared to enterprise alternatives.
FBK-005050,CUST-007803,2023-06-11,6,5,Customer support,Took too long to get a response on an urgent billing ticket.
FBK-005051,CUST-007804,2023-07-23,9,4,Performance,Reliable uptime with minimal disruptions.
FBK-005052,CUST-007805,2022-11-30,4,2,Pricing,Renewal rate increase was unexpected.
FBK-005053,CUST-007807,2022-11-18,9,4,Missing features,The core features cover 90% of our workflow needs.
FBK-005054,CUST-007808,2024-09-21,4,3,Performance,Slow loading times on large dataset syncs.
FBK-005055,CUST-007809,2024-07-05,7,5,Pricing,Renewal rate increase was unexpected.
FBK-005056,CUST-007810,2024-06-14,9,5,Mobile experience,Mobile app is lightweight and perfect for on-the-go approvals.
FBK-005057,CUST-007811,2024-08-01,6,2,Pricing,Renewal rate increase was unexpected.
FBK-005058,CUST-007813,2023-09-16,3,3,Product usability,UI navigation can be cluttered for new team members.
FBK-005059,CUST-007814,2023-11-20,7,3,Integration,Webhook latency caused duplicate entries in our CRM.
FBK-005060,CUST-007815,2023-03-17,5,5,Customer support,Ticket was escalated multiple times without a clear resolution.
FBK-005061,CUST-007816,2024-05-05,9,5,Customer support,Support team resolved our critical issue in under an hour!
FBK-005062,CUST-007820,2023-12-09,0,1,Performance,Occasional lag during peak hours in large file exports.
FBK-005063,CUST-007821,2023-12-09,6,3,Performance,Slow loading times on large dataset syncs.
FBK-005064,CUST-007823,2023-12-05,3,3,Pricing,Monthly plan feels a bit expensive without annual discounts.
FBK-005065,CUST-007824,2023-09-20,10,5,Mobile experience,"Clean mobile UI, very responsive."
FBK-005066,CUST-007825,2023-04-16,6,3,Performance,Occasional lag during peak hours in large file exports.
FBK-005067,CUST-007826,2024-01-17,8,3,Integration,Seamless integration with Google Workspace and Salesforce.
FBK-005068,CUST-007827,2024-08-11,9,4,Missing features,The core features cover 90% of our workflow needs.
FBK-005069,CUST-007831,2023-02-27,9,3,Pricing,Great value for money compared to enterprise alternatives.
FBK-005070,CUST-007832,2024-06-02,7,5,Customer support,Ticket was escalated multiple times without a clear resolution.
FBK-005071,CUST-007833,2022-12-19,6,1,Product usability,Steep learning curve for non-technical users.
FBK-005072,CUST-007834,2024-06-07,6,3,Product usability,Steep learning curve for non-technical users.
FBK-005073,CUST-007835,2023-09-21,6,4,Missing features,Missing advanced analytics export to warehouse.
FBK-005074,CUST-007836,2023-11-23,6,5,Pricing,Monthly plan feels a bit expensive without annual discounts.
FBK-005075,CUST-007838,2022-11-25,6,1,Performance,Occasional lag during peak hours in large file exports.
FBK-005076,CUST-007840,2024-05-21,7,3,Integration,Webhook latency caused duplicate entries in our CRM.
FBK-005077,CUST-007841,2023-07-20,9,5,Customer support,Support team resolved our critical issue in under an hour!
FBK-005078,CUST-007842,2023-01-22,3,1,Integration,Webhook latency caused duplicate entries in our CRM.
FBK-005079,CUST-007843,2022-10-05,7,4,Mobile experience,Needs iPad tablet optimization.
FBK-005080,CUST-007849,2024-07-31,7,3,Pricing,Monthly plan feels a bit expensive without annual discounts.
FBK-005081,CUST-007852,2022-07-30,3,4,Mobile experience,Needs iPad tablet optimization.
FBK-005082,CUST-007853,2023-05-04,7,4,Missing features,Missing advanced analytics export to warehouse.
FBK-005083,CUST-007855,2024-04-14,5,2,Mobile experience,Needs iPad tablet optimization.
FBK-005084,CUST-007857,2024-09-23,7,3,Performance,Slow loading times on large dataset syncs.
FBK-005085,CUST-007858,2023-08-23,6,2,Performance,Slow loading times on large dataset syncs.
FBK-005086,CUST-007861,2024-02-18,6,4,Missing features,Missing advanced analytics export to warehouse.
FBK-005087,CUST-007862,2022-06-22,10,4,Customer support,Support team resolved our critical issue in under an hour!
FBK-005088,CUST-007864,2023-01-21,3,5,Mobile experience,Needs iPad tablet optimization.
FBK-005089,CUST-007865,2023-02-17,8,5,Customer support,Support team resolved our critical issue in under an hour!
FBK-005090,CUST-007866,2022-12-03,8,4,Performance,Reliable uptime with minimal disruptions.
FBK-005091,CUST-007868,2022-04-30,4,2,Integration,Webhook latency caused duplicate entries in our CRM.
FBK-005092,CUST-007869,2024-07-17,6,4,Pricing,Renewal rate increase was unexpected.
FBK-005093,CUST-007870,2024-02-20,8,3,Product usability,"Great dashboard layout, simplifies our daily standup."
FBK-005094,CUST-007871,2022-09-29,9,4,Integration,API documentation is top notch and easy to implement.
FBK-005095,CUST-007873,2024-04-24,4,1,Customer support,Took too long to get a response on an urgent billing ticket.
FBK-005096,CUST-007875,2022-11-23,9,4,Pricing,"Pricing is fair, but add-on user seats add up quickly."
FBK-005097,CUST-007878,2024-07-06,4,2,Missing features,Missing advanced analytics export to warehouse.
FBK-005098,CUST-007879,2024-08-28,6,3,Mobile experience,Needs iPad tablet optimization.
FBK-005099,CUST-007881,2023-07-07,10,4,Mobile experience,Mobile app is lightweight and perfect for on-the-go approvals.
FBK-005100,CUST-007883,2023-03-30,2,2,Pricing,Monthly plan feels a bit expensive without annual discounts.
FBK-005101,CUST-007885,2023-08-24,7,3,Missing features,Missing advanced analytics export to warehouse.
FBK-005102,CUST-007887,2024-07-01,7,4,Mobile experience,Needs iPad tablet optimization.
FBK-005103,CUST-007888,2024-05-10,9,4,Integration,API documentation is top notch and easy to implement.
FBK-005104,CUST-007889,2023-10-30,9,4,Pricing,"Pricing is fair, but add-on user seats add up quickly."
FBK-005105,CUST-007891,2023-05-20,7,3,Missing features,Missing advanced analytics export to warehouse.
FBK-005106,CUST-007894,2022-08-22,5,3,Customer support,Took too long to get a response on an urgent billing ticket.
FBK-005107,CUST-007895,2022-10-18,3,2,Missing features,Missing advanced analytics export to warehouse.
FBK-005108,CUST-007899,2024-06-08,5,2,Customer support,Took too long to get a response on an urgent billing ticket.
FBK-005109,CUST-007901,2024-10-29,6,4,Product usability,Steep learning curve for non-technical users.
FBK-005110,CUST-007903,2024-08-21,7,5,Customer support,Ticket was escalated multiple times without a clear resolution.
FBK-005111,CUST-007905,2023-10-22,9,5,Mobile experience,Mobile app is lightweight and perfect for on-the-go approvals.
FBK-005112,CUST-007907,2023-09-06,6,4,Integration,Webhook latency caused duplicate entries in our CRM.
FBK-005113,CUST-007908,2024-07-11,8,4,Missing features,The core features cover 90% of our workflow needs.
FBK-005114,CUST-007912,2024-03-19,8,3,Customer support,Helpful customer success manager during onboarding.
FBK-005115,CUST-007913,2023-11-06,10,4,Mobile experience,"Clean mobile UI, very responsive."
FBK-005116,CUST-007914,2023-03-22,7,3,Pricing,Monthly plan feels a bit expensive without annual discounts.
FBK-005117,CUST-007915,2023-12-12,3,1,Product usability,Steep learning curve for non-technical users.
FBK-005118,CUST-007917,2024-02-21,0,1,Pricing,Renewal rate increase was unexpected.
FBK-005119,CUST-007918,2024-04-20,8,4,Pricing,Great value for money compared to enterprise alternatives.
FBK-005120,CUST-007919,2023-08-04,9,4,Customer support,Support team resolved our critical issue in under an hour!
FBK-005121,CUST-007923,2022-04-19,8,4,Pricing,"Pricing is fair, but add-on user seats add up quickly."
FBK-005122,CUST-007924,2024-02-24,9,4,Missing features,The core features cover 90% of our workflow needs.
FBK-005123,CUST-007925,2023-01-19,4,4,Performance,Slow loading times on large dataset syncs.
FBK-005124,CUST-007927,2024-01-13,8,3,Product usability,Intuitive interface and team adopted it within days.
FBK-005125,CUST-007928,2024-09-01,0,3,Customer support,Ticket was escalated multiple times without a clear resolution.
FBK-005126,CUST-007929,2023-08-15,7,5,Missing features,Missing advanced analytics export to warehouse.
FBK-005127,CUST-007930,2023-07-05,2,1,Mobile experience,Mobile notifications sometimes get delayed.
FBK-005128,CUST-007931,2023-06-16,3,3,Mobile experience,Needs iPad tablet optimization.
FBK-005129,CUST-007932,2024-01-05,6,4,Performance,Occasional lag during peak hours in large file exports.
FBK-005130,CUST-007935,2024-07-28,9,5,Product usability,Intuitive interface and team adopted it within days.
FBK-005131,CUST-007937,2022-11-23,8,5,Product usability,Intuitive interface and team adopted it within days.
FBK-005132,CUST-007939,2023-06-29,0,2,Performance,Slow loading times on large dataset syncs.
FBK-005133,CUST-007940,2024-06-17,8,5,Product usability,Intuitive interface and team adopted it within days.
FBK-005134,CUST-007944,2024-03-11,8,3,Missing features,The core features cover 90% of our workflow needs.
FBK-005135,CUST-007945,2023-09-28,5,3,Performance,Occasional lag during peak hours in large file exports.
FBK-005136,CUST-007946,2023-07-21,7,3,Product usability,Steep learning curve for non-technical users.
FBK-005137,CUST-007952,2023-04-07,6,4,Mobile experience,Needs iPad tablet optimization.
FBK-005138,CUST-007953,2023-03-28,9,3,Product usability,"Great dashboard layout, simplifies our daily standup."
FBK-005139,CUST-007954,2023-12-20,7,4,Product usability,Steep learning curve for non-technical users.
FBK-005140,CUST-007955,2023-09-09,8,3,Integration,API documentation is top notch and easy to implement.
FBK-005141,CUST-007957,2023-04-01,9,3,Mobile experience,Mobile app is lightweight and perfect for on-the-go approvals.
FBK-005142,CUST-007958,2024-02-11,6,1,Product usability,UI navigation can be cluttered for new team members.
FBK-005143,CUST-007959,2024-02-23,4,4,Performance,Occasional lag during peak hours in large file exports.
FBK-005144,CUST-007960,2024-01-15,9,3,Pricing,Great value for money compared to enterprise alternatives.
FBK-005145,CUST-007961,2023-12-30,8,4,Integration,API documentation is top notch and easy to implement.
FBK-005146,CUST-007962,2024-08-17,8,3,Customer support,Helpful customer success manager during onboarding.
FBK-005147,CUST-007963,2024-09-08,1,1,Performance,Slow loading times on large dataset syncs.
FBK-005148,CUST-007964,2023-12-05,3,1,Product usability,Steep learning curve for non-technical users.
FBK-005149,CUST-007965,2023-11-13,6,5,Customer support,Took too long to get a response on an urgent billing ticket.
FBK-005150,CUST-007966,2023-09-07,3,4,Integration,Webhook latency caused duplicate entries in our CRM.
FBK-005151,CUST-007969,2022-05-12,4,1,Customer support,Ticket was escalated multiple times without a clear resolution.
FBK-005152,CUST-007971,2024-09-08,8,3,Missing features,The core features cover 90% of our workflow needs.
FBK-005153,CUST-007972,2024-03-20,6,1,Integration,Custom connector setup was frustrating.
FBK-005154,CUST-007974,2024-08-05,4,2,Customer support,Ticket was escalated multiple times without a clear resolution.
FBK-005155,CUST-007975,2023-10-04,7,4,Performance,Occasional lag during peak hours in large file exports.
FBK-005156,CUST-007976,2024-06-24,9,4,Pricing,"Pricing is fair, but add-on user seats add up quickly."
FBK-005157,CUST-007977,2023-06-09,8,5,Missing features,The core features cover 90% of our workflow needs.
FBK-005158,CUST-007978,2023-07-17,8,2,Mobile experience,"Clean mobile UI, very responsive."
FBK-005159,CUST-007979,2024-02-25,7,3,Performance,Slow loading times on large dataset syncs.
FBK-005160,CUST-007980,2024-08-15,10,5,Performance,Blazing fast sync speeds across distributed teams.
FBK-005161,CUST-007982,2024-08-11,1,3,Pricing,Renewal rate increase was unexpected.
FBK-005162,CUST-007983,2023-08-04,0,1,Performance,Slow loading times on large dataset syncs.
FBK-005163,CUST-007984,2022-10-09,6,3,Pricing,Monthly plan feels a bit expensive without annual discounts.
FBK-005164,CUST-007985,2023-12-02,8,5,Pricing,Great value for money compared to enterprise alternatives.
FBK-005165,CUST-007986,2024-05-26,9,3,Pricing,Great value for money compared to enterprise alternatives.
FBK-005166,CUST-007987,2024-05-17,4,1,Customer support,Ticket was escalated multiple times without a clear resolution.
FBK-005167,CUST-007991,2024-09-01,9,3,Mobile experience,Mobile app is lightweight and perfect for on-the-go approvals.
FBK-005168,CUST-007996,2024-07-03,8,4,Integration,API documentation is top notch and easy to implement.
FBK-005169,CUST-007997,2023-11-22,7,4,Customer support,Ticket was escalated multiple times without a clear resolution.
FBK-005170,CUST-007999,2024-09-29,6,3,Missing features,Missing advanced analytics export to warehouse.
FBK-005171,CUST-008004,2024-09-02,7,4,Product usability,UI navigation can be cluttered for new team members.
FBK-005172,CUST-008005,2023-04-16,5,2,Product usability,UI navigation can be cluttered for new team members.
FBK-005173,CUST-008006,2024-09-19,8,4,Product usability,"Great dashboard layout, simplifies our daily standup."
FBK-005174,CUST-008007,2024-10-13,9,3,Missing features,The core features cover 90% of our workflow needs.
FBK-005175,CUST-008011,2023-04-14,8,2,Product usability,Intuitive interface and team adopted it within days.
FBK-005176,CUST-008012,2024-09-17,9,3,Missing features,The core features cover 90% of our workflow needs.
FBK-005177,CUST-008013,2024-09-07,10,5,Performance,Blazing fast sync speeds across distributed teams.
FBK-005178,CUST-008015,2022-08-05,6,1,Pricing,Monthly plan feels a bit expensive without annual discounts.
FBK-005179,CUST-008017,2023-09-08,1,2,Missing features,Missing advanced analytics export to warehouse.
FBK-005180,CUST-008018,2024-03-15,7,3,Missing features,Missing advanced analytics export to warehouse.
FBK-005181,CUST-008019,2023-04-22,2,1,Customer support,Took too long to get a response on an urgent billing ticket.
FBK-005182,CUST-008020,2023-10-21,9,3,Product usability,Intuitive interface and team adopted it within days.
FBK-005183,CUST-008023,2022-11-10,7,1,Integration,Custom connector setup was frustrating.
FBK-005184,CUST-008024,2024-08-01,8,4,Customer support,Helpful customer success manager during onboarding.
FBK-005185,CUST-008025,2022-05-11,5,4,Pricing,Renewal rate increase was unexpected.
FBK-005186,CUST-008026,2023-07-23,10,4,Customer support,Helpful customer success manager during onboarding.
FBK-005187,CUST-008027,2023-05-13,4,1,Performance,Slow loading times on large dataset syncs.
FBK-005188,CUST-008031,2024-06-04,10,5,Mobile experience,Mobile app is lightweight and perfect for on-the-go approvals.
FBK-005189,CUST-008032,2023-12-30,6,5,Product usability,UI navigation can be cluttered for new team members.
FBK-005190,CUST-008033,2024-01-02,8,3,Customer support,Helpful customer success manager during onboarding.
FBK-005191,CUST-008034,2024-02-28,6,5,Product usability,UI navigation can be cluttered for new team members.
FBK-005192,CUST-008035,2022-11-07,7,5,Performance,Slow loading times on large dataset syncs.
FBK-005193,CUST-008036,2024-03-25,2,1,Missing features,Missing advanced analytics export to warehouse.
FBK-005194,CUST-008038,2024-04-27,1,2,Integration,Custom connector setup was frustrating.
FBK-005195,CUST-008039,2024-07-10,8,5,Pricing,Great value for money compared to enterprise alternatives.
FBK-005196,CUST-008044,2023-08-07,6,4,Customer support,Took too long to get a response on an urgent billing ticket.
FBK-005197,CUST-008045,2022-11-09,2,3,Customer support,Ticket was escalated multiple times without a clear resolution.
FBK-005198,CUST-008048,2023-01-30,4,1,Performance,Slow loading times on large dataset syncs.
FBK-005199,CUST-008049,2023-06-17,10,3,Customer support,Helpful customer success manager during onboarding.
FBK-005200,CUST-008050,2024-03-06,2,3,Missing features,Missing advanced analytics export to warehouse.
FBK-005201,CUST-008051,2024-02-21,8,3,Product usability,"Great dashboard layout, simplifies our daily standup."
FBK-005202,CUST-008052,2023-10-31,8,4,Mobile experience,Mobile app is lightweight and perfect for on-the-go approvals.
FBK-005203,CUST-008055,2023-07-14,2,2,Mobile experience,Needs iPad tablet optimization.
FBK-005204,CUST-008056,2024-09-05,5,4,Product usability,UI navigation can be cluttered for new team members.
FBK-005205,CUST-008057,2024-06-27,8,5,Performance,Reliable uptime with minimal disruptions.
FBK-005206,CUST-008058,2024-06-20,8,5,Product usability,"Great dashboard layout, simplifies our daily standup."
FBK-005207,CUST-008059,2024-02-19,7,4,Mobile experience,Mobile notifications sometimes get delayed.
FBK-005208,CUST-008060,2023-10-01,5,4,Customer support,Took too long to get a response on an urgent billing ticket.
FBK-005209,CUST-008061,2023-05-19,7,4,Missing features,Missing advanced analytics export to warehouse.
FBK-005210,CUST-008063,2024-09-29,6,4,Product usability,Steep learning curve for non-technical users.
FBK-005211,CUST-008064,2024-02-28,5,1,Missing features,Missing advanced analytics export to warehouse.
FBK-005212,CUST-008065,2024-06-26,4,4,Pricing,Monthly plan feels a bit expensive without annual discounts.
FBK-005213,CUST-008066,2023-11-19,8,4,Performance,Reliable uptime with minimal disruptions.
FBK-005214,CUST-008067,2024-01-19,9,4,Product usability,Intuitive interface and team adopted it within days.
FBK-005215,CUST-008071,2024-01-05,5,4,Product usability,Steep learning curve for non-technical users.
FBK-005216,CUST-008072,2023-11-16,8,5,Customer support,Helpful customer success manager during onboarding.
FBK-005217,CUST-008073,2024-01-12,8,3,Product usability,Intuitive interface and team adopted it within days.
FBK-005218,CUST-008075,2024-08-16,8,3,Customer support,Helpful customer success manager during onboarding.
FBK-005219,CUST-008076,2023-03-15,8,4,Product usability,"Great dashboard layout, simplifies our daily standup."
FBK-005220,CUST-008078,2023-03-22,0,3,Customer support,Ticket was escalated multiple times without a clear resolution.
FBK-005221,CUST-008081,2023-09-05,4,4,Integration,Webhook latency caused duplicate entries in our CRM.
FBK-005222,CUST-008082,2023-02-02,7,1,Product usability,Steep learning curve for non-technical users.
FBK-005223,CUST-008083,2024-04-03,6,4,Integration,Webhook latency caused duplicate entries in our CRM.
FBK-005224,CUST-008084,2024-03-04,3,2,Customer support,Ticket was escalated multiple times without a clear resolution.
FBK-005225,CUST-008085,2023-02-05,3,2,Customer support,Ticket was escalated multiple times without a clear resolution.
FBK-005226,CUST-008087,2022-06-02,10,5,Pricing,"Pricing is fair, but add-on user seats add up quickly."
FBK-005227,CUST-008090,2024-05-11,10,5,Pricing,Great value for money compared to enterprise alternatives.
FBK-005228,CUST-008091,2023-04-10,7,2,Performance,Occasional lag during peak hours in large file exports.
FBK-005229,CUST-008092,2023-10-23,5,1,Customer support,Took too long to get a response on an urgent billing ticket.
FBK-005230,CUST-008094,2024-01-30,4,2,Performance,Occasional lag during peak hours in large file exports.
FBK-005231,CUST-008096,2023-12-10,7,5,Integration,Custom connector setup was frustrating.
FBK-005232,CUST-008097,2023-12-16,0,1,Integration,Webhook latency caused duplicate entries in our CRM.
FBK-005233,CUST-008098,2024-07-21,8,4,Pricing,Great value for money compared to enterprise alternatives.
FBK-005234,CUST-008100,2023-06-18,7,3,Mobile experience,Mobile notifications sometimes get delayed.
FBK-005235,CUST-008101,2023-06-27,2,2,Pricing,Renewal rate increase was unexpected.
FBK-005236,CUST-008102,2024-05-28,8,4,Integration,API documentation is top notch and easy to implement.
FBK-005237,CUST-008105,2024-09-22,7,4,Customer support,Took too long to get a response on an urgent billing ticket.
FBK-005238,CUST-008106,2023-08-16,8,3,Mobile experience,"Clean mobile UI, very responsive."
FBK-005239,CUST-008108,2023-12-01,4,3,Product usability,Steep learning curve for non-technical users.
FBK-005240,CUST-008109,2024-05-13,6,5,Mobile experience,Needs iPad tablet optimization.
FBK-005241,CUST-008110,2023-11-09,7,1,Pricing,Monthly plan feels a bit expensive without annual discounts.
FBK-005242,CUST-008111,2024-08-18,6,3,Mobile experience,Needs iPad tablet optimization.
FBK-005243,CUST-008112,2024-03-13,8,5,Customer support,Helpful customer success manager during onboarding.
FBK-005244,CUST-008114,2023-12-10,2,2,Product usability,UI navigation can be cluttered for new team members.
FBK-005245,CUST-008115,2024-07-27,8,3,Missing features,The core features cover 90% of our workflow needs.
FBK-005246,CUST-008117,2023-12-17,6,4,Customer support,Ticket was escalated multiple times without a clear resolution.
FBK-005247,CUST-008118,2023-08-11,2,2,Missing features,Missing advanced analytics export to warehouse.
FBK-005248,CUST-008119,2024-07-27,6,3,Customer support,Ticket was escalated multiple times without a clear resolution.
FBK-005249,CUST-008121,2024-01-04,10,4,Mobile experience,Mobile app is lightweight and perfect for on-the-go approvals.
FBK-005250,CUST-008122,2024-04-28,7,4,Missing features,Missing advanced analytics export to warehouse.
FBK-005251,CUST-008124,2022-09-20,6,2,Missing features,Missing advanced analytics export to warehouse.
FBK-005252,CUST-008126,2024-07-23,2,2,Mobile experience,Needs iPad tablet optimization.
FBK-005253,CUST-008127,2023-06-19,5,1,Mobile experience,Mobile notifications sometimes get delayed.
FBK-005254,CUST-008128,2024-05-28,9,2,Pricing,Great value for money compared to enterprise alternatives.
FBK-005255,CUST-008130,2023-09-18,6,2,Integration,Webhook latency caused duplicate entries in our CRM.
FBK-005256,CUST-008131,2024-02-23,6,3,Pricing,Monthly plan feels a bit expensive without annual discounts.
FBK-005257,CUST-008133,2023-11-02,10,2,Missing features,The core features cover 90% of our workflow needs.
FBK-005258,CUST-008134,2024-09-13,9,4,Missing features,The core features cover 90% of our workflow needs.
FBK-005259,CUST-008137,2022-09-15,6,3,Integration,Custom connector setup was frustrating.
FBK-005260,CUST-008139,2024-08-05,9,3,Missing features,The core features cover 90% of our workflow needs.
FBK-005261,CUST-008140,2024-04-02,8,1,Missing features,The core features cover 90% of our workflow needs.
FBK-005262,CUST-008141,2024-07-16,9,4,Pricing,Great value for money compared to enterprise alternatives.
FBK-005263,CUST-008143,2023-01-31,6,1,Performance,Slow loading times on large dataset syncs.
FBK-005264,CUST-008144,2024-05-29,7,5,Customer support,Ticket was escalated multiple times without a clear resolution.
FBK-005265,CUST-008145,2024-05-09,8,4,Pricing,"Pricing is fair, but add-on user seats add up quickly."
FBK-005266,CUST-008147,2024-05-20,7,4,Pricing,Monthly plan feels a bit expensive without annual discounts.
FBK-005267,CUST-008149,2022-11-29,6,3,Product usability,UI navigation can be cluttered for new team members.
FBK-005268,CUST-008150,2024-02-06,10,5,Integration,Seamless integration with Google Workspace and Salesforce.
FBK-005269,CUST-008154,2024-03-06,9,3,Missing features,The core features cover 90% of our workflow needs.
FBK-005270,CUST-008155,2023-07-13,7,3,Mobile experience,Mobile notifications sometimes get delayed.
FBK-005271,CUST-008156,2023-05-27,3,2,Customer support,Ticket was escalated multiple times without a clear resolution.
FBK-005272,CUST-008158,2023-11-19,7,4,Missing features,Missing advanced analytics export to warehouse.
FBK-005273,CUST-008159,2024-02-28,7,1,Pricing,Renewal rate increase was unexpected.
FBK-005274,CUST-008160,2024-06-22,6,4,Performance,Slow loading times on large dataset syncs.
FBK-005275,CUST-008161,2024-04-21,8,3,Customer support,Support team resolved our critical issue in under an hour!
FBK-005276,CUST-008163,2024-04-14,3,1,Missing features,Missing advanced analytics export to warehouse.
FBK-005277,CUST-008164,2024-04-27,6,4,Performance,Slow loading times on large dataset syncs.
FBK-005278,CUST-008165,2022-04-17,1,3,Performance,Occasional lag during peak hours in large file exports.
FBK-005279,CUST-008168,2023-08-01,6,4,Customer support,Ticket was escalated multiple times without a clear resolution.
FBK-005280,CUST-008169,2023-05-10,4,2,Performance,Slow loading times on large dataset syncs.
FBK-005281,CUST-008170,2023-10-28,5,2,Integration,Custom connector setup was frustrating.
FBK-005282,CUST-008171,2024-01-19,6,3,Mobile experience,Mobile notifications sometimes get delayed.
FBK-005283,CUST-008173,2023-04-28,4,3,Missing features,Missing advanced analytics export to warehouse.
FBK-005284,CUST-008174,2023-07-11,3,1,Product usability,Steep learning curve for non-technical users.
FBK-005285,CUST-008175,2023-11-17,7,5,Integration,Webhook latency caused duplicate entries in our CRM.
FBK-005286,CUST-008176,2023-01-29,8,4,Mobile experience,Mobile app is lightweight and perfect for on-the-go approvals.
FBK-005287,CUST-008177,2024-03-25,8,3,Performance,Reliable uptime with minimal disruptions.
FBK-005288,CUST-008179,2024-09-13,9,4,Customer support,Helpful customer success manager during onboarding.
FBK-005289,CUST-008182,2024-08-04,8,4,Mobile experience,Mobile app is lightweight and perfect for on-the-go approvals.
FBK-005290,CUST-008183,2023-05-15,10,3,Pricing,Great value for money compared to enterprise alternatives.
FBK-005291,CUST-008184,2024-04-11,5,4,Customer support,Ticket was escalated multiple times without a clear resolution.
FBK-005292,CUST-008185,2024-07-30,9,5,Product usability,"Great dashboard layout, simplifies our daily standup."
FBK-005293,CUST-008186,2023-08-24,5,4,Integration,Webhook latency caused duplicate entries in our CRM.
FBK-005294,CUST-008187,2024-05-21,10,2,Customer support,Helpful customer success manager during onboarding.
FBK-005295,CUST-008188,2022-12-14,6,1,Integration,Custom connector setup was frustrating.
FBK-005296,CUST-008192,2024-01-01,1,1,Missing features,Missing advanced analytics export to warehouse.
FBK-005297,CUST-008193,2024-03-04,6,5,Product usability,Steep learning curve for non-technical users.
FBK-005298,CUST-008197,2024-10-08,10,5,Customer support,Support team resolved our critical issue in under an hour!
FBK-005299,CUST-008198,2024-01-02,7,4,Customer support,Took too long to get a response on an urgent billing ticket.
FBK-005300,CUST-008200,2023-11-30,4,4,Product usability,UI navigation can be cluttered for new team members.
FBK-005301,CUST-008203,2022-12-29,5,3,Integration,Custom connector setup was frustrating.
FBK-005302,CUST-008206,2024-06-04,4,3,Missing features,Missing advanced analytics export to warehouse.
FBK-005303,CUST-008207,2024-02-09,1,1,Customer support,Ticket was escalated multiple times without a clear resolution.
FBK-005304,CUST-008208,2023-12-29,8,4,Missing features,The core features cover 90% of our workflow needs.
FBK-005305,CUST-008210,2022-03-18,5,3,Performance,Occasional lag during peak hours in large file exports.
FBK-005306,CUST-008211,2024-05-15,4,5,Mobile experience,Mobile notifications sometimes get delayed.
FBK-005307,CUST-008214,2024-03-05,8,3,Integration,Seamless integration with Google Workspace and Salesforce.
FBK-005308,CUST-008216,2022-11-16,10,3,Customer support,Helpful customer success manager during onboarding.
FBK-005309,CUST-008218,2023-12-08,4,2,Pricing,Renewal rate increase was unexpected.
FBK-005310,CUST-008219,2023-11-15,6,1,Performance,Occasional lag during peak hours in large file exports.
FBK-005311,CUST-008220,2024-09-07,9,3,Product usability,"Great dashboard layout, simplifies our daily standup."
FBK-005312,CUST-008222,2024-08-28,6,3,Pricing,Monthly plan feels a bit expensive without annual discounts.
FBK-005313,CUST-008225,2022-12-12,0,4,Pricing,Renewal rate increase was unexpected.
FBK-005314,CUST-008226,2024-04-08,7,4,Mobile experience,Mobile notifications sometimes get delayed.
FBK-005315,CUST-008227,2024-02-05,7,4,Performance,Slow loading times on large dataset syncs.
FBK-005316,CUST-008230,2024-03-04,9,4,Missing features,The core features cover 90% of our workflow needs.
FBK-005317,CUST-008231,2024-09-22,9,4,Performance,Reliable uptime with minimal disruptions.
FBK-005318,CUST-008235,2024-02-16,9,4,Mobile experience,"Clean mobile UI, very responsive."
FBK-005319,CUST-008236,2022-03-12,0,4,Performance,Occasional lag during peak hours in large file exports.
FBK-005320,CUST-008240,2024-06-14,7,2,Mobile experience,Mobile notifications sometimes get delayed.
FBK-005321,CUST-008241,2022-12-01,7,3,Integration,Custom connector setup was frustrating.
FBK-005322,CUST-008242,2023-07-31,3,4,Integration,Custom connector setup was frustrating.
FBK-005323,CUST-008243,2022-05-26,5,1,Performance,Occasional lag during peak hours in large file exports.
FBK-005324,CUST-008244,2024-09-29,8,5,Product usability,"Great dashboard layout, simplifies our daily standup."
FBK-005325,CUST-008245,2023-07-23,4,2,Customer support,Took too long to get a response on an urgent billing ticket.
FBK-005326,CUST-008246,2022-09-04,4,1,Pricing,Monthly plan feels a bit expensive without annual discounts.
FBK-005327,CUST-008251,2024-05-18,6,3,Pricing,Monthly plan feels a bit expensive without annual discounts.
FBK-005328,CUST-008252,2024-08-03,10,4,Missing features,The core features cover 90% of our workflow needs.
FBK-005329,CUST-008254,2023-10-15,0,2,Pricing,Renewal rate increase was unexpected.
FBK-005330,CUST-008255,2023-12-30,0,3,Pricing,Renewal rate increase was unexpected.
FBK-005331,CUST-008259,2024-07-06,0,2,Performance,Slow loading times on large dataset syncs.
FBK-005332,CUST-008260,2024-02-29,9,4,Missing features,The core features cover 90% of our workflow needs.
FBK-005333,CUST-008262,2023-11-30,9,4,Pricing,"Pricing is fair, but add-on user seats add up quickly."
FBK-005334,CUST-008263,2024-03-07,8,3,Customer support,Helpful customer success manager during onboarding.
FBK-005335,CUST-008264,2023-04-22,9,3,Customer support,Support team resolved our critical issue in under an hour!
FBK-005336,CUST-008265,2023-03-05,4,1,Pricing,Monthly plan feels a bit expensive without annual discounts.
FBK-005337,CUST-008267,2024-04-14,4,1,Product usability,UI navigation can be cluttered for new team members.
FBK-005338,CUST-008268,2024-01-06,6,4,Mobile experience,Needs iPad tablet optimization.
FBK-005339,CUST-008270,2024-07-25,6,3,Integration,Custom connector setup was frustrating.
FBK-005340,CUST-008271,2024-01-17,6,1,Integration,Custom connector setup was frustrating.
FBK-005341,CUST-008272,2023-11-21,10,5,Mobile experience,"Clean mobile UI, very responsive."
FBK-005342,CUST-008275,2022-06-06,1,3,Customer support,Took too long to get a response on an urgent billing ticket.
FBK-005343,CUST-008278,2024-04-26,7,4,Product usability,Steep learning curve for non-technical users.
FBK-005344,CUST-008279,2023-09-09,5,5,Performance,Slow loading times on large dataset syncs.
FBK-005345,CUST-008281,2023-10-22,8,4,Mobile experience,Mobile app is lightweight and perfect for on-the-go approvals.
FBK-005346,CUST-008282,2024-04-17,6,3,Product usability,Steep learning curve for non-technical users.
FBK-005347,CUST-008284,2024-02-21,6,4,Product usability,Steep learning curve for non-technical users.
FBK-005348,CUST-008285,2022-12-08,10,5,Performance,Blazing fast sync speeds across distributed teams.
FBK-005349,CUST-008286,2023-03-17,2,2,Missing features,Missing advanced analytics export to warehouse.
FBK-005350,CUST-008287,2023-11-26,9,5,Performance,Reliable uptime with minimal disruptions.
FBK-005351,CUST-008289,2024-02-22,5,3,Pricing,Monthly plan feels a bit expensive without annual discounts.
FBK-005352,CUST-008292,2023-11-11,6,3,Product usability,Steep learning curve for non-technical users.
FBK-005353,CUST-008293,2024-05-29,3,2,Missing features,Missing advanced analytics export to warehouse.
FBK-005354,CUST-008294,2024-01-09,9,5,Performance,Blazing fast sync speeds across distributed teams.
FBK-005355,CUST-008295,2023-03-24,6,3,Customer support,Ticket was escalated multiple times without a clear resolution.
FBK-005356,CUST-008296,2024-07-27,7,4,Performance,Occasional lag during peak hours in large file exports.
FBK-005357,CUST-008298,2024-05-05,5,2,Mobile experience,Needs iPad tablet optimization.
FBK-005358,CUST-008300,2023-08-29,7,4,Pricing,Renewal rate increase was unexpected.
FBK-005359,CUST-008301,2024-04-29,2,1,Customer support,Ticket was escalated multiple times without a clear resolution.
FBK-005360,CUST-008303,2023-03-27,2,3,Integration,Webhook latency caused duplicate entries in our CRM.
FBK-005361,CUST-008304,2024-07-02,10,5,Mobile experience,"Clean mobile UI, very responsive."
FBK-005362,CUST-008305,2024-08-16,8,3,Mobile experience,"Clean mobile UI, very responsive."
FBK-005363,CUST-008306,2024-01-19,8,5,Performance,Reliable uptime with minimal disruptions.
FBK-005364,CUST-008307,2024-06-21,7,5,Pricing,Monthly plan feels a bit expensive without annual discounts.
FBK-005365,CUST-008308,2023-12-30,6,2,Customer support,Ticket was escalated multiple times without a clear resolution.
FBK-005366,CUST-008310,2023-10-09,7,5,Mobile experience,Mobile notifications sometimes get delayed.
FBK-005367,CUST-008311,2023-08-01,4,4,Missing features,Missing advanced analytics export to warehouse.
FBK-005368,CUST-008312,2023-11-30,10,5,Customer support,Helpful customer success manager during onboarding.
FBK-005369,CUST-008314,2023-02-14,7,4,Product usability,Steep learning curve for non-technical users.
FBK-005370,CUST-008316,2023-10-10,6,3,Mobile experience,Needs iPad tablet optimization.
FBK-005371,CUST-008317,2024-02-07,7,4,Customer support,Ticket was escalated multiple times without a clear resolution.
FBK-005372,CUST-008320,2022-11-21,5,4,Missing features,Missing advanced analytics export to warehouse.
FBK-005373,CUST-008323,2023-09-10,7,3,Mobile experience,Needs iPad tablet optimization.
FBK-005374,CUST-008324,2023-08-09,3,1,Product usability,UI navigation can be cluttered for new team members.
FBK-005375,CUST-008326,2022-03-16,8,3,Customer support,Helpful customer success manager during onboarding.
FBK-005376,CUST-008328,2023-09-25,1,1,Customer support,Took too long to get a response on an urgent billing ticket.
FBK-005377,CUST-008329,2024-03-28,4,1,Customer support,Ticket was escalated multiple times without a clear resolution.
FBK-005378,CUST-008333,2024-01-26,6,2,Performance,Slow loading times on large dataset syncs.
FBK-005379,CUST-008335,2023-09-18,6,2,Customer support,Ticket was escalated multiple times without a clear resolution.
FBK-005380,CUST-008336,2024-09-18,9,4,Mobile experience,Mobile app is lightweight and perfect for on-the-go approvals.
FBK-005381,CUST-008338,2023-10-20,9,3,Product usability,Intuitive interface and team adopted it within days.
FBK-005382,CUST-008339,2023-02-25,2,1,Customer support,Ticket was escalated multiple times without a clear resolution.
FBK-005383,CUST-008340,2022-10-10,8,5,Product usability,"Great dashboard layout, simplifies our daily standup."
FBK-005384,CUST-008341,2023-09-21,8,4,Product usability,"Great dashboard layout, simplifies our daily standup."
FBK-005385,CUST-008342,2024-04-14,7,5,Pricing,Monthly plan feels a bit expensive without annual discounts.
FBK-005386,CUST-008344,2023-07-11,6,3,Pricing,Renewal rate increase was unexpected.
FBK-005387,CUST-008345,2024-07-31,6,3,Integration,Custom connector setup was frustrating.
FBK-005388,CUST-008346,2023-10-24,2,1,Pricing,Renewal rate increase was unexpected.
FBK-005389,CUST-008347,2024-06-27,7,4,Product usability,UI navigation can be cluttered for new team members.
FBK-005390,CUST-008348,2023-07-15,5,1,Integration,Custom connector setup was frustrating.
FBK-005391,CUST-008349,2024-07-28,8,4,Customer support,Helpful customer success manager during onboarding.
FBK-005392,CUST-008350,2023-07-30,3,2,Pricing,Monthly plan feels a bit expensive without annual discounts.
FBK-005393,CUST-008351,2023-05-15,4,2,Customer support,Took too long to get a response on an urgent billing ticket.
FBK-005394,CUST-008353,2024-03-28,6,5,Pricing,Renewal rate increase was unexpected.
FBK-005395,CUST-008354,2024-04-25,7,5,Missing features,Missing advanced analytics export to warehouse.
FBK-005396,CUST-008356,2024-01-02,7,4,Pricing,Monthly plan feels a bit expensive without annual discounts.
FBK-005397,CUST-008357,2023-09-12,8,4,Product usability,"Great dashboard layout, simplifies our daily standup."
FBK-005398,CUST-008359,2024-04-09,9,3,Mobile experience,Mobile app is lightweight and perfect for on-the-go approvals.
FBK-005399,CUST-008360,2024-06-25,9,2,Missing features,The core features cover 90% of our workflow needs.
FBK-005400,CUST-008363,2023-05-08,6,3,Pricing,Renewal rate increase was unexpected.
FBK-005401,CUST-008364,2022-12-11,3,3,Pricing,Monthly plan feels a bit expensive without annual discounts.
FBK-005402,CUST-008365,2024-05-23,7,4,Integration,Custom connector setup was frustrating.
FBK-005403,CUST-008366,2024-05-14,10,3,Mobile experience,"Clean mobile UI, very responsive."
FBK-005404,CUST-008368,2024-08-16,8,3,Product usability,Intuitive interface and team adopted it within days.
FBK-005405,CUST-008370,2022-08-22,5,4,Pricing,Renewal rate increase was unexpected.
FBK-005406,CUST-008371,2023-02-12,8,4,Pricing,Great value for money compared to enterprise alternatives.
FBK-005407,CUST-008373,2024-10-12,9,4,Mobile experience,Mobile app is lightweight and perfect for on-the-go approvals.
FBK-005408,CUST-008375,2023-10-31,6,3,Product usability,UI navigation can be cluttered for new team members.
FBK-005409,CUST-008376,2023-11-28,8,1,Customer support,Support team resolved our critical issue in under an hour!
FBK-005410,CUST-008377,2024-07-23,3,2,Product usability,UI navigation can be cluttered for new team members.
FBK-005411,CUST-008380,2023-09-07,4,1,Customer support,Ticket was escalated multiple times without a clear resolution.
FBK-005412,CUST-008381,2024-02-06,10,4,Missing features,The core features cover 90% of our workflow needs.
FBK-005413,CUST-008382,2024-09-15,8,5,Performance,Blazing fast sync speeds across distributed teams.
FBK-005414,CUST-008383,2023-04-21,5,5,Mobile experience,Needs iPad tablet optimization.
FBK-005415,CUST-008384,2024-04-03,7,4,Missing features,Missing advanced analytics export to warehouse.
FBK-005416,CUST-008385,2024-02-08,7,3,Performance,Slow loading times on large dataset syncs.
FBK-005417,CUST-008389,2023-11-06,9,5,Pricing,Great value for money compared to enterprise alternatives.
FBK-005418,CUST-008390,2023-11-14,6,1,Mobile experience,Needs iPad tablet optimization.
FBK-005419,CUST-008391,2022-05-28,3,1,Customer support,Ticket was escalated multiple times without a clear resolution.
FBK-005420,CUST-008392,2023-06-02,8,3,Integration,API documentation is top notch and easy to implement.
FBK-005421,CUST-008393,2024-03-11,8,4,Customer support,Helpful customer success manager during onboarding.
FBK-005422,CUST-008394,2023-07-03,6,4,Missing features,Missing advanced analytics export to warehouse.
FBK-005423,CUST-008398,2023-12-31,10,3,Integration,API documentation is top notch and easy to implement.
FBK-005424,CUST-008399,2022-07-05,8,5,Missing features,The core features cover 90% of our workflow needs.
FBK-005425,CUST-008400,2024-02-17,5,4,Product usability,Steep learning curve for non-technical users.
FBK-005426,CUST-008404,2022-12-17,9,4,Performance,Reliable uptime with minimal disruptions.
FBK-005427,CUST-008405,2024-03-22,6,5,Customer support,Ticket was escalated multiple times without a clear resolution.
FBK-005428,CUST-008407,2024-03-23,1,1,Product usability,UI navigation can be cluttered for new team members.
FBK-005429,CUST-008408,2023-03-14,7,3,Performance,Occasional lag during peak hours in large file exports.
FBK-005430,CUST-008409,2024-07-28,10,5,Performance,Reliable uptime with minimal disruptions.
FBK-005431,CUST-008410,2024-10-04,5,3,Mobile experience,Mobile notifications sometimes get delayed.
FBK-005432,CUST-008411,2023-04-20,9,4,Product usability,Intuitive interface and team adopted it within days.
FBK-005433,CUST-008414,2024-04-25,8,3,Performance,Blazing fast sync speeds across distributed teams.
FBK-005434,CUST-008415,2024-01-19,2,3,Customer support,Took too long to get a response on an urgent billing ticket.
FBK-005435,CUST-008416,2024-07-26,6,5,Missing features,Missing advanced analytics export to warehouse.
FBK-005436,CUST-008417,2024-04-10,0,1,Mobile experience,Needs iPad tablet optimization.
FBK-005437,CUST-008418,2024-07-24,5,3,Performance,Slow loading times on large dataset syncs.
FBK-005438,CUST-008419,2024-05-25,7,3,Missing features,Missing advanced analytics export to warehouse.
FBK-005439,CUST-008421,2023-04-19,8,4,Performance,Reliable uptime with minimal disruptions.
FBK-005440,CUST-008422,2024-05-02,7,3,Missing features,Missing advanced analytics export to warehouse.
FBK-005441,CUST-008425,2024-05-05,6,2,Product usability,Steep learning curve for non-technical users.
FBK-005442,CUST-008426,2024-08-02,9,4,Performance,Blazing fast sync speeds across distributed teams.
FBK-005443,CUST-008427,2023-03-19,5,2,Pricing,Renewal rate increase was unexpected.
FBK-005444,CUST-008428,2024-03-21,7,5,Missing features,Missing advanced analytics export to warehouse.
FBK-005445,CUST-008431,2024-01-08,8,2,Customer support,Support team resolved our critical issue in under an hour!
FBK-005446,CUST-008432,2023-02-12,3,1,Product usability,UI navigation can be cluttered for new team members.
FBK-005447,CUST-008433,2023-05-14,8,5,Mobile experience,Mobile app is lightweight and perfect for on-the-go approvals.
FBK-005448,CUST-008434,2022-03-31,6,1,Missing features,Missing advanced analytics export to warehouse.
FBK-005449,CUST-008437,2024-08-29,8,5,Missing features,The core features cover 90% of our workflow needs.
FBK-005450,CUST-008440,2024-06-26,6,1,Integration,Custom connector setup was frustrating.
FBK-005451,CUST-008441,2024-03-23,9,5,Missing features,The core features cover 90% of our workflow needs.
FBK-005452,CUST-008442,2023-08-26,6,5,Product usability,UI navigation can be cluttered for new team members.
FBK-005453,CUST-008443,2024-07-17,5,4,Missing features,Missing advanced analytics export to warehouse.
FBK-005454,CUST-008446,2023-06-07,1,3,Integration,Custom connector setup was frustrating.
FBK-005455,CUST-008447,2024-01-06,3,1,Performance,Slow loading times on large dataset syncs.
FBK-005456,CUST-008449,2023-01-23,4,2,Missing features,Missing advanced analytics export to warehouse.
FBK-005457,CUST-008450,2023-06-16,4,2,Performance,Slow loading times on large dataset syncs.
FBK-005458,CUST-008451,2022-05-13,3,1,Customer support,Ticket was escalated multiple times without a clear resolution.
FBK-005459,CUST-008452,2024-09-22,9,3,Integration,Seamless integration with Google Workspace and Salesforce.
FBK-005460,CUST-008453,2023-12-04,7,4,Performance,Slow loading times on large dataset syncs.
FBK-005461,CUST-008454,2023-01-02,7,4,Missing features,Missing advanced analytics export to warehouse.
FBK-005462,CUST-008455,2022-12-29,2,2,Performance,Occasional lag during peak hours in large file exports.
FBK-005463,CUST-008456,2022-07-05,5,2,Pricing,Renewal rate increase was unexpected.
FBK-005464,CUST-008457,2022-08-22,8,4,Mobile experience,"Clean mobile UI, very responsive."
FBK-005465,CUST-008458,2022-08-02,6,2,Product usability,Steep learning curve for non-technical users.
FBK-005466,CUST-008459,2024-06-01,2,2,Integration,Custom connector setup was frustrating.
FBK-005467,CUST-008460,2024-07-12,5,1,Product usability,Steep learning curve for non-technical users.
FBK-005468,CUST-008461,2024-09-29,8,4,Product usability,Intuitive interface and team adopted it within days.
FBK-005469,CUST-008462,2023-01-22,6,3,Product usability,UI navigation can be cluttered for new team members.
FBK-005470,CUST-008463,2023-07-20,6,3,Integration,Webhook latency caused duplicate entries in our CRM.
FBK-005471,CUST-008464,2023-05-31,10,5,Missing features,The core features cover 90% of our workflow needs.
FBK-005472,CUST-008465,2024-08-03,10,4,Pricing,Great value for money compared to enterprise alternatives.
FBK-005473,CUST-008466,2024-03-18,7,3,Pricing,Monthly plan feels a bit expensive without annual discounts.
FBK-005474,CUST-008468,2024-05-07,7,5,Pricing,Monthly plan feels a bit expensive without annual discounts.
FBK-005475,CUST-008469,2024-03-24,7,4,Pricing,Monthly plan feels a bit expensive without annual discounts.
FBK-005476,CUST-008470,2024-06-01,8,4,Performance,Blazing fast sync speeds across distributed teams.
FBK-005477,CUST-008473,2024-09-02,8,5,Customer support,Support team resolved our critical issue in under an hour!
FBK-005478,CUST-008474,2023-12-19,7,2,Mobile experience,Mobile notifications sometimes get delayed.
FBK-005479,CUST-008475,2023-06-12,10,5,Customer support,Helpful customer success manager during onboarding.
FBK-005480,CUST-008478,2022-10-04,1,2,Pricing,Renewal rate increase was unexpected.
FBK-005481,CUST-008479,2023-11-09,8,5,Mobile experience,Mobile app is lightweight and perfect for on-the-go approvals.
FBK-005482,CUST-008481,2022-09-23,8,4,Missing features,The core features cover 90% of our workflow needs.
FBK-005483,CUST-008482,2022-12-02,6,4,Mobile experience,Needs iPad tablet optimization.
FBK-005484,CUST-008483,2023-09-08,8,4,Customer support,Helpful customer success manager during onboarding.
FBK-005485,CUST-008489,2024-07-11,9,4,Mobile experience,Mobile app is lightweight and perfect for on-the-go approvals.
FBK-005486,CUST-008490,2024-05-13,10,5,Pricing,Great value for money compared to enterprise alternatives.
FBK-005487,CUST-008491,2022-10-15,5,4,Customer support,Took too long to get a response on an urgent billing ticket.
FBK-005488,CUST-008493,2023-07-28,5,4,Missing features,Missing advanced analytics export to warehouse.
FBK-005489,CUST-008495,2024-11-02,10,4,Customer support,Helpful customer success manager during onboarding.
FBK-005490,CUST-008496,2022-08-02,2,1,Product usability,Steep learning curve for non-technical users.
FBK-005491,CUST-008497,2024-08-03,4,5,Performance,Slow loading times on large dataset syncs.
FBK-005492,CUST-008498,2024-05-22,6,3,Pricing,Renewal rate increase was unexpected.
FBK-005493,CUST-008499,2023-01-22,3,1,Performance,Slow loading times on large dataset syncs.
FBK-005494,CUST-008500,2023-02-21,7,3,Pricing,Monthly plan feels a bit expensive without annual discounts.
FBK-005495,CUST-008501,2023-11-17,3,2,Product usability,Steep learning curve for non-technical users.
FBK-005496,CUST-008502,2024-03-06,5,4,Integration,Custom connector setup was frustrating.
FBK-005497,CUST-008503,2023-03-13,5,2,Integration,Custom connector setup was frustrating.
FBK-005498,CUST-008504,2022-09-11,1,2,Integration,Custom connector setup was frustrating.
FBK-005499,CUST-008506,2022-12-20,6,5,Integration,Custom connector setup was frustrating.
FBK-005500,CUST-008508,2022-03-15,8,3,Integration,Seamless integration with Google Workspace and Salesforce.
FBK-005501,CUST-008509,2022-10-23,9,5,Customer support,Support team resolved our critical issue in under an hour!
FBK-005502,CUST-008510,2023-09-21,10,4,Mobile experience,"Clean mobile UI, very responsive."
FBK-005503,CUST-008511,2024-09-26,6,4,Performance,Occasional lag during peak hours in large file exports.
FBK-005504,CUST-008512,2024-06-02,9,4,Customer support,Support team resolved our critical issue in under an hour!
FBK-005505,CUST-008513,2022-10-17,6,3,Customer support,Ticket was escalated multiple times without a clear resolution.
FBK-005506,CUST-008516,2024-07-14,6,2,Mobile experience,Mobile notifications sometimes get delayed.
FBK-005507,CUST-008518,2024-04-19,8,3,Pricing,"Pricing is fair, but add-on user seats add up quickly."
FBK-005508,CUST-008519,2024-01-13,6,4,Performance,Occasional lag during peak hours in large file exports.
FBK-005509,CUST-008521,2023-08-25,3,3,Customer support,Took too long to get a response on an urgent billing ticket.
FBK-005510,CUST-008522,2024-02-27,8,4,Mobile experience,Mobile app is lightweight and perfect for on-the-go approvals.
FBK-005511,CUST-008523,2024-07-18,6,3,Product usability,Steep learning curve for non-technical users.
FBK-005512,CUST-008524,2024-06-30,6,1,Mobile experience,Needs iPad tablet optimization.
FBK-005513,CUST-008525,2024-03-07,5,4,Missing features,Missing advanced analytics export to warehouse.
FBK-005514,CUST-008526,2024-07-05,9,2,Customer support,Support team resolved our critical issue in under an hour!
FBK-005515,CUST-008527,2024-06-17,8,4,Customer support,Helpful customer success manager during onboarding.
FBK-005516,CUST-008529,2023-09-09,3,1,Integration,Webhook latency caused duplicate entries in our CRM.
FBK-005517,CUST-008530,2024-06-29,6,3,Performance,Slow loading times on large dataset syncs.
FBK-005518,CUST-008533,2022-12-26,3,2,Integration,Custom connector setup was frustrating.
FBK-005519,CUST-008534,2024-07-03,5,1,Integration,Custom connector setup was frustrating.
FBK-005520,CUST-008535,2022-10-13,6,2,Performance,Slow loading times on large dataset syncs.
FBK-005521,CUST-008537,2024-07-06,8,4,Product usability,"Great dashboard layout, simplifies our daily standup."
FBK-005522,CUST-008539,2024-08-04,7,4,Product usability,UI navigation can be cluttered for new team members.
FBK-005523,CUST-008541,2024-03-05,8,5,Pricing,"Pricing is fair, but add-on user seats add up quickly."
FBK-005524,CUST-008543,2024-05-31,8,1,Mobile experience,Mobile app is lightweight and perfect for on-the-go approvals.
FBK-005525,CUST-008544,2023-07-20,10,5,Mobile experience,"Clean mobile UI, very responsive."
FBK-005526,CUST-008546,2022-12-10,2,2,Missing features,Missing advanced analytics export to warehouse.
FBK-005527,CUST-008547,2024-09-05,7,4,Product usability,UI navigation can be cluttered for new team members.
FBK-005528,CUST-008549,2024-01-04,7,4,Mobile experience,Needs iPad tablet optimization.
FBK-005529,CUST-008550,2023-09-01,8,4,Customer support,Support team resolved our critical issue in under an hour!
FBK-005530,CUST-008551,2023-11-25,7,5,Missing features,Missing advanced analytics export to warehouse.
FBK-005531,CUST-008552,2024-06-12,8,5,Customer support,Support team resolved our critical issue in under an hour!
FBK-005532,CUST-008553,2024-09-29,5,4,Mobile experience,Needs iPad tablet optimization.
FBK-005533,CUST-008554,2023-10-29,7,4,Performance,Slow loading times on large dataset syncs.
FBK-005534,CUST-008556,2023-06-27,7,3,Missing features,Missing advanced analytics export to warehouse.
FBK-005535,CUST-008557,2023-05-27,5,4,Integration,Webhook latency caused duplicate entries in our CRM.
FBK-005536,CUST-008558,2023-11-25,5,3,Mobile experience,Needs iPad tablet optimization.
FBK-005537,CUST-008559,2024-05-31,4,3,Integration,Custom connector setup was frustrating.
FBK-005538,CUST-008560,2024-08-19,6,4,Integration,Webhook latency caused duplicate entries in our CRM.
FBK-005539,CUST-008561,2024-09-16,2,2,Customer support,Took too long to get a response on an urgent billing ticket.
FBK-005540,CUST-008562,2024-01-30,6,5,Mobile experience,Mobile notifications sometimes get delayed.
FBK-005541,CUST-008563,2023-12-29,7,1,Pricing,Renewal rate increase was unexpected.
FBK-005542,CUST-008564,2023-04-14,4,4,Mobile experience,Needs iPad tablet optimization.
FBK-005543,CUST-008566,2022-04-18,8,3,Integration,API documentation is top notch and easy to implement.
FBK-005544,CUST-008568,2022-06-24,9,4,Integration,Seamless integration with Google Workspace and Salesforce.
FBK-005545,CUST-008569,2023-12-27,8,4,Missing features,The core features cover 90% of our workflow needs.
FBK-005546,CUST-008570,2024-06-23,8,3,Missing features,The core features cover 90% of our workflow needs.
FBK-005547,CUST-008573,2024-07-12,8,4,Customer support,Support team resolved our critical issue in under an hour!
FBK-005548,CUST-008574,2024-06-04,8,4,Product usability,Intuitive interface and team adopted it within days.
FBK-005549,CUST-008576,2024-03-13,5,3,Product usability,Steep learning curve for non-technical users.
FBK-005550,CUST-008577,2024-07-04,7,4,Integration,Webhook latency caused duplicate entries in our CRM.
FBK-005551,CUST-008578,2024-09-15,8,4,Integration,API documentation is top notch and easy to implement.
FBK-005552,CUST-008579,2024-09-09,8,4,Missing features,The core features cover 90% of our workflow needs.
FBK-005553,CUST-008580,2022-09-22,3,2,Pricing,Monthly plan feels a bit expensive without annual discounts.
FBK-005554,CUST-008581,2024-07-04,10,5,Integration,Seamless integration with Google Workspace and Salesforce.
FBK-005555,CUST-008582,2024-09-01,8,3,Product usability,"Great dashboard layout, simplifies our daily standup."
FBK-005556,CUST-008583,2024-04-03,4,4,Integration,Webhook latency caused duplicate entries in our CRM.
FBK-005557,CUST-008584,2024-07-10,7,3,Integration,Webhook latency caused duplicate entries in our CRM.
FBK-005558,CUST-008587,2024-05-02,7,4,Product usability,Steep learning curve for non-technical users.
FBK-005559,CUST-008588,2024-06-21,7,4,Pricing,Renewal rate increase was unexpected.
FBK-005560,CUST-008590,2023-06-09,3,1,Integration,Custom connector setup was frustrating.
FBK-005561,CUST-008592,2024-06-25,7,4,Performance,Slow loading times on large dataset syncs.
FBK-005562,CUST-008593,2023-08-22,6,4,Product usability,UI navigation can be cluttered for new team members.
FBK-005563,CUST-008595,2022-12-28,3,1,Product usability,Steep learning curve for non-technical users.
FBK-005564,CUST-008596,2023-03-15,7,4,Customer support,Ticket was escalated multiple times without a clear resolution.
FBK-005565,CUST-008597,2024-06-13,8,4,Pricing,"Pricing is fair, but add-on user seats add up quickly."
FBK-005566,CUST-008600,2023-02-16,6,2,Product usability,Steep learning curve for non-technical users.
FBK-005567,CUST-008601,2024-07-27,9,4,Missing features,The core features cover 90% of our workflow needs.
FBK-005568,CUST-008602,2022-02-14,7,2,Integration,Webhook latency caused duplicate entries in our CRM.
FBK-005569,CUST-008603,2024-07-21,3,3,Missing features,Missing advanced analytics export to warehouse.
FBK-005570,CUST-008606,2024-02-10,7,4,Product usability,UI navigation can be cluttered for new team members.
FBK-005571,CUST-008607,2022-07-06,6,4,Pricing,Monthly plan feels a bit expensive without annual discounts.
FBK-005572,CUST-008608,2023-08-14,6,1,Integration,Custom connector setup was frustrating.
FBK-005573,CUST-008609,2024-06-06,8,4,Mobile experience,Mobile app is lightweight and perfect for on-the-go approvals.
FBK-005574,CUST-008610,2023-11-23,8,2,Product usability,"Great dashboard layout, simplifies our daily standup."
FBK-005575,CUST-008611,2023-10-09,4,1,Pricing,Monthly plan feels a bit expensive without annual discounts.
FBK-005576,CUST-008614,2023-01-25,9,4,Customer support,Helpful customer success manager during onboarding.
FBK-005577,CUST-008615,2023-01-30,0,3,Performance,Occasional lag during peak hours in large file exports.
FBK-005578,CUST-008617,2023-07-25,7,4,Performance,Slow loading times on large dataset syncs.
FBK-005579,CUST-008618,2023-03-24,7,1,Product usability,UI navigation can be cluttered for new team members.
FBK-005580,CUST-008619,2023-04-18,0,2,Pricing,Renewal rate increase was unexpected.
FBK-005581,CUST-008620,2023-02-01,10,4,Integration,Seamless integration with Google Workspace and Salesforce.
FBK-005582,CUST-008621,2024-07-08,4,2,Mobile experience,Mobile notifications sometimes get delayed.
FBK-005583,CUST-008623,2023-11-08,3,2,Missing features,Missing advanced analytics export to warehouse.
FBK-005584,CUST-008624,2022-10-22,7,5,Mobile experience,Mobile notifications sometimes get delayed.
FBK-005585,CUST-008629,2024-07-25,9,4,Product usability,Intuitive interface and team adopted it within days.
FBK-005586,CUST-008631,2024-04-24,8,4,Integration,API documentation is top notch and easy to implement.
FBK-005587,CUST-008632,2024-06-15,0,2,Pricing,Monthly plan feels a bit expensive without annual discounts.
FBK-005588,CUST-008634,2022-05-28,3,1,Integration,Custom connector setup was frustrating.
FBK-005589,CUST-008639,2024-06-23,6,5,Mobile experience,Mobile notifications sometimes get delayed.
FBK-005590,CUST-008641,2024-11-06,5,4,Customer support,Ticket was escalated multiple times without a clear resolution.
FBK-005591,CUST-008642,2024-06-15,3,2,Integration,Webhook latency caused duplicate entries in our CRM.
FBK-005592,CUST-008643,2024-04-22,0,3,Performance,Occasional lag during peak hours in large file exports.
FBK-005593,CUST-008644,2024-08-02,8,4,Missing features,The core features cover 90% of our workflow needs.
FBK-005594,CUST-008646,2022-09-29,9,4,Integration,API documentation is top notch and easy to implement.
FBK-005595,CUST-008647,2023-01-05,2,1,Pricing,Monthly plan feels a bit expensive without annual discounts.
FBK-005596,CUST-008648,2023-01-30,7,4,Missing features,Missing advanced analytics export to warehouse.
FBK-005597,CUST-008650,2023-02-21,8,5,Mobile experience,Mobile app is lightweight and perfect for on-the-go approvals.
FBK-005598,CUST-008651,2024-10-09,7,4,Product usability,UI navigation can be cluttered for new team members.
FBK-005599,CUST-008653,2023-04-05,9,3,Product usability,Intuitive interface and team adopted it within days.
FBK-005600,CUST-008654,2024-09-09,4,4,Missing features,Missing advanced analytics export to warehouse.
FBK-005601,CUST-008655,2022-12-16,3,1,Missing features,Missing advanced analytics export to warehouse.
FBK-005602,CUST-008657,2022-11-05,10,5,Mobile experience,Mobile app is lightweight and perfect for on-the-go approvals.
FBK-005603,CUST-008658,2024-03-31,8,2,Product usability,Intuitive interface and team adopted it within days.
FBK-005604,CUST-008659,2023-10-18,3,1,Pricing,Monthly plan feels a bit expensive without annual discounts.
FBK-005605,CUST-008660,2023-06-14,9,3,Missing features,The core features cover 90% of our workflow needs.
FBK-005606,CUST-008661,2023-01-07,9,4,Missing features,The core features cover 90% of our workflow needs.
FBK-005607,CUST-008662,2023-07-22,8,3,Customer support,Helpful customer success manager during onboarding.
FBK-005608,CUST-008663,2024-06-29,10,5,Performance,Reliable uptime with minimal disruptions.
FBK-005609,CUST-008664,2024-07-25,9,4,Customer support,Support team resolved our critical issue in under an hour!
FBK-005610,CUST-008665,2024-09-22,3,4,Product usability,UI navigation can be cluttered for new team members.
FBK-005611,CUST-008666,2024-01-31,7,3,Product usability,Steep learning curve for non-technical users.
FBK-005612,CUST-008667,2022-10-25,7,3,Product usability,Steep learning curve for non-technical users.
FBK-005613,CUST-008668,2024-04-22,7,4,Product usability,UI navigation can be cluttered for new team members.
FBK-005614,CUST-008669,2024-07-24,8,4,Product usability,"Great dashboard layout, simplifies our daily standup."
FBK-005615,CUST-008670,2023-09-17,4,2,Mobile experience,Mobile notifications sometimes get delayed.
FBK-005616,CUST-008671,2024-05-22,7,4,Product usability,UI navigation can be cluttered for new team members.
FBK-005617,CUST-008672,2022-09-19,7,4,Performance,Occasional lag during peak hours in large file exports.
FBK-005618,CUST-008673,2022-08-15,2,4,Pricing,Renewal rate increase was unexpected.
FBK-005619,CUST-008675,2023-04-13,4,1,Integration,Webhook latency caused duplicate entries in our CRM.
FBK-005620,CUST-008676,2024-09-07,4,4,Mobile experience,Needs iPad tablet optimization.
FBK-005621,CUST-008678,2023-05-25,6,5,Product usability,Steep learning curve for non-technical users.
FBK-005622,CUST-008679,2023-10-22,8,4,Mobile experience,"Clean mobile UI, very responsive."
FBK-005623,CUST-008680,2023-04-15,8,4,Pricing,Great value for money compared to enterprise alternatives.
FBK-005624,CUST-008681,2023-07-22,3,1,Product usability,Steep learning curve for non-technical users.
FBK-005625,CUST-008682,2024-09-19,7,4,Integration,Custom connector setup was frustrating.
FBK-005626,CUST-008683,2023-07-06,9,3,Customer support,Support team resolved our critical issue in under an hour!
FBK-005627,CUST-008686,2024-07-09,6,4,Product usability,UI navigation can be cluttered for new team members.
FBK-005628,CUST-008687,2022-11-17,10,4,Performance,Blazing fast sync speeds across distributed teams.
FBK-005629,CUST-008688,2024-07-14,10,4,Mobile experience,Mobile app is lightweight and perfect for on-the-go approvals.
FBK-005630,CUST-008689,2023-03-12,8,3,Integration,API documentation is top notch and easy to implement.
FBK-005631,CUST-008690,2024-06-13,7,5,Product usability,UI navigation can be cluttered for new team members.
FBK-005632,CUST-008692,2024-01-05,7,3,Mobile experience,Mobile notifications sometimes get delayed.
FBK-005633,CUST-008693,2023-12-25,8,4,Customer support,Support team resolved our critical issue in under an hour!
FBK-005634,CUST-008695,2024-01-15,10,4,Mobile experience,Mobile app is lightweight and perfect for on-the-go approvals.
FBK-005635,CUST-008696,2024-07-26,6,1,Missing features,Missing advanced analytics export to warehouse.
FBK-005636,CUST-008697,2022-09-12,7,2,Integration,Custom connector setup was frustrating.
FBK-005637,CUST-008698,2024-06-07,8,4,Missing features,The core features cover 90% of our workflow needs.
FBK-005638,CUST-008699,2024-05-21,8,3,Customer support,Helpful customer success manager during onboarding.
FBK-005639,CUST-008701,2024-10-04,9,4,Missing features,The core features cover 90% of our workflow needs.
FBK-005640,CUST-008702,2024-03-09,4,2,Product usability,UI navigation can be cluttered for new team members.
FBK-005641,CUST-008704,2024-03-17,2,1,Mobile experience,Mobile notifications sometimes get delayed.
FBK-005642,CUST-008706,2024-08-22,5,5,Customer support,Took too long to get a response on an urgent billing ticket.
FBK-005643,CUST-008708,2024-07-15,8,3,Pricing,Great value for money compared to enterprise alternatives.
FBK-005644,CUST-008709,2023-08-26,4,1,Product usability,UI navigation can be cluttered for new team members.
FBK-005645,CUST-008710,2024-06-15,8,3,Missing features,The core features cover 90% of our workflow needs.
FBK-005646,CUST-008712,2024-04-20,7,5,Missing features,Missing advanced analytics export to warehouse.
FBK-005647,CUST-008714,2023-03-06,2,1,Customer support,Ticket was escalated multiple times without a clear resolution.
FBK-005648,CUST-008715,2024-06-11,7,4,Product usability,Steep learning curve for non-technical users.
FBK-005649,CUST-008716,2023-03-27,7,3,Pricing,Renewal rate increase was unexpected.
FBK-005650,CUST-008717,2024-02-16,2,3,Integration,Webhook latency caused duplicate entries in our CRM.
FBK-005651,CUST-008721,2022-07-26,2,2,Mobile experience,Needs iPad tablet optimization.
FBK-005652,CUST-008724,2023-01-20,7,1,Product usability,UI navigation can be cluttered for new team members.
FBK-005653,CUST-008725,2024-02-16,7,5,Customer support,Took too long to get a response on an urgent billing ticket.
FBK-005654,CUST-008727,2022-08-09,9,2,Performance,Blazing fast sync speeds across distributed teams.
FBK-005655,CUST-008728,2022-11-07,8,4,Integration,Seamless integration with Google Workspace and Salesforce.
FBK-005656,CUST-008729,2023-11-22,6,4,Missing features,Missing advanced analytics export to warehouse.
FBK-005657,CUST-008731,2024-03-12,9,4,Missing features,The core features cover 90% of our workflow needs.
FBK-005658,CUST-008735,2024-06-25,10,5,Performance,Reliable uptime with minimal disruptions.
FBK-005659,CUST-008736,2022-09-21,5,1,Pricing,Renewal rate increase was unexpected.
FBK-005660,CUST-008737,2024-06-07,4,2,Customer support,Ticket was escalated multiple times without a clear resolution.
FBK-005661,CUST-008738,2022-12-20,9,3,Customer support,Support team resolved our critical issue in under an hour!
FBK-005662,CUST-008739,2023-12-10,7,4,Integration,Custom connector setup was frustrating.
FBK-005663,CUST-008740,2024-03-18,0,1,Integration,Custom connector setup was frustrating.
FBK-005664,CUST-008741,2022-07-27,7,3,Product usability,UI navigation can be cluttered for new team members.
FBK-005665,CUST-008742,2023-05-08,8,4,Product usability,"Great dashboard layout, simplifies our daily standup."
FBK-005666,CUST-008743,2022-11-11,8,5,Customer support,Helpful customer success manager during onboarding.
FBK-005667,CUST-008744,2024-04-15,8,3,Customer support,Support team resolved our critical issue in under an hour!
FBK-005668,CUST-008745,2023-09-15,7,3,Product usability,UI navigation can be cluttered for new team members.
FBK-005669,CUST-008747,2024-03-25,8,3,Performance,Reliable uptime with minimal disruptions.
FBK-005670,CUST-008748,2022-10-29,4,2,Mobile experience,Needs iPad tablet optimization.
FBK-005671,CUST-008749,2024-04-05,9,1,Product usability,Intuitive interface and team adopted it within days.
FBK-005672,CUST-008750,2023-02-08,7,5,Product usability,UI navigation can be cluttered for new team members.
FBK-005673,CUST-008751,2022-09-15,7,4,Mobile experience,Mobile notifications sometimes get delayed.
FBK-005674,CUST-008752,2022-07-21,10,3,Customer support,Support team resolved our critical issue in under an hour!
FBK-005675,CUST-008753,2023-12-07,7,5,Customer support,Took too long to get a response on an urgent billing ticket.
FBK-005676,CUST-008754,2023-11-11,6,5,Pricing,Renewal rate increase was unexpected.
FBK-005677,CUST-008757,2024-09-02,6,4,Pricing,Monthly plan feels a bit expensive without annual discounts.
FBK-005678,CUST-008758,2024-04-01,9,5,Performance,Blazing fast sync speeds across distributed teams.
FBK-005679,CUST-008759,2023-10-31,1,1,Customer support,Ticket was escalated multiple times without a clear resolution.
FBK-005680,CUST-008760,2022-09-30,8,5,Mobile experience,"Clean mobile UI, very responsive."
FBK-005681,CUST-008761,2024-09-27,10,3,Mobile experience,"Clean mobile UI, very responsive."
FBK-005682,CUST-008762,2024-05-21,6,1,Product usability,Steep learning curve for non-technical users.
FBK-005683,CUST-008764,2024-09-09,8,3,Pricing,"Pricing is fair, but add-on user seats add up quickly."
FBK-005684,CUST-008766,2024-02-24,2,1,Customer support,Took too long to get a response on an urgent billing ticket.
FBK-005685,CUST-008767,2023-08-30,8,5,Missing features,The core features cover 90% of our workflow needs.
FBK-005686,CUST-008768,2023-08-10,10,5,Mobile experience,Mobile app is lightweight and perfect for on-the-go approvals.
FBK-005687,CUST-008769,2023-05-30,2,1,Pricing,Renewal rate increase was unexpected.
FBK-005688,CUST-008770,2022-08-14,7,4,Performance,Slow loading times on large dataset syncs.
FBK-005689,CUST-008771,2023-06-22,6,4,Integration,Custom connector setup was frustrating.
FBK-005690,CUST-008772,2023-08-25,2,3,Mobile experience,Mobile notifications sometimes get delayed.
FBK-005691,CUST-008773,2024-06-05,8,1,Product usability,Intuitive interface and team adopted it within days.
FBK-005692,CUST-008774,2023-02-18,9,3,Pricing,"Pricing is fair, but add-on user seats add up quickly."
FBK-005693,CUST-008775,2023-08-03,6,5,Pricing,Renewal rate increase was unexpected.
FBK-005694,CUST-008778,2022-08-18,0,2,Performance,Slow loading times on large dataset syncs.
FBK-005695,CUST-008779,2024-05-08,8,4,Customer support,Helpful customer success manager during onboarding.
FBK-005696,CUST-008780,2024-07-22,7,4,Mobile experience,Mobile notifications sometimes get delayed.
FBK-005697,CUST-008781,2024-06-08,8,4,Mobile experience,"Clean mobile UI, very responsive."
FBK-005698,CUST-008783,2024-05-20,8,4,Performance,Reliable uptime with minimal disruptions.
FBK-005699,CUST-008784,2023-11-12,9,5,Customer support,Helpful customer success manager during onboarding.
FBK-005700,CUST-008786,2023-11-07,7,5,Performance,Slow loading times on large dataset syncs.
FBK-005701,CUST-008789,2024-03-05,8,4,Integration,Seamless integration with Google Workspace and Salesforce.
FBK-005702,CUST-008790,2024-02-08,6,4,Performance,Occasional lag during peak hours in large file exports.
FBK-005703,CUST-008791,2024-02-28,2,4,Pricing,Renewal rate increase was unexpected.
FBK-005704,CUST-008792,2024-02-08,2,1,Mobile experience,Needs iPad tablet optimization.
FBK-005705,CUST-008793,2022-06-15,1,3,Pricing,Renewal rate increase was unexpected.
FBK-005706,CUST-008794,2023-12-04,9,3,Missing features,The core features cover 90% of our workflow needs.
FBK-005707,CUST-008795,2024-07-23,10,1,Missing features,The core features cover 90% of our workflow needs.
FBK-005708,CUST-008796,2023-05-29,9,3,Missing features,The core features cover 90% of our workflow needs.
FBK-005709,CUST-008797,2024-05-20,7,4,Pricing,Monthly plan feels a bit expensive without annual discounts.
FBK-005710,CUST-008798,2022-10-20,7,3,Performance,Occasional lag during peak hours in large file exports.
FBK-005711,CUST-008800,2023-05-16,7,1,Pricing,Monthly plan feels a bit expensive without annual discounts.
FBK-005712,CUST-008801,2023-05-08,0,1,Performance,Occasional lag during peak hours in large file exports.
FBK-005713,CUST-008802,2024-05-05,10,4,Missing features,The core features cover 90% of our workflow needs.
FBK-005714,CUST-008806,2023-05-24,8,5,Mobile experience,"Clean mobile UI, very responsive."
FBK-005715,CUST-008807,2024-06-15,10,3,Performance,Blazing fast sync speeds across distributed teams.
FBK-005716,CUST-008808,2024-07-07,2,1,Performance,Occasional lag during peak hours in large file exports.
FBK-005717,CUST-008810,2024-08-04,7,4,Mobile experience,Needs iPad tablet optimization.
FBK-005718,CUST-008811,2023-12-04,5,4,Integration,Custom connector setup was frustrating.
FBK-005719,CUST-008812,2024-06-16,5,5,Missing features,Missing advanced analytics export to warehouse.
FBK-005720,CUST-008814,2023-11-19,6,3,Customer support,Took too long to get a response on an urgent billing ticket.
FBK-005721,CUST-008815,2024-08-08,6,2,Mobile experience,Mobile notifications sometimes get delayed.
FBK-005722,CUST-008816,2023-02-23,5,2,Customer support,Took too long to get a response on an urgent billing ticket.
FBK-005723,CUST-008819,2023-11-23,10,4,Integration,API documentation is top notch and easy to implement.
FBK-005724,CUST-008820,2023-11-07,9,5,Product usability,"Great dashboard layout, simplifies our daily standup."
FBK-005725,CUST-008821,2024-09-20,7,4,Customer support,Ticket was escalated multiple times without a clear resolution.
FBK-005726,CUST-008823,2024-07-19,10,5,Pricing,"Pricing is fair, but add-on user seats add up quickly."
FBK-005727,CUST-008824,2024-07-21,8,4,Pricing,"Pricing is fair, but add-on user seats add up quickly."
FBK-005728,CUST-008825,2024-03-31,7,4,Customer support,Took too long to get a response on an urgent billing ticket.
FBK-005729,CUST-008826,2024-05-21,8,5,Product usability,"Great dashboard layout, simplifies our daily standup."
FBK-005730,CUST-008828,2024-01-24,4,3,Pricing,Monthly plan feels a bit expensive without annual discounts.
FBK-005731,CUST-008831,2023-12-08,10,4,Missing features,The core features cover 90% of our workflow needs.
FBK-005732,CUST-008832,2024-03-21,9,3,Product usability,Intuitive interface and team adopted it within days.
FBK-005733,CUST-008833,2023-11-25,5,4,Pricing,Renewal rate increase was unexpected.
FBK-005734,CUST-008834,2023-09-12,7,3,Missing features,Missing advanced analytics export to warehouse.
FBK-005735,CUST-008835,2024-07-22,5,2,Mobile experience,Mobile notifications sometimes get delayed.
FBK-005736,CUST-008836,2023-05-20,0,1,Integration,Custom connector setup was frustrating.
FBK-005737,CUST-008837,2022-03-05,8,5,Customer support,Support team resolved our critical issue in under an hour!
FBK-005738,CUST-008838,2022-03-20,9,3,Pricing,Great value for money compared to enterprise alternatives.
FBK-005739,CUST-008839,2024-08-15,7,4,Customer support,Took too long to get a response on an urgent billing ticket.
FBK-005740,CUST-008840,2024-05-11,10,4,Missing features,The core features cover 90% of our workflow needs.
FBK-005741,CUST-008841,2023-10-05,7,3,Missing features,Missing advanced analytics export to warehouse.
FBK-005742,CUST-008842,2023-05-09,3,1,Product usability,UI navigation can be cluttered for new team members.
FBK-005743,CUST-008843,2024-06-14,8,5,Performance,Blazing fast sync speeds across distributed teams.
FBK-005744,CUST-008844,2024-04-11,8,4,Mobile experience,Mobile app is lightweight and perfect for on-the-go approvals.
FBK-005745,CUST-008845,2024-08-11,8,4,Pricing,Great value for money compared to enterprise alternatives.
FBK-005746,CUST-008847,2024-02-09,7,5,Product usability,Steep learning curve for non-technical users.
FBK-005747,CUST-008848,2024-08-24,7,5,Product usability,UI navigation can be cluttered for new team members.
FBK-005748,CUST-008849,2023-11-24,4,3,Customer support,Took too long to get a response on an urgent billing ticket.
FBK-005749,CUST-008850,2024-11-10,10,4,Performance,Reliable uptime with minimal disruptions.
FBK-005750,CUST-008851,2024-05-28,7,4,Integration,Custom connector setup was frustrating.
FBK-005751,CUST-008852,2023-09-05,5,3,Pricing,Monthly plan feels a bit expensive without annual discounts.
FBK-005752,CUST-008853,2023-08-23,9,1,Product usability,"Great dashboard layout, simplifies our daily standup."
FBK-005753,CUST-008854,2024-04-10,9,5,Customer support,Support team resolved our critical issue in under an hour!
FBK-005754,CUST-008855,2024-06-25,8,2,Pricing,"Pricing is fair, but add-on user seats add up quickly."
FBK-005755,CUST-008856,2024-01-22,0,2,Missing features,Missing advanced analytics export to warehouse.
FBK-005756,CUST-008857,2023-05-22,6,5,Performance,Occasional lag during peak hours in large file exports.
FBK-005757,CUST-008859,2024-02-15,7,3,Customer support,Took too long to get a response on an urgent billing ticket.
FBK-005758,CUST-008860,2023-08-15,8,5,Performance,Blazing fast sync speeds across distributed teams.
FBK-005759,CUST-008863,2024-03-24,1,1,Mobile experience,Mobile notifications sometimes get delayed.
FBK-005760,CUST-008864,2024-07-20,10,4,Product usability,"Great dashboard layout, simplifies our daily standup."
FBK-005761,CUST-008865,2024-11-10,10,4,Mobile experience,"Clean mobile UI, very responsive."
FBK-005762,CUST-008866,2024-01-31,2,2,Product usability,UI navigation can be cluttered for new team members.
FBK-005763,CUST-008867,2024-06-04,7,5,Mobile experience,Mobile notifications sometimes get delayed.
FBK-005764,CUST-008869,2024-03-29,10,5,Mobile experience,"Clean mobile UI, very responsive."
FBK-005765,CUST-008870,2023-09-01,6,3,Integration,Custom connector setup was frustrating.
FBK-005766,CUST-008871,2023-09-01,9,3,Product usability,Intuitive interface and team adopted it within days.
FBK-005767,CUST-008872,2024-10-11,5,1,Performance,Slow loading times on large dataset syncs.
FBK-005768,CUST-008878,2023-12-14,9,4,Missing features,The core features cover 90% of our workflow needs.
FBK-005769,CUST-008883,2023-11-27,3,2,Customer support,Ticket was escalated multiple times without a clear resolution.
FBK-005770,CUST-008884,2024-07-02,5,4,Customer support,Ticket was escalated multiple times without a clear resolution.
FBK-005771,CUST-008885,2024-03-25,7,4,Customer support,Took too long to get a response on an urgent billing ticket.
FBK-005772,CUST-008886,2023-10-21,2,1,Integration,Custom connector setup was frustrating.
FBK-005773,CUST-008887,2024-02-26,3,1,Product usability,Steep learning curve for non-technical users.
FBK-005774,CUST-008889,2022-12-30,10,3,Pricing,"Pricing is fair, but add-on user seats add up quickly."
FBK-005775,CUST-008892,2023-07-08,4,5,Missing features,Missing advanced analytics export to warehouse.
FBK-005776,CUST-008894,2024-05-04,3,2,Pricing,Monthly plan feels a bit expensive without annual discounts.
FBK-005777,CUST-008895,2023-12-28,3,1,Product usability,UI navigation can be cluttered for new team members.
FBK-005778,CUST-008896,2024-04-25,7,5,Customer support,Took too long to get a response on an urgent billing ticket.
FBK-005779,CUST-008898,2023-12-21,7,5,Missing features,Missing advanced analytics export to warehouse.
FBK-005780,CUST-008899,2024-03-15,8,3,Missing features,The core features cover 90% of our workflow needs.
FBK-005781,CUST-008900,2024-08-23,5,3,Integration,Custom connector setup was frustrating.
FBK-005782,CUST-008902,2024-07-07,7,4,Product usability,Steep learning curve for non-technical users.
FBK-005783,CUST-008903,2024-07-24,1,2,Customer support,Ticket was escalated multiple times without a clear resolution.
FBK-005784,CUST-008904,2024-05-20,3,5,Missing features,Missing advanced analytics export to warehouse.
FBK-005785,CUST-008905,2022-05-23,6,2,Mobile experience,Needs iPad tablet optimization.
FBK-005786,CUST-008906,2024-04-27,5,4,Missing features,Missing advanced analytics export to warehouse.
FBK-005787,CUST-008908,2023-07-03,10,4,Performance,Blazing fast sync speeds across distributed teams.
FBK-005788,CUST-008910,2024-03-21,10,5,Product usability,Intuitive interface and team adopted it within days.
FBK-005789,CUST-008911,2024-04-10,6,3,Mobile experience,Mobile notifications sometimes get delayed.
FBK-005790,CUST-008912,2024-03-28,8,5,Pricing,Great value for money compared to enterprise alternatives.
FBK-005791,CUST-008913,2023-05-12,10,4,Product usability,Intuitive interface and team adopted it within days.
FBK-005792,CUST-008914,2022-06-26,7,2,Pricing,Monthly plan feels a bit expensive without annual discounts.
FBK-005793,CUST-008915,2024-07-29,6,2,Missing features,Missing advanced analytics export to warehouse.
FBK-005794,CUST-008916,2024-06-12,4,2,Missing features,Missing advanced analytics export to warehouse.
FBK-005795,CUST-008917,2024-03-02,3,3,Integration,Custom connector setup was frustrating.
FBK-005796,CUST-008918,2024-07-03,10,5,Customer support,Helpful customer success manager during onboarding.
FBK-005797,CUST-008921,2024-07-02,9,5,Integration,Seamless integration with Google Workspace and Salesforce.
FBK-005798,CUST-008922,2023-11-11,6,4,Mobile experience,Mobile notifications sometimes get delayed.
FBK-005799,CUST-008924,2023-10-09,9,3,Performance,Reliable uptime with minimal disruptions.
FBK-005800,CUST-008925,2024-02-04,7,3,Missing features,Missing advanced analytics export to warehouse.
FBK-005801,CUST-008927,2023-07-22,2,4,Missing features,Missing advanced analytics export to warehouse.
FBK-005802,CUST-008928,2022-07-13,4,1,Missing features,Missing advanced analytics export to warehouse.
FBK-005803,CUST-008929,2024-07-26,7,4,Mobile experience,Mobile notifications sometimes get delayed.
FBK-005804,CUST-008930,2023-09-17,4,1,Missing features,Missing advanced analytics export to warehouse.
FBK-005805,CUST-008931,2023-05-02,6,5,Missing features,Missing advanced analytics export to warehouse.
FBK-005806,CUST-008932,2024-01-19,5,3,Pricing,Renewal rate increase was unexpected.
FBK-005807,CUST-008934,2023-09-20,10,4,Mobile experience,Mobile app is lightweight and perfect for on-the-go approvals.
FBK-005808,CUST-008936,2024-01-25,9,4,Pricing,Great value for money compared to enterprise alternatives.
FBK-005809,CUST-008942,2023-01-31,9,4,Missing features,The core features cover 90% of our workflow needs.
FBK-005810,CUST-008944,2022-12-24,10,4,Missing features,The core features cover 90% of our workflow needs.
FBK-005811,CUST-008945,2024-10-12,8,3,Missing features,The core features cover 90% of our workflow needs.
FBK-005812,CUST-008946,2024-04-26,8,4,Customer support,Support team resolved our critical issue in under an hour!
FBK-005813,CUST-008949,2022-11-21,0,1,Product usability,Steep learning curve for non-technical users.
FBK-005814,CUST-008950,2023-11-20,5,4,Missing features,Missing advanced analytics export to warehouse.
FBK-005815,CUST-008951,2024-05-24,5,3,Performance,Slow loading times on large dataset syncs.
FBK-005816,CUST-008952,2024-09-28,9,5,Missing features,The core features cover 90% of our workflow needs.
FBK-005817,CUST-008953,2024-07-21,3,3,Integration,Custom connector setup was frustrating.
FBK-005818,CUST-008956,2024-07-04,8,4,Pricing,"Pricing is fair, but add-on user seats add up quickly."
FBK-005819,CUST-008957,2024-02-23,10,5,Missing features,The core features cover 90% of our workflow needs.
FBK-005820,CUST-008958,2022-10-04,7,5,Missing features,Missing advanced analytics export to warehouse.
FBK-005821,CUST-008959,2023-08-04,9,4,Pricing,"Pricing is fair, but add-on user seats add up quickly."
FBK-005822,CUST-008960,2023-12-08,6,3,Integration,Webhook latency caused duplicate entries in our CRM.
FBK-005823,CUST-008962,2024-07-28,6,3,Mobile experience,Mobile notifications sometimes get delayed.
FBK-005824,CUST-008966,2024-08-11,8,5,Integration,API documentation is top notch and easy to implement.
FBK-005825,CUST-008971,2024-03-25,5,5,Performance,Occasional lag during peak hours in large file exports.
FBK-005826,CUST-008973,2023-04-01,6,3,Customer support,Took too long to get a response on an urgent billing ticket.
FBK-005827,CUST-008974,2023-06-03,8,3,Integration,API documentation is top notch and easy to implement.
FBK-005828,CUST-008977,2024-08-16,8,4,Mobile experience,Mobile app is lightweight and perfect for on-the-go approvals.
FBK-005829,CUST-008979,2023-09-28,8,4,Missing features,The core features cover 90% of our workflow needs.
FBK-005830,CUST-008980,2024-03-16,7,4,Performance,Slow loading times on large dataset syncs.
FBK-005831,CUST-008981,2022-10-19,4,1,Pricing,Renewal rate increase was unexpected.
FBK-005832,CUST-008984,2023-03-10,10,4,Integration,Seamless integration with Google Workspace and Salesforce.
FBK-005833,CUST-008985,2023-02-21,7,4,Mobile experience,Mobile notifications sometimes get delayed.
FBK-005834,CUST-008986,2023-05-08,4,2,Pricing,Renewal rate increase was unexpected.
FBK-005835,CUST-008989,2024-04-14,7,2,Performance,Slow loading times on large dataset syncs.
FBK-005836,CUST-008991,2024-05-29,7,3,Performance,Occasional lag during peak hours in large file exports.
FBK-005837,CUST-008992,2024-05-17,6,5,Pricing,Renewal rate increase was unexpected.
FBK-005838,CUST-008993,2024-07-30,2,2,Performance,Slow loading times on large dataset syncs.
FBK-005839,CUST-008994,2023-07-19,2,4,Pricing,Monthly plan feels a bit expensive without annual discounts.
FBK-005840,CUST-008998,2024-03-21,9,5,Missing features,The core features cover 90% of our workflow needs.
FBK-005841,CUST-009001,2023-08-08,6,1,Performance,Slow loading times on large dataset syncs.
FBK-005842,CUST-009002,2023-04-19,10,1,Performance,Reliable uptime with minimal disruptions.
FBK-005843,CUST-009003,2023-10-13,7,3,Customer support,Ticket was escalated multiple times without a clear resolution.
FBK-005844,CUST-009005,2024-07-30,2,1,Pricing,Renewal rate increase was unexpected.
FBK-005845,CUST-009006,2022-09-17,8,4,Performance,Reliable uptime with minimal disruptions.
FBK-005846,CUST-009007,2024-09-22,7,5,Customer support,Took too long to get a response on an urgent billing ticket.
FBK-005847,CUST-009008,2023-12-12,7,1,Performance,Slow loading times on large dataset syncs.
FBK-005848,CUST-009009,2024-02-25,7,4,Pricing,Monthly plan feels a bit expensive without annual discounts.
FBK-005849,CUST-009010,2024-06-16,9,4,Pricing,Great value for money compared to enterprise alternatives.
FBK-005850,CUST-009011,2023-06-23,6,3,Pricing,Monthly plan feels a bit expensive without annual discounts.
FBK-005851,CUST-009012,2023-08-21,5,4,Mobile experience,Needs iPad tablet optimization.
FBK-005852,CUST-009015,2022-10-12,5,3,Mobile experience,Mobile notifications sometimes get delayed.
FBK-005853,CUST-009016,2023-12-05,0,1,Mobile experience,Needs iPad tablet optimization.
FBK-005854,CUST-009017,2023-08-24,9,4,Product usability,"Great dashboard layout, simplifies our daily standup."
FBK-005855,CUST-009021,2022-05-24,6,4,Missing features,Missing advanced analytics export to warehouse.
FBK-005856,CUST-009022,2024-08-27,4,3,Integration,Custom connector setup was frustrating.
FBK-005857,CUST-009023,2023-01-20,4,1,Missing features,Missing advanced analytics export to warehouse.
FBK-005858,CUST-009024,2023-09-24,6,5,Integration,Webhook latency caused duplicate entries in our CRM.
FBK-005859,CUST-009025,2023-01-22,6,4,Missing features,Missing advanced analytics export to warehouse.
FBK-005860,CUST-009026,2023-03-25,8,4,Missing features,The core features cover 90% of our workflow needs.
FBK-005861,CUST-009027,2024-06-02,3,1,Pricing,Monthly plan feels a bit expensive without annual discounts.
FBK-005862,CUST-009028,2023-03-04,4,3,Product usability,UI navigation can be cluttered for new team members.
FBK-005863,CUST-009029,2024-07-12,7,3,Missing features,Missing advanced analytics export to warehouse.
FBK-005864,CUST-009031,2023-05-27,10,5,Customer support,Helpful customer success manager during onboarding.
FBK-005865,CUST-009032,2024-08-27,6,4,Integration,Webhook latency caused duplicate entries in our CRM.
FBK-005866,CUST-009033,2023-12-29,10,5,Customer support,Helpful customer success manager during onboarding.
FBK-005867,CUST-009034,2023-02-03,8,4,Mobile experience,"Clean mobile UI, very responsive."
FBK-005868,CUST-009040,2022-10-31,4,2,Mobile experience,Needs iPad tablet optimization.
FBK-005869,CUST-009041,2024-11-02,8,5,Customer support,Helpful customer success manager during onboarding.
FBK-005870,CUST-009043,2022-12-03,9,4,Customer support,Support team resolved our critical issue in under an hour!
FBK-005871,CUST-009044,2023-11-19,8,5,Mobile experience,"Clean mobile UI, very responsive."
FBK-005872,CUST-009048,2023-11-24,5,2,Pricing,Renewal rate increase was unexpected.
FBK-005873,CUST-009049,2024-03-09,8,4,Product usability,"Great dashboard layout, simplifies our daily standup."
FBK-005874,CUST-009050,2024-09-14,8,4,Mobile experience,"Clean mobile UI, very responsive."
FBK-005875,CUST-009052,2023-10-21,6,4,Mobile experience,Mobile notifications sometimes get delayed.
FBK-005876,CUST-009053,2024-07-04,5,5,Mobile experience,Mobile notifications sometimes get delayed.
FBK-005877,CUST-009054,2024-08-01,3,2,Performance,Occasional lag during peak hours in large file exports.
FBK-005878,CUST-009055,2023-11-19,9,4,Integration,Seamless integration with Google Workspace and Salesforce.
FBK-005879,CUST-009057,2023-12-03,1,4,Performance,Slow loading times on large dataset syncs.
FBK-005880,CUST-009059,2023-01-08,2,4,Integration,Custom connector setup was frustrating.
FBK-005881,CUST-009060,2024-08-21,9,4,Customer support,Support team resolved our critical issue in under an hour!
FBK-005882,CUST-009061,2023-10-31,5,4,Integration,Custom connector setup was frustrating.
FBK-005883,CUST-009062,2022-12-30,6,2,Pricing,Renewal rate increase was unexpected.
FBK-005884,CUST-009065,2024-02-18,9,3,Product usability,"Great dashboard layout, simplifies our daily standup."
FBK-005885,CUST-009066,2023-01-16,7,4,Mobile experience,Mobile notifications sometimes get delayed.
FBK-005886,CUST-009067,2024-10-06,8,4,Mobile experience,Mobile app is lightweight and perfect for on-the-go approvals.
FBK-005887,CUST-009068,2024-10-08,8,2,Performance,Blazing fast sync speeds across distributed teams.
FBK-005888,CUST-009069,2024-03-05,7,4,Mobile experience,Needs iPad tablet optimization.
FBK-005889,CUST-009070,2023-02-02,8,4,Mobile experience,"Clean mobile UI, very responsive."
FBK-005890,CUST-009071,2024-10-26,8,2,Integration,Seamless integration with Google Workspace and Salesforce.
FBK-005891,CUST-009072,2023-12-07,2,2,Integration,Custom connector setup was frustrating.
FBK-005892,CUST-009075,2022-11-21,5,3,Pricing,Monthly plan feels a bit expensive without annual discounts.
FBK-005893,CUST-009076,2023-08-12,3,2,Customer support,Ticket was escalated multiple times without a clear resolution.
FBK-005894,CUST-009078,2023-11-03,5,4,Integration,Custom connector setup was frustrating.
FBK-005895,CUST-009079,2023-09-21,7,4,Integration,Custom connector setup was frustrating.
FBK-005896,CUST-009080,2024-01-22,4,5,Integration,Custom connector setup was frustrating.
FBK-005897,CUST-009081,2023-03-17,6,4,Mobile experience,Needs iPad tablet optimization.
FBK-005898,CUST-009082,2023-12-23,2,1,Integration,Webhook latency caused duplicate entries in our CRM.
FBK-005899,CUST-009083,2022-08-09,7,4,Customer support,Ticket was escalated multiple times without a clear resolution.
FBK-005900,CUST-009085,2023-07-18,9,3,Pricing,Great value for money compared to enterprise alternatives.
FBK-005901,CUST-009087,2023-03-28,9,1,Integration,Seamless integration with Google Workspace and Salesforce.
FBK-005902,CUST-009088,2023-07-22,8,4,Missing features,The core features cover 90% of our workflow needs.
FBK-005903,CUST-009090,2023-03-19,6,3,Integration,Custom connector setup was frustrating.
FBK-005904,CUST-009091,2023-11-21,9,5,Product usability,"Great dashboard layout, simplifies our daily standup."
FBK-005905,CUST-009092,2024-02-22,2,1,Performance,Slow loading times on large dataset syncs.
FBK-005906,CUST-009097,2024-04-12,6,4,Pricing,Monthly plan feels a bit expensive without annual discounts.
FBK-005907,CUST-009098,2024-05-04,7,3,Product usability,UI navigation can be cluttered for new team members.
FBK-005908,CUST-009099,2023-09-25,7,2,Missing features,Missing advanced analytics export to warehouse.
FBK-005909,CUST-009100,2024-07-12,9,3,Missing features,The core features cover 90% of our workflow needs.
FBK-005910,CUST-009102,2024-05-05,4,2,Pricing,Renewal rate increase was unexpected.
FBK-005911,CUST-009103,2024-07-01,3,4,Performance,Occasional lag during peak hours in large file exports.
FBK-005912,CUST-009104,2023-06-22,7,3,Product usability,UI navigation can be cluttered for new team members.
FBK-005913,CUST-009105,2023-08-25,3,3,Performance,Occasional lag during peak hours in large file exports.
FBK-005914,CUST-009106,2022-07-06,4,2,Pricing,Monthly plan feels a bit expensive without annual discounts.
FBK-005915,CUST-009107,2024-07-19,9,3,Product usability,Intuitive interface and team adopted it within days.
FBK-005916,CUST-009108,2024-01-15,5,4,Missing features,Missing advanced analytics export to warehouse.
FBK-005917,CUST-009109,2024-02-02,5,4,Performance,Slow loading times on large dataset syncs.
FBK-005918,CUST-009110,2024-05-05,8,3,Pricing,Great value for money compared to enterprise alternatives.
FBK-005919,CUST-009112,2022-12-20,3,2,Missing features,Missing advanced analytics export to warehouse.
FBK-005920,CUST-009114,2022-06-20,7,4,Integration,Custom connector setup was frustrating.
FBK-005921,CUST-009115,2024-08-10,7,4,Integration,Custom connector setup was frustrating.
FBK-005922,CUST-009117,2024-07-06,5,1,Customer support,Ticket was escalated multiple times without a clear resolution.
FBK-005923,CUST-009119,2023-01-10,2,1,Product usability,Steep learning curve for non-technical users.
FBK-005924,CUST-009120,2023-05-13,8,5,Performance,Reliable uptime with minimal disruptions.
FBK-005925,CUST-009122,2024-01-26,8,3,Performance,Blazing fast sync speeds across distributed teams.
FBK-005926,CUST-009123,2024-10-11,8,5,Performance,Reliable uptime with minimal disruptions.
FBK-005927,CUST-009124,2024-07-27,10,2,Integration,API documentation is top notch and easy to implement.
FBK-005928,CUST-009125,2024-06-06,6,5,Product usability,Steep learning curve for non-technical users.
FBK-005929,CUST-009127,2023-08-05,7,4,Pricing,Monthly plan feels a bit expensive without annual discounts.
FBK-005930,CUST-009128,2022-12-22,8,3,Customer support,Support team resolved our critical issue in under an hour!
FBK-005931,CUST-009130,2023-10-26,4,3,Pricing,Monthly plan feels a bit expensive without annual discounts.
FBK-005932,CUST-009133,2024-03-25,8,4,Pricing,"Pricing is fair, but add-on user seats add up quickly."
FBK-005933,CUST-009135,2024-10-20,3,4,Product usability,UI navigation can be cluttered for new team members.
FBK-005934,CUST-009137,2022-12-27,0,2,Integration,Webhook latency caused duplicate entries in our CRM.
FBK-005935,CUST-009138,2024-06-16,3,2,Performance,Occasional lag during peak hours in large file exports.
FBK-005936,CUST-009140,2023-12-17,8,3,Performance,Reliable uptime with minimal disruptions.
FBK-005937,CUST-009141,2023-09-16,1,3,Customer support,Ticket was escalated multiple times without a clear resolution.
FBK-005938,CUST-009142,2024-10-03,8,4,Pricing,"Pricing is fair, but add-on user seats add up quickly."
FBK-005939,CUST-009145,2024-06-28,7,3,Missing features,Missing advanced analytics export to warehouse.
FBK-005940,CUST-009146,2024-03-24,5,2,Performance,Occasional lag during peak hours in large file exports.
FBK-005941,CUST-009150,2024-05-17,5,2,Customer support,Took too long to get a response on an urgent billing ticket.
FBK-005942,CUST-009151,2022-09-07,4,1,Customer support,Ticket was escalated multiple times without a clear resolution.
FBK-005943,CUST-009153,2024-05-18,9,3,Customer support,Helpful customer success manager during onboarding.
FBK-005944,CUST-009154,2024-01-26,5,1,Missing features,Missing advanced analytics export to warehouse.
FBK-005945,CUST-009155,2023-11-12,7,3,Mobile experience,Needs iPad tablet optimization.
FBK-005946,CUST-009156,2023-08-15,8,4,Integration,API documentation is top notch and easy to implement.
FBK-005947,CUST-009157,2023-11-06,9,4,Product usability,Intuitive interface and team adopted it within days.
FBK-005948,CUST-009159,2024-10-08,9,5,Customer support,Helpful customer success manager during onboarding.
FBK-005949,CUST-009161,2022-05-23,6,1,Pricing,Monthly plan feels a bit expensive without annual discounts.
FBK-005950,CUST-009162,2024-11-02,2,1,Customer support,Ticket was escalated multiple times without a clear resolution.
FBK-005951,CUST-009164,2024-08-15,9,3,Customer support,Helpful customer success manager during onboarding.
FBK-005952,CUST-009167,2024-07-07,8,4,Mobile experience,Mobile app is lightweight and perfect for on-the-go approvals.
FBK-005953,CUST-009168,2023-03-23,10,3,Pricing,Great value for money compared to enterprise alternatives.
FBK-005954,CUST-009169,2024-01-24,9,5,Missing features,The core features cover 90% of our workflow needs.
FBK-005955,CUST-009170,2023-10-30,10,4,Performance,Blazing fast sync speeds across distributed teams.
FBK-005956,CUST-009172,2024-04-25,2,2,Performance,Slow loading times on large dataset syncs.
FBK-005957,CUST-009173,2023-03-24,7,4,Missing features,Missing advanced analytics export to warehouse.
FBK-005958,CUST-009174,2022-09-03,7,5,Product usability,Steep learning curve for non-technical users.
FBK-005959,CUST-009175,2024-03-03,10,2,Customer support,Helpful customer success manager during onboarding.
FBK-005960,CUST-009176,2023-12-06,6,3,Missing features,Missing advanced analytics export to warehouse.
FBK-005961,CUST-009177,2024-03-22,6,2,Pricing,Monthly plan feels a bit expensive without annual discounts.
FBK-005962,CUST-009178,2024-04-14,2,2,Pricing,Renewal rate increase was unexpected.
FBK-005963,CUST-009179,2023-08-02,7,4,Mobile experience,Mobile notifications sometimes get delayed.
FBK-005964,CUST-009182,2023-11-07,7,4,Missing features,Missing advanced analytics export to warehouse.
FBK-005965,CUST-009183,2022-06-05,0,2,Mobile experience,Needs iPad tablet optimization.
FBK-005966,CUST-009184,2023-04-21,3,3,Product usability,UI navigation can be cluttered for new team members.
FBK-005967,CUST-009185,2023-11-27,5,3,Integration,Custom connector setup was frustrating.
FBK-005968,CUST-009186,2024-02-07,6,4,Missing features,Missing advanced analytics export to warehouse.
FBK-005969,CUST-009187,2023-11-20,6,4,Product usability,Steep learning curve for non-technical users.
FBK-005970,CUST-009188,2024-05-20,5,5,Performance,Slow loading times on large dataset syncs.
FBK-005971,CUST-009189,2023-02-20,10,4,Pricing,Great value for money compared to enterprise alternatives.
FBK-005972,CUST-009190,2023-03-15,2,3,Mobile experience,Needs iPad tablet optimization.
FBK-005973,CUST-009192,2023-05-11,10,4,Customer support,Helpful customer success manager during onboarding.
FBK-005974,CUST-009193,2022-09-10,6,3,Mobile experience,Mobile notifications sometimes get delayed.
FBK-005975,CUST-009197,2023-01-28,9,4,Mobile experience,"Clean mobile UI, very responsive."
FBK-005976,CUST-009198,2023-06-01,7,5,Mobile experience,Mobile notifications sometimes get delayed.
FBK-005977,CUST-009199,2024-01-10,8,3,Pricing,Great value for money compared to enterprise alternatives.
FBK-005978,CUST-009200,2024-10-05,8,4,Performance,Reliable uptime with minimal disruptions.
FBK-005979,CUST-009201,2023-08-09,10,4,Mobile experience,"Clean mobile UI, very responsive."
FBK-005980,CUST-009203,2023-09-04,2,1,Product usability,UI navigation can be cluttered for new team members.
FBK-005981,CUST-009204,2024-04-20,7,1,Pricing,Monthly plan feels a bit expensive without annual discounts.
FBK-005982,CUST-009207,2023-05-25,7,5,Pricing,Monthly plan feels a bit expensive without annual discounts.
FBK-005983,CUST-009208,2024-10-29,8,4,Integration,Seamless integration with Google Workspace and Salesforce.
FBK-005984,CUST-009209,2024-03-17,6,1,Missing features,Missing advanced analytics export to warehouse.
FBK-005985,CUST-009211,2022-07-24,7,4,Missing features,Missing advanced analytics export to warehouse.
FBK-005986,CUST-009213,2024-01-27,9,4,Mobile experience,Mobile app is lightweight and perfect for on-the-go approvals.
FBK-005987,CUST-009214,2024-03-24,7,2,Performance,Slow loading times on large dataset syncs.
FBK-005988,CUST-009217,2023-09-07,7,3,Customer support,Ticket was escalated multiple times without a clear resolution.
FBK-005989,CUST-009218,2022-08-25,10,4,Product usability,Intuitive interface and team adopted it within days.
FBK-005990,CUST-009220,2024-02-26,9,4,Mobile experience,"Clean mobile UI, very responsive."
FBK-005991,CUST-009221,2023-11-27,7,4,Mobile experience,Needs iPad tablet optimization.
FBK-005992,CUST-009223,2024-07-21,6,3,Pricing,Monthly plan feels a bit expensive without annual discounts.
FBK-005993,CUST-009224,2023-10-08,8,5,Integration,Seamless integration with Google Workspace and Salesforce.
FBK-005994,CUST-009226,2024-02-10,7,4,Missing features,Missing advanced analytics export to warehouse.
FBK-005995,CUST-009227,2024-03-05,10,5,Customer support,Helpful customer success manager during onboarding.
FBK-005996,CUST-009231,2024-02-26,10,5,Pricing,"Pricing is fair, but add-on user seats add up quickly."
FBK-005997,CUST-009232,2024-05-21,5,4,Integration,Webhook latency caused duplicate entries in our CRM.
FBK-005998,CUST-009233,2022-12-18,6,4,Mobile experience,Mobile notifications sometimes get delayed.
FBK-005999,CUST-009234,2024-05-04,4,4,Mobile experience,Needs iPad tablet optimization.
FBK-006000,CUST-009235,2024-11-06,7,5,Performance,Slow loading times on large dataset syncs.
FBK-006001,CUST-009237,2024-02-02,3,1,Product usability,UI navigation can be cluttered for new team members.
FBK-006002,CUST-009238,2024-02-26,3,1,Missing features,Missing advanced analytics export to warehouse.
FBK-006003,CUST-009243,2024-07-14,9,3,Performance,Reliable uptime with minimal disruptions.
FBK-006004,CUST-009245,2023-12-20,8,5,Integration,API documentation is top notch and easy to implement.
FBK-006005,CUST-009247,2024-06-04,8,5,Mobile experience,Mobile app is lightweight and perfect for on-the-go approvals.
FBK-006006,CUST-009248,2024-10-01,9,3,Mobile experience,Mobile app is lightweight and perfect for on-the-go approvals.
FBK-006007,CUST-009250,2024-04-14,7,4,Mobile experience,Needs iPad tablet optimization.
FBK-006008,CUST-009251,2023-08-19,5,3,Customer support,Ticket was escalated multiple times without a clear resolution.
FBK-006009,CUST-009253,2023-07-18,5,1,Performance,Slow loading times on large dataset syncs.
FBK-006010,CUST-009254,2024-03-21,8,4,Product usability,Intuitive interface and team adopted it within days.
FBK-006011,CUST-009255,2024-07-14,6,4,Pricing,Renewal rate increase was unexpected.
FBK-006012,CUST-009259,2024-01-15,9,4,Mobile experience,"Clean mobile UI, very responsive."
FBK-006013,CUST-009260,2023-11-24,7,3,Pricing,Renewal rate increase was unexpected.
FBK-006014,CUST-009261,2023-07-27,3,1,Pricing,Monthly plan feels a bit expensive without annual discounts.
FBK-006015,CUST-009262,2023-04-03,7,5,Mobile experience,Mobile notifications sometimes get delayed.
FBK-006016,CUST-009265,2024-05-04,8,4,Customer support,Helpful customer success manager during onboarding.
FBK-006017,CUST-009268,2022-06-14,8,4,Customer support,Helpful customer success manager during onboarding.
FBK-006018,CUST-009269,2023-09-04,8,3,Customer support,Support team resolved our critical issue in under an hour!
FBK-006019,CUST-009272,2024-03-07,10,3,Pricing,"Pricing is fair, but add-on user seats add up quickly."
FBK-006020,CUST-009273,2023-07-25,9,4,Product usability,Intuitive interface and team adopted it within days.
FBK-006021,CUST-009274,2023-07-31,7,4,Mobile experience,Mobile notifications sometimes get delayed.
FBK-006022,CUST-009276,2023-08-10,5,2,Missing features,Missing advanced analytics export to warehouse.
FBK-006023,CUST-009278,2024-03-29,7,5,Customer support,Took too long to get a response on an urgent billing ticket.
FBK-006024,CUST-009280,2023-12-20,6,5,Integration,Custom connector setup was frustrating.
FBK-006025,CUST-009281,2023-12-08,4,3,Integration,Custom connector setup was frustrating.
FBK-006026,CUST-009282,2023-09-30,7,3,Missing features,Missing advanced analytics export to warehouse.
FBK-006027,CUST-009283,2024-07-24,6,5,Missing features,Missing advanced analytics export to warehouse.
FBK-006028,CUST-009284,2023-06-16,4,2,Mobile experience,Needs iPad tablet optimization.
FBK-006029,CUST-009285,2023-07-10,2,2,Pricing,Monthly plan feels a bit expensive without annual discounts.
FBK-006030,CUST-009287,2024-03-05,6,5,Pricing,Monthly plan feels a bit expensive without annual discounts.
FBK-006031,CUST-009288,2024-07-19,8,3,Customer support,Helpful customer success manager during onboarding.
FBK-006032,CUST-009289,2024-04-05,2,1,Missing features,Missing advanced analytics export to warehouse.
FBK-006033,CUST-009290,2023-12-22,8,5,Mobile experience,"Clean mobile UI, very responsive."
FBK-006034,CUST-009291,2022-08-01,7,4,Performance,Slow loading times on large dataset syncs.
FBK-006035,CUST-009292,2024-10-10,1,2,Pricing,Monthly plan feels a bit expensive without annual discounts.
FBK-006036,CUST-009294,2024-09-24,8,5,Product usability,"Great dashboard layout, simplifies our daily standup."
FBK-006037,CUST-009295,2024-09-27,10,5,Integration,API documentation is top notch and easy to implement.
FBK-006038,CUST-009296,2022-07-08,4,2,Mobile experience,Needs iPad tablet optimization.
FBK-006039,CUST-009298,2024-07-22,8,2,Product usability,"Great dashboard layout, simplifies our daily standup."
FBK-006040,CUST-009299,2024-06-05,4,2,Missing features,Missing advanced analytics export to warehouse.
FBK-006041,CUST-009300,2023-09-18,9,3,Customer support,Support team resolved our critical issue in under an hour!
FBK-006042,CUST-009301,2023-10-22,10,3,Missing features,The core features cover 90% of our workflow needs.
FBK-006043,CUST-009302,2023-06-03,6,4,Missing features,Missing advanced analytics export to warehouse.
FBK-006044,CUST-009304,2023-09-25,9,3,Customer support,Support team resolved our critical issue in under an hour!
FBK-006045,CUST-009305,2024-05-14,6,4,Product usability,UI navigation can be cluttered for new team members.
FBK-006046,CUST-009307,2023-08-23,9,4,Performance,Reliable uptime with minimal disruptions.
FBK-006047,CUST-009308,2023-07-29,10,4,Product usability,"Great dashboard layout, simplifies our daily standup."
FBK-006048,CUST-009309,2024-07-09,5,4,Customer support,Ticket was escalated multiple times without a clear resolution.
FBK-006049,CUST-009310,2022-06-17,5,1,Product usability,Steep learning curve for non-technical users.
FBK-006050,CUST-009312,2024-04-04,7,5,Missing features,Missing advanced analytics export to warehouse.
FBK-006051,CUST-009313,2022-11-21,8,4,Integration,API documentation is top notch and easy to implement.
FBK-006052,CUST-009314,2024-07-24,7,3,Product usability,UI navigation can be cluttered for new team members.
FBK-006053,CUST-009315,2023-11-19,6,3,Pricing,Monthly plan feels a bit expensive without annual discounts.
FBK-006054,CUST-009316,2024-07-09,9,4,Missing features,The core features cover 90% of our workflow needs.
FBK-006055,CUST-009321,2023-08-17,4,2,Customer support,Took too long to get a response on an urgent billing ticket.
FBK-006056,CUST-009326,2024-05-03,7,4,Missing features,Missing advanced analytics export to warehouse.
FBK-006057,CUST-009328,2023-09-13,6,4,Pricing,Monthly plan feels a bit expensive without annual discounts.
FBK-006058,CUST-009332,2022-12-20,10,4,Mobile experience,"Clean mobile UI, very responsive."
FBK-006059,CUST-009333,2023-05-17,8,4,Mobile experience,Mobile app is lightweight and perfect for on-the-go approvals.
FBK-006060,CUST-009336,2024-07-07,8,5,Performance,Reliable uptime with minimal disruptions.
FBK-006061,CUST-009337,2022-10-11,6,2,Product usability,UI navigation can be cluttered for new team members.
FBK-006062,CUST-009338,2023-05-21,10,2,Performance,Blazing fast sync speeds across distributed teams.
FBK-006063,CUST-009339,2024-02-01,8,4,Missing features,The core features cover 90% of our workflow needs.
FBK-006064,CUST-009340,2023-01-18,8,3,Product usability,Intuitive interface and team adopted it within days.
FBK-006065,CUST-009342,2023-06-25,6,3,Customer support,Ticket was escalated multiple times without a clear resolution.
FBK-006066,CUST-009344,2024-06-11,5,3,Missing features,Missing advanced analytics export to warehouse.
FBK-006067,CUST-009346,2022-12-18,8,3,Mobile experience,Mobile app is lightweight and perfect for on-the-go approvals.
FBK-006068,CUST-009349,2023-06-29,8,3,Missing features,The core features cover 90% of our workflow needs.
FBK-006069,CUST-009350,2023-12-04,8,3,Pricing,"Pricing is fair, but add-on user seats add up quickly."
FBK-006070,CUST-009353,2023-04-16,8,3,Missing features,The core features cover 90% of our workflow needs.
FBK-006071,CUST-009354,2024-02-15,8,3,Customer support,Support team resolved our critical issue in under an hour!
FBK-006072,CUST-009355,2024-05-27,5,4,Integration,Custom connector setup was frustrating.
FBK-006073,CUST-009361,2023-07-22,4,3,Customer support,Ticket was escalated multiple times without a clear resolution.
FBK-006074,CUST-009362,2024-02-04,7,3,Pricing,Renewal rate increase was unexpected.
FBK-006075,CUST-009363,2024-03-21,8,2,Missing features,The core features cover 90% of our workflow needs.
FBK-006076,CUST-009364,2023-11-15,7,5,Pricing,Monthly plan feels a bit expensive without annual discounts.
FBK-006077,CUST-009365,2024-01-14,9,5,Integration,Seamless integration with Google Workspace and Salesforce.
FBK-006078,CUST-009366,2023-11-16,2,3,Product usability,Steep learning curve for non-technical users.
FBK-006079,CUST-009367,2022-04-25,7,1,Missing features,Missing advanced analytics export to warehouse.
FBK-006080,CUST-009368,2023-10-07,6,3,Customer support,Took too long to get a response on an urgent billing ticket.
FBK-006081,CUST-009369,2022-10-11,7,3,Missing features,Missing advanced analytics export to warehouse.
FBK-006082,CUST-009373,2023-02-11,9,3,Missing features,The core features cover 90% of our workflow needs.
FBK-006083,CUST-009374,2024-09-03,5,4,Customer support,Ticket was escalated multiple times without a clear resolution.
FBK-006084,CUST-009375,2023-09-22,2,1,Product usability,UI navigation can be cluttered for new team members.
FBK-006085,CUST-009376,2024-08-02,5,4,Pricing,Monthly plan feels a bit expensive without annual discounts.
FBK-006086,CUST-009378,2023-05-14,8,4,Customer support,Helpful customer success manager during onboarding.
FBK-006087,CUST-009379,2023-02-23,6,1,Pricing,Renewal rate increase was unexpected.
FBK-006088,CUST-009380,2023-12-20,10,5,Performance,Reliable uptime with minimal disruptions.
FBK-006089,CUST-009385,2024-07-26,7,3,Performance,Slow loading times on large dataset syncs.
FBK-006090,CUST-009386,2024-04-25,6,4,Missing features,Missing advanced analytics export to warehouse.
FBK-006091,CUST-009387,2024-09-17,9,3,Performance,Reliable uptime with minimal disruptions.
FBK-006092,CUST-009388,2024-09-16,7,3,Product usability,Steep learning curve for non-technical users.
FBK-006093,CUST-009389,2023-07-15,7,4,Customer support,Took too long to get a response on an urgent billing ticket.
FBK-006094,CUST-009390,2022-11-01,1,3,Mobile experience,Needs iPad tablet optimization.
FBK-006095,CUST-009391,2024-10-12,3,5,Pricing,Renewal rate increase was unexpected.
FBK-006096,CUST-009392,2024-06-19,6,2,Performance,Occasional lag during peak hours in large file exports.
FBK-006097,CUST-009394,2024-02-11,8,4,Pricing,Great value for money compared to enterprise alternatives.
FBK-006098,CUST-009395,2023-10-01,4,1,Customer support,Ticket was escalated multiple times without a clear resolution.
FBK-006099,CUST-009396,2024-07-23,8,3,Missing features,The core features cover 90% of our workflow needs.
FBK-006100,CUST-009397,2024-03-07,4,1,Integration,Webhook latency caused duplicate entries in our CRM.
FBK-006101,CUST-009398,2023-10-08,10,4,Mobile experience,Mobile app is lightweight and perfect for on-the-go approvals.
FBK-006102,CUST-009399,2024-02-22,0,2,Customer support,Ticket was escalated multiple times without a clear resolution.
FBK-006103,CUST-009404,2024-01-31,7,4,Product usability,UI navigation can be cluttered for new team members.
FBK-006104,CUST-009405,2024-07-11,8,3,Missing features,The core features cover 90% of our workflow needs.
FBK-006105,CUST-009408,2024-03-13,6,3,Pricing,Monthly plan feels a bit expensive without annual discounts.
FBK-006106,CUST-009409,2022-05-15,7,3,Customer support,Ticket was escalated multiple times without a clear resolution.
FBK-006107,CUST-009410,2023-10-13,7,3,Missing features,Missing advanced analytics export to warehouse.
FBK-006108,CUST-009411,2024-01-29,6,3,Performance,Occasional lag during peak hours in large file exports.
FBK-006109,CUST-009412,2024-10-13,1,4,Integration,Webhook latency caused duplicate entries in our CRM.
FBK-006110,CUST-009413,2024-08-03,5,5,Mobile experience,Needs iPad tablet optimization.
FBK-006111,CUST-009414,2023-12-03,5,4,Performance,Slow loading times on large dataset syncs.
FBK-006112,CUST-009418,2024-04-20,9,4,Performance,Reliable uptime with minimal disruptions.
FBK-006113,CUST-009420,2022-08-07,1,2,Performance,Slow loading times on large dataset syncs.
FBK-006114,CUST-009421,2024-04-20,3,3,Performance,Slow loading times on large dataset syncs.
FBK-006115,CUST-009422,2023-10-03,6,3,Customer support,Ticket was escalated multiple times without a clear resolution.
FBK-006116,CUST-009424,2023-09-05,6,2,Product usability,UI navigation can be cluttered for new team members.
FBK-006117,CUST-009426,2023-08-26,10,5,Performance,Reliable uptime with minimal disruptions.
FBK-006118,CUST-009427,2022-12-06,6,1,Product usability,Steep learning curve for non-technical users.
FBK-006119,CUST-009428,2024-06-18,9,4,Product usability,Intuitive interface and team adopted it within days.
FBK-006120,CUST-009432,2023-11-06,7,5,Product usability,Steep learning curve for non-technical users.
FBK-006121,CUST-009433,2022-10-16,7,4,Missing features,Missing advanced analytics export to warehouse.
FBK-006122,CUST-009434,2023-01-06,6,3,Mobile experience,Needs iPad tablet optimization.
FBK-006123,CUST-009435,2024-03-21,10,5,Performance,Blazing fast sync speeds across distributed teams.
FBK-006124,CUST-009436,2024-07-16,9,3,Product usability,Intuitive interface and team adopted it within days.
FBK-006125,CUST-009437,2023-04-26,7,4,Missing features,Missing advanced analytics export to warehouse.
FBK-006126,CUST-009438,2023-03-06,10,4,Missing features,The core features cover 90% of our workflow needs.
FBK-006127,CUST-009440,2023-01-05,4,1,Pricing,Monthly plan feels a bit expensive without annual discounts.
FBK-006128,CUST-009441,2023-09-22,5,2,Customer support,Took too long to get a response on an urgent billing ticket.
FBK-006129,CUST-009443,2024-01-30,10,5,Missing features,The core features cover 90% of our workflow needs.
FBK-006130,CUST-009444,2023-07-09,6,3,Performance,Occasional lag during peak hours in large file exports.
FBK-006131,CUST-009445,2023-07-25,8,4,Integration,Seamless integration with Google Workspace and Salesforce.
FBK-006132,CUST-009446,2022-09-08,7,3,Performance,Slow loading times on large dataset syncs.
FBK-006133,CUST-009447,2023-12-29,8,4,Mobile experience,"Clean mobile UI, very responsive."
FBK-006134,CUST-009448,2023-08-21,3,3,Performance,Slow loading times on large dataset syncs.
FBK-006135,CUST-009452,2024-07-20,10,3,Pricing,Great value for money compared to enterprise alternatives.
FBK-006136,CUST-009454,2023-07-13,7,5,Missing features,Missing advanced analytics export to warehouse.
FBK-006137,CUST-009455,2022-07-15,2,2,Product usability,UI navigation can be cluttered for new team members.
FBK-006138,CUST-009456,2024-05-30,9,4,Performance,Blazing fast sync speeds across distributed teams.
FBK-006139,CUST-009457,2022-07-11,3,2,Performance,Slow loading times on large dataset syncs.
FBK-006140,CUST-009458,2024-09-17,9,3,Mobile experience,Mobile app is lightweight and perfect for on-the-go approvals.
FBK-006141,CUST-009459,2024-05-22,10,4,Integration,Seamless integration with Google Workspace and Salesforce.
FBK-006142,CUST-009460,2023-05-22,10,5,Product usability,"Great dashboard layout, simplifies our daily standup."
FBK-006143,CUST-009461,2023-08-16,7,4,Pricing,Monthly plan feels a bit expensive without annual discounts.
FBK-006144,CUST-009462,2024-02-03,3,2,Pricing,Monthly plan feels a bit expensive without annual discounts.
FBK-006145,CUST-009463,2023-12-15,6,2,Customer support,Ticket was escalated multiple times without a clear resolution.
FBK-006146,CUST-009464,2024-04-05,6,4,Integration,Webhook latency caused duplicate entries in our CRM.
FBK-006147,CUST-009465,2024-01-08,7,4,Performance,Occasional lag during peak hours in large file exports.
FBK-006148,CUST-009466,2023-06-27,8,3,Product usability,"Great dashboard layout, simplifies our daily standup."
FBK-006149,CUST-009468,2024-04-12,8,5,Customer support,Support team resolved our critical issue in under an hour!
FBK-006150,CUST-009469,2024-07-21,10,3,Performance,Blazing fast sync speeds across distributed teams.
FBK-006151,CUST-009470,2023-08-31,0,2,Integration,Webhook latency caused duplicate entries in our CRM.
FBK-006152,CUST-009471,2024-07-02,6,1,Integration,Custom connector setup was frustrating.
FBK-006153,CUST-009473,2022-09-13,4,1,Integration,Webhook latency caused duplicate entries in our CRM.
FBK-006154,CUST-009474,2023-06-22,10,4,Customer support,Helpful customer success manager during onboarding.
FBK-006155,CUST-009475,2023-04-29,5,3,Performance,Occasional lag during peak hours in large file exports.
FBK-006156,CUST-009476,2024-03-21,7,5,Pricing,Monthly plan feels a bit expensive without annual discounts.
FBK-006157,CUST-009478,2022-07-12,6,3,Pricing,Renewal rate increase was unexpected.
FBK-006158,CUST-009481,2024-04-05,4,4,Performance,Occasional lag during peak hours in large file exports.
FBK-006159,CUST-009482,2024-09-14,7,5,Pricing,Renewal rate increase was unexpected.
FBK-006160,CUST-009484,2023-12-14,9,4,Integration,API documentation is top notch and easy to implement.
FBK-006161,CUST-009486,2024-08-03,6,5,Performance,Slow loading times on large dataset syncs.
FBK-006162,CUST-009487,2023-07-18,0,1,Product usability,UI navigation can be cluttered for new team members.
FBK-006163,CUST-009489,2024-05-08,5,3,Product usability,UI navigation can be cluttered for new team members.
FBK-006164,CUST-009491,2024-05-24,6,4,Product usability,UI navigation can be cluttered for new team members.
FBK-006165,CUST-009492,2024-10-21,7,3,Performance,Slow loading times on large dataset syncs.
FBK-006166,CUST-009493,2023-09-16,10,4,Missing features,The core features cover 90% of our workflow needs.
FBK-006167,CUST-009494,2024-07-15,8,1,Performance,Blazing fast sync speeds across distributed teams.
FBK-006168,CUST-009495,2023-04-27,5,1,Product usability,UI navigation can be cluttered for new team members.
FBK-006169,CUST-009496,2023-03-26,6,5,Pricing,Renewal rate increase was unexpected.
FBK-006170,CUST-009497,2023-12-09,5,1,Missing features,Missing advanced analytics export to warehouse.
FBK-006171,CUST-009499,2023-11-16,7,4,Customer support,Took too long to get a response on an urgent billing ticket.
FBK-006172,CUST-009501,2024-10-28,0,2,Pricing,Renewal rate increase was unexpected.
FBK-006173,CUST-009502,2022-06-10,7,2,Product usability,Steep learning curve for non-technical users.
FBK-006174,CUST-009504,2023-05-26,7,5,Mobile experience,Needs iPad tablet optimization.
FBK-006175,CUST-009505,2023-09-25,10,5,Missing features,The core features cover 90% of our workflow needs.
FBK-006176,CUST-009507,2022-12-04,8,5,Mobile experience,"Clean mobile UI, very responsive."
FBK-006177,CUST-009509,2024-08-30,7,4,Product usability,Steep learning curve for non-technical users.
FBK-006178,CUST-009511,2022-11-05,6,1,Performance,Occasional lag during peak hours in large file exports.
FBK-006179,CUST-009512,2022-10-05,8,5,Missing features,The core features cover 90% of our workflow needs.
FBK-006180,CUST-009513,2023-02-06,4,1,Customer support,Took too long to get a response on an urgent billing ticket.
FBK-006181,CUST-009514,2022-07-07,2,1,Integration,Webhook latency caused duplicate entries in our CRM.
FBK-006182,CUST-009515,2022-12-24,6,4,Missing features,Missing advanced analytics export to warehouse.
FBK-006183,CUST-009516,2023-03-31,5,2,Performance,Occasional lag during peak hours in large file exports.
FBK-006184,CUST-009517,2023-10-02,5,1,Integration,Custom connector setup was frustrating.
FBK-006185,CUST-009518,2023-11-30,3,1,Mobile experience,Needs iPad tablet optimization.
FBK-006186,CUST-009519,2024-02-17,9,3,Product usability,"Great dashboard layout, simplifies our daily standup."
FBK-006187,CUST-009520,2023-12-30,7,3,Customer support,Ticket was escalated multiple times without a clear resolution.
FBK-006188,CUST-009522,2023-10-25,10,4,Integration,API documentation is top notch and easy to implement.
FBK-006189,CUST-009525,2023-10-19,9,4,Performance,Blazing fast sync speeds across distributed teams.
FBK-006190,CUST-009526,2024-06-15,6,4,Missing features,Missing advanced analytics export to warehouse.
FBK-006191,CUST-009527,2023-07-05,9,4,Pricing,Great value for money compared to enterprise alternatives.
FBK-006192,CUST-009528,2024-02-02,5,1,Mobile experience,Mobile notifications sometimes get delayed.
FBK-006193,CUST-009532,2024-05-23,8,4,Performance,Blazing fast sync speeds across distributed teams.
FBK-006194,CUST-009533,2023-03-24,8,4,Integration,API documentation is top notch and easy to implement.
FBK-006195,CUST-009535,2024-08-19,8,4,Mobile experience,Mobile app is lightweight and perfect for on-the-go approvals.
FBK-006196,CUST-009536,2024-06-23,10,5,Integration,API documentation is top notch and easy to implement.
FBK-006197,CUST-009537,2024-03-17,2,1,Customer support,Took too long to get a response on an urgent billing ticket.
FBK-006198,CUST-009538,2023-11-24,8,3,Mobile experience,Mobile app is lightweight and perfect for on-the-go approvals.
FBK-006199,CUST-009539,2024-09-15,5,5,Performance,Slow loading times on large dataset syncs.
FBK-006200,CUST-009544,2024-02-16,7,3,Product usability,Steep learning curve for non-technical users.
FBK-006201,CUST-009547,2022-12-11,7,3,Performance,Slow loading times on large dataset syncs.
FBK-006202,CUST-009548,2023-07-07,7,1,Mobile experience,Needs iPad tablet optimization.
FBK-006203,CUST-009549,2022-11-17,8,5,Integration,Seamless integration with Google Workspace and Salesforce.
FBK-006204,CUST-009550,2022-11-26,9,4,Pricing,"Pricing is fair, but add-on user seats add up quickly."
FBK-006205,CUST-009552,2024-07-30,6,4,Product usability,Steep learning curve for non-technical users.
FBK-006206,CUST-009553,2023-05-10,5,2,Integration,Webhook latency caused duplicate entries in our CRM.
FBK-006207,CUST-009554,2024-04-04,1,3,Mobile experience,Needs iPad tablet optimization.
FBK-006208,CUST-009555,2024-05-23,7,2,Performance,Occasional lag during peak hours in large file exports.
FBK-006209,CUST-009557,2024-03-31,6,2,Missing features,Missing advanced analytics export to warehouse.
FBK-006210,CUST-009558,2023-08-09,10,5,Mobile experience,"Clean mobile UI, very responsive."
FBK-006211,CUST-009562,2024-05-19,7,3,Missing features,Missing advanced analytics export to warehouse.
FBK-006212,CUST-009563,2024-01-10,6,3,Performance,Occasional lag during peak hours in large file exports.
FBK-006213,CUST-009568,2024-01-08,10,4,Customer support,Helpful customer success manager during onboarding.
FBK-006214,CUST-009569,2024-10-18,7,4,Integration,Custom connector setup was frustrating.
FBK-006215,CUST-009572,2022-12-13,1,1,Customer support,Ticket was escalated multiple times without a clear resolution.
FBK-006216,CUST-009573,2024-04-15,6,2,Pricing,Monthly plan feels a bit expensive without annual discounts.
FBK-006217,CUST-009574,2023-12-18,10,5,Pricing,Great value for money compared to enterprise alternatives.
FBK-006218,CUST-009575,2022-10-28,6,1,Integration,Custom connector setup was frustrating.
FBK-006219,CUST-009578,2024-06-09,5,3,Integration,Custom connector setup was frustrating.
FBK-006220,CUST-009581,2023-12-19,7,3,Performance,Slow loading times on large dataset syncs.
FBK-006221,CUST-009585,2023-02-11,0,2,Product usability,Steep learning curve for non-technical users.
FBK-006222,CUST-009586,2024-03-06,2,1,Customer support,Took too long to get a response on an urgent billing ticket.
FBK-006223,CUST-009587,2023-11-04,8,4,Integration,Seamless integration with Google Workspace and Salesforce.
FBK-006224,CUST-009588,2024-06-13,7,5,Customer support,Took too long to get a response on an urgent billing ticket.
FBK-006225,CUST-009590,2023-10-14,6,3,Pricing,Monthly plan feels a bit expensive without annual discounts.
FBK-006226,CUST-009591,2022-11-29,8,4,Customer support,Helpful customer success manager during onboarding.
FBK-006227,CUST-009592,2023-05-10,6,3,Pricing,Renewal rate increase was unexpected.
FBK-006228,CUST-009593,2024-09-11,6,4,Customer support,Ticket was escalated multiple times without a clear resolution.
FBK-006229,CUST-009594,2024-02-22,4,3,Product usability,UI navigation can be cluttered for new team members.
FBK-006230,CUST-009595,2024-10-05,10,3,Pricing,"Pricing is fair, but add-on user seats add up quickly."
FBK-006231,CUST-009596,2024-08-14,9,5,Missing features,The core features cover 90% of our workflow needs.
FBK-006232,CUST-009598,2023-12-08,8,5,Integration,API documentation is top notch and easy to implement.
FBK-006233,CUST-009601,2024-01-05,5,5,Integration,Custom connector setup was frustrating.
FBK-006234,CUST-009603,2023-05-29,9,5,Product usability,"Great dashboard layout, simplifies our daily standup."
FBK-006235,CUST-009604,2023-09-24,10,5,Missing features,The core features cover 90% of our workflow needs.
FBK-006236,CUST-009605,2023-12-11,8,4,Product usability,"Great dashboard layout, simplifies our daily standup."
FBK-006237,CUST-009606,2024-04-24,10,4,Pricing,"Pricing is fair, but add-on user seats add up quickly."
FBK-006238,CUST-009608,2023-01-27,7,3,Product usability,UI navigation can be cluttered for new team members.
FBK-006239,CUST-009609,2023-06-04,6,3,Mobile experience,Needs iPad tablet optimization.
FBK-006240,CUST-009611,2023-01-30,8,4,Integration,API documentation is top notch and easy to implement.
FBK-006241,CUST-009613,2024-03-20,8,4,Integration,Seamless integration with Google Workspace and Salesforce.
FBK-006242,CUST-009614,2024-01-21,8,5,Mobile experience,Mobile app is lightweight and perfect for on-the-go approvals.
FBK-006243,CUST-009617,2022-08-27,8,4,Product usability,Intuitive interface and team adopted it within days.
FBK-006244,CUST-009618,2024-04-09,8,4,Customer support,Helpful customer success manager during onboarding.
FBK-006245,CUST-009620,2024-05-30,6,4,Product usability,Steep learning curve for non-technical users.
FBK-006246,CUST-009621,2023-01-19,6,3,Mobile experience,Mobile notifications sometimes get delayed.
FBK-006247,CUST-009622,2024-07-20,8,4,Pricing,"Pricing is fair, but add-on user seats add up quickly."
FBK-006248,CUST-009623,2024-02-09,3,1,Mobile experience,Needs iPad tablet optimization.
FBK-006249,CUST-009624,2024-01-26,8,2,Pricing,Great value for money compared to enterprise alternatives.
FBK-006250,CUST-009629,2024-02-16,8,4,Mobile experience,"Clean mobile UI, very responsive."
FBK-006251,CUST-009631,2024-06-03,10,4,Integration,API documentation is top notch and easy to implement.
FBK-006252,CUST-009632,2024-05-27,3,1,Mobile experience,Mobile notifications sometimes get delayed.
FBK-006253,CUST-009635,2023-06-02,9,4,Product usability,"Great dashboard layout, simplifies our daily standup."
FBK-006254,CUST-009637,2024-05-10,7,4,Integration,Custom connector setup was frustrating.
FBK-006255,CUST-009640,2024-06-06,8,4,Performance,Blazing fast sync speeds across distributed teams.
FBK-006256,CUST-009642,2023-10-29,3,2,Pricing,Monthly plan feels a bit expensive without annual discounts.
FBK-006257,CUST-009645,2023-11-19,6,4,Integration,Webhook latency caused duplicate entries in our CRM.
FBK-006258,CUST-009646,2024-02-10,7,4,Performance,Occasional lag during peak hours in large file exports.
FBK-006259,CUST-009648,2023-07-09,10,3,Pricing,Great value for money compared to enterprise alternatives.
FBK-006260,CUST-009649,2023-10-23,7,3,Integration,Webhook latency caused duplicate entries in our CRM.
FBK-006261,CUST-009650,2023-12-16,3,2,Missing features,Missing advanced analytics export to warehouse.
FBK-006262,CUST-009651,2023-06-03,2,1,Customer support,Took too long to get a response on an urgent billing ticket.
FBK-006263,CUST-009652,2024-10-06,4,5,Pricing,Renewal rate increase was unexpected.
FBK-006264,CUST-009656,2023-05-30,2,3,Customer support,Ticket was escalated multiple times without a clear resolution.
FBK-006265,CUST-009657,2024-07-09,7,4,Performance,Slow loading times on large dataset syncs.
FBK-006266,CUST-009661,2024-05-24,7,4,Performance,Slow loading times on large dataset syncs.
FBK-006267,CUST-009662,2024-07-08,8,4,Performance,Reliable uptime with minimal disruptions.
FBK-006268,CUST-009663,2024-10-10,3,4,Missing features,Missing advanced analytics export to warehouse.
FBK-006269,CUST-009664,2022-08-16,6,2,Performance,Occasional lag during peak hours in large file exports.
FBK-006270,CUST-009665,2024-07-05,7,2,Missing features,Missing advanced analytics export to warehouse.
FBK-006271,CUST-009666,2023-03-23,7,4,Integration,Webhook latency caused duplicate entries in our CRM.
FBK-006272,CUST-009671,2022-05-17,7,4,Performance,Occasional lag during peak hours in large file exports.
FBK-006273,CUST-009672,2024-06-29,9,4,Missing features,The core features cover 90% of our workflow needs.
FBK-006274,CUST-009674,2024-03-16,7,3,Integration,Custom connector setup was frustrating.
FBK-006275,CUST-009675,2023-06-19,6,3,Product usability,Steep learning curve for non-technical users.
FBK-006276,CUST-009677,2023-09-20,8,4,Performance,Reliable uptime with minimal disruptions.
FBK-006277,CUST-009678,2023-09-08,8,4,Customer support,Helpful customer success manager during onboarding.
FBK-006278,CUST-009680,2024-04-11,10,5,Performance,Reliable uptime with minimal disruptions.
FBK-006279,CUST-009681,2024-06-10,3,3,Missing features,Missing advanced analytics export to warehouse.
FBK-006280,CUST-009682,2023-11-04,8,4,Customer support,Helpful customer success manager during onboarding.
FBK-006281,CUST-009683,2023-05-23,4,4,Performance,Occasional lag during peak hours in large file exports.
FBK-006282,CUST-009684,2023-10-23,7,3,Missing features,Missing advanced analytics export to warehouse.
FBK-006283,CUST-009686,2023-12-26,4,1,Customer support,Took too long to get a response on an urgent billing ticket.
FBK-006284,CUST-009687,2023-09-07,0,2,Performance,Slow loading times on large dataset syncs.
FBK-006285,CUST-009688,2023-07-30,9,3,Missing features,The core features cover 90% of our workflow needs.
FBK-006286,CUST-009690,2024-05-13,8,5,Integration,Seamless integration with Google Workspace and Salesforce.
FBK-006287,CUST-009691,2024-06-17,8,4,Customer support,Helpful customer success manager during onboarding.
FBK-006288,CUST-009692,2022-10-11,8,3,Missing features,The core features cover 90% of our workflow needs.
FBK-006289,CUST-009693,2024-02-02,7,5,Mobile experience,Needs iPad tablet optimization.
FBK-006290,CUST-009694,2023-06-17,6,3,Mobile experience,Needs iPad tablet optimization.
FBK-006291,CUST-009695,2024-07-09,2,1,Mobile experience,Mobile notifications sometimes get delayed.
FBK-006292,CUST-009697,2024-04-27,9,4,Missing features,The core features cover 90% of our workflow needs.
FBK-006293,CUST-009698,2024-07-11,7,4,Performance,Occasional lag during peak hours in large file exports.
FBK-006294,CUST-009699,2024-10-18,10,5,Performance,Blazing fast sync speeds across distributed teams.
FBK-006295,CUST-009700,2024-05-25,5,2,Integration,Webhook latency caused duplicate entries in our CRM.
FBK-006296,CUST-009702,2023-10-04,8,5,Integration,Seamless integration with Google Workspace and Salesforce.
FBK-006297,CUST-009703,2024-04-05,7,3,Integration,Custom connector setup was frustrating.
FBK-006298,CUST-009705,2023-10-29,2,1,Mobile experience,Mobile notifications sometimes get delayed.
FBK-006299,CUST-009706,2024-05-30,10,4,Mobile experience,"Clean mobile UI, very responsive."
FBK-006300,CUST-009707,2024-10-12,9,5,Integration,Seamless integration with Google Workspace and Salesforce.
FBK-006301,CUST-009708,2023-09-23,2,2,Mobile experience,Mobile notifications sometimes get delayed.
FBK-006302,CUST-009709,2023-03-28,2,3,Mobile experience,Mobile notifications sometimes get delayed.
FBK-006303,CUST-009711,2022-12-30,0,1,Integration,Webhook latency caused duplicate entries in our CRM.
FBK-006304,CUST-009713,2023-12-15,4,4,Performance,Occasional lag during peak hours in large file exports.
FBK-006305,CUST-009714,2023-09-29,7,4,Pricing,Renewal rate increase was unexpected.
FBK-006306,CUST-009715,2024-04-17,8,4,Performance,Blazing fast sync speeds across distributed teams.
FBK-006307,CUST-009716,2024-05-19,10,4,Mobile experience,"Clean mobile UI, very responsive."
FBK-006308,CUST-009718,2023-12-19,8,5,Product usability,Intuitive interface and team adopted it within days.
FBK-006309,CUST-009719,2023-08-16,3,3,Integration,Webhook latency caused duplicate entries in our CRM.
FBK-006310,CUST-009721,2023-05-12,10,4,Pricing,Great value for money compared to enterprise alternatives.
FBK-006311,CUST-009723,2023-10-14,8,2,Product usability,"Great dashboard layout, simplifies our daily standup."
FBK-006312,CUST-009725,2024-02-25,9,3,Missing features,The core features cover 90% of our workflow needs.
FBK-006313,CUST-009728,2023-05-08,8,3,Performance,Blazing fast sync speeds across distributed teams.
FBK-006314,CUST-009729,2024-04-22,7,1,Missing features,Missing advanced analytics export to warehouse.
FBK-006315,CUST-009730,2024-07-09,6,4,Integration,Webhook latency caused duplicate entries in our CRM.
FBK-006316,CUST-009732,2023-11-27,7,5,Pricing,Renewal rate increase was unexpected.
FBK-006317,CUST-009733,2024-03-18,7,4,Missing features,Missing advanced analytics export to warehouse.
FBK-006318,CUST-009735,2024-07-10,9,3,Product usability,"Great dashboard layout, simplifies our daily standup."
FBK-006319,CUST-009737,2024-03-13,5,4,Product usability,UI navigation can be cluttered for new team members.
FBK-006320,CUST-009738,2022-12-29,8,3,Integration,API documentation is top notch and easy to implement.
FBK-006321,CUST-009740,2024-05-07,6,3,Mobile experience,Needs iPad tablet optimization.
FBK-006322,CUST-009741,2024-04-16,7,5,Performance,Occasional lag during peak hours in large file exports.
FBK-006323,CUST-009745,2023-05-22,2,3,Customer support,Took too long to get a response on an urgent billing ticket.
FBK-006324,CUST-009748,2024-02-01,6,2,Integration,Custom connector setup was frustrating.
FBK-006325,CUST-009752,2023-07-28,10,3,Integration,API documentation is top notch and easy to implement.
FBK-006326,CUST-009753,2023-10-14,6,4,Integration,Webhook latency caused duplicate entries in our CRM.
FBK-006327,CUST-009758,2024-08-08,5,4,Mobile experience,Mobile notifications sometimes get delayed.
FBK-006328,CUST-009759,2023-08-08,0,2,Product usability,Steep learning curve for non-technical users.
FBK-006329,CUST-009762,2023-08-15,3,2,Product usability,Steep learning curve for non-technical users.
FBK-006330,CUST-009763,2023-11-06,8,3,Customer support,Support team resolved our critical issue in under an hour!
FBK-006331,CUST-009764,2023-05-10,9,4,Customer support,Helpful customer success manager during onboarding.
FBK-006332,CUST-009765,2023-09-21,3,1,Pricing,Renewal rate increase was unexpected.
FBK-006333,CUST-009766,2022-10-04,0,3,Integration,Custom connector setup was frustrating.
FBK-006334,CUST-009767,2024-07-21,0,1,Missing features,Missing advanced analytics export to warehouse.
FBK-006335,CUST-009770,2023-10-27,10,5,Integration,API documentation is top notch and easy to implement.
FBK-006336,CUST-009771,2024-03-28,7,2,Customer support,Ticket was escalated multiple times without a clear resolution.
FBK-006337,CUST-009772,2023-10-17,4,3,Customer support,Took too long to get a response on an urgent billing ticket.
FBK-006338,CUST-009773,2024-02-06,3,2,Product usability,UI navigation can be cluttered for new team members.
FBK-006339,CUST-009776,2023-08-19,10,4,Pricing,Great value for money compared to enterprise alternatives.
FBK-006340,CUST-009777,2024-04-17,8,5,Mobile experience,"Clean mobile UI, very responsive."
FBK-006341,CUST-009778,2024-07-26,7,4,Pricing,Renewal rate increase was unexpected.
FBK-006342,CUST-009779,2022-10-31,7,3,Customer support,Ticket was escalated multiple times without a clear resolution.
FBK-006343,CUST-009780,2023-10-13,1,3,Customer support,Ticket was escalated multiple times without a clear resolution.
FBK-006344,CUST-009781,2024-04-03,5,3,Missing features,Missing advanced analytics export to warehouse.
FBK-006345,CUST-009783,2023-06-13,9,4,Mobile experience,"Clean mobile UI, very responsive."
FBK-006346,CUST-009785,2022-09-14,9,4,Customer support,Helpful customer success manager during onboarding.
FBK-006347,CUST-009786,2024-04-07,7,1,Customer support,Ticket was escalated multiple times without a clear resolution.
FBK-006348,CUST-009788,2023-10-21,2,1,Customer support,Took too long to get a response on an urgent billing ticket.
FBK-006349,CUST-009789,2024-07-16,6,3,Performance,Occasional lag during peak hours in large file exports.
FBK-006350,CUST-009796,2024-04-19,6,2,Integration,Webhook latency caused duplicate entries in our CRM.
FBK-006351,CUST-009797,2024-05-11,8,3,Integration,API documentation is top notch and easy to implement.
FBK-006352,CUST-009800,2024-09-27,8,4,Missing features,The core features cover 90% of our workflow needs.
FBK-006353,CUST-009801,2023-04-01,3,2,Missing features,Missing advanced analytics export to warehouse.
FBK-006354,CUST-009804,2024-07-01,5,4,Integration,Custom connector setup was frustrating.
FBK-006355,CUST-009805,2024-06-04,3,3,Performance,Slow loading times on large dataset syncs.
FBK-006356,CUST-009807,2024-03-14,10,4,Pricing,Great value for money compared to enterprise alternatives.
FBK-006357,CUST-009808,2022-12-15,7,4,Integration,Custom connector setup was frustrating.
FBK-006358,CUST-009809,2022-11-21,9,4,Missing features,The core features cover 90% of our workflow needs.
FBK-006359,CUST-009810,2024-05-23,10,3,Integration,API documentation is top notch and easy to implement.
FBK-006360,CUST-009816,2023-11-02,6,4,Mobile experience,Mobile notifications sometimes get delayed.
FBK-006361,CUST-009818,2024-06-10,3,1,Customer support,Took too long to get a response on an urgent billing ticket.
FBK-006362,CUST-009819,2022-04-05,7,5,Pricing,Monthly plan feels a bit expensive without annual discounts.
FBK-006363,CUST-009821,2023-03-02,9,3,Integration,API documentation is top notch and easy to implement.
FBK-006364,CUST-009822,2024-05-14,7,2,Missing features,Missing advanced analytics export to warehouse.
FBK-006365,CUST-009823,2024-04-17,9,4,Customer support,Support team resolved our critical issue in under an hour!
FBK-006366,CUST-009825,2024-06-21,7,3,Missing features,Missing advanced analytics export to warehouse.
FBK-006367,CUST-009827,2024-08-25,7,5,Mobile experience,Mobile notifications sometimes get delayed.
FBK-006368,CUST-009828,2024-02-26,7,3,Product usability,UI navigation can be cluttered for new team members.
FBK-006369,CUST-009829,2024-04-01,8,5,Integration,Seamless integration with Google Workspace and Salesforce.
FBK-006370,CUST-009831,2024-09-01,9,4,Mobile experience,"Clean mobile UI, very responsive."
FBK-006371,CUST-009833,2023-03-29,2,1,Product usability,Steep learning curve for non-technical users.
FBK-006372,CUST-009834,2022-07-26,6,2,Integration,Webhook latency caused duplicate entries in our CRM.
FBK-006373,CUST-009835,2022-11-24,0,1,Performance,Occasional lag during peak hours in large file exports.
FBK-006374,CUST-009836,2023-02-17,10,4,Integration,API documentation is top notch and easy to implement.
FBK-006375,CUST-009838,2024-09-27,9,4,Integration,Seamless integration with Google Workspace and Salesforce.
FBK-006376,CUST-009839,2024-07-09,10,3,Mobile experience,Mobile app is lightweight and perfect for on-the-go approvals.
FBK-006377,CUST-009840,2024-03-03,10,4,Missing features,The core features cover 90% of our workflow needs.
FBK-006378,CUST-009841,2022-08-26,4,1,Missing features,Missing advanced analytics export to warehouse.
FBK-006379,CUST-009842,2024-09-20,10,5,Missing features,The core features cover 90% of our workflow needs.
FBK-006380,CUST-009843,2023-12-13,5,2,Product usability,UI navigation can be cluttered for new team members.
FBK-006381,CUST-009844,2023-10-30,6,3,Customer support,Ticket was escalated multiple times without a clear resolution.
FBK-006382,CUST-009845,2024-03-16,6,4,Pricing,Renewal rate increase was unexpected.
FBK-006383,CUST-009846,2024-04-14,10,1,Missing features,The core features cover 90% of our workflow needs.
FBK-006384,CUST-009847,2023-05-26,10,4,Product usability,Intuitive interface and team adopted it within days.
FBK-006385,CUST-009848,2024-04-28,8,4,Performance,Blazing fast sync speeds across distributed teams.
FBK-006386,CUST-009849,2023-03-29,8,5,Integration,Seamless integration with Google Workspace and Salesforce.
FBK-006387,CUST-009851,2023-05-26,10,3,Customer support,Support team resolved our critical issue in under an hour!
FBK-006388,CUST-009852,2024-08-04,8,4,Product usability,"Great dashboard layout, simplifies our daily standup."
FBK-006389,CUST-009853,2024-05-04,9,4,Missing features,The core features cover 90% of our workflow needs.
FBK-006390,CUST-009854,2024-06-07,10,5,Missing features,The core features cover 90% of our workflow needs.
FBK-006391,CUST-009855,2024-05-04,8,5,Performance,Blazing fast sync speeds across distributed teams.
FBK-006392,CUST-009859,2024-05-28,7,3,Missing features,Missing advanced analytics export to warehouse.
FBK-006393,CUST-009860,2024-01-28,6,5,Customer support,Ticket was escalated multiple times without a clear resolution.
FBK-006394,CUST-009862,2024-09-02,6,3,Customer support,Ticket was escalated multiple times without a clear resolution.
FBK-006395,CUST-009863,2022-12-05,5,1,Missing features,Missing advanced analytics export to warehouse.
FBK-006396,CUST-009864,2022-09-07,7,3,Product usability,UI navigation can be cluttered for new team members.
FBK-006397,CUST-009865,2024-06-06,7,3,Pricing,Monthly plan feels a bit expensive without annual discounts.
FBK-006398,CUST-009866,2023-12-31,7,3,Performance,Occasional lag during peak hours in large file exports.
FBK-006399,CUST-009867,2024-09-02,8,3,Missing features,The core features cover 90% of our workflow needs.
FBK-006400,CUST-009868,2023-07-20,8,5,Customer support,Helpful customer success manager during onboarding.
FBK-006401,CUST-009869,2024-01-29,7,3,Integration,Webhook latency caused duplicate entries in our CRM.
FBK-006402,CUST-009870,2022-09-19,3,1,Integration,Custom connector setup was frustrating.
FBK-006403,CUST-009873,2024-05-13,9,5,Customer support,Support team resolved our critical issue in under an hour!
FBK-006404,CUST-009874,2024-07-27,10,5,Performance,Reliable uptime with minimal disruptions.
FBK-006405,CUST-009876,2024-08-14,9,3,Integration,API documentation is top notch and easy to implement.
FBK-006406,CUST-009877,2024-07-27,7,4,Pricing,Monthly plan feels a bit expensive without annual discounts.
FBK-006407,CUST-009878,2024-02-09,6,4,Mobile experience,Needs iPad tablet optimization.
FBK-006408,CUST-009879,2024-01-17,4,1,Customer support,Took too long to get a response on an urgent billing ticket.
FBK-006409,CUST-009882,2023-11-06,6,5,Missing features,Missing advanced analytics export to warehouse.
FBK-006410,CUST-009884,2024-01-18,3,1,Integration,Custom connector setup was frustrating.
FBK-006411,CUST-009886,2022-04-10,4,2,Customer support,Took too long to get a response on an urgent billing ticket.
FBK-006412,CUST-009887,2023-03-22,7,5,Mobile experience,Mobile notifications sometimes get delayed.
FBK-006413,CUST-009889,2024-03-24,2,4,Customer support,Ticket was escalated multiple times without a clear resolution.
FBK-006414,CUST-009895,2024-07-10,5,4,Customer support,Ticket was escalated multiple times without a clear resolution.
FBK-006415,CUST-009896,2024-01-30,6,3,Customer support,Took too long to get a response on an urgent billing ticket.
FBK-006416,CUST-009897,2024-07-30,8,4,Customer support,Support team resolved our critical issue in under an hour!
FBK-006417,CUST-009899,2024-04-25,8,3,Product usability,Intuitive interface and team adopted it within days.
FBK-006418,CUST-009900,2024-06-02,8,4,Product usability,"Great dashboard layout, simplifies our daily standup."
FBK-006419,CUST-009904,2023-10-21,5,1,Product usability,Steep learning curve for non-technical users.
FBK-006420,CUST-009905,2024-07-03,4,3,Pricing,Monthly plan feels a bit expensive without annual discounts.
FBK-006421,CUST-009906,2024-01-20,10,2,Missing features,The core features cover 90% of our workflow needs.
FBK-006422,CUST-009907,2024-06-19,7,3,Customer support,Took too long to get a response on an urgent billing ticket.
FBK-006423,CUST-009913,2024-09-27,9,5,Pricing,Great value for money compared to enterprise alternatives.
FBK-006424,CUST-009915,2022-10-03,7,5,Integration,Webhook latency caused duplicate entries in our CRM.
FBK-006425,CUST-009916,2024-05-21,1,1,Missing features,Missing advanced analytics export to warehouse.
FBK-006426,CUST-009917,2022-06-22,6,4,Mobile experience,Needs iPad tablet optimization.
FBK-006427,CUST-009918,2024-03-13,7,3,Missing features,Missing advanced analytics export to warehouse.
FBK-006428,CUST-009919,2022-10-02,4,4,Missing features,Missing advanced analytics export to warehouse.
FBK-006429,CUST-009921,2024-05-04,10,3,Mobile experience,Mobile app is lightweight and perfect for on-the-go approvals.
FBK-006430,CUST-009922,2023-11-18,8,3,Performance,Blazing fast sync speeds across distributed teams.
FBK-006431,CUST-009923,2024-01-08,4,4,Integration,Custom connector setup was frustrating.
FBK-006432,CUST-009924,2023-12-17,5,3,Product usability,Steep learning curve for non-technical users.
FBK-006433,CUST-009926,2024-04-22,4,1,Product usability,UI navigation can be cluttered for new team members.
FBK-006434,CUST-009927,2023-12-20,9,3,Pricing,"Pricing is fair, but add-on user seats add up quickly."
FBK-006435,CUST-009929,2023-02-28,8,3,Pricing,"Pricing is fair, but add-on user seats add up quickly."
FBK-006436,CUST-009930,2024-05-07,7,2,Product usability,UI navigation can be cluttered for new team members.
FBK-006437,CUST-009932,2023-03-05,7,4,Mobile experience,Needs iPad tablet optimization.
FBK-006438,CUST-009933,2024-01-19,6,3,Missing features,Missing advanced analytics export to warehouse.
FBK-006439,CUST-009934,2024-04-12,10,4,Mobile experience,Mobile app is lightweight and perfect for on-the-go approvals.
FBK-006440,CUST-009937,2022-09-30,2,1,Missing features,Missing advanced analytics export to warehouse.
FBK-006441,CUST-009938,2023-11-14,6,2,Performance,Occasional lag during peak hours in large file exports.
FBK-006442,CUST-009939,2023-08-23,3,2,Mobile experience,Mobile notifications sometimes get delayed.
FBK-006443,CUST-009941,2024-04-03,9,4,Customer support,Support team resolved our critical issue in under an hour!
FBK-006444,CUST-009943,2023-03-25,7,4,Customer support,Ticket was escalated multiple times without a clear resolution.
FBK-006445,CUST-009945,2023-03-15,6,3,Pricing,Monthly plan feels a bit expensive without annual discounts.
FBK-006446,CUST-009947,2023-12-16,8,3,Missing features,The core features cover 90% of our workflow needs.
FBK-006447,CUST-009949,2023-07-27,9,5,Integration,Seamless integration with Google Workspace and Salesforce.
FBK-006448,CUST-009951,2024-08-17,7,5,Pricing,Monthly plan feels a bit expensive without annual discounts.
FBK-006449,CUST-009952,2024-04-27,7,4,Performance,Occasional lag during peak hours in large file exports.
FBK-006450,CUST-009953,2023-04-22,9,4,Integration,API documentation is top notch and easy to implement.
FBK-006451,CUST-009954,2023-11-24,6,4,Customer support,Ticket was escalated multiple times without a clear resolution.
FBK-006452,CUST-009956,2023-09-25,10,5,Customer support,Support team resolved our critical issue in under an hour!
FBK-006453,CUST-009957,2023-11-11,2,4,Customer support,Ticket was escalated multiple times without a clear resolution.
FBK-006454,CUST-009959,2024-08-26,6,4,Missing features,Missing advanced analytics export to warehouse.
FBK-006455,CUST-009960,2024-09-13,5,2,Mobile experience,Needs iPad tablet optimization.
FBK-006456,CUST-009961,2022-12-28,9,4,Product usability,"Great dashboard layout, simplifies our daily standup."
FBK-006457,CUST-009963,2024-02-10,9,3,Mobile experience,Mobile app is lightweight and perfect for on-the-go approvals.
FBK-006458,CUST-009964,2022-09-04,8,4,Customer support,Support team resolved our critical issue in under an hour!
FBK-006459,CUST-009965,2023-10-23,6,4,Customer support,Took too long to get a response on an urgent billing ticket.
FBK-006460,CUST-009967,2024-02-26,8,4,Product usability,"Great dashboard layout, simplifies our daily standup."
FBK-006461,CUST-009968,2022-09-28,4,5,Pricing,Renewal rate increase was unexpected.
FBK-006462,CUST-009969,2022-01-24,9,5,Pricing,"Pricing is fair, but add-on user seats add up quickly."
FBK-006463,CUST-009972,2023-06-29,0,3,Mobile experience,Needs iPad tablet optimization.
FBK-006464,CUST-009974,2023-02-21,9,3,Mobile experience,Mobile app is lightweight and perfect for on-the-go approvals.
FBK-006465,CUST-009975,2024-05-09,5,3,Mobile experience,Needs iPad tablet optimization.
FBK-006466,CUST-009976,2024-08-05,8,5,Pricing,Great value for money compared to enterprise alternatives.
FBK-006467,CUST-009977,2024-01-12,6,4,Pricing,Monthly plan feels a bit expensive without annual discounts.
FBK-006468,CUST-009978,2023-11-06,10,4,Customer support,Helpful customer success manager during onboarding.
FBK-006469,CUST-009979,2024-05-05,8,5,Integration,Seamless integration with Google Workspace and Salesforce.
FBK-006470,CUST-009980,2024-05-02,9,3,Product usability,"Great dashboard layout, simplifies our daily standup."
FBK-006471,CUST-009981,2023-12-22,9,4,Product usability,Intuitive interface and team adopted it within days.
FBK-006472,CUST-009983,2024-05-10,6,5,Missing features,Missing advanced analytics export to warehouse.
FBK-006473,CUST-009984,2023-05-20,10,3,Customer support,Support team resolved our critical issue in under an hour!
FBK-006474,CUST-009986,2024-05-26,3,1,Performance,Slow loading times on large dataset syncs.
FBK-006475,CUST-009988,2024-06-01,7,5,Missing features,Missing advanced analytics export to warehouse.
FBK-006476,CUST-009989,2024-08-14,10,4,Missing features,The core features cover 90% of our workflow needs.
FBK-006477,CUST-009990,2022-08-28,7,4,Integration,Custom connector setup was frustrating.
FBK-006478,CUST-009991,2024-08-08,8,4,Pricing,"Pricing is fair, but add-on user seats add up quickly."
FBK-006479,CUST-009992,2024-04-24,2,2,Product usability,UI navigation can be cluttered for new team members.
FBK-006480,CUST-009995,2024-05-07,6,2,Integration,Webhook latency caused duplicate entries in our CRM.
FBK-006481,CUST-009997,2024-04-02,10,5,Pricing,Great value for money compared to enterprise alternatives.
FBK-006482,CUST-009998,2023-05-24,7,5,Performance,Slow loading times on large dataset syncs.
FBK-006483,CUST-009999,2024-02-16,8,5,Performance,Blazing fast sync speeds across distributed teams.
FBK-006484,CUST-010003,2024-10-02,9,3,Missing features,The core features cover 90% of our workflow needs.
FBK-006485,CUST-010004,2022-09-20,8,4,Integration,API documentation is top notch and easy to implement.
FBK-006486,CUST-010006,2024-06-22,8,2,Missing features,The core features cover 90% of our workflow needs.
FBK-006487,CUST-010008,2022-12-30,4,3,Pricing,Monthly plan feels a bit expensive without annual discounts.
FBK-006488,CUST-010011,2023-08-23,7,4,Pricing,Monthly plan feels a bit expensive without annual discounts.
FBK-006489,CUST-010012,2024-06-26,5,3,Missing features,Missing advanced analytics export to warehouse.
FBK-006490,CUST-010013,2024-01-07,5,2,Product usability,Steep learning curve for non-technical users.
FBK-006491,CUST-010014,2024-04-01,8,4,Integration,Seamless integration with Google Workspace and Salesforce.
FBK-006492,CUST-010016,2024-10-13,5,3,Integration,Custom connector setup was frustrating.
FBK-006493,CUST-010018,2023-10-14,9,4,Pricing,Great value for money compared to enterprise alternatives.
FBK-006494,CUST-010020,2023-11-26,9,5,Customer support,Helpful customer success manager during onboarding.
FBK-006495,CUST-010023,2024-04-27,8,5,Mobile experience,"Clean mobile UI, very responsive."
FBK-006496,CUST-010025,2023-07-09,2,3,Integration,Custom connector setup was frustrating.
FBK-006497,CUST-010026,2024-09-06,4,1,Missing features,Missing advanced analytics export to warehouse.
FBK-006498,CUST-010028,2022-11-03,6,5,Performance,Occasional lag during peak hours in large file exports.
FBK-006499,CUST-010032,2024-09-08,7,4,Customer support,Ticket was escalated multiple times without a clear resolution.
FBK-006500,CUST-010033,2024-07-20,7,5,Mobile experience,Mobile notifications sometimes get delayed.
FBK-006501,CUST-010035,2023-07-18,5,1,Customer support,Ticket was escalated multiple times without a clear resolution.
FBK-006502,CUST-010036,2023-07-19,7,5,Customer support,Ticket was escalated multiple times without a clear resolution.
FBK-006503,CUST-010037,2024-10-15,9,4,Mobile experience,"Clean mobile UI, very responsive."
FBK-006504,CUST-010038,2024-08-02,9,4,Mobile experience,"Clean mobile UI, very responsive."
FBK-006505,CUST-010039,2024-06-13,9,5,Pricing,Great value for money compared to enterprise alternatives.
FBK-006506,CUST-010040,2023-09-23,10,4,Performance,Reliable uptime with minimal disruptions.
FBK-006507,CUST-010042,2024-03-28,10,4,Customer support,Support team resolved our critical issue in under an hour!
FBK-006508,CUST-010043,2023-11-03,7,4,Integration,Webhook latency caused duplicate entries in our CRM.
FBK-006509,CUST-010044,2024-05-07,9,3,Product usability,Intuitive interface and team adopted it within days.
FBK-006510,CUST-010045,2024-01-27,10,3,Mobile experience,"Clean mobile UI, very responsive."
FBK-006511,CUST-010047,2024-05-07,7,1,Pricing,Renewal rate increase was unexpected.
FBK-006512,CUST-010048,2024-03-10,9,4,Mobile experience,Mobile app is lightweight and perfect for on-the-go approvals.
FBK-006513,CUST-010049,2024-06-28,8,4,Customer support,Support team resolved our critical issue in under an hour!
FBK-006514,CUST-010050,2023-03-25,8,3,Performance,Reliable uptime with minimal disruptions.
FBK-006515,CUST-010052,2024-04-25,7,4,Missing features,Missing advanced analytics export to warehouse.
FBK-006516,CUST-010054,2022-11-07,7,3,Mobile experience,Needs iPad tablet optimization.
FBK-006517,CUST-010056,2023-10-24,8,4,Integration,API documentation is top notch and easy to implement.
FBK-006518,CUST-010057,2023-12-10,5,2,Missing features,Missing advanced analytics export to warehouse.
FBK-006519,CUST-010060,2023-06-13,1,1,Performance,Occasional lag during peak hours in large file exports.
FBK-006520,CUST-010061,2023-08-20,4,2,Pricing,Monthly plan feels a bit expensive without annual discounts.
FBK-006521,CUST-010063,2023-04-09,4,2,Mobile experience,Needs iPad tablet optimization.
FBK-006522,CUST-010064,2024-06-24,10,3,Missing features,The core features cover 90% of our workflow needs.
FBK-006523,CUST-010066,2024-04-02,8,4,Customer support,Support team resolved our critical issue in under an hour!
FBK-006524,CUST-010069,2022-09-10,4,2,Pricing,Monthly plan feels a bit expensive without annual discounts.
FBK-006525,CUST-010071,2024-02-17,8,5,Product usability,"Great dashboard layout, simplifies our daily standup."
FBK-006526,CUST-010072,2023-12-12,8,1,Product usability,Intuitive interface and team adopted it within days.
FBK-006527,CUST-010075,2024-10-13,4,3,Integration,Webhook latency caused duplicate entries in our CRM.
FBK-006528,CUST-010076,2024-08-26,8,4,Pricing,"Pricing is fair, but add-on user seats add up quickly."
FBK-006529,CUST-010078,2023-06-11,7,4,Performance,Occasional lag during peak hours in large file exports.
FBK-006530,CUST-010079,2024-05-04,10,4,Pricing,Great value for money compared to enterprise alternatives.
FBK-006531,CUST-010081,2022-09-09,2,3,Pricing,Renewal rate increase was unexpected.
FBK-006532,CUST-010082,2023-07-09,9,5,Product usability,Intuitive interface and team adopted it within days.
FBK-006533,CUST-010083,2024-04-09,8,4,Product usability,Intuitive interface and team adopted it within days.
FBK-006534,CUST-010084,2024-07-22,9,5,Customer support,Helpful customer success manager during onboarding.
FBK-006535,CUST-010085,2022-08-07,10,3,Missing features,The core features cover 90% of our workflow needs.
FBK-006536,CUST-010086,2024-05-06,6,3,Product usability,UI navigation can be cluttered for new team members.
FBK-006537,CUST-010087,2023-12-16,7,4,Integration,Webhook latency caused duplicate entries in our CRM.
FBK-006538,CUST-010089,2022-11-28,6,3,Customer support,Took too long to get a response on an urgent billing ticket.
FBK-006539,CUST-010091,2023-11-30,4,3,Integration,Custom connector setup was frustrating.
FBK-006540,CUST-010092,2024-05-13,10,4,Integration,Seamless integration with Google Workspace and Salesforce.
FBK-006541,CUST-010094,2024-05-16,2,2,Customer support,Took too long to get a response on an urgent billing ticket.
FBK-006542,CUST-010095,2023-11-27,7,4,Pricing,Monthly plan feels a bit expensive without annual discounts.
FBK-006543,CUST-010096,2024-01-03,6,3,Performance,Slow loading times on large dataset syncs.
FBK-006544,CUST-010097,2022-08-31,0,2,Mobile experience,Needs iPad tablet optimization.
FBK-006545,CUST-010098,2022-08-21,8,4,Performance,Blazing fast sync speeds across distributed teams.
FBK-006546,CUST-010101,2023-08-21,7,5,Product usability,UI navigation can be cluttered for new team members.
FBK-006547,CUST-010103,2024-07-23,8,4,Pricing,Great value for money compared to enterprise alternatives.
FBK-006548,CUST-010104,2023-03-15,10,3,Pricing,Great value for money compared to enterprise alternatives.
FBK-006549,CUST-010108,2024-07-05,7,4,Product usability,UI navigation can be cluttered for new team members.
FBK-006550,CUST-010110,2023-08-23,7,2,Missing features,Missing advanced analytics export to warehouse.
FBK-006551,CUST-010111,2024-04-23,8,4,Performance,Reliable uptime with minimal disruptions.
FBK-006552,CUST-010112,2024-05-02,7,1,Customer support,Took too long to get a response on an urgent billing ticket.
FBK-006553,CUST-010113,2023-07-29,9,4,Pricing,"Pricing is fair, but add-on user seats add up quickly."
FBK-006554,CUST-010117,2024-05-26,7,3,Product usability,Steep learning curve for non-technical users.
FBK-006555,CUST-010118,2024-09-21,10,4,Product usability,Intuitive interface and team adopted it within days.
FBK-006556,CUST-010120,2023-04-16,7,1,Missing features,Missing advanced analytics export to warehouse.
FBK-006557,CUST-010121,2024-03-31,10,3,Mobile experience,"Clean mobile UI, very responsive."
FBK-006558,CUST-010122,2023-03-03,5,4,Integration,Webhook latency caused duplicate entries in our CRM.
FBK-006559,CUST-010123,2022-03-16,8,2,Mobile experience,Mobile app is lightweight and perfect for on-the-go approvals.
FBK-006560,CUST-010124,2024-04-07,5,3,Mobile experience,Needs iPad tablet optimization.
FBK-006561,CUST-010126,2024-04-17,8,4,Integration,API documentation is top notch and easy to implement.
FBK-006562,CUST-010127,2023-07-31,9,3,Product usability,"Great dashboard layout, simplifies our daily standup."
FBK-006563,CUST-010128,2024-05-20,2,2,Mobile experience,Needs iPad tablet optimization.
FBK-006564,CUST-010129,2024-03-12,5,1,Performance,Slow loading times on large dataset syncs.
FBK-006565,CUST-010130,2024-09-02,7,3,Product usability,UI navigation can be cluttered for new team members.
FBK-006566,CUST-010131,2024-03-23,1,4,Missing features,Missing advanced analytics export to warehouse.
FBK-006567,CUST-010133,2024-05-15,7,4,Performance,Slow loading times on large dataset syncs.
FBK-006568,CUST-010134,2023-03-16,3,1,Customer support,Took too long to get a response on an urgent billing ticket.
FBK-006569,CUST-010135,2024-08-13,8,4,Performance,Reliable uptime with minimal disruptions.
FBK-006570,CUST-010136,2022-10-19,9,4,Pricing,"Pricing is fair, but add-on user seats add up quickly."
FBK-006571,CUST-010137,2023-07-12,1,2,Integration,Custom connector setup was frustrating.
FBK-006572,CUST-010138,2023-02-19,7,1,Mobile experience,Needs iPad tablet optimization.
FBK-006573,CUST-010140,2024-04-21,7,5,Performance,Occasional lag during peak hours in large file exports.
FBK-006574,CUST-010141,2023-05-09,4,5,Performance,Slow loading times on large dataset syncs.
FBK-006575,CUST-010142,2024-08-22,8,5,Integration,API documentation is top notch and easy to implement.
FBK-006576,CUST-010144,2023-10-14,10,3,Mobile experience,"Clean mobile UI, very responsive."
FBK-006577,CUST-010147,2023-09-26,4,1,Customer support,Took too long to get a response on an urgent billing ticket.
FBK-006578,CUST-010148,2024-07-04,8,3,Product usability,"Great dashboard layout, simplifies our daily standup."
FBK-006579,CUST-010149,2024-04-15,4,2,Integration,Webhook latency caused duplicate entries in our CRM.
FBK-006580,CUST-010150,2023-10-19,7,4,Performance,Occasional lag during peak hours in large file exports.
FBK-006581,CUST-010151,2024-04-05,8,3,Product usability,Intuitive interface and team adopted it within days.
FBK-006582,CUST-010153,2024-05-27,9,5,Missing features,The core features cover 90% of our workflow needs.
FBK-006583,CUST-010156,2023-11-27,8,3,Pricing,Great value for money compared to enterprise alternatives.
FBK-006584,CUST-010159,2024-06-11,5,3,Missing features,Missing advanced analytics export to warehouse.
FBK-006585,CUST-010161,2024-02-15,6,4,Customer support,Ticket was escalated multiple times without a clear resolution.
FBK-006586,CUST-010162,2024-04-24,6,4,Missing features,Missing advanced analytics export to warehouse.
FBK-006587,CUST-010163,2023-12-04,9,5,Customer support,Helpful customer success manager during onboarding.
FBK-006588,CUST-010164,2022-06-28,5,2,Integration,Custom connector setup was frustrating.
FBK-006589,CUST-010165,2022-07-10,6,2,Customer support,Took too long to get a response on an urgent billing ticket.
FBK-006590,CUST-010166,2024-02-20,9,4,Customer support,Helpful customer success manager during onboarding.
FBK-006591,CUST-010167,2023-09-14,2,2,Integration,Webhook latency caused duplicate entries in our CRM.
FBK-006592,CUST-010168,2023-01-05,8,4,Customer support,Helpful customer success manager during onboarding.
FBK-006593,CUST-010169,2024-03-31,8,4,Missing features,The core features cover 90% of our workflow needs.
FBK-006594,CUST-010171,2024-04-03,6,5,Mobile experience,Needs iPad tablet optimization.
FBK-006595,CUST-010174,2023-09-17,9,4,Mobile experience,Mobile app is lightweight and perfect for on-the-go approvals.
FBK-006596,CUST-010175,2023-12-13,8,4,Product usability,"Great dashboard layout, simplifies our daily standup."
FBK-006597,CUST-010176,2024-08-19,7,4,Integration,Custom connector setup was frustrating.
FBK-006598,CUST-010177,2024-01-23,6,3,Customer support,Took too long to get a response on an urgent billing ticket.
FBK-006599,CUST-010182,2023-08-09,8,3,Integration,Seamless integration with Google Workspace and Salesforce.
FBK-006600,CUST-010185,2024-04-20,8,4,Missing features,The core features cover 90% of our workflow needs.
FBK-006601,CUST-010187,2024-04-28,7,3,Mobile experience,Mobile notifications sometimes get delayed.
FBK-006602,CUST-010188,2024-05-19,5,5,Mobile experience,Mobile notifications sometimes get delayed.
FBK-006603,CUST-010189,2024-02-22,10,3,Integration,API documentation is top notch and easy to implement.
FBK-006604,CUST-010190,2024-06-26,7,2,Product usability,Steep learning curve for non-technical users.
FBK-006605,CUST-010192,2024-05-16,9,4,Missing features,The core features cover 90% of our workflow needs.
FBK-006606,CUST-010193,2024-11-04,8,5,Product usability,"Great dashboard layout, simplifies our daily standup."
FBK-006607,CUST-010194,2024-02-15,7,4,Customer support,Took too long to get a response on an urgent billing ticket.
FBK-006608,CUST-010195,2024-07-27,5,5,Performance,Occasional lag during peak hours in large file exports.
FBK-006609,CUST-010196,2022-07-11,9,4,Mobile experience,Mobile app is lightweight and perfect for on-the-go approvals.
FBK-006610,CUST-010197,2023-07-16,7,3,Performance,Occasional lag during peak hours in large file exports.
FBK-006611,CUST-010198,2023-12-25,4,2,Product usability,UI navigation can be cluttered for new team members.
FBK-006612,CUST-010199,2024-03-27,6,2,Product usability,UI navigation can be cluttered for new team members.
FBK-006613,CUST-010200,2024-03-11,7,2,Integration,Webhook latency caused duplicate entries in our CRM.
FBK-006614,CUST-010203,2022-06-19,6,4,Pricing,Renewal rate increase was unexpected.
FBK-006615,CUST-010205,2023-10-04,3,2,Product usability,Steep learning curve for non-technical users.
FBK-006616,CUST-010207,2023-12-18,7,3,Pricing,Monthly plan feels a bit expensive without annual discounts.
FBK-006617,CUST-010210,2023-03-17,5,3,Integration,Webhook latency caused duplicate entries in our CRM.
FBK-006618,CUST-010212,2024-04-15,6,4,Integration,Webhook latency caused duplicate entries in our CRM.
FBK-006619,CUST-010213,2024-07-05,0,2,Integration,Webhook latency caused duplicate entries in our CRM.
FBK-006620,CUST-010214,2024-09-29,8,4,Performance,Reliable uptime with minimal disruptions.
FBK-006621,CUST-010215,2023-08-12,9,4,Integration,Seamless integration with Google Workspace and Salesforce.
FBK-006622,CUST-010216,2024-10-22,7,3,Performance,Slow loading times on large dataset syncs.
FBK-006623,CUST-010217,2022-12-19,3,1,Performance,Slow loading times on large dataset syncs.
FBK-006624,CUST-010218,2024-03-22,10,4,Performance,Reliable uptime with minimal disruptions.
FBK-006625,CUST-010219,2023-09-17,8,5,Product usability,"Great dashboard layout, simplifies our daily standup."
FBK-006626,CUST-010220,2024-01-22,8,4,Mobile experience,"Clean mobile UI, very responsive."
FBK-006627,CUST-010221,2023-12-24,9,4,Pricing,"Pricing is fair, but add-on user seats add up quickly."
FBK-006628,CUST-010223,2023-07-07,8,3,Pricing,Great value for money compared to enterprise alternatives.
FBK-006629,CUST-010227,2024-04-23,2,1,Integration,Custom connector setup was frustrating.
FBK-006630,CUST-010230,2023-07-21,7,4,Performance,Occasional lag during peak hours in large file exports.
FBK-006631,CUST-010231,2023-07-08,5,2,Product usability,Steep learning curve for non-technical users.
FBK-006632,CUST-010233,2024-02-09,8,3,Mobile experience,"Clean mobile UI, very responsive."
FBK-006633,CUST-010235,2024-01-10,9,4,Product usability,Intuitive interface and team adopted it within days.
FBK-006634,CUST-010236,2023-11-21,5,1,Performance,Slow loading times on large dataset syncs.
FBK-006635,CUST-010237,2024-07-04,10,5,Integration,API documentation is top notch and easy to implement.
FBK-006636,CUST-010238,2023-01-01,7,4,Performance,Occasional lag during peak hours in large file exports.
FBK-006637,CUST-010239,2023-11-15,2,1,Integration,Custom connector setup was frustrating.
FBK-006638,CUST-010243,2024-09-21,7,3,Pricing,Monthly plan feels a bit expensive without annual discounts.
FBK-006639,CUST-010245,2022-11-28,2,2,Performance,Occasional lag during peak hours in large file exports.
FBK-006640,CUST-010246,2024-03-18,8,5,Product usability,"Great dashboard layout, simplifies our daily standup."
FBK-006641,CUST-010249,2022-08-17,6,5,Integration,Custom connector setup was frustrating.
FBK-006642,CUST-010250,2023-05-24,4,3,Product usability,UI navigation can be cluttered for new team members.
FBK-006643,CUST-010253,2023-09-21,6,2,Customer support,Took too long to get a response on an urgent billing ticket.
FBK-006644,CUST-010254,2022-09-13,4,1,Missing features,Missing advanced analytics export to warehouse.
FBK-006645,CUST-010255,2024-01-05,9,3,Product usability,Intuitive interface and team adopted it within days.
FBK-006646,CUST-010257,2023-10-18,1,3,Performance,Occasional lag during peak hours in large file exports.
FBK-006647,CUST-010260,2022-11-06,9,3,Missing features,The core features cover 90% of our workflow needs.
FBK-006648,CUST-010261,2022-05-17,3,1,Performance,Slow loading times on large dataset syncs.
FBK-006649,CUST-010263,2024-07-27,6,4,Missing features,Missing advanced analytics export to warehouse.
FBK-006650,CUST-010264,2024-02-22,4,3,Customer support,Ticket was escalated multiple times without a clear resolution.
FBK-006651,CUST-010266,2024-05-26,3,1,Performance,Occasional lag during peak hours in large file exports.
FBK-006652,CUST-010267,2024-10-25,8,5,Product usability,"Great dashboard layout, simplifies our daily standup."
FBK-006653,CUST-010268,2024-08-07,8,4,Pricing,Great value for money compared to enterprise alternatives.
FBK-006654,CUST-010269,2023-09-21,2,1,Performance,Occasional lag during peak hours in large file exports.
FBK-006655,CUST-010270,2024-01-16,3,1,Pricing,Monthly plan feels a bit expensive without annual discounts.
FBK-006656,CUST-010274,2023-02-02,3,3,Missing features,Missing advanced analytics export to warehouse.
FBK-006657,CUST-010275,2024-02-21,0,3,Mobile experience,Needs iPad tablet optimization.
FBK-006658,CUST-010276,2024-08-18,4,3,Customer support,Took too long to get a response on an urgent billing ticket.
FBK-006659,CUST-010277,2023-01-23,3,1,Customer support,Ticket was escalated multiple times without a clear resolution.
FBK-006660,CUST-010279,2023-12-17,6,2,Missing features,Missing advanced analytics export to warehouse.
FBK-006661,CUST-010280,2024-09-26,9,3,Product usability,Intuitive interface and team adopted it within days.
FBK-006662,CUST-010281,2022-05-28,5,3,Product usability,UI navigation can be cluttered for new team members.
FBK-006663,CUST-010282,2024-03-31,1,1,Product usability,UI navigation can be cluttered for new team members.
FBK-006664,CUST-010283,2024-07-15,4,2,Product usability,UI navigation can be cluttered for new team members.
FBK-006665,CUST-010284,2024-01-25,7,4,Mobile experience,Mobile notifications sometimes get delayed.
FBK-006666,CUST-010285,2024-07-17,5,1,Integration,Custom connector setup was frustrating.
FBK-006667,CUST-010286,2024-02-03,10,4,Product usability,Intuitive interface and team adopted it within days.
FBK-006668,CUST-010287,2024-10-05,7,5,Missing features,Missing advanced analytics export to warehouse.
FBK-006669,CUST-010289,2024-07-04,5,2,Pricing,Monthly plan feels a bit expensive without annual discounts.
FBK-006670,CUST-010292,2023-04-21,7,4,Mobile experience,Needs iPad tablet optimization.
FBK-006671,CUST-010293,2024-08-10,9,4,Mobile experience,"Clean mobile UI, very responsive."
FBK-006672,CUST-010294,2023-12-12,8,4,Integration,Seamless integration with Google Workspace and Salesforce.
FBK-006673,CUST-010295,2023-08-16,9,5,Performance,Reliable uptime with minimal disruptions.
FBK-006674,CUST-010297,2024-09-08,8,4,Product usability,Intuitive interface and team adopted it within days.
FBK-006675,CUST-010301,2023-12-04,9,5,Performance,Blazing fast sync speeds across distributed teams.
FBK-006676,CUST-010302,2023-09-18,7,5,Pricing,Renewal rate increase was unexpected.
FBK-006677,CUST-010304,2024-05-04,6,4,Missing features,Missing advanced analytics export to warehouse.
FBK-006678,CUST-010305,2024-01-27,6,3,Mobile experience,Needs iPad tablet optimization.
FBK-006679,CUST-010306,2023-06-20,5,4,Mobile experience,Needs iPad tablet optimization.
FBK-006680,CUST-010307,2023-12-23,3,2,Customer support,Took too long to get a response on an urgent billing ticket.
FBK-006681,CUST-010313,2024-05-15,1,3,Integration,Webhook latency caused duplicate entries in our CRM.
FBK-006682,CUST-010314,2023-11-28,9,5,Performance,Reliable uptime with minimal disruptions.
FBK-006683,CUST-010316,2024-08-03,5,2,Pricing,Renewal rate increase was unexpected.
FBK-006684,CUST-010318,2024-07-30,9,4,Missing features,The core features cover 90% of our workflow needs.
FBK-006685,CUST-010319,2024-01-31,0,2,Customer support,Took too long to get a response on an urgent billing ticket.
FBK-006686,CUST-010321,2024-03-04,8,5,Performance,Reliable uptime with minimal disruptions.
FBK-006687,CUST-010323,2024-07-15,4,4,Pricing,Monthly plan feels a bit expensive without annual discounts.
FBK-006688,CUST-010324,2023-06-15,8,4,Integration,API documentation is top notch and easy to implement.
FBK-006689,CUST-010325,2024-02-16,6,3,Integration,Custom connector setup was frustrating.
FBK-006690,CUST-010327,2023-12-06,6,3,Missing features,Missing advanced analytics export to warehouse.
FBK-006691,CUST-010328,2024-03-10,8,3,Product usability,Intuitive interface and team adopted it within days.
FBK-006692,CUST-010329,2024-07-09,9,4,Mobile experience,Mobile app is lightweight and perfect for on-the-go approvals.
FBK-006693,CUST-010330,2024-01-14,8,4,Performance,Blazing fast sync speeds across distributed teams.
FBK-006694,CUST-010331,2023-09-20,8,3,Performance,Blazing fast sync speeds across distributed teams.
FBK-006695,CUST-010333,2024-04-24,4,3,Pricing,Renewal rate increase was unexpected.
FBK-006696,CUST-010334,2023-03-08,9,3,Pricing,"Pricing is fair, but add-on user seats add up quickly."
FBK-006697,CUST-010336,2022-10-06,8,3,Integration,Seamless integration with Google Workspace and Salesforce.
FBK-006698,CUST-010337,2023-06-01,4,2,Integration,Custom connector setup was frustrating.
FBK-006699,CUST-010339,2024-09-19,10,5,Missing features,The core features cover 90% of our workflow needs.
FBK-006700,CUST-010340,2024-03-08,8,4,Missing features,The core features cover 90% of our workflow needs.
FBK-006701,CUST-010343,2022-04-15,4,3,Performance,Slow loading times on large dataset syncs.
FBK-006702,CUST-010344,2024-02-24,2,1,Mobile experience,Needs iPad tablet optimization.
FBK-006703,CUST-010345,2022-06-10,5,3,Performance,Occasional lag during peak hours in large file exports.
FBK-006704,CUST-010346,2024-10-16,9,4,Mobile experience,"Clean mobile UI, very responsive."
FBK-006705,CUST-010348,2024-03-12,8,4,Customer support,Helpful customer success manager during onboarding.
FBK-006706,CUST-010349,2024-08-02,4,2,Mobile experience,Needs iPad tablet optimization.
FBK-006707,CUST-010350,2024-06-23,7,4,Pricing,Monthly plan feels a bit expensive without annual discounts.
FBK-006708,CUST-010351,2024-09-04,7,2,Pricing,Renewal rate increase was unexpected.
FBK-006709,CUST-010353,2023-08-20,7,5,Mobile experience,Needs iPad tablet optimization.
FBK-006710,CUST-010355,2024-06-09,3,1,Customer support,Took too long to get a response on an urgent billing ticket.
FBK-006711,CUST-010356,2023-06-22,2,1,Missing features,Missing advanced analytics export to warehouse.
FBK-006712,CUST-010357,2024-08-28,6,3,Integration,Custom connector setup was frustrating.
FBK-006713,CUST-010358,2024-03-15,8,2,Missing features,The core features cover 90% of our workflow needs.
FBK-006714,CUST-010360,2024-01-24,10,2,Missing features,The core features cover 90% of our workflow needs.
FBK-006715,CUST-010361,2024-09-03,5,2,Mobile experience,Mobile notifications sometimes get delayed.
FBK-006716,CUST-010362,2022-09-23,9,4,Integration,Seamless integration with Google Workspace and Salesforce.
FBK-006717,CUST-010363,2024-02-28,10,3,Mobile experience,Mobile app is lightweight and perfect for on-the-go approvals.
FBK-006718,CUST-010364,2022-10-06,9,4,Missing features,The core features cover 90% of our workflow needs.
FBK-006719,CUST-010365,2024-07-01,6,3,Mobile experience,Needs iPad tablet optimization.
FBK-006720,CUST-010366,2024-09-23,10,4,Pricing,"Pricing is fair, but add-on user seats add up quickly."
FBK-006721,CUST-010367,2023-08-17,5,2,Mobile experience,Needs iPad tablet optimization.
FBK-006722,CUST-010368,2024-08-09,8,5,Integration,Seamless integration with Google Workspace and Salesforce.
FBK-006723,CUST-010369,2023-05-26,4,1,Customer support,Ticket was escalated multiple times without a clear resolution.
FBK-006724,CUST-010373,2024-02-23,7,3,Integration,Webhook latency caused duplicate entries in our CRM.
FBK-006725,CUST-010374,2024-04-18,8,4,Product usability,"Great dashboard layout, simplifies our daily standup."
FBK-006726,CUST-010376,2023-06-15,1,1,Mobile experience,Mobile notifications sometimes get delayed.
FBK-006727,CUST-010378,2023-11-28,8,4,Pricing,Great value for money compared to enterprise alternatives.
FBK-006728,CUST-010379,2024-02-06,4,2,Performance,Occasional lag during peak hours in large file exports.
FBK-006729,CUST-010382,2024-09-12,9,3,Missing features,The core features cover 90% of our workflow needs.
FBK-006730,CUST-010383,2023-04-13,4,2,Pricing,Renewal rate increase was unexpected.
FBK-006731,CUST-010384,2022-03-31,4,1,Customer support,Took too long to get a response on an urgent billing ticket.
FBK-006732,CUST-010386,2024-02-25,2,3,Mobile experience,Mobile notifications sometimes get delayed.
FBK-006733,CUST-010387,2023-12-30,6,4,Product usability,Steep learning curve for non-technical users.
FBK-006734,CUST-010388,2024-08-01,8,5,Mobile experience,"Clean mobile UI, very responsive."
FBK-006735,CUST-010389,2023-10-24,9,4,Mobile experience,"Clean mobile UI, very responsive."
FBK-006736,CUST-010391,2023-03-08,8,2,Performance,Reliable uptime with minimal disruptions.
FBK-006737,CUST-010392,2023-06-26,7,4,Customer support,Ticket was escalated multiple times without a clear resolution.
FBK-006738,CUST-010393,2024-03-04,8,4,Performance,Blazing fast sync speeds across distributed teams.
FBK-006739,CUST-010396,2023-12-27,6,4,Missing features,Missing advanced analytics export to warehouse.
FBK-006740,CUST-010398,2024-03-05,5,1,Pricing,Monthly plan feels a bit expensive without annual discounts.
FBK-006741,CUST-010400,2024-06-17,8,4,Missing features,The core features cover 90% of our workflow needs.
FBK-006742,CUST-010401,2024-08-21,9,5,Pricing,Great value for money compared to enterprise alternatives.
FBK-006743,CUST-010402,2022-06-30,6,2,Product usability,UI navigation can be cluttered for new team members.
FBK-006744,CUST-010403,2022-06-23,2,3,Customer support,Took too long to get a response on an urgent billing ticket.
FBK-006745,CUST-010404,2023-09-03,9,4,Customer support,Helpful customer success manager during onboarding.
FBK-006746,CUST-010406,2024-01-30,5,1,Integration,Custom connector setup was frustrating.
FBK-006747,CUST-010407,2023-01-05,0,2,Performance,Slow loading times on large dataset syncs.
FBK-006748,CUST-010408,2023-11-11,3,2,Customer support,Took too long to get a response on an urgent billing ticket.
FBK-006749,CUST-010409,2023-07-31,7,5,Missing features,Missing advanced analytics export to warehouse.
FBK-006750,CUST-010410,2023-07-05,7,4,Mobile experience,Needs iPad tablet optimization.
FBK-006751,CUST-010414,2024-07-31,9,3,Mobile experience,"Clean mobile UI, very responsive."
FBK-006752,CUST-010415,2024-07-08,7,4,Integration,Webhook latency caused duplicate entries in our CRM.
FBK-006753,CUST-010416,2024-06-07,6,5,Customer support,Ticket was escalated multiple times without a clear resolution.
FBK-006754,CUST-010417,2023-05-25,4,1,Performance,Occasional lag during peak hours in large file exports.
FBK-006755,CUST-010418,2024-05-27,6,4,Customer support,Ticket was escalated multiple times without a clear resolution.
FBK-006756,CUST-010421,2023-07-16,10,4,Mobile experience,Mobile app is lightweight and perfect for on-the-go approvals.
FBK-006757,CUST-010422,2024-07-08,10,5,Customer support,Helpful customer success manager during onboarding.
FBK-006758,CUST-010428,2024-04-15,7,4,Performance,Occasional lag during peak hours in large file exports.
FBK-006759,CUST-010430,2024-03-10,9,4,Product usability,"Great dashboard layout, simplifies our daily standup."
FBK-006760,CUST-010432,2022-05-27,1,1,Integration,Webhook latency caused duplicate entries in our CRM.
FBK-006761,CUST-010433,2023-03-02,1,1,Customer support,Took too long to get a response on an urgent billing ticket.
FBK-006762,CUST-010434,2023-12-26,3,2,Customer support,Ticket was escalated multiple times without a clear resolution.
FBK-006763,CUST-010436,2024-09-10,6,4,Performance,Occasional lag during peak hours in large file exports.
FBK-006764,CUST-010437,2024-09-23,8,4,Integration,API documentation is top notch and easy to implement.
FBK-006765,CUST-010439,2023-11-12,8,5,Pricing,Great value for money compared to enterprise alternatives.
FBK-006766,CUST-010440,2023-07-30,10,4,Product usability,Intuitive interface and team adopted it within days.
FBK-006767,CUST-010441,2024-03-11,9,4,Mobile experience,Mobile app is lightweight and perfect for on-the-go approvals.
FBK-006768,CUST-010442,2024-07-19,9,4,Mobile experience,Mobile app is lightweight and perfect for on-the-go approvals.
FBK-006769,CUST-010443,2022-04-07,7,2,Product usability,UI navigation can be cluttered for new team members.
FBK-006770,CUST-010444,2023-10-29,9,3,Missing features,The core features cover 90% of our workflow needs.
FBK-006771,CUST-010445,2024-01-17,9,4,Integration,API documentation is top notch and easy to implement.
FBK-006772,CUST-010447,2024-01-29,8,4,Pricing,"Pricing is fair, but add-on user seats add up quickly."
FBK-006773,CUST-010449,2024-07-07,8,5,Customer support,Helpful customer success manager during onboarding.
FBK-006774,CUST-010450,2024-05-15,8,3,Missing features,The core features cover 90% of our workflow needs.
FBK-006775,CUST-010452,2024-04-30,8,4,Customer support,Support team resolved our critical issue in under an hour!
FBK-006776,CUST-010453,2023-12-10,6,4,Customer support,Took too long to get a response on an urgent billing ticket.
FBK-006777,CUST-010456,2024-06-04,8,5,Mobile experience,"Clean mobile UI, very responsive."
FBK-006778,CUST-010457,2022-06-15,7,5,Product usability,Steep learning curve for non-technical users.
FBK-006779,CUST-010458,2023-11-07,7,5,Product usability,Steep learning curve for non-technical users.
FBK-006780,CUST-010460,2024-04-09,6,4,Customer support,Took too long to get a response on an urgent billing ticket.
FBK-006781,CUST-010463,2024-09-07,6,5,Integration,Custom connector setup was frustrating.
FBK-006782,CUST-010464,2024-03-12,7,4,Product usability,UI navigation can be cluttered for new team members.
FBK-006783,CUST-010465,2024-01-18,3,1,Performance,Slow loading times on large dataset syncs.
FBK-006784,CUST-010467,2024-05-01,9,4,Missing features,The core features cover 90% of our workflow needs.
FBK-006785,CUST-010468,2023-07-03,5,1,Product usability,UI navigation can be cluttered for new team members.
FBK-006786,CUST-010470,2024-07-17,2,2,Integration,Custom connector setup was frustrating.
FBK-006787,CUST-010471,2023-11-06,9,3,Customer support,Helpful customer success manager during onboarding.
FBK-006788,CUST-010472,2024-04-30,1,2,Customer support,Ticket was escalated multiple times without a clear resolution.
FBK-006789,CUST-010473,2024-04-02,6,5,Integration,Webhook latency caused duplicate entries in our CRM.
FBK-006790,CUST-010474,2023-10-25,10,4,Missing features,The core features cover 90% of our workflow needs.
FBK-006791,CUST-010475,2023-11-02,9,2,Customer support,Helpful customer success manager during onboarding.
FBK-006792,CUST-010476,2023-08-08,6,2,Missing features,Missing advanced analytics export to warehouse.
FBK-006793,CUST-010478,2024-03-27,7,5,Missing features,Missing advanced analytics export to warehouse.
FBK-006794,CUST-010480,2024-08-13,6,5,Missing features,Missing advanced analytics export to warehouse.
FBK-006795,CUST-010481,2024-04-27,3,3,Missing features,Missing advanced analytics export to warehouse.
FBK-006796,CUST-010482,2024-07-21,7,3,Missing features,Missing advanced analytics export to warehouse.
FBK-006797,CUST-010483,2023-10-05,7,3,Integration,Webhook latency caused duplicate entries in our CRM.
FBK-006798,CUST-010487,2023-10-14,4,1,Customer support,Ticket was escalated multiple times without a clear resolution.
FBK-006799,CUST-010488,2024-08-04,5,4,Customer support,Ticket was escalated multiple times without a clear resolution.
FBK-006800,CUST-010490,2024-07-31,5,4,Mobile experience,Mobile notifications sometimes get delayed.
FBK-006801,CUST-010492,2024-07-11,7,4,Mobile experience,Needs iPad tablet optimization.
FBK-006802,CUST-010493,2023-03-19,5,1,Pricing,Monthly plan feels a bit expensive without annual discounts.
FBK-006803,CUST-010494,2023-09-30,4,2,Pricing,Renewal rate increase was unexpected.
FBK-006804,CUST-010495,2023-01-18,1,2,Product usability,UI navigation can be cluttered for new team members.
FBK-006805,CUST-010496,2024-06-06,6,1,Customer support,Took too long to get a response on an urgent billing ticket.
FBK-006806,CUST-010497,2023-03-16,7,4,Missing features,Missing advanced analytics export to warehouse.
FBK-006807,CUST-010499,2022-11-11,2,1,Customer support,Took too long to get a response on an urgent billing ticket.
FBK-006808,CUST-010500,2024-03-18,7,3,Customer support,Ticket was escalated multiple times without a clear resolution.
FBK-006809,CUST-010502,2023-04-19,0,1,Missing features,Missing advanced analytics export to warehouse.
FBK-006810,CUST-010503,2023-10-09,7,3,Product usability,UI navigation can be cluttered for new team members.
FBK-006811,CUST-010504,2024-05-14,6,3,Missing features,Missing advanced analytics export to warehouse.
FBK-006812,CUST-010506,2023-07-27,7,3,Product usability,UI navigation can be cluttered for new team members.
FBK-006813,CUST-010508,2024-06-30,5,4,Missing features,Missing advanced analytics export to warehouse.
FBK-006814,CUST-010509,2024-07-19,10,4,Integration,Seamless integration with Google Workspace and Salesforce.
FBK-006815,CUST-010510,2023-07-06,9,4,Customer support,Support team resolved our critical issue in under an hour!
FBK-006816,CUST-010512,2024-10-14,10,5,Mobile experience,"Clean mobile UI, very responsive."
FBK-006817,CUST-010513,2023-09-05,9,4,Product usability,Intuitive interface and team adopted it within days.
FBK-006818,CUST-010514,2024-06-19,7,4,Customer support,Ticket was escalated multiple times without a clear resolution.
FBK-006819,CUST-010515,2024-02-10,3,2,Customer support,Ticket was escalated multiple times without a clear resolution.
FBK-006820,CUST-010516,2023-08-27,7,2,Integration,Custom connector setup was frustrating.
FBK-006821,CUST-010517,2022-11-24,0,4,Pricing,Monthly plan feels a bit expensive without annual discounts.
FBK-006822,CUST-010518,2024-04-20,10,4,Missing features,The core features cover 90% of our workflow needs.
FBK-006823,CUST-010519,2023-03-08,5,4,Integration,Custom connector setup was frustrating.
FBK-006824,CUST-010520,2023-08-10,8,4,Mobile experience,"Clean mobile UI, very responsive."
FBK-006825,CUST-010522,2024-07-06,8,5,Mobile experience,"Clean mobile UI, very responsive."
FBK-006826,CUST-010524,2023-06-05,7,4,Performance,Occasional lag during peak hours in large file exports.
FBK-006827,CUST-010525,2023-12-30,10,5,Customer support,Helpful customer success manager during onboarding.
FBK-006828,CUST-010526,2024-01-30,8,4,Integration,API documentation is top notch and easy to implement.
FBK-006829,CUST-010527,2023-05-27,6,4,Performance,Slow loading times on large dataset syncs.
FBK-006830,CUST-010528,2023-11-12,7,3,Performance,Occasional lag during peak hours in large file exports.
FBK-006831,CUST-010530,2024-07-21,9,3,Integration,Seamless integration with Google Workspace and Salesforce.
FBK-006832,CUST-010531,2024-07-13,6,4,Product usability,Steep learning curve for non-technical users.
FBK-006833,CUST-010532,2022-08-04,1,2,Product usability,UI navigation can be cluttered for new team members.
FBK-006834,CUST-010533,2024-08-30,6,3,Missing features,Missing advanced analytics export to warehouse.
FBK-006835,CUST-010534,2023-02-15,7,3,Pricing,Renewal rate increase was unexpected.
FBK-006836,CUST-010537,2023-11-16,6,4,Pricing,Monthly plan feels a bit expensive without annual discounts.
FBK-006837,CUST-010540,2024-04-07,9,2,Product usability,"Great dashboard layout, simplifies our daily standup."
FBK-006838,CUST-010541,2024-01-13,8,3,Product usability,Intuitive interface and team adopted it within days.
FBK-006839,CUST-010543,2024-03-10,9,4,Integration,API documentation is top notch and easy to implement.
FBK-006840,CUST-010546,2023-09-26,3,2,Mobile experience,Needs iPad tablet optimization.
FBK-006841,CUST-010547,2024-02-13,7,5,Pricing,Renewal rate increase was unexpected.
FBK-006842,CUST-010549,2024-01-08,3,2,Customer support,Took too long to get a response on an urgent billing ticket.
FBK-006843,CUST-010550,2023-03-27,6,4,Customer support,Took too long to get a response on an urgent billing ticket.
FBK-006844,CUST-010553,2024-07-08,4,5,Mobile experience,Mobile notifications sometimes get delayed.
FBK-006845,CUST-010554,2024-03-13,4,1,Performance,Slow loading times on large dataset syncs.
FBK-006846,CUST-010555,2023-02-22,7,3,Integration,Custom connector setup was frustrating.
FBK-006847,CUST-010556,2024-06-07,7,5,Pricing,Monthly plan feels a bit expensive without annual discounts.
FBK-006848,CUST-010557,2024-02-09,3,1,Customer support,Took too long to get a response on an urgent billing ticket.
FBK-006849,CUST-010558,2023-11-24,1,1,Missing features,Missing advanced analytics export to warehouse.
FBK-006850,CUST-010559,2022-07-16,8,4,Mobile experience,Mobile app is lightweight and perfect for on-the-go approvals.
FBK-006851,CUST-010560,2024-08-10,9,4,Performance,Reliable uptime with minimal disruptions.
FBK-006852,CUST-010561,2024-09-28,7,3,Mobile experience,Needs iPad tablet optimization.
FBK-006853,CUST-010564,2024-10-31,9,4,Customer support,Helpful customer success manager during onboarding.
FBK-006854,CUST-010569,2024-05-28,10,5,Customer support,Support team resolved our critical issue in under an hour!
FBK-006855,CUST-010572,2024-07-03,6,2,Product usability,UI navigation can be cluttered for new team members.
FBK-006856,CUST-010573,2024-02-02,5,4,Mobile experience,Needs iPad tablet optimization.
FBK-006857,CUST-010574,2023-09-20,7,4,Performance,Occasional lag during peak hours in large file exports.
FBK-006858,CUST-010575,2023-05-02,4,1,Customer support,Ticket was escalated multiple times without a clear resolution.
FBK-006859,CUST-010576,2024-09-25,7,5,Performance,Slow loading times on large dataset syncs.
FBK-006860,CUST-010577,2023-05-10,9,5,Customer support,Helpful customer success manager during onboarding.
FBK-006861,CUST-010579,2023-12-23,7,3,Performance,Slow loading times on large dataset syncs.
FBK-006862,CUST-010581,2023-10-18,8,5,Missing features,The core features cover 90% of our workflow needs.
FBK-006863,CUST-010582,2023-11-22,8,5,Integration,Seamless integration with Google Workspace and Salesforce.
FBK-006864,CUST-010583,2023-03-31,1,1,Integration,Webhook latency caused duplicate entries in our CRM.
FBK-006865,CUST-010584,2024-07-05,9,4,Mobile experience,"Clean mobile UI, very responsive."
FBK-006866,CUST-010585,2024-04-08,7,4,Integration,Custom connector setup was frustrating.
FBK-006867,CUST-010586,2024-07-15,9,2,Performance,Blazing fast sync speeds across distributed teams.
FBK-006868,CUST-010587,2022-08-06,6,4,Customer support,Took too long to get a response on an urgent billing ticket.
FBK-006869,CUST-010589,2023-08-13,7,3,Mobile experience,Needs iPad tablet optimization.
FBK-006870,CUST-010590,2024-05-19,0,2,Integration,Webhook latency caused duplicate entries in our CRM.
FBK-006871,CUST-010591,2023-01-23,6,4,Missing features,Missing advanced analytics export to warehouse.
FBK-006872,CUST-010594,2022-11-12,8,3,Integration,API documentation is top notch and easy to implement.
FBK-006873,CUST-010596,2023-08-05,4,2,Customer support,Ticket was escalated multiple times without a clear resolution.
FBK-006874,CUST-010597,2023-11-27,5,3,Product usability,UI navigation can be cluttered for new team members.
FBK-006875,CUST-010598,2023-04-24,4,3,Mobile experience,Mobile notifications sometimes get delayed.
FBK-006876,CUST-010599,2023-12-24,1,1,Mobile experience,Needs iPad tablet optimization.
FBK-006877,CUST-010601,2024-01-27,0,1,Customer support,Ticket was escalated multiple times without a clear resolution.
FBK-006878,CUST-010602,2024-01-23,7,4,Missing features,Missing advanced analytics export to warehouse.
FBK-006879,CUST-010604,2023-05-18,5,1,Performance,Slow loading times on large dataset syncs.
FBK-006880,CUST-010605,2022-11-09,9,5,Integration,Seamless integration with Google Workspace and Salesforce.
FBK-006881,CUST-010606,2023-10-27,9,4,Missing features,The core features cover 90% of our workflow needs.
FBK-006882,CUST-010610,2024-01-10,3,3,Missing features,Missing advanced analytics export to warehouse.
FBK-006883,CUST-010611,2024-04-01,7,5,Customer support,Ticket was escalated multiple times without a clear resolution.
FBK-006884,CUST-010613,2024-04-18,5,1,Mobile experience,Needs iPad tablet optimization.
FBK-006885,CUST-010614,2024-07-19,6,2,Performance,Slow loading times on large dataset syncs.
FBK-006886,CUST-010615,2024-03-17,5,4,Product usability,UI navigation can be cluttered for new team members.
FBK-006887,CUST-010617,2024-02-11,6,5,Integration,Custom connector setup was frustrating.
FBK-006888,CUST-010619,2024-03-17,4,4,Mobile experience,Needs iPad tablet optimization.
FBK-006889,CUST-010620,2023-02-26,8,5,Customer support,Helpful customer success manager during onboarding.
FBK-006890,CUST-010622,2023-05-24,5,1,Performance,Slow loading times on large dataset syncs.
FBK-006891,CUST-010623,2024-04-21,9,4,Integration,API documentation is top notch and easy to implement.
FBK-006892,CUST-010626,2022-05-09,7,5,Pricing,Renewal rate increase was unexpected.
FBK-006893,CUST-010627,2023-05-30,10,4,Integration,Seamless integration with Google Workspace and Salesforce.
FBK-006894,CUST-010628,2024-04-24,8,3,Missing features,The core features cover 90% of our workflow needs.
FBK-006895,CUST-010633,2024-06-11,7,5,Integration,Webhook latency caused duplicate entries in our CRM.
FBK-006896,CUST-010634,2024-05-14,7,3,Pricing,Renewal rate increase was unexpected.
FBK-006897,CUST-010635,2024-09-09,4,4,Integration,Webhook latency caused duplicate entries in our CRM.
FBK-006898,CUST-010637,2024-06-13,7,4,Mobile experience,Mobile notifications sometimes get delayed.
FBK-006899,CUST-010638,2024-07-28,0,1,Pricing,Monthly plan feels a bit expensive without annual discounts.
FBK-006900,CUST-010639,2024-10-09,3,1,Product usability,UI navigation can be cluttered for new team members.
FBK-006901,CUST-010641,2024-06-11,6,5,Product usability,UI navigation can be cluttered for new team members.
FBK-006902,CUST-010642,2023-07-30,3,3,Performance,Occasional lag during peak hours in large file exports.
FBK-006903,CUST-010644,2023-07-27,7,3,Integration,Webhook latency caused duplicate entries in our CRM.
FBK-006904,CUST-010646,2023-12-26,9,4,Pricing,"Pricing is fair, but add-on user seats add up quickly."
FBK-006905,CUST-010647,2022-08-17,10,4,Mobile experience,Mobile app is lightweight and perfect for on-the-go approvals.
FBK-006906,CUST-010649,2022-10-01,3,1,Product usability,UI navigation can be cluttered for new team members.
FBK-006907,CUST-010650,2024-08-08,9,5,Product usability,Intuitive interface and team adopted it within days.
FBK-006908,CUST-010651,2024-07-08,9,4,Product usability,"Great dashboard layout, simplifies our daily standup."
FBK-006909,CUST-010652,2022-03-23,8,4,Customer support,Helpful customer success manager during onboarding.
FBK-006910,CUST-010654,2022-08-27,7,4,Mobile experience,Needs iPad tablet optimization.
FBK-006911,CUST-010655,2024-03-21,0,1,Customer support,Ticket was escalated multiple times without a clear resolution.
FBK-006912,CUST-010657,2024-01-25,6,5,Mobile experience,Needs iPad tablet optimization.
FBK-006913,CUST-010658,2024-08-03,7,4,Mobile experience,Mobile notifications sometimes get delayed.
FBK-006914,CUST-010659,2022-11-12,8,4,Missing features,The core features cover 90% of our workflow needs.
FBK-006915,CUST-010660,2024-05-22,9,2,Mobile experience,Mobile app is lightweight and perfect for on-the-go approvals.
FBK-006916,CUST-010661,2023-05-07,10,4,Performance,Blazing fast sync speeds across distributed teams.
FBK-006917,CUST-010663,2023-06-10,9,3,Performance,Reliable uptime with minimal disruptions.
FBK-006918,CUST-010664,2023-11-10,6,5,Integration,Custom connector setup was frustrating.
FBK-006919,CUST-010667,2023-12-15,6,3,Performance,Occasional lag during peak hours in large file exports.
FBK-006920,CUST-010668,2023-11-07,4,4,Integration,Webhook latency caused duplicate entries in our CRM.
FBK-006921,CUST-010669,2024-03-17,6,4,Performance,Occasional lag during peak hours in large file exports.
FBK-006922,CUST-010671,2024-01-27,10,4,Pricing,"Pricing is fair, but add-on user seats add up quickly."
FBK-006923,CUST-010672,2024-06-17,7,3,Pricing,Monthly plan feels a bit expensive without annual discounts.
FBK-006924,CUST-010673,2024-09-13,9,4,Missing features,The core features cover 90% of our workflow needs.
FBK-006925,CUST-010674,2024-10-09,5,5,Integration,Webhook latency caused duplicate entries in our CRM.
FBK-006926,CUST-010676,2023-10-06,5,4,Integration,Webhook latency caused duplicate entries in our CRM.
FBK-006927,CUST-010677,2022-12-18,4,4,Integration,Custom connector setup was frustrating.
FBK-006928,CUST-010678,2024-03-07,9,2,Integration,Seamless integration with Google Workspace and Salesforce.
FBK-006929,CUST-010679,2023-05-16,10,4,Mobile experience,Mobile app is lightweight and perfect for on-the-go approvals.
FBK-006930,CUST-010682,2022-09-01,10,4,Missing features,The core features cover 90% of our workflow needs.
FBK-006931,CUST-010683,2023-12-13,10,4,Pricing,Great value for money compared to enterprise alternatives.
FBK-006932,CUST-010685,2024-06-16,8,3,Product usability,Intuitive interface and team adopted it within days.
FBK-006933,CUST-010686,2024-02-21,9,4,Pricing,"Pricing is fair, but add-on user seats add up quickly."
FBK-006934,CUST-010688,2023-11-08,5,3,Performance,Occasional lag during peak hours in large file exports.
FBK-006935,CUST-010692,2024-05-10,9,4,Integration,Seamless integration with Google Workspace and Salesforce.
FBK-006936,CUST-010695,2023-01-16,5,2,Integration,Custom connector setup was frustrating.
FBK-006937,CUST-010698,2023-10-21,8,4,Product usability,Intuitive interface and team adopted it within days.
FBK-006938,CUST-010699,2022-03-21,2,2,Customer support,Took too long to get a response on an urgent billing ticket.
FBK-006939,CUST-010700,2024-10-12,10,3,Customer support,Support team resolved our critical issue in under an hour!
FBK-006940,CUST-010701,2023-06-21,4,2,Customer support,Took too long to get a response on an urgent billing ticket.
FBK-006941,CUST-010702,2024-04-03,7,4,Integration,Custom connector setup was frustrating.
FBK-006942,CUST-010703,2022-08-12,4,1,Mobile experience,Needs iPad tablet optimization.
FBK-006943,CUST-010704,2023-09-22,4,3,Integration,Webhook latency caused duplicate entries in our CRM.
FBK-006944,CUST-010705,2024-05-02,6,4,Mobile experience,Needs iPad tablet optimization.
FBK-006945,CUST-010706,2024-06-08,8,4,Pricing,"Pricing is fair, but add-on user seats add up quickly."
FBK-006946,CUST-010707,2024-04-01,7,4,Performance,Slow loading times on large dataset syncs.
FBK-006947,CUST-010708,2024-08-31,10,5,Pricing,Great value for money compared to enterprise alternatives.
FBK-006948,CUST-010709,2024-01-11,7,3,Performance,Slow loading times on large dataset syncs.
FBK-006949,CUST-010712,2024-06-21,10,4,Performance,Blazing fast sync speeds across distributed teams.
FBK-006950,CUST-010713,2022-08-20,7,3,Mobile experience,Mobile notifications sometimes get delayed.
FBK-006951,CUST-010714,2023-09-12,3,1,Pricing,Renewal rate increase was unexpected.
FBK-006952,CUST-010715,2024-04-08,8,4,Pricing,Great value for money compared to enterprise alternatives.
FBK-006953,CUST-010717,2024-04-05,10,5,Product usability,"Great dashboard layout, simplifies our daily standup."
FBK-006954,CUST-010718,2023-09-22,3,1,Integration,Custom connector setup was frustrating.
FBK-006955,CUST-010719,2024-08-14,9,4,Customer support,Support team resolved our critical issue in under an hour!
FBK-006956,CUST-010720,2023-12-19,1,2,Missing features,Missing advanced analytics export to warehouse.
FBK-006957,CUST-010721,2024-07-03,9,5,Pricing,"Pricing is fair, but add-on user seats add up quickly."
FBK-006958,CUST-010725,2024-07-02,5,3,Missing features,Missing advanced analytics export to warehouse.
FBK-006959,CUST-010727,2024-10-11,10,5,Customer support,Support team resolved our critical issue in under an hour!
FBK-006960,CUST-010728,2024-09-24,8,3,Product usability,Intuitive interface and team adopted it within days.
FBK-006961,CUST-010729,2023-06-23,4,3,Mobile experience,Needs iPad tablet optimization.
FBK-006962,CUST-010730,2024-10-28,8,4,Pricing,"Pricing is fair, but add-on user seats add up quickly."
FBK-006963,CUST-010731,2023-11-06,7,5,Missing features,Missing advanced analytics export to warehouse.
FBK-006964,CUST-010732,2023-03-21,8,1,Performance,Blazing fast sync speeds across distributed teams.
FBK-006965,CUST-010734,2023-04-20,6,3,Performance,Slow loading times on large dataset syncs.
FBK-006966,CUST-010736,2023-05-19,10,5,Product usability,Intuitive interface and team adopted it within days.
FBK-006967,CUST-010737,2024-05-14,7,4,Missing features,Missing advanced analytics export to warehouse.
FBK-006968,CUST-010738,2023-11-15,10,2,Performance,Blazing fast sync speeds across distributed teams.
FBK-006969,CUST-010739,2023-11-29,9,3,Performance,Reliable uptime with minimal disruptions.
FBK-006970,CUST-010741,2024-06-25,7,4,Customer support,Ticket was escalated multiple times without a clear resolution.
FBK-006971,CUST-010742,2023-12-24,8,3,Missing features,The core features cover 90% of our workflow needs.
FBK-006972,CUST-010744,2022-12-18,9,3,Mobile experience,Mobile app is lightweight and perfect for on-the-go approvals.
FBK-006973,CUST-010745,2024-06-17,8,3,Mobile experience,Mobile app is lightweight and perfect for on-the-go approvals.
FBK-006974,CUST-010749,2023-06-27,10,5,Product usability,Intuitive interface and team adopted it within days.
FBK-006975,CUST-010750,2023-02-12,3,4,Missing features,Missing advanced analytics export to warehouse.
FBK-006976,CUST-010751,2024-04-14,6,4,Product usability,Steep learning curve for non-technical users.
FBK-006977,CUST-010753,2022-10-16,10,5,Missing features,The core features cover 90% of our workflow needs.
FBK-006978,CUST-010754,2022-04-18,6,3,Performance,Occasional lag during peak hours in large file exports.
FBK-006979,CUST-010756,2024-04-26,1,2,Product usability,UI navigation can be cluttered for new team members.
FBK-006980,CUST-010757,2023-01-15,6,4,Performance,Occasional lag during peak hours in large file exports.
FBK-006981,CUST-010759,2024-10-13,7,4,Pricing,Monthly plan feels a bit expensive without annual discounts.
FBK-006982,CUST-010760,2024-05-14,3,1,Mobile experience,Mobile notifications sometimes get delayed.
FBK-006983,CUST-010761,2023-11-25,8,5,Missing features,The core features cover 90% of our workflow needs.
FBK-006984,CUST-010762,2024-05-24,7,5,Customer support,Took too long to get a response on an urgent billing ticket.
FBK-006985,CUST-010763,2023-08-12,3,2,Pricing,Renewal rate increase was unexpected.
FBK-006986,CUST-010765,2022-06-05,6,2,Customer support,Took too long to get a response on an urgent billing ticket.
FBK-006987,CUST-010767,2023-07-10,7,5,Pricing,Renewal rate increase was unexpected.
FBK-006988,CUST-010768,2024-05-05,6,5,Customer support,Ticket was escalated multiple times without a clear resolution.
FBK-006989,CUST-010770,2022-09-26,9,5,Integration,API documentation is top notch and easy to implement.
FBK-006990,CUST-010771,2023-09-01,7,5,Mobile experience,Mobile notifications sometimes get delayed.
FBK-006991,CUST-010772,2024-06-12,6,4,Integration,Webhook latency caused duplicate entries in our CRM.
FBK-006992,CUST-010774,2024-05-07,10,3,Pricing,Great value for money compared to enterprise alternatives.
FBK-006993,CUST-010775,2024-05-01,6,4,Pricing,Renewal rate increase was unexpected.
FBK-006994,CUST-010776,2024-04-20,8,5,Product usability,Intuitive interface and team adopted it within days.
FBK-006995,CUST-010778,2023-08-28,7,4,Mobile experience,Mobile notifications sometimes get delayed.
FBK-006996,CUST-010780,2024-07-19,7,3,Mobile experience,Needs iPad tablet optimization.
FBK-006997,CUST-010781,2023-03-23,6,4,Customer support,Took too long to get a response on an urgent billing ticket.
FBK-006998,CUST-010782,2023-06-03,10,5,Pricing,Great value for money compared to enterprise alternatives.
FBK-006999,CUST-010783,2024-02-09,1,2,Integration,Webhook latency caused duplicate entries in our CRM.
FBK-007000,CUST-010787,2023-05-05,10,4,Performance,Blazing fast sync speeds across distributed teams.
FBK-007001,CUST-010788,2023-09-12,8,3,Missing features,The core features cover 90% of our workflow needs.
FBK-007002,CUST-010789,2023-11-11,6,3,Pricing,Renewal rate increase was unexpected.
FBK-007003,CUST-010790,2024-04-03,7,4,Mobile experience,Mobile notifications sometimes get delayed.
FBK-007004,CUST-010791,2024-08-20,5,3,Integration,Custom connector setup was frustrating.
FBK-007005,CUST-010792,2024-05-10,4,1,Integration,Custom connector setup was frustrating.
FBK-007006,CUST-010793,2024-09-20,7,3,Customer support,Took too long to get a response on an urgent billing ticket.
FBK-007007,CUST-010794,2024-07-28,9,2,Pricing,Great value for money compared to enterprise alternatives.
FBK-007008,CUST-010795,2023-11-04,6,2,Missing features,Missing advanced analytics export to warehouse.
FBK-007009,CUST-010796,2024-04-14,7,5,Missing features,Missing advanced analytics export to warehouse.
FBK-007010,CUST-010797,2024-03-22,5,3,Performance,Occasional lag during peak hours in large file exports.
FBK-007011,CUST-010798,2022-04-11,3,1,Customer support,Ticket was escalated multiple times without a clear resolution.
FBK-007012,CUST-010799,2023-09-14,0,1,Pricing,Renewal rate increase was unexpected.
FBK-007013,CUST-010801,2023-06-26,2,2,Mobile experience,Mobile notifications sometimes get delayed.
FBK-007014,CUST-010802,2024-05-05,8,4,Missing features,The core features cover 90% of our workflow needs.
FBK-007015,CUST-010804,2024-08-12,6,4,Pricing,Monthly plan feels a bit expensive without annual discounts.
FBK-007016,CUST-010806,2024-04-26,8,4,Mobile experience,"Clean mobile UI, very responsive."
FBK-007017,CUST-010807,2024-03-17,9,4,Customer support,Helpful customer success manager during onboarding.
FBK-007018,CUST-010808,2024-08-13,1,1,Customer support,Ticket was escalated multiple times without a clear resolution.
FBK-007019,CUST-010809,2024-08-13,9,4,Pricing,Great value for money compared to enterprise alternatives.
FBK-007020,CUST-010810,2022-08-05,5,3,Customer support,Took too long to get a response on an urgent billing ticket.
FBK-007021,CUST-010811,2024-08-25,3,2,Integration,Webhook latency caused duplicate entries in our CRM.
FBK-007022,CUST-010814,2024-03-17,9,5,Performance,Blazing fast sync speeds across distributed teams.
FBK-007023,CUST-010815,2024-06-27,10,5,Customer support,Helpful customer success manager during onboarding.
FBK-007024,CUST-010816,2023-07-18,4,1,Customer support,Took too long to get a response on an urgent billing ticket.
FBK-007025,CUST-010817,2024-01-25,7,3,Missing features,Missing advanced analytics export to warehouse.
FBK-007026,CUST-010818,2023-09-08,1,3,Product usability,Steep learning curve for non-technical users.
FBK-007027,CUST-010819,2023-12-11,8,3,Pricing,"Pricing is fair, but add-on user seats add up quickly."
FBK-007028,CUST-010820,2024-04-10,8,4,Missing features,The core features cover 90% of our workflow needs.
FBK-007029,CUST-010824,2024-08-25,8,4,Mobile experience,"Clean mobile UI, very responsive."
FBK-007030,CUST-010825,2024-05-14,7,3,Mobile experience,Mobile notifications sometimes get delayed.
FBK-007031,CUST-010826,2024-05-17,9,4,Product usability,Intuitive interface and team adopted it within days.
FBK-007032,CUST-010828,2024-05-11,6,4,Pricing,Monthly plan feels a bit expensive without annual discounts.
FBK-007033,CUST-010829,2024-01-03,6,3,Missing features,Missing advanced analytics export to warehouse.
FBK-007034,CUST-010831,2024-09-06,7,3,Product usability,Steep learning curve for non-technical users.
FBK-007035,CUST-010834,2023-11-09,4,1,Mobile experience,Needs iPad tablet optimization.
FBK-007036,CUST-010835,2023-07-24,5,3,Performance,Slow loading times on large dataset syncs.
FBK-007037,CUST-010838,2024-08-11,8,3,Product usability,Intuitive interface and team adopted it within days.
FBK-007038,CUST-010839,2024-08-25,10,3,Product usability,Intuitive interface and team adopted it within days.
FBK-007039,CUST-010840,2023-04-17,7,4,Customer support,Ticket was escalated multiple times without a clear resolution.
FBK-007040,CUST-010841,2024-06-11,7,4,Missing features,Missing advanced analytics export to warehouse.
FBK-007041,CUST-010842,2024-07-30,7,4,Performance,Slow loading times on large dataset syncs.
FBK-007042,CUST-010845,2024-05-04,3,1,Customer support,Ticket was escalated multiple times without a clear resolution.
FBK-007043,CUST-010846,2024-07-26,8,4,Customer support,Helpful customer success manager during onboarding.
FBK-007044,CUST-010848,2024-02-16,7,5,Customer support,Ticket was escalated multiple times without a clear resolution.
FBK-007045,CUST-010849,2024-05-27,8,4,Mobile experience,Mobile app is lightweight and perfect for on-the-go approvals.
FBK-007046,CUST-010851,2024-07-18,6,4,Mobile experience,Needs iPad tablet optimization.
FBK-007047,CUST-010853,2023-02-03,2,1,Integration,Custom connector setup was frustrating.
FBK-007048,CUST-010854,2024-08-15,5,5,Mobile experience,Needs iPad tablet optimization.
FBK-007049,CUST-010856,2024-04-19,5,5,Missing features,Missing advanced analytics export to warehouse.
FBK-007050,CUST-010859,2024-03-28,9,4,Missing features,The core features cover 90% of our workflow needs.
FBK-007051,CUST-010860,2024-03-22,6,5,Customer support,Took too long to get a response on an urgent billing ticket.
FBK-007052,CUST-010861,2023-06-27,6,4,Customer support,Took too long to get a response on an urgent billing ticket.
FBK-007053,CUST-010862,2023-04-29,10,2,Integration,Seamless integration with Google Workspace and Salesforce.
FBK-007054,CUST-010863,2023-07-17,7,3,Product usability,UI navigation can be cluttered for new team members.
FBK-007055,CUST-010864,2024-02-23,9,3,Integration,API documentation is top notch and easy to implement.
FBK-007056,CUST-010865,2023-04-23,4,3,Integration,Webhook latency caused duplicate entries in our CRM.
FBK-007057,CUST-010866,2024-05-30,8,4,Integration,Seamless integration with Google Workspace and Salesforce.
FBK-007058,CUST-010867,2024-04-12,2,2,Pricing,Renewal rate increase was unexpected.
FBK-007059,CUST-010868,2024-11-15,7,3,Performance,Slow loading times on large dataset syncs.
FBK-007060,CUST-010870,2023-04-20,5,3,Product usability,Steep learning curve for non-technical users.
FBK-007061,CUST-010873,2022-08-01,2,1,Pricing,Monthly plan feels a bit expensive without annual discounts.
FBK-007062,CUST-010874,2022-08-11,4,2,Product usability,UI navigation can be cluttered for new team members.
FBK-007063,CUST-010877,2023-04-22,8,4,Integration,API documentation is top notch and easy to implement.
FBK-007064,CUST-010878,2023-01-28,0,2,Customer support,Took too long to get a response on an urgent billing ticket.
FBK-007065,CUST-010879,2023-04-17,0,1,Product usability,UI navigation can be cluttered for new team members.
FBK-007066,CUST-010880,2024-08-03,6,3,Product usability,Steep learning curve for non-technical users.
FBK-007067,CUST-010881,2024-03-15,9,5,Integration,Seamless integration with Google Workspace and Salesforce.
FBK-007068,CUST-010882,2022-07-19,9,3,Customer support,Support team resolved our critical issue in under an hour!
FBK-007069,CUST-010884,2024-07-18,8,4,Integration,API documentation is top notch and easy to implement.
FBK-007070,CUST-010886,2023-07-08,2,1,Product usability,UI navigation can be cluttered for new team members.
FBK-007071,CUST-010887,2024-02-25,9,4,Performance,Blazing fast sync speeds across distributed teams.
FBK-007072,CUST-010889,2022-09-10,8,4,Product usability,Intuitive interface and team adopted it within days.
FBK-007073,CUST-010890,2024-05-28,6,4,Integration,Webhook latency caused duplicate entries in our CRM.
FBK-007074,CUST-010891,2024-03-29,9,2,Mobile experience,"Clean mobile UI, very responsive."
FBK-007075,CUST-010892,2023-12-01,7,4,Product usability,Steep learning curve for non-technical users.
FBK-007076,CUST-010893,2023-11-26,2,1,Integration,Webhook latency caused duplicate entries in our CRM.
FBK-007077,CUST-010894,2023-01-14,6,3,Customer support,Took too long to get a response on an urgent billing ticket.
FBK-007078,CUST-010898,2023-10-11,4,3,Product usability,UI navigation can be cluttered for new team members.
FBK-007079,CUST-010899,2022-04-03,5,1,Pricing,Renewal rate increase was unexpected.
FBK-007080,CUST-010900,2023-11-01,4,1,Customer support,Took too long to get a response on an urgent billing ticket.
FBK-007081,CUST-010901,2022-08-19,10,4,Integration,API documentation is top notch and easy to implement.
FBK-007082,CUST-010904,2024-05-24,2,1,Product usability,Steep learning curve for non-technical users.
FBK-007083,CUST-010906,2024-06-17,9,5,Performance,Blazing fast sync speeds across distributed teams.
FBK-007084,CUST-010907,2024-06-08,5,4,Pricing,Monthly plan feels a bit expensive without annual discounts.
FBK-007085,CUST-010909,2024-07-24,4,5,Performance,Slow loading times on large dataset syncs.
FBK-007086,CUST-010910,2024-09-28,6,4,Customer support,Ticket was escalated multiple times without a clear resolution.
FBK-007087,CUST-010911,2024-06-07,9,4,Performance,Reliable uptime with minimal disruptions.
FBK-007088,CUST-010914,2024-01-14,2,2,Performance,Occasional lag during peak hours in large file exports.
FBK-007089,CUST-010915,2024-07-23,5,1,Missing features,Missing advanced analytics export to warehouse.
FBK-007090,CUST-010916,2023-05-05,9,4,Pricing,"Pricing is fair, but add-on user seats add up quickly."
FBK-007091,CUST-010917,2024-06-28,7,4,Performance,Occasional lag during peak hours in large file exports.
FBK-007092,CUST-010918,2023-07-16,3,4,Missing features,Missing advanced analytics export to warehouse.
FBK-007093,CUST-010919,2023-06-21,0,1,Pricing,Renewal rate increase was unexpected.
FBK-007094,CUST-010920,2023-06-05,5,4,Missing features,Missing advanced analytics export to warehouse.
FBK-007095,CUST-010923,2024-03-15,6,4,Missing features,Missing advanced analytics export to warehouse.
FBK-007096,CUST-010926,2024-04-21,9,4,Pricing,Great value for money compared to enterprise alternatives.
FBK-007097,CUST-010930,2024-04-10,7,4,Performance,Slow loading times on large dataset syncs.
FBK-007098,CUST-010931,2023-04-04,7,4,Pricing,Renewal rate increase was unexpected.
FBK-007099,CUST-010932,2023-01-31,8,5,Product usability,"Great dashboard layout, simplifies our daily standup."
FBK-007100,CUST-010933,2024-01-07,7,4,Integration,Webhook latency caused duplicate entries in our CRM.
FBK-007101,CUST-010934,2022-10-12,7,5,Pricing,Renewal rate increase was unexpected.
FBK-007102,CUST-010935,2024-05-24,10,3,Pricing,"Pricing is fair, but add-on user seats add up quickly."
FBK-007103,CUST-010936,2024-01-26,8,5,Performance,Blazing fast sync speeds across distributed teams.
FBK-007104,CUST-010939,2024-09-07,6,4,Integration,Webhook latency caused duplicate entries in our CRM.
FBK-007105,CUST-010944,2024-03-05,7,2,Integration,Custom connector setup was frustrating.
FBK-007106,CUST-010945,2023-10-06,8,4,Performance,Reliable uptime with minimal disruptions.
FBK-007107,CUST-010947,2024-07-13,7,3,Customer support,Took too long to get a response on an urgent billing ticket.
FBK-007108,CUST-010949,2022-10-25,7,2,Product usability,UI navigation can be cluttered for new team members.
FBK-007109,CUST-010952,2024-04-23,8,4,Customer support,Helpful customer success manager during onboarding.
FBK-007110,CUST-010953,2024-01-30,4,3,Missing features,Missing advanced analytics export to warehouse.
FBK-007111,CUST-010954,2024-05-08,10,4,Pricing,"Pricing is fair, but add-on user seats add up quickly."
FBK-007112,CUST-010955,2024-03-11,9,3,Pricing,Great value for money compared to enterprise alternatives.
FBK-007113,CUST-010957,2023-10-15,7,3,Customer support,Ticket was escalated multiple times without a clear resolution.
FBK-007114,CUST-010958,2022-10-01,5,2,Pricing,Renewal rate increase was unexpected.
FBK-007115,CUST-010959,2024-07-27,9,4,Pricing,Great value for money compared to enterprise alternatives.
FBK-007116,CUST-010960,2023-08-26,10,4,Performance,Reliable uptime with minimal disruptions.
FBK-007117,CUST-010962,2023-08-16,5,3,Integration,Webhook latency caused duplicate entries in our CRM.
FBK-007118,CUST-010963,2023-09-14,10,4,Pricing,Great value for money compared to enterprise alternatives.
FBK-007119,CUST-010966,2022-12-24,6,4,Customer support,Ticket was escalated multiple times without a clear resolution.
FBK-007120,CUST-010967,2022-11-26,1,1,Integration,Custom connector setup was frustrating.
FBK-007121,CUST-010968,2022-11-27,6,5,Integration,Webhook latency caused duplicate entries in our CRM.
FBK-007122,CUST-010971,2022-06-12,6,4,Product usability,UI navigation can be cluttered for new team members.
FBK-007123,CUST-010973,2023-11-05,7,5,Mobile experience,Mobile notifications sometimes get delayed.
FBK-007124,CUST-010974,2024-05-24,10,4,Customer support,Support team resolved our critical issue in under an hour!
FBK-007125,CUST-010976,2024-02-08,10,4,Mobile experience,"Clean mobile UI, very responsive."
FBK-007126,CUST-010977,2024-01-22,7,3,Performance,Slow loading times on large dataset syncs.
FBK-007127,CUST-010978,2024-06-21,0,2,Pricing,Monthly plan feels a bit expensive without annual discounts.
FBK-007128,CUST-010979,2023-07-02,7,4,Product usability,Steep learning curve for non-technical users.
FBK-007129,CUST-010980,2024-01-21,4,2,Pricing,Monthly plan feels a bit expensive without annual discounts.
FBK-007130,CUST-010983,2024-07-02,7,4,Pricing,Monthly plan feels a bit expensive without annual discounts.
FBK-007131,CUST-010985,2022-12-23,2,1,Product usability,Steep learning curve for non-technical users.
FBK-007132,CUST-010988,2024-05-28,6,2,Customer support,Took too long to get a response on an urgent billing ticket.
FBK-007133,CUST-010991,2023-09-29,5,1,Integration,Webhook latency caused duplicate entries in our CRM.
FBK-007134,CUST-010992,2022-06-23,0,2,Missing features,Missing advanced analytics export to warehouse.
FBK-007135,CUST-010994,2023-10-20,7,5,Performance,Slow loading times on large dataset syncs.
FBK-007136,CUST-010995,2023-01-31,1,3,Pricing,Monthly plan feels a bit expensive without annual discounts.
FBK-007137,CUST-010996,2024-04-06,3,3,Pricing,Monthly plan feels a bit expensive without annual discounts.
FBK-007138,CUST-010998,2023-10-08,8,3,Product usability,"Great dashboard layout, simplifies our daily standup."
FBK-007139,CUST-011002,2023-01-24,8,4,Performance,Reliable uptime with minimal disruptions.
FBK-007140,CUST-011003,2024-04-03,7,1,Integration,Custom connector setup was frustrating.
FBK-007141,CUST-011004,2024-07-18,9,5,Pricing,Great value for money compared to enterprise alternatives.
FBK-007142,CUST-011005,2023-01-10,10,4,Product usability,"Great dashboard layout, simplifies our daily standup."
FBK-007143,CUST-011006,2024-10-11,9,4,Performance,Blazing fast sync speeds across distributed teams.
FBK-007144,CUST-011007,2022-06-22,6,5,Pricing,Renewal rate increase was unexpected.
FBK-007145,CUST-011009,2022-06-14,8,3,Pricing,Great value for money compared to enterprise alternatives.
FBK-007146,CUST-011010,2024-04-28,3,3,Product usability,UI navigation can be cluttered for new team members.
FBK-007147,CUST-011013,2023-04-20,8,4,Integration,API documentation is top notch and easy to implement.
FBK-007148,CUST-011015,2024-03-29,8,5,Product usability,"Great dashboard layout, simplifies our daily standup."
FBK-007149,CUST-011016,2023-02-03,1,1,Missing features,Missing advanced analytics export to warehouse.
FBK-007150,CUST-011017,2024-06-13,7,4,Mobile experience,Needs iPad tablet optimization.
FBK-007151,CUST-011018,2024-10-03,10,3,Missing features,The core features cover 90% of our workflow needs.
FBK-007152,CUST-011020,2023-05-03,1,3,Missing features,Missing advanced analytics export to warehouse.
FBK-007153,CUST-011021,2023-06-22,8,2,Mobile experience,"Clean mobile UI, very responsive."
FBK-007154,CUST-011022,2023-11-24,10,3,Mobile experience,Mobile app is lightweight and perfect for on-the-go approvals.
FBK-007155,CUST-011024,2024-03-26,8,3,Integration,API documentation is top notch and easy to implement.
FBK-007156,CUST-011025,2023-02-22,0,2,Performance,Occasional lag during peak hours in large file exports.
FBK-007157,CUST-011027,2024-02-23,7,3,Integration,Custom connector setup was frustrating.
FBK-007158,CUST-011028,2023-07-28,7,5,Customer support,Took too long to get a response on an urgent billing ticket.
FBK-007159,CUST-011029,2024-01-08,8,4,Customer support,Support team resolved our critical issue in under an hour!
FBK-007160,CUST-011030,2024-10-15,9,4,Customer support,Helpful customer success manager during onboarding.
FBK-007161,CUST-011031,2022-11-06,10,3,Performance,Blazing fast sync speeds across distributed teams.
FBK-007162,CUST-011032,2023-11-23,1,1,Integration,Custom connector setup was frustrating.
FBK-007163,CUST-011033,2023-10-23,2,2,Product usability,Steep learning curve for non-technical users.
FBK-007164,CUST-011034,2024-10-23,6,3,Mobile experience,Mobile notifications sometimes get delayed.
FBK-007165,CUST-011035,2022-09-24,4,2,Product usability,Steep learning curve for non-technical users.
FBK-007166,CUST-011036,2024-10-05,9,4,Missing features,The core features cover 90% of our workflow needs.
FBK-007167,CUST-011037,2023-06-27,10,3,Performance,Blazing fast sync speeds across distributed teams.
FBK-007168,CUST-011041,2022-10-07,6,1,Customer support,Took too long to get a response on an urgent billing ticket.
FBK-007169,CUST-011042,2023-07-28,7,4,Performance,Slow loading times on large dataset syncs.
FBK-007170,CUST-011043,2024-05-17,7,5,Customer support,Ticket was escalated multiple times without a clear resolution.
FBK-007171,CUST-011044,2024-06-09,4,2,Performance,Slow loading times on large dataset syncs.
FBK-007172,CUST-011045,2024-08-24,7,2,Product usability,UI navigation can be cluttered for new team members.
FBK-007173,CUST-011047,2023-03-11,6,4,Integration,Custom connector setup was frustrating.
FBK-007174,CUST-011049,2024-07-14,8,5,Customer support,Helpful customer success manager during onboarding.
FBK-007175,CUST-011050,2024-07-28,5,4,Pricing,Renewal rate increase was unexpected.
FBK-007176,CUST-011052,2023-03-15,8,3,Customer support,Helpful customer success manager during onboarding.
FBK-007177,CUST-011053,2023-02-13,1,2,Performance,Slow loading times on large dataset syncs.
FBK-007178,CUST-011055,2024-09-06,10,4,Product usability,Intuitive interface and team adopted it within days.
FBK-007179,CUST-011056,2023-08-25,6,3,Mobile experience,Needs iPad tablet optimization.
FBK-007180,CUST-011058,2023-05-10,9,4,Integration,Seamless integration with Google Workspace and Salesforce.
FBK-007181,CUST-011061,2024-04-21,5,2,Customer support,Ticket was escalated multiple times without a clear resolution.
FBK-007182,CUST-011062,2024-07-27,5,1,Integration,Webhook latency caused duplicate entries in our CRM.
FBK-007183,CUST-011064,2022-12-02,2,3,Customer support,Ticket was escalated multiple times without a clear resolution.
FBK-007184,CUST-011067,2024-11-07,7,5,Integration,Webhook latency caused duplicate entries in our CRM.
FBK-007185,CUST-011069,2023-12-19,3,1,Missing features,Missing advanced analytics export to warehouse.
FBK-007186,CUST-011070,2023-10-26,10,4,Mobile experience,Mobile app is lightweight and perfect for on-the-go approvals.
FBK-007187,CUST-011073,2023-01-24,2,1,Mobile experience,Needs iPad tablet optimization.
FBK-007188,CUST-011074,2024-07-25,7,4,Performance,Slow loading times on large dataset syncs.
FBK-007189,CUST-011076,2024-05-25,7,5,Performance,Occasional lag during peak hours in large file exports.
FBK-007190,CUST-011077,2024-02-15,9,3,Customer support,Helpful customer success manager during onboarding.
FBK-007191,CUST-011078,2024-01-27,1,3,Customer support,Ticket was escalated multiple times without a clear resolution.
FBK-007192,CUST-011079,2022-11-28,6,4,Customer support,Took too long to get a response on an urgent billing ticket.
FBK-007193,CUST-011080,2024-07-14,10,4,Product usability,Intuitive interface and team adopted it within days.
FBK-007194,CUST-011081,2024-05-29,4,3,Integration,Webhook latency caused duplicate entries in our CRM.
FBK-007195,CUST-011084,2024-01-06,7,3,Missing features,Missing advanced analytics export to warehouse.
FBK-007196,CUST-011088,2024-05-29,7,3,Missing features,Missing advanced analytics export to warehouse.
FBK-007197,CUST-011089,2023-12-13,9,4,Customer support,Helpful customer success manager during onboarding.
FBK-007198,CUST-011090,2023-08-28,5,2,Mobile experience,Needs iPad tablet optimization.
FBK-007199,CUST-011091,2024-09-19,9,4,Mobile experience,Mobile app is lightweight and perfect for on-the-go approvals.
FBK-007200,CUST-011092,2024-02-21,9,3,Mobile experience,"Clean mobile UI, very responsive."
FBK-007201,CUST-011094,2023-07-26,7,4,Product usability,Steep learning curve for non-technical users.
FBK-007202,CUST-011095,2022-05-27,6,3,Missing features,Missing advanced analytics export to warehouse.
FBK-007203,CUST-011096,2024-08-16,7,4,Performance,Slow loading times on large dataset syncs.
FBK-007204,CUST-011097,2024-04-18,5,2,Mobile experience,Needs iPad tablet optimization.
FBK-007205,CUST-011098,2024-03-02,6,3,Pricing,Renewal rate increase was unexpected.
FBK-007206,CUST-011099,2024-06-30,7,4,Missing features,Missing advanced analytics export to warehouse.
FBK-007207,CUST-011100,2023-08-31,8,3,Product usability,"Great dashboard layout, simplifies our daily standup."
FBK-007208,CUST-011102,2024-09-26,0,1,Mobile experience,Needs iPad tablet optimization.
FBK-007209,CUST-011103,2023-08-10,7,4,Integration,Custom connector setup was frustrating.
FBK-007210,CUST-011104,2024-06-13,9,4,Pricing,Great value for money compared to enterprise alternatives.
FBK-007211,CUST-011105,2023-07-08,8,3,Product usability,"Great dashboard layout, simplifies our daily standup."
FBK-007212,CUST-011107,2024-05-30,10,4,Missing features,The core features cover 90% of our workflow needs.
FBK-007213,CUST-011108,2024-10-01,9,3,Mobile experience,"Clean mobile UI, very responsive."
FBK-007214,CUST-011113,2023-09-24,7,5,Mobile experience,Needs iPad tablet optimization.
FBK-007215,CUST-011114,2023-12-27,9,4,Integration,Seamless integration with Google Workspace and Salesforce.
FBK-007216,CUST-011116,2024-07-27,7,2,Mobile experience,Mobile notifications sometimes get delayed.
FBK-007217,CUST-011117,2023-04-05,8,3,Integration,API documentation is top notch and easy to implement.
FBK-007218,CUST-011119,2023-11-12,8,3,Missing features,The core features cover 90% of our workflow needs.
FBK-007219,CUST-011121,2024-07-03,6,4,Mobile experience,Mobile notifications sometimes get delayed.
FBK-007220,CUST-011122,2023-10-29,7,5,Customer support,Ticket was escalated multiple times without a clear resolution.
FBK-007221,CUST-011124,2023-11-03,10,4,Customer support,Helpful customer success manager during onboarding.
FBK-007222,CUST-011126,2022-09-17,3,1,Product usability,Steep learning curve for non-technical users.
FBK-007223,CUST-011127,2024-06-12,6,4,Integration,Custom connector setup was frustrating.
FBK-007224,CUST-011128,2023-11-27,9,4,Integration,API documentation is top notch and easy to implement.
FBK-007225,CUST-011129,2024-09-19,6,4,Pricing,Renewal rate increase was unexpected.
FBK-007226,CUST-011132,2024-03-31,8,4,Integration,API documentation is top notch and easy to implement.
FBK-007227,CUST-011133,2024-08-22,6,5,Pricing,Monthly plan feels a bit expensive without annual discounts.
FBK-007228,CUST-011134,2024-05-29,8,3,Mobile experience,Mobile app is lightweight and perfect for on-the-go approvals.
FBK-007229,CUST-011135,2023-06-16,4,1,Customer support,Ticket was escalated multiple times without a clear resolution.
FBK-007230,CUST-011137,2022-07-12,9,4,Pricing,"Pricing is fair, but add-on user seats add up quickly."
FBK-007231,CUST-011138,2023-09-19,8,3,Mobile experience,"Clean mobile UI, very responsive."
FBK-007232,CUST-011139,2024-02-19,10,5,Pricing,Great value for money compared to enterprise alternatives.
FBK-007233,CUST-011142,2024-06-21,8,4,Product usability,"Great dashboard layout, simplifies our daily standup."
FBK-007234,CUST-011143,2023-05-06,8,5,Pricing,Great value for money compared to enterprise alternatives.
FBK-007235,CUST-011144,2024-04-22,6,4,Performance,Slow loading times on large dataset syncs.
FBK-007236,CUST-011145,2023-02-17,8,5,Mobile experience,Mobile app is lightweight and perfect for on-the-go approvals.
FBK-007237,CUST-011146,2023-05-10,4,1,Missing features,Missing advanced analytics export to warehouse.
FBK-007238,CUST-011147,2024-04-19,9,3,Performance,Reliable uptime with minimal disruptions.
FBK-007239,CUST-011148,2024-04-29,8,5,Missing features,The core features cover 90% of our workflow needs.
FBK-007240,CUST-011150,2023-06-10,4,1,Product usability,Steep learning curve for non-technical users.
FBK-007241,CUST-011151,2024-08-08,8,3,Missing features,The core features cover 90% of our workflow needs.
FBK-007242,CUST-011154,2023-10-10,1,3,Product usability,Steep learning curve for non-technical users.
FBK-007243,CUST-011155,2023-02-19,0,1,Integration,Custom connector setup was frustrating.
FBK-007244,CUST-011156,2024-06-21,9,4,Customer support,Support team resolved our critical issue in under an hour!
FBK-007245,CUST-011158,2022-08-19,9,4,Performance,Blazing fast sync speeds across distributed teams.
FBK-007246,CUST-011159,2022-04-11,0,2,Product usability,Steep learning curve for non-technical users.
FBK-007247,CUST-011160,2024-07-14,9,3,Performance,Reliable uptime with minimal disruptions.
FBK-007248,CUST-011161,2024-04-26,7,3,Missing features,Missing advanced analytics export to warehouse.
FBK-007249,CUST-011162,2024-05-31,3,2,Customer support,Took too long to get a response on an urgent billing ticket.
FBK-007250,CUST-011163,2022-09-17,9,3,Performance,Blazing fast sync speeds across distributed teams.
FBK-007251,CUST-011169,2022-11-22,4,1,Performance,Slow loading times on large dataset syncs.
FBK-007252,CUST-011170,2024-01-30,3,2,Missing features,Missing advanced analytics export to warehouse.
FBK-007253,CUST-011171,2023-12-20,2,1,Missing features,Missing advanced analytics export to warehouse.
FBK-007254,CUST-011174,2023-09-13,10,4,Performance,Reliable uptime with minimal disruptions.
FBK-007255,CUST-011175,2024-08-28,6,5,Pricing,Renewal rate increase was unexpected.
FBK-007256,CUST-011176,2023-05-20,7,3,Pricing,Monthly plan feels a bit expensive without annual discounts.
FBK-007257,CUST-011179,2024-07-12,7,3,Customer support,Ticket was escalated multiple times without a clear resolution.
FBK-007258,CUST-011180,2024-02-22,6,4,Pricing,Renewal rate increase was unexpected.
FBK-007259,CUST-011182,2023-12-20,5,4,Missing features,Missing advanced analytics export to warehouse.
FBK-007260,CUST-011183,2024-01-15,10,5,Performance,Blazing fast sync speeds across distributed teams.
FBK-007261,CUST-011186,2024-04-30,5,3,Integration,Custom connector setup was frustrating.
FBK-007262,CUST-011187,2023-04-12,6,1,Pricing,Monthly plan feels a bit expensive without annual discounts.
FBK-007263,CUST-011189,2024-04-23,8,2,Pricing,Great value for money compared to enterprise alternatives.
FBK-007264,CUST-011192,2023-01-12,8,4,Performance,Blazing fast sync speeds across distributed teams.
FBK-007265,CUST-011193,2023-05-29,7,3,Customer support,Ticket was escalated multiple times without a clear resolution.
FBK-007266,CUST-011195,2024-10-05,1,2,Product usability,Steep learning curve for non-technical users.
FBK-007267,CUST-011196,2023-09-23,8,3,Missing features,The core features cover 90% of our workflow needs.
FBK-007268,CUST-011197,2024-09-18,7,4,Pricing,Renewal rate increase was unexpected.
FBK-007269,CUST-011198,2024-05-28,7,4,Pricing,Renewal rate increase was unexpected.
FBK-007270,CUST-011199,2023-05-22,3,1,Mobile experience,Mobile notifications sometimes get delayed.
FBK-007271,CUST-011201,2024-07-02,4,2,Product usability,UI navigation can be cluttered for new team members.
FBK-007272,CUST-011203,2023-12-09,6,5,Customer support,Took too long to get a response on an urgent billing ticket.
FBK-007273,CUST-011204,2024-02-20,10,4,Pricing,Great value for money compared to enterprise alternatives.
FBK-007274,CUST-011208,2022-11-19,7,3,Integration,Custom connector setup was frustrating.
FBK-007275,CUST-011211,2023-06-13,10,5,Performance,Reliable uptime with minimal disruptions.
FBK-007276,CUST-011213,2022-12-23,9,5,Integration,API documentation is top notch and easy to implement.
FBK-007277,CUST-011215,2023-09-13,7,5,Mobile experience,Mobile notifications sometimes get delayed.
FBK-007278,CUST-011219,2023-03-30,9,4,Integration,API documentation is top notch and easy to implement.
FBK-007279,CUST-011220,2024-07-05,7,2,Missing features,Missing advanced analytics export to warehouse.
FBK-007280,CUST-011223,2023-10-30,5,4,Integration,Webhook latency caused duplicate entries in our CRM.
FBK-007281,CUST-011224,2023-04-20,10,3,Integration,API documentation is top notch and easy to implement.
FBK-007282,CUST-011229,2024-04-17,7,4,Pricing,Monthly plan feels a bit expensive without annual discounts.
FBK-007283,CUST-011230,2023-04-20,5,2,Missing features,Missing advanced analytics export to warehouse.
FBK-007284,CUST-011232,2024-02-05,8,3,Mobile experience,Mobile app is lightweight and perfect for on-the-go approvals.
FBK-007285,CUST-011234,2023-05-30,8,4,Mobile experience,Mobile app is lightweight and perfect for on-the-go approvals.
FBK-007286,CUST-011235,2024-03-29,9,4,Missing features,The core features cover 90% of our workflow needs.
FBK-007287,CUST-011236,2024-09-23,9,4,Customer support,Helpful customer success manager during onboarding.
FBK-007288,CUST-011237,2024-07-25,9,4,Integration,Seamless integration with Google Workspace and Salesforce.
FBK-007289,CUST-011239,2023-12-27,5,1,Missing features,Missing advanced analytics export to warehouse.
FBK-007290,CUST-011240,2023-11-11,8,3,Product usability,Intuitive interface and team adopted it within days.
FBK-007291,CUST-011241,2024-06-22,7,4,Customer support,Took too long to get a response on an urgent billing ticket.
FBK-007292,CUST-011242,2024-09-03,9,5,Integration,Seamless integration with Google Workspace and Salesforce.
FBK-007293,CUST-011243,2024-03-09,1,1,Mobile experience,Needs iPad tablet optimization.
FBK-007294,CUST-011244,2024-01-24,6,5,Pricing,Renewal rate increase was unexpected.
FBK-007295,CUST-011245,2024-05-10,5,5,Customer support,Ticket was escalated multiple times without a clear resolution.
FBK-007296,CUST-011246,2024-08-07,6,5,Integration,Custom connector setup was frustrating.
FBK-007297,CUST-011247,2024-06-23,5,2,Mobile experience,Needs iPad tablet optimization.
FBK-007298,CUST-011248,2023-06-02,10,5,Missing features,The core features cover 90% of our workflow needs.
FBK-007299,CUST-011249,2024-03-12,2,4,Missing features,Missing advanced analytics export to warehouse.
FBK-007300,CUST-011250,2023-07-10,0,2,Pricing,Renewal rate increase was unexpected.
FBK-007301,CUST-011252,2024-01-27,6,4,Customer support,Took too long to get a response on an urgent billing ticket.
FBK-007302,CUST-011253,2023-06-13,0,2,Pricing,Monthly plan feels a bit expensive without annual discounts.
FBK-007303,CUST-011255,2023-09-14,5,3,Pricing,Renewal rate increase was unexpected.
FBK-007304,CUST-011256,2022-11-19,1,1,Customer support,Took too long to get a response on an urgent billing ticket.
FBK-007305,CUST-011257,2022-09-06,2,1,Mobile experience,Mobile notifications sometimes get delayed.
FBK-007306,CUST-011258,2024-06-15,6,5,Mobile experience,Mobile notifications sometimes get delayed.
FBK-007307,CUST-011260,2022-03-27,5,1,Pricing,Monthly plan feels a bit expensive without annual discounts.
FBK-007308,CUST-011261,2023-06-09,2,3,Integration,Custom connector setup was frustrating.
FBK-007309,CUST-011262,2024-04-18,3,4,Mobile experience,Needs iPad tablet optimization.
FBK-007310,CUST-011264,2023-04-14,7,3,Performance,Occasional lag during peak hours in large file exports.
FBK-007311,CUST-011265,2023-04-18,5,2,Mobile experience,Mobile notifications sometimes get delayed.
FBK-007312,CUST-011269,2023-08-03,6,5,Integration,Custom connector setup was frustrating.
FBK-007313,CUST-011270,2022-09-07,6,1,Product usability,UI navigation can be cluttered for new team members.
FBK-007314,CUST-011271,2023-06-07,9,4,Performance,Reliable uptime with minimal disruptions.
FBK-007315,CUST-011272,2022-08-19,5,1,Integration,Webhook latency caused duplicate entries in our CRM.
FBK-007316,CUST-011273,2023-07-04,5,4,Mobile experience,Mobile notifications sometimes get delayed.
FBK-007317,CUST-011274,2023-06-01,7,3,Pricing,Renewal rate increase was unexpected.
FBK-007318,CUST-011275,2024-09-15,7,4,Mobile experience,Needs iPad tablet optimization.
FBK-007319,CUST-011278,2024-02-10,10,5,Mobile experience,"Clean mobile UI, very responsive."
FBK-007320,CUST-011279,2024-04-26,7,4,Customer support,Ticket was escalated multiple times without a clear resolution.
FBK-007321,CUST-011280,2023-07-28,9,4,Mobile experience,"Clean mobile UI, very responsive."
FBK-007322,CUST-011281,2024-07-26,7,4,Mobile experience,Needs iPad tablet optimization.
FBK-007323,CUST-011282,2024-06-22,7,4,Mobile experience,Needs iPad tablet optimization.
FBK-007324,CUST-011283,2024-07-07,3,1,Mobile experience,Needs iPad tablet optimization.
FBK-007325,CUST-011284,2023-08-01,8,4,Pricing,Great value for money compared to enterprise alternatives.
FBK-007326,CUST-011285,2024-01-16,9,3,Customer support,Support team resolved our critical issue in under an hour!
FBK-007327,CUST-011287,2024-10-05,8,3,Integration,API documentation is top notch and easy to implement.
FBK-007328,CUST-011288,2024-04-11,9,4,Pricing,"Pricing is fair, but add-on user seats add up quickly."
FBK-007329,CUST-011289,2023-07-03,0,1,Product usability,Steep learning curve for non-technical users.
FBK-007330,CUST-011291,2024-08-04,7,5,Integration,Webhook latency caused duplicate entries in our CRM.
FBK-007331,CUST-011292,2023-11-13,10,5,Performance,Blazing fast sync speeds across distributed teams.
FBK-007332,CUST-011295,2023-06-09,6,5,Missing features,Missing advanced analytics export to warehouse.
FBK-007333,CUST-011296,2024-04-13,5,1,Integration,Custom connector setup was frustrating.
FBK-007334,CUST-011298,2024-04-19,10,3,Customer support,Support team resolved our critical issue in under an hour!
FBK-007335,CUST-011301,2023-09-29,9,4,Performance,Reliable uptime with minimal disruptions.
FBK-007336,CUST-011302,2024-03-04,7,4,Customer support,Took too long to get a response on an urgent billing ticket.
FBK-007337,CUST-011304,2022-09-05,7,2,Pricing,Monthly plan feels a bit expensive without annual discounts.
FBK-007338,CUST-011305,2024-04-27,6,3,Mobile experience,Needs iPad tablet optimization.
FBK-007339,CUST-011306,2023-10-31,3,2,Integration,Custom connector setup was frustrating.
FBK-007340,CUST-011307,2023-03-29,2,1,Customer support,Ticket was escalated multiple times without a clear resolution.
FBK-007341,CUST-011309,2023-04-26,8,2,Product usability,"Great dashboard layout, simplifies our daily standup."
FBK-007342,CUST-011311,2024-02-23,3,1,Mobile experience,Needs iPad tablet optimization.
FBK-007343,CUST-011312,2024-01-28,9,4,Customer support,Support team resolved our critical issue in under an hour!
FBK-007344,CUST-011318,2023-09-12,9,3,Pricing,Great value for money compared to enterprise alternatives.
FBK-007345,CUST-011319,2024-07-01,7,4,Mobile experience,Mobile notifications sometimes get delayed.
FBK-007346,CUST-011320,2023-04-18,5,5,Product usability,UI navigation can be cluttered for new team members.
FBK-007347,CUST-011321,2024-05-14,6,2,Mobile experience,Needs iPad tablet optimization.
FBK-007348,CUST-011325,2023-11-12,8,4,Missing features,The core features cover 90% of our workflow needs.
FBK-007349,CUST-011326,2022-07-19,8,3,Integration,API documentation is top notch and easy to implement.
FBK-007350,CUST-011327,2024-05-12,6,4,Pricing,Monthly plan feels a bit expensive without annual discounts.
FBK-007351,CUST-011331,2024-07-10,6,5,Missing features,Missing advanced analytics export to warehouse.
FBK-007352,CUST-011332,2024-06-30,9,3,Performance,Reliable uptime with minimal disruptions.
FBK-007353,CUST-011335,2024-03-25,7,3,Product usability,UI navigation can be cluttered for new team members.
FBK-007354,CUST-011337,2024-09-13,8,4,Mobile experience,Mobile app is lightweight and perfect for on-the-go approvals.
FBK-007355,CUST-011339,2024-09-26,4,3,Missing features,Missing advanced analytics export to warehouse.
FBK-007356,CUST-011340,2024-04-07,7,3,Integration,Custom connector setup was frustrating.
FBK-007357,CUST-011341,2024-02-26,5,2,Mobile experience,Mobile notifications sometimes get delayed.
FBK-007358,CUST-011342,2024-06-04,9,5,Pricing,"Pricing is fair, but add-on user seats add up quickly."
FBK-007359,CUST-011345,2024-01-27,7,3,Missing features,Missing advanced analytics export to warehouse.
FBK-007360,CUST-011346,2023-03-17,8,4,Missing features,The core features cover 90% of our workflow needs.
FBK-007361,CUST-011347,2024-04-01,6,5,Performance,Occasional lag during peak hours in large file exports.
FBK-007362,CUST-011348,2023-06-01,8,3,Integration,Seamless integration with Google Workspace and Salesforce.
FBK-007363,CUST-011349,2023-04-24,3,2,Customer support,Took too long to get a response on an urgent billing ticket.
FBK-007364,CUST-011350,2024-08-17,4,3,Integration,Webhook latency caused duplicate entries in our CRM.
FBK-007365,CUST-011352,2024-07-25,9,4,Pricing,Great value for money compared to enterprise alternatives.
FBK-007366,CUST-011354,2024-09-14,10,5,Product usability,Intuitive interface and team adopted it within days.
FBK-007367,CUST-011358,2024-08-26,10,5,Mobile experience,"Clean mobile UI, very responsive."
FBK-007368,CUST-011359,2022-05-29,0,1,Product usability,Steep learning curve for non-technical users.
FBK-007369,CUST-011364,2023-10-30,2,1,Customer support,Ticket was escalated multiple times without a clear resolution.
FBK-007370,CUST-011366,2024-06-23,3,2,Integration,Webhook latency caused duplicate entries in our CRM.
FBK-007371,CUST-011367,2024-02-16,0,2,Pricing,Renewal rate increase was unexpected.
FBK-007372,CUST-011368,2022-06-21,5,2,Integration,Webhook latency caused duplicate entries in our CRM.
FBK-007373,CUST-011370,2023-01-24,4,3,Performance,Slow loading times on large dataset syncs.
FBK-007374,CUST-011372,2024-07-25,4,4,Integration,Custom connector setup was frustrating.
FBK-007375,CUST-011373,2024-04-04,6,4,Integration,Webhook latency caused duplicate entries in our CRM.
FBK-007376,CUST-011374,2023-05-24,7,2,Customer support,Ticket was escalated multiple times without a clear resolution.
FBK-007377,CUST-011375,2024-01-08,3,1,Customer support,Took too long to get a response on an urgent billing ticket.
FBK-007378,CUST-011376,2023-08-02,5,2,Pricing,Monthly plan feels a bit expensive without annual discounts.
FBK-007379,CUST-011379,2024-04-15,8,3,Mobile experience,Mobile app is lightweight and perfect for on-the-go approvals.
FBK-007380,CUST-011380,2023-04-18,5,2,Integration,Custom connector setup was frustrating.
FBK-007381,CUST-011381,2024-05-09,9,3,Customer support,Support team resolved our critical issue in under an hour!
FBK-007382,CUST-011383,2023-12-06,9,3,Product usability,"Great dashboard layout, simplifies our daily standup."
FBK-007383,CUST-011384,2023-09-30,1,1,Missing features,Missing advanced analytics export to warehouse.
FBK-007384,CUST-011386,2024-03-25,9,4,Missing features,The core features cover 90% of our workflow needs.
FBK-007385,CUST-011388,2023-08-08,8,3,Customer support,Helpful customer success manager during onboarding.
FBK-007386,CUST-011389,2023-11-12,8,2,Mobile experience,Mobile app is lightweight and perfect for on-the-go approvals.
FBK-007387,CUST-011390,2024-07-16,8,3,Customer support,Support team resolved our critical issue in under an hour!
FBK-007388,CUST-011391,2023-07-03,8,5,Pricing,Great value for money compared to enterprise alternatives.
FBK-007389,CUST-011394,2024-06-16,5,3,Customer support,Ticket was escalated multiple times without a clear resolution.
FBK-007390,CUST-011395,2023-05-30,5,3,Mobile experience,Mobile notifications sometimes get delayed.
FBK-007391,CUST-011396,2023-03-29,8,3,Customer support,Support team resolved our critical issue in under an hour!
FBK-007392,CUST-011398,2023-10-10,2,2,Customer support,Ticket was escalated multiple times without a clear resolution.
FBK-007393,CUST-011399,2024-03-26,9,3,Missing features,The core features cover 90% of our workflow needs.
FBK-007394,CUST-011400,2022-07-03,1,2,Product usability,Steep learning curve for non-technical users.
FBK-007395,CUST-011401,2022-09-05,10,3,Missing features,The core features cover 90% of our workflow needs.
FBK-007396,CUST-011402,2022-08-01,3,1,Product usability,UI navigation can be cluttered for new team members.
FBK-007397,CUST-011403,2023-08-21,8,5,Missing features,The core features cover 90% of our workflow needs.
FBK-007398,CUST-011404,2024-04-05,6,3,Integration,Webhook latency caused duplicate entries in our CRM.
FBK-007399,CUST-011407,2023-04-20,7,4,Integration,Webhook latency caused duplicate entries in our CRM.
FBK-007400,CUST-011408,2023-11-10,6,4,Pricing,Monthly plan feels a bit expensive without annual discounts.
FBK-007401,CUST-011410,2022-12-24,7,4,Product usability,UI navigation can be cluttered for new team members.
FBK-007402,CUST-011411,2023-01-13,9,4,Integration,Seamless integration with Google Workspace and Salesforce.
FBK-007403,CUST-011412,2024-05-31,4,4,Missing features,Missing advanced analytics export to warehouse.
FBK-007404,CUST-011414,2022-05-26,8,1,Customer support,Helpful customer success manager during onboarding.
FBK-007405,CUST-011415,2023-04-06,8,4,Product usability,Intuitive interface and team adopted it within days.
FBK-007406,CUST-011417,2024-09-23,9,4,Integration,API documentation is top notch and easy to implement.
FBK-007407,CUST-011420,2024-06-13,3,5,Missing features,Missing advanced analytics export to warehouse.
FBK-007408,CUST-011422,2024-01-15,8,4,Customer support,Support team resolved our critical issue in under an hour!
FBK-007409,CUST-011424,2022-03-06,0,4,Pricing,Renewal rate increase was unexpected.
FBK-007410,CUST-011426,2023-02-04,10,5,Product usability,"Great dashboard layout, simplifies our daily standup."
FBK-007411,CUST-011427,2022-04-07,6,4,Pricing,Monthly plan feels a bit expensive without annual discounts.
FBK-007412,CUST-011428,2024-02-19,6,4,Missing features,Missing advanced analytics export to warehouse.
FBK-007413,CUST-011430,2023-02-02,8,3,Performance,Reliable uptime with minimal disruptions.
FBK-007414,CUST-011432,2023-08-07,4,2,Performance,Occasional lag during peak hours in large file exports.
FBK-007415,CUST-011434,2024-04-28,7,4,Pricing,Renewal rate increase was unexpected.
FBK-007416,CUST-011436,2023-04-30,10,4,Performance,Reliable uptime with minimal disruptions.
FBK-007417,CUST-011437,2024-04-24,7,5,Mobile experience,Needs iPad tablet optimization.
FBK-007418,CUST-011442,2023-10-11,4,1,Product usability,Steep learning curve for non-technical users.
FBK-007419,CUST-011443,2023-11-03,6,5,Mobile experience,Mobile notifications sometimes get delayed.
FBK-007420,CUST-011444,2024-06-29,8,3,Performance,Blazing fast sync speeds across distributed teams.
FBK-007421,CUST-011445,2024-02-19,8,2,Mobile experience,Mobile app is lightweight and perfect for on-the-go approvals.
FBK-007422,CUST-011448,2024-02-27,7,3,Mobile experience,Mobile notifications sometimes get delayed.
FBK-007423,CUST-011449,2022-04-09,10,5,Customer support,Support team resolved our critical issue in under an hour!
FBK-007424,CUST-011450,2024-08-18,8,5,Integration,Seamless integration with Google Workspace and Salesforce.
FBK-007425,CUST-011452,2023-12-25,8,4,Product usability,"Great dashboard layout, simplifies our daily standup."
FBK-007426,CUST-011460,2023-09-17,7,5,Mobile experience,Needs iPad tablet optimization.
FBK-007427,CUST-011462,2024-06-10,10,4,Integration,Seamless integration with Google Workspace and Salesforce.
FBK-007428,CUST-011463,2023-01-12,9,5,Product usability,Intuitive interface and team adopted it within days.
FBK-007429,CUST-011464,2024-04-16,9,5,Missing features,The core features cover 90% of our workflow needs.
FBK-007430,CUST-011465,2024-09-07,9,4,Pricing,"Pricing is fair, but add-on user seats add up quickly."
FBK-007431,CUST-011467,2024-06-12,9,5,Customer support,Helpful customer success manager during onboarding.
FBK-007432,CUST-011468,2022-07-10,5,1,Performance,Slow loading times on large dataset syncs.
FBK-007433,CUST-011472,2022-04-18,6,3,Mobile experience,Needs iPad tablet optimization.
FBK-007434,CUST-011473,2023-07-27,3,2,Product usability,UI navigation can be cluttered for new team members.
FBK-007435,CUST-011474,2023-11-04,8,4,Customer support,Support team resolved our critical issue in under an hour!
FBK-007436,CUST-011475,2023-12-06,5,2,Mobile experience,Mobile notifications sometimes get delayed.
FBK-007437,CUST-011476,2023-12-27,9,5,Integration,Seamless integration with Google Workspace and Salesforce.
FBK-007438,CUST-011480,2024-07-09,7,3,Missing features,Missing advanced analytics export to warehouse.
FBK-007439,CUST-011481,2023-04-07,3,2,Missing features,Missing advanced analytics export to warehouse.
FBK-007440,CUST-011482,2024-09-11,8,5,Pricing,"Pricing is fair, but add-on user seats add up quickly."
FBK-007441,CUST-011483,2023-06-17,7,4,Customer support,Ticket was escalated multiple times without a clear resolution.
FBK-007442,CUST-011484,2024-04-16,6,4,Pricing,Renewal rate increase was unexpected.
FBK-007443,CUST-011485,2022-12-20,7,2,Product usability,UI navigation can be cluttered for new team members.
FBK-007444,CUST-011486,2024-08-15,8,5,Pricing,"Pricing is fair, but add-on user seats add up quickly."
FBK-007445,CUST-011488,2023-09-04,4,1,Performance,Slow loading times on large dataset syncs.
FBK-007446,CUST-011490,2023-07-06,4,4,Integration,Webhook latency caused duplicate entries in our CRM.
FBK-007447,CUST-011493,2023-03-10,9,3,Product usability,Intuitive interface and team adopted it within days.
FBK-007448,CUST-011494,2023-05-21,5,1,Mobile experience,Mobile notifications sometimes get delayed.
FBK-007449,CUST-011495,2022-08-04,0,2,Customer support,Took too long to get a response on an urgent billing ticket.
FBK-007450,CUST-011496,2024-02-25,7,5,Product usability,UI navigation can be cluttered for new team members.
FBK-007451,CUST-011498,2024-04-01,7,4,Customer support,Ticket was escalated multiple times without a clear resolution.
FBK-007452,CUST-011499,2024-07-05,7,4,Integration,Webhook latency caused duplicate entries in our CRM.
FBK-007453,CUST-011501,2024-03-12,6,4,Product usability,UI navigation can be cluttered for new team members.
FBK-007454,CUST-011502,2023-11-17,5,2,Mobile experience,Needs iPad tablet optimization.
FBK-007455,CUST-011503,2023-09-14,8,5,Customer support,Helpful customer success manager during onboarding.
FBK-007456,CUST-011504,2023-09-20,4,2,Integration,Webhook latency caused duplicate entries in our CRM.
FBK-007457,CUST-011505,2024-09-21,10,5,Mobile experience,"Clean mobile UI, very responsive."
FBK-007458,CUST-011507,2024-07-31,8,5,Product usability,"Great dashboard layout, simplifies our daily standup."
FBK-007459,CUST-011508,2023-07-21,9,4,Performance,Blazing fast sync speeds across distributed teams.
FBK-007460,CUST-011511,2023-05-06,7,3,Performance,Occasional lag during peak hours in large file exports.
FBK-007461,CUST-011512,2024-07-10,8,3,Pricing,Great value for money compared to enterprise alternatives.
FBK-007462,CUST-011516,2023-11-11,8,4,Missing features,The core features cover 90% of our workflow needs.
FBK-007463,CUST-011517,2024-06-15,8,5,Mobile experience,"Clean mobile UI, very responsive."
FBK-007464,CUST-011519,2023-12-16,10,4,Mobile experience,Mobile app is lightweight and perfect for on-the-go approvals.
FBK-007465,CUST-011522,2022-12-18,7,3,Missing features,Missing advanced analytics export to warehouse.
FBK-007466,CUST-011525,2023-08-07,5,3,Mobile experience,Mobile notifications sometimes get delayed.
FBK-007467,CUST-011533,2024-04-16,10,3,Performance,Reliable uptime with minimal disruptions.
FBK-007468,CUST-011534,2023-12-31,5,2,Product usability,UI navigation can be cluttered for new team members.
FBK-007469,CUST-011535,2024-03-03,4,3,Integration,Custom connector setup was frustrating.
FBK-007470,CUST-011537,2023-12-03,9,3,Mobile experience,Mobile app is lightweight and perfect for on-the-go approvals.
FBK-007471,CUST-011539,2024-05-28,9,3,Integration,Seamless integration with Google Workspace and Salesforce.
FBK-007472,CUST-011540,2024-06-07,9,5,Integration,Seamless integration with Google Workspace and Salesforce.
FBK-007473,CUST-011541,2023-08-16,8,5,Product usability,Intuitive interface and team adopted it within days.
FBK-007474,CUST-011542,2024-06-09,10,4,Mobile experience,"Clean mobile UI, very responsive."
FBK-007475,CUST-011543,2023-11-18,4,1,Integration,Webhook latency caused duplicate entries in our CRM.
FBK-007476,CUST-011545,2024-08-24,9,2,Missing features,The core features cover 90% of our workflow needs.
FBK-007477,CUST-011546,2023-06-02,5,2,Product usability,UI navigation can be cluttered for new team members.
FBK-007478,CUST-011547,2024-05-16,6,3,Performance,Occasional lag during peak hours in large file exports.
FBK-007479,CUST-011548,2024-03-28,10,4,Customer support,Support team resolved our critical issue in under an hour!
FBK-007480,CUST-011550,2022-11-22,1,2,Missing features,Missing advanced analytics export to warehouse.
FBK-007481,CUST-011553,2023-05-01,4,1,Customer support,Ticket was escalated multiple times without a clear resolution.
FBK-007482,CUST-011555,2023-04-13,9,3,Product usability,"Great dashboard layout, simplifies our daily standup."
FBK-007483,CUST-011556,2022-09-16,2,1,Integration,Custom connector setup was frustrating.
FBK-007484,CUST-011557,2023-01-18,6,4,Customer support,Ticket was escalated multiple times without a clear resolution.
FBK-007485,CUST-011558,2023-12-25,8,4,Missing features,The core features cover 90% of our workflow needs.
FBK-007486,CUST-011559,2024-07-17,4,1,Product usability,UI navigation can be cluttered for new team members.
FBK-007487,CUST-011561,2023-05-01,6,3,Integration,Custom connector setup was frustrating.
FBK-007488,CUST-011562,2023-09-16,8,5,Integration,Seamless integration with Google Workspace and Salesforce.
FBK-007489,CUST-011564,2024-04-12,7,2,Integration,Custom connector setup was frustrating.
FBK-007490,CUST-011566,2024-03-15,10,5,Product usability,"Great dashboard layout, simplifies our daily standup."
FBK-007491,CUST-011567,2022-08-30,0,3,Missing features,Missing advanced analytics export to warehouse.
FBK-007492,CUST-011572,2022-04-23,10,2,Product usability,"Great dashboard layout, simplifies our daily standup."
FBK-007493,CUST-011573,2022-12-13,10,4,Pricing,"Pricing is fair, but add-on user seats add up quickly."
FBK-007494,CUST-011574,2022-12-24,7,4,Performance,Occasional lag during peak hours in large file exports.
FBK-007495,CUST-011575,2024-05-22,8,4,Customer support,Helpful customer success manager during onboarding.
FBK-007496,CUST-011576,2023-12-29,8,3,Mobile experience,"Clean mobile UI, very responsive."
FBK-007497,CUST-011577,2023-07-07,7,4,Product usability,UI navigation can be cluttered for new team members.
FBK-007498,CUST-011578,2024-08-05,6,3,Customer support,Took too long to get a response on an urgent billing ticket.
FBK-007499,CUST-011580,2022-10-04,3,2,Missing features,Missing advanced analytics export to warehouse.
FBK-007500,CUST-011581,2023-03-20,6,5,Performance,Slow loading times on large dataset syncs.
FBK-007501,CUST-011583,2023-06-17,6,1,Product usability,Steep learning curve for non-technical users.
FBK-007502,CUST-011584,2023-12-22,8,3,Missing features,The core features cover 90% of our workflow needs.
FBK-007503,CUST-011585,2024-02-27,5,3,Pricing,Monthly plan feels a bit expensive without annual discounts.
FBK-007504,CUST-011586,2024-01-26,6,4,Pricing,Renewal rate increase was unexpected.
FBK-007505,CUST-011587,2023-04-20,6,1,Integration,Webhook latency caused duplicate entries in our CRM.
FBK-007506,CUST-011589,2024-07-16,8,4,Customer support,Support team resolved our critical issue in under an hour!
FBK-007507,CUST-011590,2024-08-26,5,5,Missing features,Missing advanced analytics export to warehouse.
FBK-007508,CUST-011591,2023-02-18,10,4,Product usability,"Great dashboard layout, simplifies our daily standup."
FBK-007509,CUST-011592,2024-09-25,2,2,Product usability,Steep learning curve for non-technical users.
FBK-007510,CUST-011594,2023-01-22,8,2,Customer support,Helpful customer success manager during onboarding.
FBK-007511,CUST-011595,2023-11-11,2,2,Missing features,Missing advanced analytics export to warehouse.
FBK-007512,CUST-011597,2023-11-25,5,1,Pricing,Monthly plan feels a bit expensive without annual discounts.
FBK-007513,CUST-011598,2023-07-23,6,2,Mobile experience,Needs iPad tablet optimization.
FBK-007514,CUST-011599,2024-09-14,7,2,Integration,Webhook latency caused duplicate entries in our CRM.
FBK-007515,CUST-011601,2023-03-06,7,3,Customer support,Took too long to get a response on an urgent billing ticket.
FBK-007516,CUST-011603,2024-05-10,6,3,Missing features,Missing advanced analytics export to warehouse.
FBK-007517,CUST-011604,2024-07-26,10,5,Mobile experience,"Clean mobile UI, very responsive."
FBK-007518,CUST-011605,2023-05-07,7,3,Missing features,Missing advanced analytics export to warehouse.
FBK-007519,CUST-011607,2024-03-14,7,3,Performance,Slow loading times on large dataset syncs.
FBK-007520,CUST-011608,2024-06-28,5,3,Customer support,Took too long to get a response on an urgent billing ticket.
FBK-007521,CUST-011609,2023-06-05,9,5,Integration,API documentation is top notch and easy to implement.
FBK-007522,CUST-011610,2022-11-15,7,4,Customer support,Ticket was escalated multiple times without a clear resolution.
FBK-007523,CUST-011612,2024-07-07,8,3,Mobile experience,"Clean mobile UI, very responsive."
FBK-007524,CUST-011613,2024-02-11,4,1,Missing features,Missing advanced analytics export to warehouse.
FBK-007525,CUST-011614,2024-05-03,7,5,Performance,Occasional lag during peak hours in large file exports.
FBK-007526,CUST-011615,2023-12-01,10,5,Performance,Reliable uptime with minimal disruptions.
FBK-007527,CUST-011616,2024-06-26,2,1,Product usability,UI navigation can be cluttered for new team members.
FBK-007528,CUST-011617,2024-10-19,10,5,Product usability,"Great dashboard layout, simplifies our daily standup."
FBK-007529,CUST-011619,2023-04-17,8,4,Customer support,Support team resolved our critical issue in under an hour!
FBK-007530,CUST-011620,2023-03-05,8,3,Product usability,"Great dashboard layout, simplifies our daily standup."
FBK-007531,CUST-011622,2024-10-11,9,4,Performance,Reliable uptime with minimal disruptions.
FBK-007532,CUST-011623,2024-07-31,8,3,Mobile experience,Mobile app is lightweight and perfect for on-the-go approvals.
FBK-007533,CUST-011624,2024-01-28,5,3,Mobile experience,Needs iPad tablet optimization.
FBK-007534,CUST-011625,2024-03-08,5,1,Pricing,Renewal rate increase was unexpected.
FBK-007535,CUST-011626,2023-05-20,2,2,Pricing,Renewal rate increase was unexpected.
FBK-007536,CUST-011631,2024-09-06,7,3,Customer support,Took too long to get a response on an urgent billing ticket.
FBK-007537,CUST-011632,2023-02-22,4,3,Mobile experience,Needs iPad tablet optimization.
FBK-007538,CUST-011633,2023-05-28,8,3,Customer support,Support team resolved our critical issue in under an hour!
FBK-007539,CUST-011634,2023-09-30,6,4,Customer support,Took too long to get a response on an urgent billing ticket.
FBK-007540,CUST-011635,2022-07-19,5,2,Product usability,Steep learning curve for non-technical users.
FBK-007541,CUST-011637,2024-06-26,6,2,Mobile experience,Needs iPad tablet optimization.
FBK-007542,CUST-011639,2023-05-10,6,2,Mobile experience,Needs iPad tablet optimization.
FBK-007543,CUST-011641,2024-08-22,5,2,Mobile experience,Mobile notifications sometimes get delayed.
FBK-007544,CUST-011642,2023-07-21,3,3,Performance,Occasional lag during peak hours in large file exports.
FBK-007545,CUST-011643,2024-09-08,9,5,Customer support,Support team resolved our critical issue in under an hour!
FBK-007546,CUST-011644,2023-02-03,7,1,Product usability,UI navigation can be cluttered for new team members.
FBK-007547,CUST-011645,2023-07-12,8,3,Product usability,Intuitive interface and team adopted it within days.
FBK-007548,CUST-011648,2023-08-23,7,2,Missing features,Missing advanced analytics export to warehouse.
FBK-007549,CUST-011649,2024-04-02,5,1,Customer support,Ticket was escalated multiple times without a clear resolution.
FBK-007550,CUST-011650,2024-07-17,10,4,Performance,Blazing fast sync speeds across distributed teams.
FBK-007551,CUST-011651,2023-05-30,8,5,Performance,Reliable uptime with minimal disruptions.
FBK-007552,CUST-011654,2023-11-23,7,4,Missing features,Missing advanced analytics export to warehouse.
FBK-007553,CUST-011656,2024-04-07,3,1,Performance,Slow loading times on large dataset syncs.
FBK-007554,CUST-011658,2024-08-13,7,4,Performance,Occasional lag during peak hours in large file exports.
FBK-007555,CUST-011660,2023-09-04,4,2,Pricing,Monthly plan feels a bit expensive without annual discounts.
FBK-007556,CUST-011662,2022-05-07,4,1,Customer support,Ticket was escalated multiple times without a clear resolution.
FBK-007557,CUST-011663,2022-09-11,10,4,Customer support,Support team resolved our critical issue in under an hour!
FBK-007558,CUST-011665,2024-02-13,7,4,Product usability,UI navigation can be cluttered for new team members.
FBK-007559,CUST-011666,2024-03-25,6,1,Pricing,Monthly plan feels a bit expensive without annual discounts.
FBK-007560,CUST-011667,2024-05-25,6,1,Missing features,Missing advanced analytics export to warehouse.
FBK-007561,CUST-011670,2023-12-07,10,4,Pricing,"Pricing is fair, but add-on user seats add up quickly."
FBK-007562,CUST-011672,2023-01-17,3,3,Missing features,Missing advanced analytics export to warehouse.
FBK-007563,CUST-011673,2023-02-02,8,4,Pricing,Great value for money compared to enterprise alternatives.
FBK-007564,CUST-011674,2024-04-04,0,2,Performance,Slow loading times on large dataset syncs.
FBK-007565,CUST-011675,2024-06-30,4,4,Customer support,Took too long to get a response on an urgent billing ticket.
FBK-007566,CUST-011677,2024-03-03,6,3,Missing features,Missing advanced analytics export to warehouse.
FBK-007567,CUST-011679,2023-01-29,0,2,Integration,Webhook latency caused duplicate entries in our CRM.
FBK-007568,CUST-011680,2022-06-02,5,4,Mobile experience,Needs iPad tablet optimization.
FBK-007569,CUST-011682,2023-09-19,4,4,Integration,Custom connector setup was frustrating.
FBK-007570,CUST-011683,2023-10-31,6,2,Pricing,Monthly plan feels a bit expensive without annual discounts.
FBK-007571,CUST-011685,2024-05-13,10,5,Mobile experience,"Clean mobile UI, very responsive."
FBK-007572,CUST-011687,2024-06-30,6,3,Product usability,Steep learning curve for non-technical users.
FBK-007573,CUST-011688,2022-12-27,3,1,Performance,Occasional lag during peak hours in large file exports.
FBK-007574,CUST-011689,2023-08-30,8,4,Product usability,Intuitive interface and team adopted it within days.
FBK-007575,CUST-011690,2024-01-12,1,1,Performance,Slow loading times on large dataset syncs.
FBK-007576,CUST-011693,2023-11-06,9,4,Integration,Seamless integration with Google Workspace and Salesforce.
FBK-007577,CUST-011694,2023-01-23,5,2,Performance,Occasional lag during peak hours in large file exports.
FBK-007578,CUST-011696,2023-03-19,6,3,Missing features,Missing advanced analytics export to warehouse.
FBK-007579,CUST-011697,2022-12-12,8,3,Mobile experience,Mobile app is lightweight and perfect for on-the-go approvals.
FBK-007580,CUST-011698,2023-10-25,6,4,Mobile experience,Needs iPad tablet optimization.
FBK-007581,CUST-011699,2024-02-10,10,4,Customer support,Support team resolved our critical issue in under an hour!
FBK-007582,CUST-011700,2023-12-19,5,2,Pricing,Monthly plan feels a bit expensive without annual discounts.
FBK-007583,CUST-011702,2024-02-15,10,3,Missing features,The core features cover 90% of our workflow needs.
FBK-007584,CUST-011703,2024-07-21,2,1,Pricing,Monthly plan feels a bit expensive without annual discounts.
FBK-007585,CUST-011706,2024-01-15,4,4,Missing features,Missing advanced analytics export to warehouse.
FBK-007586,CUST-011707,2024-07-11,3,2,Product usability,UI navigation can be cluttered for new team members.
FBK-007587,CUST-011709,2024-07-22,2,3,Integration,Webhook latency caused duplicate entries in our CRM.
FBK-007588,CUST-011710,2024-03-20,5,3,Integration,Custom connector setup was frustrating.
FBK-007589,CUST-011714,2024-02-11,8,4,Integration,Seamless integration with Google Workspace and Salesforce.
FBK-007590,CUST-011715,2023-09-18,9,5,Pricing,Great value for money compared to enterprise alternatives.
FBK-007591,CUST-011716,2023-12-10,7,4,Product usability,UI navigation can be cluttered for new team members.
FBK-007592,CUST-011720,2023-02-10,7,4,Integration,Webhook latency caused duplicate entries in our CRM.
FBK-007593,CUST-011721,2023-01-17,9,4,Customer support,Helpful customer success manager during onboarding.
FBK-007594,CUST-011723,2023-02-12,1,2,Pricing,Renewal rate increase was unexpected.
FBK-007595,CUST-011724,2023-10-01,10,3,Performance,Blazing fast sync speeds across distributed teams.
FBK-007596,CUST-011725,2023-02-26,1,4,Mobile experience,Mobile notifications sometimes get delayed.
FBK-007597,CUST-011726,2024-07-21,6,3,Missing features,Missing advanced analytics export to warehouse.
FBK-007598,CUST-011727,2024-03-04,4,1,Pricing,Monthly plan feels a bit expensive without annual discounts.
FBK-007599,CUST-011730,2024-02-24,5,1,Product usability,Steep learning curve for non-technical users.
FBK-007600,CUST-011731,2022-11-29,7,4,Pricing,Monthly plan feels a bit expensive without annual discounts.
FBK-007601,CUST-011732,2023-08-21,5,3,Performance,Slow loading times on large dataset syncs.
FBK-007602,CUST-011733,2024-04-02,6,5,Performance,Slow loading times on large dataset syncs.
FBK-007603,CUST-011736,2023-09-08,10,4,Performance,Blazing fast sync speeds across distributed teams.
FBK-007604,CUST-011737,2023-11-23,7,2,Pricing,Renewal rate increase was unexpected.
FBK-007605,CUST-011739,2024-04-15,6,2,Pricing,Monthly plan feels a bit expensive without annual discounts.
FBK-007606,CUST-011740,2024-04-18,9,5,Customer support,Support team resolved our critical issue in under an hour!
FBK-007607,CUST-011741,2024-01-17,8,4,Integration,API documentation is top notch and easy to implement.
FBK-007608,CUST-011742,2023-10-29,5,1,Product usability,Steep learning curve for non-technical users.
FBK-007609,CUST-011744,2022-11-15,5,1,Performance,Occasional lag during peak hours in large file exports.
FBK-007610,CUST-011745,2024-07-25,8,3,Performance,Blazing fast sync speeds across distributed teams.
FBK-007611,CUST-011746,2024-07-13,2,1,Customer support,Took too long to get a response on an urgent billing ticket.
FBK-007612,CUST-011747,2023-06-15,5,3,Customer support,Took too long to get a response on an urgent billing ticket.
FBK-007613,CUST-011748,2024-06-04,8,4,Missing features,The core features cover 90% of our workflow needs.
FBK-007614,CUST-011751,2024-05-20,5,4,Pricing,Monthly plan feels a bit expensive without annual discounts.
FBK-007615,CUST-011752,2024-03-08,7,4,Mobile experience,Mobile notifications sometimes get delayed.
FBK-007616,CUST-011754,2024-04-20,5,2,Performance,Slow loading times on large dataset syncs.
FBK-007617,CUST-011755,2024-09-13,8,1,Missing features,The core features cover 90% of our workflow needs.
FBK-007618,CUST-011756,2023-12-02,7,4,Product usability,Steep learning curve for non-technical users.
FBK-007619,CUST-011757,2023-04-25,10,4,Product usability,"Great dashboard layout, simplifies our daily standup."
FBK-007620,CUST-011758,2024-09-20,8,5,Customer support,Helpful customer success manager during onboarding.
FBK-007621,CUST-011760,2023-10-09,9,3,Customer support,Support team resolved our critical issue in under an hour!
FBK-007622,CUST-011761,2024-09-10,8,4,Mobile experience,"Clean mobile UI, very responsive."
FBK-007623,CUST-011762,2024-05-07,7,3,Mobile experience,Mobile notifications sometimes get delayed.
FBK-007624,CUST-011763,2024-06-21,8,5,Integration,API documentation is top notch and easy to implement.
FBK-007625,CUST-011764,2024-06-23,6,3,Missing features,Missing advanced analytics export to warehouse.
FBK-007626,CUST-011765,2024-06-08,9,3,Missing features,The core features cover 90% of our workflow needs.
FBK-007627,CUST-011766,2023-05-16,9,5,Missing features,The core features cover 90% of our workflow needs.
FBK-007628,CUST-011769,2024-08-06,8,3,Customer support,Support team resolved our critical issue in under an hour!
FBK-007629,CUST-011771,2022-11-17,3,1,Performance,Slow loading times on large dataset syncs.
FBK-007630,CUST-011773,2023-09-26,9,3,Missing features,The core features cover 90% of our workflow needs.
FBK-007631,CUST-011774,2023-03-15,4,2,Customer support,Took too long to get a response on an urgent billing ticket.
FBK-007632,CUST-011775,2024-01-26,10,5,Mobile experience,Mobile app is lightweight and perfect for on-the-go approvals.
FBK-007633,CUST-011777,2023-11-01,0,1,Performance,Occasional lag during peak hours in large file exports.
FBK-007634,CUST-011778,2024-03-03,6,4,Customer support,Took too long to get a response on an urgent billing ticket.
FBK-007635,CUST-011779,2024-06-10,10,4,Product usability,Intuitive interface and team adopted it within days.
FBK-007636,CUST-011781,2023-03-25,9,4,Mobile experience,"Clean mobile UI, very responsive."
FBK-007637,CUST-011783,2023-10-18,3,3,Mobile experience,Needs iPad tablet optimization.
FBK-007638,CUST-011784,2022-09-23,7,3,Product usability,UI navigation can be cluttered for new team members.
FBK-007639,CUST-011786,2023-10-27,8,4,Integration,Seamless integration with Google Workspace and Salesforce.
FBK-007640,CUST-011787,2023-01-17,3,3,Missing features,Missing advanced analytics export to warehouse.
FBK-007641,CUST-011788,2024-09-02,8,3,Pricing,Great value for money compared to enterprise alternatives.
FBK-007642,CUST-011790,2024-10-21,9,3,Pricing,"Pricing is fair, but add-on user seats add up quickly."
FBK-007643,CUST-011791,2024-06-14,8,2,Customer support,Support team resolved our critical issue in under an hour!
FBK-007644,CUST-011792,2024-04-11,10,4,Integration,API documentation is top notch and easy to implement.
FBK-007645,CUST-011794,2023-12-25,9,3,Missing features,The core features cover 90% of our workflow needs.
FBK-007646,CUST-011795,2024-05-16,7,4,Product usability,UI navigation can be cluttered for new team members.
FBK-007647,CUST-011796,2024-10-14,9,4,Customer support,Support team resolved our critical issue in under an hour!
FBK-007648,CUST-011797,2022-09-17,2,1,Pricing,Renewal rate increase was unexpected.
FBK-007649,CUST-011798,2024-02-08,8,4,Mobile experience,"Clean mobile UI, very responsive."
FBK-007650,CUST-011799,2024-05-10,7,4,Missing features,Missing advanced analytics export to warehouse.
FBK-007651,CUST-011800,2024-02-11,10,4,Missing features,The core features cover 90% of our workflow needs.
FBK-007652,CUST-011802,2023-12-24,7,5,Performance,Slow loading times on large dataset syncs.
FBK-007653,CUST-011804,2023-07-15,4,1,Performance,Slow loading times on large dataset syncs.
FBK-007654,CUST-011805,2024-07-24,7,5,Customer support,Ticket was escalated multiple times without a clear resolution.
FBK-007655,CUST-011806,2023-11-12,2,1,Pricing,Monthly plan feels a bit expensive without annual discounts.
FBK-007656,CUST-011809,2022-12-22,4,1,Mobile experience,Needs iPad tablet optimization.
FBK-007657,CUST-011810,2024-05-16,7,4,Pricing,Monthly plan feels a bit expensive without annual discounts.
FBK-007658,CUST-011811,2023-12-03,2,3,Product usability,UI navigation can be cluttered for new team members.
FBK-007659,CUST-011812,2024-07-06,8,5,Customer support,Support team resolved our critical issue in under an hour!
FBK-007660,CUST-011814,2024-07-09,8,4,Product usability,"Great dashboard layout, simplifies our daily standup."
FBK-007661,CUST-011815,2022-11-03,6,2,Missing features,Missing advanced analytics export to warehouse.
FBK-007662,CUST-011816,2023-04-16,10,5,Mobile experience,"Clean mobile UI, very responsive."
FBK-007663,CUST-011817,2023-12-31,10,4,Product usability,"Great dashboard layout, simplifies our daily standup."
FBK-007664,CUST-011818,2022-05-26,6,1,Pricing,Renewal rate increase was unexpected.
FBK-007665,CUST-011819,2024-04-15,8,4,Pricing,"Pricing is fair, but add-on user seats add up quickly."
FBK-007666,CUST-011820,2024-09-15,2,1,Performance,Slow loading times on large dataset syncs.
FBK-007667,CUST-011821,2023-05-10,9,4,Pricing,Great value for money compared to enterprise alternatives.
FBK-007668,CUST-011822,2023-01-02,9,2,Missing features,The core features cover 90% of our workflow needs.
FBK-007669,CUST-011827,2024-07-23,8,4,Product usability,Intuitive interface and team adopted it within days.
FBK-007670,CUST-011829,2023-01-19,2,3,Missing features,Missing advanced analytics export to warehouse.
FBK-007671,CUST-011831,2022-04-22,7,3,Customer support,Took too long to get a response on an urgent billing ticket.
FBK-007672,CUST-011832,2022-06-15,7,5,Pricing,Renewal rate increase was unexpected.
FBK-007673,CUST-011833,2024-02-14,10,4,Product usability,Intuitive interface and team adopted it within days.
FBK-007674,CUST-011835,2023-05-16,4,4,Missing features,Missing advanced analytics export to warehouse.
FBK-007675,CUST-011837,2023-06-13,7,3,Pricing,Renewal rate increase was unexpected.
FBK-007676,CUST-011838,2024-03-11,10,3,Integration,Seamless integration with Google Workspace and Salesforce.
FBK-007677,CUST-011842,2024-05-16,8,3,Pricing,Great value for money compared to enterprise alternatives.
FBK-007678,CUST-011843,2024-08-16,10,3,Product usability,"Great dashboard layout, simplifies our daily standup."
FBK-007679,CUST-011844,2024-05-04,4,5,Customer support,Ticket was escalated multiple times without a clear resolution.
FBK-007680,CUST-011846,2022-12-27,7,5,Customer support,Ticket was escalated multiple times without a clear resolution.
FBK-007681,CUST-011847,2024-08-10,8,5,Missing features,The core features cover 90% of our workflow needs.
FBK-007682,CUST-011849,2024-02-17,8,2,Pricing,"Pricing is fair, but add-on user seats add up quickly."
FBK-007683,CUST-011850,2024-06-02,10,4,Product usability,Intuitive interface and team adopted it within days.
FBK-007684,CUST-011851,2024-06-06,10,4,Pricing,"Pricing is fair, but add-on user seats add up quickly."
FBK-007685,CUST-011855,2024-05-14,6,3,Performance,Slow loading times on large dataset syncs.
FBK-007686,CUST-011856,2023-04-13,6,3,Performance,Slow loading times on large dataset syncs.
FBK-007687,CUST-011857,2022-03-28,6,3,Missing features,Missing advanced analytics export to warehouse.
FBK-007688,CUST-011858,2024-06-16,7,4,Product usability,Steep learning curve for non-technical users.
FBK-007689,CUST-011861,2022-09-07,6,2,Integration,Webhook latency caused duplicate entries in our CRM.
FBK-007690,CUST-011862,2023-09-15,8,4,Pricing,"Pricing is fair, but add-on user seats add up quickly."
FBK-007691,CUST-011864,2024-01-06,3,2,Customer support,Took too long to get a response on an urgent billing ticket.
FBK-007692,CUST-011865,2024-08-08,9,5,Product usability,Intuitive interface and team adopted it within days.
FBK-007693,CUST-011866,2024-05-11,5,4,Customer support,Ticket was escalated multiple times without a clear resolution.
FBK-007694,CUST-011867,2023-02-17,9,4,Missing features,The core features cover 90% of our workflow needs.
FBK-007695,CUST-011868,2024-08-01,7,4,Mobile experience,Needs iPad tablet optimization.
FBK-007696,CUST-011869,2023-08-03,7,4,Customer support,Ticket was escalated multiple times without a clear resolution.
FBK-007697,CUST-011870,2024-03-09,9,2,Missing features,The core features cover 90% of our workflow needs.
FBK-007698,CUST-011872,2023-07-01,5,4,Mobile experience,Mobile notifications sometimes get delayed.
FBK-007699,CUST-011876,2023-09-02,3,2,Pricing,Renewal rate increase was unexpected.
FBK-007700,CUST-011877,2023-10-15,7,5,Customer support,Took too long to get a response on an urgent billing ticket.
FBK-007701,CUST-011881,2023-07-24,9,5,Performance,Reliable uptime with minimal disruptions.
FBK-007702,CUST-011883,2024-04-17,8,4,Mobile experience,"Clean mobile UI, very responsive."
FBK-007703,CUST-011884,2022-06-19,5,2,Product usability,Steep learning curve for non-technical users.
FBK-007704,CUST-011885,2024-01-20,6,3,Customer support,Took too long to get a response on an urgent billing ticket.
FBK-007705,CUST-011887,2024-04-09,4,3,Pricing,Renewal rate increase was unexpected.
FBK-007706,CUST-011890,2023-07-04,10,3,Customer support,Support team resolved our critical issue in under an hour!
FBK-007707,CUST-011892,2024-05-08,7,4,Integration,Custom connector setup was frustrating.
FBK-007708,CUST-011893,2024-10-14,7,3,Integration,Custom connector setup was frustrating.
FBK-007709,CUST-011896,2023-04-08,9,4,Customer support,Helpful customer success manager during onboarding.
FBK-007710,CUST-011897,2024-07-30,6,4,Mobile experience,Needs iPad tablet optimization.
FBK-007711,CUST-011898,2023-09-22,7,4,Performance,Slow loading times on large dataset syncs.
FBK-007712,CUST-011899,2024-01-25,5,4,Product usability,UI navigation can be cluttered for new team members.
FBK-007713,CUST-011900,2023-09-14,4,5,Product usability,UI navigation can be cluttered for new team members.
FBK-007714,CUST-011901,2023-04-17,9,2,Pricing,"Pricing is fair, but add-on user seats add up quickly."
FBK-007715,CUST-011902,2024-10-22,8,4,Missing features,The core features cover 90% of our workflow needs.
FBK-007716,CUST-011903,2024-02-23,9,4,Performance,Blazing fast sync speeds across distributed teams.
FBK-007717,CUST-011904,2023-10-14,7,3,Missing features,Missing advanced analytics export to warehouse.
FBK-007718,CUST-011906,2024-06-04,4,3,Mobile experience,Mobile notifications sometimes get delayed.
FBK-007719,CUST-011907,2024-01-14,6,4,Customer support,Ticket was escalated multiple times without a clear resolution.
FBK-007720,CUST-011908,2023-02-01,1,2,Product usability,Steep learning curve for non-technical users.
FBK-007721,CUST-011909,2023-12-24,8,4,Performance,Reliable uptime with minimal disruptions.
FBK-007722,CUST-011910,2022-09-20,4,4,Performance,Slow loading times on large dataset syncs.
FBK-007723,CUST-011911,2023-12-17,2,4,Product usability,UI navigation can be cluttered for new team members.
FBK-007724,CUST-011913,2022-08-16,6,3,Customer support,Ticket was escalated multiple times without a clear resolution.
FBK-007725,CUST-011915,2023-12-07,4,3,Pricing,Monthly plan feels a bit expensive without annual discounts.
FBK-007726,CUST-011916,2023-11-14,6,2,Missing features,Missing advanced analytics export to warehouse.
FBK-007727,CUST-011917,2024-08-03,6,2,Integration,Custom connector setup was frustrating.
FBK-007728,CUST-011919,2023-11-08,8,4,Pricing,"Pricing is fair, but add-on user seats add up quickly."
FBK-007729,CUST-011920,2023-03-22,3,2,Integration,Webhook latency caused duplicate entries in our CRM.
FBK-007730,CUST-011925,2023-11-03,6,2,Mobile experience,Needs iPad tablet optimization.
FBK-007731,CUST-011926,2023-09-16,5,2,Performance,Slow loading times on large dataset syncs.
FBK-007732,CUST-011927,2023-11-15,9,4,Performance,Blazing fast sync speeds across distributed teams.
FBK-007733,CUST-011928,2024-02-09,2,1,Mobile experience,Mobile notifications sometimes get delayed.
FBK-007734,CUST-011931,2023-02-09,7,3,Integration,Webhook latency caused duplicate entries in our CRM.
FBK-007735,CUST-011932,2023-12-28,1,3,Performance,Slow loading times on large dataset syncs.
FBK-007736,CUST-011933,2024-05-01,9,5,Integration,Seamless integration with Google Workspace and Salesforce.
FBK-007737,CUST-011935,2022-12-11,2,3,Integration,Webhook latency caused duplicate entries in our CRM.
FBK-007738,CUST-011936,2022-10-13,6,4,Product usability,UI navigation can be cluttered for new team members.
FBK-007739,CUST-011937,2022-12-30,10,2,Pricing,Great value for money compared to enterprise alternatives.
FBK-007740,CUST-011938,2022-11-03,2,2,Customer support,Took too long to get a response on an urgent billing ticket.
FBK-007741,CUST-011939,2023-10-24,9,3,Performance,Blazing fast sync speeds across distributed teams.
FBK-007742,CUST-011940,2024-02-07,6,5,Customer support,Took too long to get a response on an urgent billing ticket.
FBK-007743,CUST-011941,2024-06-29,4,4,Integration,Webhook latency caused duplicate entries in our CRM.
FBK-007744,CUST-011942,2023-12-08,5,3,Missing features,Missing advanced analytics export to warehouse.
FBK-007745,CUST-011945,2024-08-21,8,3,Performance,Blazing fast sync speeds across distributed teams.
FBK-007746,CUST-011946,2023-09-20,10,5,Mobile experience,"Clean mobile UI, very responsive."
FBK-007747,CUST-011947,2023-08-31,9,5,Missing features,The core features cover 90% of our workflow needs.
FBK-007748,CUST-011948,2024-02-27,7,5,Pricing,Renewal rate increase was unexpected.
FBK-007749,CUST-011950,2022-09-29,4,1,Mobile experience,Mobile notifications sometimes get delayed.
FBK-007750,CUST-011951,2024-08-14,7,4,Mobile experience,Mobile notifications sometimes get delayed.
FBK-007751,CUST-011953,2023-12-15,9,5,Customer support,Support team resolved our critical issue in under an hour!
FBK-007752,CUST-011956,2024-08-10,6,4,Product usability,Steep learning curve for non-technical users.
FBK-007753,CUST-011957,2023-10-24,9,4,Product usability,Intuitive interface and team adopted it within days.
FBK-007754,CUST-011958,2024-01-28,5,5,Integration,Custom connector setup was frustrating.
FBK-007755,CUST-011961,2023-02-23,0,1,Missing features,Missing advanced analytics export to warehouse.
FBK-007756,CUST-011963,2024-07-20,5,5,Pricing,Renewal rate increase was unexpected.
FBK-007757,CUST-011964,2023-09-14,9,4,Integration,Seamless integration with Google Workspace and Salesforce.
FBK-007758,CUST-011965,2024-07-10,7,3,Performance,Slow loading times on large dataset syncs.
FBK-007759,CUST-011966,2024-05-11,10,5,Customer support,Support team resolved our critical issue in under an hour!
FBK-007760,CUST-011967,2024-07-02,3,2,Product usability,UI navigation can be cluttered for new team members.
FBK-007761,CUST-011968,2023-11-02,6,3,Missing features,Missing advanced analytics export to warehouse.
FBK-007762,CUST-011970,2023-08-17,9,4,Product usability,Intuitive interface and team adopted it within days.
FBK-007763,CUST-011971,2024-08-17,9,4,Pricing,"Pricing is fair, but add-on user seats add up quickly."
FBK-007764,CUST-011972,2024-10-24,7,4,Product usability,UI navigation can be cluttered for new team members.
FBK-007765,CUST-011974,2024-06-28,5,1,Pricing,Renewal rate increase was unexpected.
FBK-007766,CUST-011976,2022-12-15,10,3,Customer support,Support team resolved our critical issue in under an hour!
FBK-007767,CUST-011978,2022-09-11,8,5,Pricing,"Pricing is fair, but add-on user seats add up quickly."
FBK-007768,CUST-011979,2024-06-21,5,1,Mobile experience,Needs iPad tablet optimization.
FBK-007769,CUST-011980,2023-08-24,9,4,Performance,Blazing fast sync speeds across distributed teams.
FBK-007770,CUST-011982,2023-03-11,4,1,Performance,Occasional lag during peak hours in large file exports.
FBK-007771,CUST-011983,2024-07-25,8,3,Customer support,Support team resolved our critical issue in under an hour!
FBK-007772,CUST-011984,2023-03-16,4,1,Integration,Webhook latency caused duplicate entries in our CRM.
FBK-007773,CUST-011986,2023-10-21,5,3,Mobile experience,Mobile notifications sometimes get delayed.
FBK-007774,CUST-011988,2023-12-25,10,4,Missing features,The core features cover 90% of our workflow needs.
FBK-007775,CUST-011989,2023-11-02,7,5,Mobile experience,Mobile notifications sometimes get delayed.
FBK-007776,CUST-011990,2024-05-10,9,2,Product usability,Intuitive interface and team adopted it within days.
FBK-007777,CUST-011992,2024-03-30,8,4,Performance,Reliable uptime with minimal disruptions.
FBK-007778,CUST-011993,2023-11-05,9,5,Missing features,The core features cover 90% of our workflow needs.
FBK-007779,CUST-011994,2024-06-29,10,4,Missing features,The core features cover 90% of our workflow needs.
FBK-007780,CUST-011995,2022-11-27,4,1,Pricing,Monthly plan feels a bit expensive without annual discounts.
FBK-007781,CUST-011996,2023-06-10,9,4,Performance,Blazing fast sync speeds across distributed teams.
FBK-007782,CUST-011997,2023-10-08,2,1,Pricing,Monthly plan feels a bit expensive without annual discounts.
FBK-007783,CUST-011998,2024-07-18,10,4,Missing features,The core features cover 90% of our workflow needs.
FBK-007784,CUST-011999,2024-03-21,10,5,Performance,Reliable uptime with minimal disruptions.
FBK-007785,CUST-012000,2023-12-11,8,4,Pricing,"Pricing is fair, but add-on user seats add up quickly."
