ticket_id,customer_id,ticket_date,issue_category,priority,resolution_time_hours,ticket_status,satisfaction_score
TCK-000001,CUST-000001,2023-08-30,Technical,High,174.7,Resolved,2
TCK-000002,CUST-000001,2023-03-25,Technical,Medium,16.7,Resolved,1
TCK-000003,CUST-000002,2024-05-14,Login,Critical,72.2,Resolved,2
TCK-000004,CUST-000004,2023-07-21,Integration,Medium,11.5,Resolved,3
TCK-000005,CUST-000004,01/06/2023,Login,Low,30.5,Resolved,2
TCK-000006,CUST-000005,06/06/2024,Integration,Critical,57.7,Resolved,4
TCK-000007,CUST-000006,2024-06-01,Billing,Medium,0.7,Resolved,4
TCK-000008,CUST-000006,2024-07-08,Billing,High,77.9,Closed,5
TCK-000009,CUST-000006,2024-06-07,Login,Medium,13.8,Closed,5
TCK-000010,CUST-000007,2024-05-19,Technical,Medium,21.8,Resolved,3
TCK-000011,CUST-000007,2024-09-12,Performance,Medium,2.6,Resolved,4
TCK-000012,CUST-000008,2023-11-08,Billing,Medium,10.7,Resolved,1
TCK-000013,CUST-000008,2023-08-30,Technical,Low,0.5,Escalated,3
TCK-000014,CUST-000010,2024-08-23,Technical,Medium,6.4,Resolved,5
TCK-000015,CUST-000010,2023-03-13,Performance,Low,9.1,Resolved,3
TCK-000016,CUST-000011,2024-01-06,Technical,Medium,115.2,Closed,3
TCK-000017,CUST-000013,2024-11-24,Integration,Medium,35.2,Closed,3
TCK-000018,CUST-000014,2023-05-30,Login,Medium,23.6,Resolved,1
TCK-000019,CUST-000014,2023-05-29,Technical,Low,7.9,Resolved,3
TCK-000020,CUST-000017,2023-06-13,Performance,Medium,7.5,Resolved,2
TCK-000021,CUST-000017,2022-07-24,Login,Medium,52.7,Resolved,1
TCK-000022,CUST-000017,2022-05-11,Technical,Low,35.5,Escalated,2
TCK-000023,CUST-000017,2023-01-27,Login,Low,62.7,Resolved,4
TCK-000024,CUST-000018,2024-12-19,Integration,Medium,6.6,Resolved,1
TCK-000025,CUST-000018,2023-11-01,Performance,Medium,2.1,Resolved,3
TCK-000026,CUST-000018,2024-07-26,Billing,Medium,29.8,Resolved,4
TCK-000027,CUST-000019,2024-01-19,Billing,Low,22.5,Escalated,1
TCK-000028,CUST-000019,2023-11-15,Technical,Low,23.5,Resolved,4
TCK-000029,CUST-000020,2022-11-26,Integration,Medium,52.6,Pending,2
TCK-000030,CUST-000020,2024-05-08,Technical,Low,57.7,Resolved,3
TCK-000031,CUST-000022,2024-04-14,Login,Low,2.5,Resolved,3
TCK-000032,CUST-000022,2024-11-05,Technical,Low,46.0,Resolved,4
TCK-000033,CUST-000022,2024-05-23,Feature Request,Medium,16.9,Resolved,3
TCK-000034,CUST-000022,2024-08-22,Technical,Medium,34.9,Resolved,2
TCK-000035,CUST-000023,2024-03-22,Billing,Low,14.9,Closed,2
TCK-000036,CUST-000024,2022-10-31,Performance,High,34.9,Closed,2
TCK-000037,CUST-000024,2023-02-28,Performance,Medium,15.8,Closed,1
TCK-000038,CUST-000024,2022-10-31,Performance,Low,91.6,Resolved,3
TCK-000039,CUST-000025,2024-12-10,Technical,Medium,125.2,Pending,1
TCK-000040,CUST-000025,2024-01-03,Login,Medium,35.6,Resolved,2
TCK-000041,CUST-000025,2022-10-30,Integration,Medium,31.1,Escalated,1
TCK-000042,CUST-000025,2022-08-12,Technical,Low,10.8,Resolved,3
TCK-000043,CUST-000025,2024-07-11,Billing,Medium,18.9,Pending,3
TCK-000044,CUST-000026,2023-10-20,Billing,Critical,48.2,Resolved,1
TCK-000045,CUST-000026,2023-12-01,Technical,High,17.6,Resolved,2
TCK-000046,CUST-000026,2023-12-04,Performance,Low,2.1,Resolved,1
TCK-000047,CUST-000026,2023-10-09,Technical,Medium,44.4,Resolved,3
TCK-000048,CUST-000028,2022-06-19,Technical,Medium,18.1,Resolved,4
TCK-000049,CUST-000031,2024-06-19,Login,Low,6.9,Closed,5
TCK-000050,CUST-000031,2024-05-10,Security,Medium,0.5,Resolved,5
TCK-000051,CUST-000032,2023-02-05,Technical,Low,17.4,Resolved,3
TCK-000052,CUST-000032,2022-08-30,Technical,Low,2.4,Pending,2
TCK-000053,CUST-000032,2023-01-31,Security,Medium,32.7,Pending,1
TCK-000054,CUST-000036,2024-04-14,Billing,High,5.9,Resolved,2
TCK-000055,CUST-000036,2024-09-21,Technical,Low,2.5,Resolved,3
TCK-000056,CUST-000037,2024-03-07,Technical,Medium,32.4,Resolved,5
TCK-000057,CUST-000037,2024-10-17,Login,Low,5.5,Resolved,5
TCK-000058,CUST-000037,2023-10-07,Integration,High,38.3,Resolved,4
TCK-000059,CUST-000037,2023-11-17,Technical,Low,18.7,Resolved,3
TCK-000060,CUST-000039,2023-12-02,Login,Critical,21.3,Resolved,3
TCK-000061,CUST-000040,2024-05-18,Technical,Critical,30.6,Closed,4
TCK-000062,CUST-000040,2023-12-27,Billing,Medium,13.2,Closed,4
TCK-000063,CUST-000041,2024-03-02,Integration,Medium,21.8,Resolved,4
TCK-000064,CUST-000041,2024-05-28,Integration,Medium,27.0,Resolved,3
TCK-000065,CUST-000042,2023-04-21,Technical,High,71.3,Resolved,1
TCK-000066,CUST-000042,2024-08-09,Billing,Low,29.5,Closed,4
TCK-000067,CUST-000042,2024-01-01,Billing,Low,6.6,Resolved,5
TCK-000068,CUST-000042,2023-06-05,Billing,High,14.6,Closed,5
TCK-000069,CUST-000047,2023-07-12,Billing,Medium,29.2,Resolved,4
TCK-000070,CUST-000047,2022-11-16,Billing,Medium,5.8,Resolved,5
TCK-000071,CUST-000049,2024-06-04,Technical,Medium,5.7,Resolved,2
TCK-000072,CUST-000050,2024-11-17,Performance,Critical,9.1,Resolved,2
TCK-000073,CUST-000050,2024-08-19,Technical,Medium,78.8,Closed,2
TCK-000074,CUST-000051,2023-07-13,Billing,Medium,4.2,Resolved,2
TCK-000075,CUST-000051,2023-10-20,Performance,High,19.9,Resolved,2
TCK-000076,CUST-000052,11/01/2024,Feature Request,Low,9.1,Resolved,4
TCK-000077,CUST-000053,2024-01-14,Billing,Low,7.1,Resolved,1
TCK-000078,CUST-000053,2023-08-04,Security,Critical,17.5,Closed,4
TCK-000079,CUST-000053,2023-06-07,Integration,Low,47.1,Resolved,2
TCK-000080,CUST-000053,02/10/2023,Login,Low,67.0,Resolved,3
TCK-000081,CUST-000056,2024-04-28,Technical,Low,68.8,Resolved,2
TCK-000082,CUST-000058,2023-11-08,Integration,Medium,20.3,Resolved,4
TCK-000083,CUST-000058,2023-10-20,Login,Medium,57.8,Resolved,1
TCK-000084,CUST-000058,06/03/2024,Login,High,146.0,Resolved,2
TCK-000085,CUST-000060,2024-07-29,Technical,Medium,0.5,Closed,5
TCK-000086,CUST-000061,2023-07-05,Billing,Medium,21.6,Resolved,3
TCK-000087,CUST-000061,2023-10-16,Login,Medium,52.1,Escalated,1
TCK-000088,CUST-000061,2024-02-11,Billing,High,45.3,Resolved,2
TCK-000089,CUST-000061,2023-05-08,Technical,Low,51.1,Closed,3
TCK-000090,CUST-000066,2024-08-02,Billing,Medium,9.1,Resolved,5
TCK-000091,CUST-000067,2023-07-25,Login,High,1.7,Closed,5
TCK-000092,CUST-000068,2023-10-11,Technical,Medium,6.9,Closed,3
TCK-000093,CUST-000068,2024-11-11,Performance,Low,0.5,Resolved,5
TCK-000094,CUST-000068,2024-07-30,Integration,High,83.1,Closed,4
TCK-000095,CUST-000070,2024-07-04,Integration,Critical,3.7,Closed,4
TCK-000096,CUST-000070,2024-10-28,Billing,Low,2.5,Resolved,3
TCK-000097,CUST-000070,2024-06-05,Login,High,49.8,Resolved,5
TCK-000098,CUST-000073,2024-08-03,Login,Low,0.5,Resolved,4
TCK-000099,CUST-000073,2023-06-04,Performance,Low,25.1,Closed,5
TCK-000100,CUST-000073,2023-08-01,Technical,Medium,0.8,Resolved,4
TCK-000101,CUST-000074,2024-12-11,Performance,Low,3.5,Closed,4
TCK-000102,CUST-000075,18/12/2023,Technical,High,9.3,Resolved,5
TCK-000103,CUST-000076,2024-04-25,Billing,Medium,87.7,Resolved,1
TCK-000104,CUST-000076,2023-11-22,Technical,Medium,41.1,Pending,3
TCK-000105,CUST-000079,2024-04-04,Feature Request,Medium,3.1,Resolved,5
TCK-000106,CUST-000079,2024-06-09,Billing,High,15.7,Resolved,4
TCK-000107,CUST-000080,2023-10-17,Performance,Low,15.7,Resolved,5
TCK-000108,CUST-000080,2024-03-19,Integration,Low,17.9,Resolved,2
TCK-000109,CUST-000081,2024-03-19,Feature Request,Medium,34.3,Resolved,1
TCK-000110,CUST-000081,2024-06-16,Performance,Critical,29.6,Closed,1
TCK-000111,CUST-000081,2024-02-25,Billing,Critical,9.7,Closed,2
TCK-000112,CUST-000084,2024-06-15,Security,Low,9.6,Resolved,1
TCK-000113,CUST-000085,2023-10-25,Technical,Low,20.2,Closed,2
TCK-000114,CUST-000087,2024-06-29,Login,Low,16.4,Resolved,5
TCK-000115,CUST-000087,2024-08-12,Login,Low,13.5,Resolved,4
TCK-000116,CUST-000087,2024-11-12,Technical,Low,24.9,Resolved,2
TCK-000117,CUST-000088,2024-03-20,Technical,High,4.4,Pending,2
TCK-000118,CUST-000088,2024-04-23,Performance,Medium,36.9,Resolved,1
TCK-000119,CUST-000089,2024-01-25,Performance,High,3.8,Resolved,5
TCK-000120,CUST-000089,2024-06-16,Feature Request,Critical,70.1,Resolved,4
TCK-000121,CUST-000089,2024-04-23,Performance,Medium,4.5,Resolved,4
TCK-000122,CUST-000092,2024-03-30,Technical,High,39.2,Resolved,5
TCK-000123,CUST-000098,2024-08-28,Billing,Critical,39.5,Resolved,1
TCK-000124,CUST-000098,2024-08-25,Login,Medium,21.4,Resolved,2
TCK-000125,CUST-000098,2024-06-28,Feature Request,Low,23.4,Resolved,2
TCK-000126,CUST-000098,2024-08-09,Billing,Medium,4.4,Resolved,1
TCK-000127,CUST-000098,2024-09-29,Login,Medium,7.8,Resolved,2
TCK-000128,CUST-000098,2024-09-09,Billing,Medium,999.9,Resolved,2
TCK-000129,CUST-000099,2024-11-04,Billing,Medium,3.2,Resolved,5
TCK-000130,CUST-000099,2023-12-24,Login,Medium,7.0,Resolved,5
TCK-000131,CUST-000100,2024-07-03,Login,High,25.1,Resolved,4
TCK-000132,CUST-000100,2024-03-28,Integration,Medium,22.8,Resolved,2
TCK-000133,CUST-000101,2023-02-20,Login,Medium,3.4,Resolved,3
TCK-000134,CUST-000101,2024-06-07,Billing,Low,21.6,Resolved,2
TCK-000135,CUST-000101,2023-10-04,Technical,Medium,20.9,Closed,1
TCK-000136,CUST-000102,2023-06-16,Feature Request,Medium,6.2,Resolved,2
TCK-000137,CUST-000102,2022-11-23,Login,Low,20.7,Escalated,1
TCK-000138,CUST-000103,2023-02-12,Performance,Medium,5.2,Resolved,2
TCK-000139,CUST-000103,2023-12-22,Login,Medium,11.8,Resolved,3
TCK-000140,CUST-000103,2022-08-19,Billing,High,29.5,Resolved,4
TCK-000141,CUST-000103,2022-09-14,Billing,Medium,5.7,Resolved,2
TCK-000142,CUST-000105,2022-11-17,Technical,Low,5.9,Resolved,4
TCK-000143,CUST-000107,2024-12-02,Performance,High,25.2,Resolved,5
TCK-000144,CUST-000108,2024-07-29,Technical,High,36.8,Resolved,4
TCK-000145,CUST-000108,2022-09-15,Billing,Medium,3.0,Closed,4
TCK-000146,CUST-000108,2024-07-18,Integration,Medium,7.3,Resolved,4
TCK-000147,CUST-000108,2024-01-03,Billing,Low,23.0,Resolved,5
TCK-000148,CUST-000109,2022-04-28,Technical,Medium,27.0,Resolved,4
TCK-000149,CUST-000109,2024-09-28,Login,Medium,3.7,Resolved,5
TCK-000150,CUST-000109,2024-01-08,Billing,High,17.0,Closed,1
TCK-000151,CUST-000110,2022-09-20,Integration,Low,43.3,Escalated,1
TCK-000152,CUST-000111,2024-08-29,Login,High,27.5,Resolved,5
TCK-000153,CUST-000112,2023-02-12,Login,High,25.2,Resolved,4
TCK-000154,CUST-000112,2023-12-19,Performance,Medium,17.1,Closed,4
TCK-000155,CUST-000113,21/01/2024,Feature Request,Medium,59.2,Closed,1
TCK-000156,CUST-000113,2024-03-10,Billing,Low,7.2,Pending,2
TCK-000157,CUST-000116,2024-04-14,Technical,Low,16.6,Resolved,2
TCK-000158,CUST-000119,2023-01-20,Technical,Medium,18.8,Resolved,2
TCK-000159,CUST-000119,2023-03-04,Billing,Medium,2.3,Closed,3
TCK-000160,CUST-000120,2024-09-16,Feature Request,Medium,37.1,Resolved,4
TCK-000161,CUST-000120,2024-10-12,Security,Medium,16.4,Resolved,3
TCK-000162,CUST-000120,2024-04-26,Technical,Low,33.5,Resolved,2
TCK-000163,CUST-000120,2024-11-12,Performance,Low,2.5,Closed,5
TCK-000164,CUST-000121,2024-05-31,Technical,Low,6.7,Resolved,5
TCK-000165,CUST-000123,2023-08-20,Technical,Critical,70.0,Resolved,5
TCK-000166,CUST-000123,2024-09-22,Integration,Medium,22.1,Resolved,3
TCK-000167,CUST-000125,2024-12-07,Technical,Critical,0.9,Resolved,4
TCK-000168,CUST-000127,2024-06-11,Billing,Medium,21.2,Resolved,4
TCK-000169,CUST-000128,2022-11-17,Integration,Low,4.5,Resolved,3
TCK-000170,CUST-000129,2022-07-02,Billing,Low,17.3,Resolved,3
TCK-000171,CUST-000129,2022-07-02,Integration,Medium,57.6,Pending,3
TCK-000172,CUST-000130,2024-12-20,Billing,Medium,25.4,Resolved,5
TCK-000173,CUST-000130,2024-08-20,Billing,High,84.1,Resolved,4
TCK-000174,CUST-000131,2024-07-21,Integration,Medium,27.6,Resolved,2
TCK-000175,CUST-000132,2024-06-10,Technical,Low,19.1,Resolved,1
TCK-000176,CUST-000133,2023-10-21,Integration,Low,9.8,Closed,1
TCK-000177,CUST-000133,2024-01-09,Performance,High,23.5,Resolved,1
TCK-000178,CUST-000134,2023-06-12,Login,Low,12.5,Resolved,5
TCK-000179,CUST-000138,2022-07-21,Integration,Low,9.3,Resolved,4
TCK-000180,CUST-000138,2023-01-18,Technical,High,0.5,Resolved,2
TCK-000181,CUST-000140,2023-03-05,Login,High,64.9,Resolved,5
TCK-000182,CUST-000140,2023-08-19,Login,High,6.1,Resolved,4
TCK-000183,CUST-000143,2024-05-08,Login,Critical,6.3,Resolved,5
TCK-000184,CUST-000144,2023-10-17,Performance,Medium,12.6,Resolved,5
TCK-000185,CUST-000144,2023-08-24,Technical,Critical,3.8,Closed,2
TCK-000186,CUST-000148,2023-10-26,Login,Medium,20.0,Resolved,4
TCK-000187,CUST-000148,2024-11-07,Performance,Medium,4.3,Closed,5
TCK-000188,CUST-000149,2023-02-24,Billing,Medium,1.2,Resolved,4
TCK-000189,CUST-000151,2023-07-26,Security,High,93.3,Resolved,2
TCK-000190,CUST-000151,2023-03-02,Performance,Medium,20.9,Resolved,3
TCK-000191,CUST-000151,2024-01-24,Billing,Low,10.7,Closed,5
TCK-000192,CUST-000152,2023-09-22,Integration,Medium,0.8,Closed,4
TCK-000193,CUST-000156,2024-04-12,Billing,High,4.9,Resolved,5
TCK-000194,CUST-000157,2023-06-17,Technical,Medium,0.5,Resolved,1
TCK-000195,CUST-000157,2022-11-14,Technical,High,3.0,Resolved,5
TCK-000196,CUST-000158,2024-06-30,Technical,Low,7.9,Resolved,4
TCK-000197,CUST-000158,2024-07-29,Technical,Low,7.1,Resolved,5
TCK-000198,CUST-000159,18/02/2024,Billing,Medium,1.3,Resolved,5
TCK-000199,CUST-000159,27/08/2024,Login,High,47.0,Resolved,5
TCK-000200,CUST-000159,2024-03-25,Technical,Critical,47.3,Resolved,3
TCK-000201,CUST-000162,2023-04-15,Technical,High,5.1,Resolved,5
TCK-000202,CUST-000164,2024-09-16,Performance,Low,48.5,Escalated,1
TCK-000203,CUST-000164,2024-06-19,Login,Medium,13.4,Resolved,1
TCK-000204,CUST-000164,2024-11-17,Billing,Low,14.6,Resolved,1
TCK-000205,CUST-000166,2024-08-03,Integration,Medium,0.8,Closed,4
TCK-000206,CUST-000166,2024-04-05,Login,Medium,10.2,Resolved,3
TCK-000207,CUST-000167,2024-01-16,Billing,Low,41.4,Escalated,2
TCK-000208,CUST-000167,2024-01-22,Billing,Low,6.2,Resolved,2
TCK-000209,CUST-000167,2024-01-08,Security,High,3.6,Resolved,5
TCK-000210,CUST-000168,2024-09-09,Technical,Low,15.4,Resolved,2
TCK-000211,CUST-000169,2022-11-26,Billing,High,31.7,Resolved,2
TCK-000212,CUST-000170,2023-10-30,Security,Medium,5.9,Resolved,4
TCK-000213,CUST-000172,2024-07-01,Billing,Low,14.9,Resolved,4
TCK-000214,CUST-000173,2023-05-08,Feature Request,High,6.8,Resolved,4
TCK-000215,CUST-000175,2023-09-03,Feature Request,Low,9.9,Resolved,3
TCK-000216,CUST-000175,2024-07-18,Login,Medium,32.7,Resolved,1
TCK-000217,CUST-000175,2024-11-14,Billing,Critical,83.6,Resolved,4
TCK-000218,CUST-000176,2023-11-15,Billing,High,58.0,Resolved,5
TCK-000219,CUST-000176,2023-11-26,Integration,High,1.9,Resolved,4
TCK-000220,CUST-000178,2024-07-27,Login,Medium,30.7,Escalated,3
TCK-000221,CUST-000178,2024-09-30,Performance,Low,10.4,Closed,1
TCK-000222,CUST-000179,2023-01-31,Billing,High,13.6,Pending,1
TCK-000223,CUST-000180,2023-01-07,Billing,Low,10.0,Pending,1
TCK-000224,CUST-000184,2024-05-29,Technical,High,18.7,Closed,3
TCK-000225,CUST-000186,2024-07-07,Integration,Critical,0.5,Resolved,4
TCK-000226,CUST-000186,2024-12-11,Technical,High,14.1,Resolved,1
TCK-000227,CUST-000187,2024-01-05,Technical,Medium,52.7,Closed,3
TCK-000228,CUST-000187,2024-01-18,Billing,Low,7.6,Resolved,2
TCK-000229,CUST-000188,2023-10-18,Billing,Medium,3.2,Resolved,2
TCK-000230,CUST-000189,2024-09-16,Performance,High,5.8,Resolved,3
TCK-000231,CUST-000191,2024-11-27,Billing,High,6.3,Resolved,4
TCK-000232,CUST-000191,2024-09-10,Feature Request,Critical,38.7,Closed,4
TCK-000233,CUST-000192,2024-11-27,Login,High,7.0,Resolved,4
TCK-000234,CUST-000192,2024-12-09,Performance,High,58.1,Resolved,3
TCK-000235,CUST-000193,2023-02-13,Technical,Low,1.3,Resolved,4
TCK-000236,CUST-000193,2024-03-31,Billing,Low,4.7,Resolved,5
TCK-000237,CUST-000194,2024-05-30,Technical,Low,0.8,Closed,4
TCK-000238,CUST-000195,2022-12-06,Technical,High,6.8,Resolved,5
TCK-000239,CUST-000196,2023-07-10,Technical,Low,2.2,Pending,1
TCK-000240,CUST-000196,2023-04-28,Login,Low,50.4,Resolved,2
TCK-000241,CUST-000196,2023-02-05,Login,High,30.2,Pending,2
TCK-000242,CUST-000197,16/09/2024,Security,Low,29.5,Resolved,5
TCK-000243,CUST-000197,14/01/2024,Technical,Low,6.6,Resolved,1
TCK-000244,CUST-000198,2024-06-07,Billing,Medium,40.9,Closed,4
TCK-000245,CUST-000201,2023-12-15,Billing,Medium,31.8,Closed,1
TCK-000246,CUST-000202,2024-01-05,Login,Medium,24.2,Resolved,5
TCK-000247,CUST-000203,2024-04-27,Performance,Medium,2.7,Resolved,4
TCK-000248,CUST-000207,2024-12-07,Technical,Critical,45.2,Closed,2
TCK-000249,CUST-000208,2023-05-30,Login,Low,1.7,Closed,2
TCK-000250,CUST-000209,2023-03-25,Login,Critical,64.0,Resolved,1
TCK-000251,CUST-000211,2022-05-08,Login,Critical,72.9,Resolved,2
TCK-000252,CUST-000211,2022-08-12,Security,Medium,13.8,Resolved,1
TCK-000253,CUST-000211,2023-07-19,Performance,Low,14.3,Pending,1
TCK-000254,CUST-000212,2023-10-14,Integration,High,21.9,Resolved,1
TCK-000255,CUST-000212,2023-10-28,Integration,Medium,10.7,Resolved,3
TCK-000256,CUST-000212,2024-02-28,Performance,Low,13.7,Pending,1
TCK-000257,CUST-000213,2024-07-30,Billing,Low,8.7,Resolved,5
TCK-000258,CUST-000214,2023-09-22,Technical,High,74.2,Resolved,3
TCK-000259,CUST-000214,2023-04-11,Integration,High,51.1,Resolved,2
TCK-000260,CUST-000214,2023-03-22,Login,High,9.8,Resolved,1
TCK-000261,CUST-000215,2024-01-14,Technical,High,12.0,Resolved,4
TCK-000262,CUST-000215,2023-11-14,Login,Low,8.6,Resolved,5
TCK-000263,CUST-000217,2022-11-07,Integration,Medium,17.9,Resolved,2
TCK-000264,CUST-000221,2024-11-11,Technical,Medium,24.5,Resolved,4
TCK-000265,CUST-000222,2024-10-30,Technical,Medium,5.3,Resolved,4
TCK-000266,CUST-000223,2024-10-24,Technical,High,23.8,Closed,5
TCK-000267,CUST-000223,2024-08-11,Login,Medium,8.2,Resolved,5
TCK-000268,CUST-000223,2024-08-05,Billing,Critical,59.9,Resolved,2
TCK-000269,CUST-000225,2023-03-16,Security,Medium,44.2,Pending,2
TCK-000270,CUST-000225,2023-03-03,Integration,High,39.3,Resolved,2
TCK-000271,CUST-000227,2024-03-19,Login,Medium,4.0,Closed,5
TCK-000272,CUST-000227,2024-04-12,Billing,Low,24.2,Escalated,1
TCK-000273,CUST-000227,2023-09-20,Billing,Medium,43.1,Pending,1
TCK-000274,CUST-000228,2023-06-10,Performance,Low,16.1,Resolved,4
TCK-000275,CUST-000230,2024-12-04,Login,Medium,16.9,Resolved,1
TCK-000276,CUST-000231,2023-10-06,Billing,Low,9.5,Resolved,4
TCK-000277,CUST-000231,2023-09-06,Billing,High,24.1,Resolved,2
TCK-000278,CUST-000231,2024-12-07,Login,Medium,16.4,Resolved,5
TCK-000279,CUST-000231,2024-11-17,Technical,Medium,1.7,Resolved,3
TCK-000280,CUST-000232,2024-02-25,Performance,High,93.7,Resolved,3
TCK-000281,CUST-000233,2024-02-18,Billing,High,21.5,Resolved,4
TCK-000282,CUST-000235,2023-06-26,Technical,Medium,38.2,Closed,4
TCK-000283,CUST-000236,2024-01-17,Integration,Low,27.4,Escalated,2
TCK-000284,CUST-000236,2023-09-16,Technical,Critical,94.1,Resolved,1
TCK-000285,CUST-000236,2022-11-28,Billing,Low,4.1,Pending,1
TCK-000286,CUST-000236,2024-04-28,Technical,Medium,50.7,Closed,2
TCK-000287,CUST-000237,2022-06-21,Login,Low,40.9,Resolved,2
TCK-000288,CUST-000238,2023-11-08,Technical,Medium,0.5,Resolved,4
TCK-000289,CUST-000239,2024-02-13,Login,High,15.3,Closed,3
TCK-000290,CUST-000240,2022-08-23,Integration,Medium,9.8,Resolved,4
TCK-000291,CUST-000240,2023-04-01,Performance,Low,0.5,Resolved,5
TCK-000292,CUST-000240,2024-11-20,Technical,Critical,0.9,Closed,3
TCK-000293,CUST-000240,2024-09-27,Login,Medium,19.2,Resolved,4
TCK-000294,CUST-000242,2023-06-07,Login,Low,6.7,Resolved,4
TCK-000295,CUST-000242,2023-01-25,Technical,Low,48.4,Closed,4
TCK-000296,CUST-000243,2023-09-09,Billing,Medium,25.5,Resolved,2
TCK-000297,CUST-000244,2024-03-02,Technical,Low,3.8,Closed,3
TCK-000298,CUST-000246,2024-11-23,Performance,Medium,7.9,Resolved,4
TCK-000299,CUST-000247,2024-01-09,Feature Request,Low,13.7,Resolved,5
TCK-000300,CUST-000247,2024-09-15,Billing,Low,14.2,Resolved,4
TCK-000301,CUST-000253,2024-02-19,Login,Medium,2.8,Resolved,5
TCK-000302,CUST-000254,2024-05-21,Technical,Medium,4.3,Resolved,4
TCK-000303,CUST-000254,2024-11-17,Login,High,35.3,Closed,3
TCK-000304,CUST-000255,2024-07-15,Technical,Critical,41.6,Closed,5
TCK-000305,CUST-000257,2022-08-27,Login,Critical,37.6,Pending,1
TCK-000306,CUST-000257,2022-06-05,Login,Medium,55.5,Resolved,4
TCK-000307,CUST-000257,2022-09-08,Feature Request,Low,19.2,Resolved,5
TCK-000308,CUST-000258,2024-10-30,Billing,Low,12.9,Resolved,5
TCK-000309,CUST-000259,2024-03-29,Billing,Critical,999.9,Closed,4
TCK-000310,CUST-000260,2023-05-09,Login,High,6.2,Pending,1
TCK-000311,CUST-000260,2022-11-04,Billing,Low,12.0,Escalated,1
TCK-000312,CUST-000262,2024-09-30,Technical,Medium,29.2,Closed,4
TCK-000313,CUST-000262,2023-11-17,Billing,Medium,10.4,Closed,3
TCK-000314,CUST-000264,2024-05-16,Performance,Medium,17.9,Resolved,3
TCK-000315,CUST-000264,2024-07-16,Billing,Low,82.2,Resolved,2
TCK-000316,CUST-000265,2024-08-23,Billing,Medium,21.0,Closed,4
TCK-000317,CUST-000265,2024-09-20,Technical,Medium,2.5,Closed,3
TCK-000318,CUST-000267,2023-03-07,Login,Critical,38.5,Closed,2
TCK-000319,CUST-000267,2024-05-06,Login,Low,48.3,Resolved,2
TCK-000320,CUST-000267,2024-03-19,Billing,Medium,15.5,Resolved,3
TCK-000321,CUST-000268,2024-09-04,Technical,Critical,187.9,Resolved,5
TCK-000322,CUST-000269,2024-08-02,Integration,Low,4.0,Resolved,3
TCK-000323,CUST-000271,2024-07-06,Technical,Medium,9.1,Closed,2
TCK-000324,CUST-000271,2024-10-11,Technical,High,11.9,Resolved,3
TCK-000325,CUST-000272,2024-11-05,Billing,Medium,11.5,Resolved,4
TCK-000326,CUST-000272,2024-12-02,Feature Request,Medium,14.3,Closed,3
TCK-000327,CUST-000272,2024-07-20,Login,Low,91.3,Resolved,1
TCK-000328,CUST-000275,2024-07-31,Billing,Low,17.7,Pending,1
TCK-000329,CUST-000277,2022-08-18,Integration,Medium,55.4,Resolved,3
TCK-000330,CUST-000277,2024-02-02,Technical,Low,29.2,Resolved,2
TCK-000331,CUST-000277,2023-09-10,Technical,Medium,1.4,Resolved,1
TCK-000332,CUST-000277,2023-01-18,Security,Low,1.7,Closed,2
TCK-000333,CUST-000278,2022-11-22,Technical,Critical,14.1,Resolved,2
TCK-000334,CUST-000278,2022-09-21,Performance,Medium,2.5,Resolved,1
TCK-000335,CUST-000279,2023-12-24,Security,Low,16.1,Resolved,3
TCK-000336,CUST-000280,2022-08-11,Technical,Low,8.6,Resolved,2
TCK-000337,CUST-000280,2022-08-23,Login,Medium,2.6,Resolved,3
TCK-000338,CUST-000280,2024-02-06,Technical,Low,5.0,Escalated,1
TCK-000339,CUST-000280,2022-06-07,Technical,High,58.7,Resolved,1
TCK-000340,CUST-000280,2022-09-18,Billing,Medium,70.5,Escalated,2
TCK-000341,CUST-000280,2023-10-31,Billing,Medium,26.9,Resolved,3
TCK-000342,CUST-000282,2023-11-02,Billing,Medium,10.0,Closed,3
TCK-000343,CUST-000282,2024-01-24,Integration,Low,14.9,Escalated,1
TCK-000344,CUST-000282,2024-01-30,Technical,Low,1.7,Closed,3
TCK-000345,CUST-000283,2024-08-02,Technical,Low,3.5,Resolved,5
TCK-000346,CUST-000283,13/01/2023,Login,Low,9.4,Resolved,3
TCK-000347,CUST-000285,2024-12-18,Integration,Low,0.5,Closed,4
TCK-000348,CUST-000285,2024-03-02,Security,Low,4.6,Resolved,3
TCK-000349,CUST-000286,2023-08-15,Technical,Low,8.5,Resolved,5
TCK-000350,CUST-000286,2022-07-20,Login,Low,22.0,Resolved,4
TCK-000351,CUST-000287,2024-06-11,Billing,Medium,5.2,Resolved,4
TCK-000352,CUST-000288,2024-09-22,Technical,Medium,22.8,Resolved,3
TCK-000353,CUST-000288,2023-04-30,Technical,High,77.8,Closed,5
TCK-000354,CUST-000289,2023-01-20,Technical,Medium,0.5,Resolved,5
TCK-000355,CUST-000291,2023-07-25,Security,High,53.1,Resolved,4
TCK-000356,CUST-000292,2024-07-22,Technical,Low,10.4,Resolved,3
TCK-000357,CUST-000293,2024-01-06,Billing,Low,46.6,Resolved,3
TCK-000358,CUST-000294,2024-11-15,Integration,Medium,4.5,Closed,2
TCK-000359,CUST-000295,2024-06-02,Feature Request,Critical,22.6,Resolved,4
TCK-000360,CUST-000296,2022-12-30,Integration,Low,66.2,Resolved,2
TCK-000361,CUST-000297,2022-10-02,Billing,Low,10.2,Resolved,5
TCK-000362,CUST-000298,2023-07-29,Integration,High,6.7,Resolved,5
TCK-000363,CUST-000298,2023-08-02,Technical,Medium,13.5,Resolved,4
TCK-000364,CUST-000301,2024-09-20,Performance,Medium,9.9,Resolved,3
TCK-000365,CUST-000302,2022-10-31,Performance,High,15.0,Resolved,4
TCK-000366,CUST-000302,2024-08-21,Integration,Low,19.7,Resolved,5
TCK-000367,CUST-000303,2023-06-04,Feature Request,Medium,58.2,Resolved,1
TCK-000368,CUST-000303,2024-09-10,Integration,Medium,16.4,Closed,1
TCK-000369,CUST-000303,2023-10-22,Technical,Medium,10.1,Closed,3
TCK-000370,CUST-000304,2024-02-28,Performance,Low,32.9,Resolved,1
TCK-000371,CUST-000306,2024-10-27,Login,Medium,3.0,Resolved,1
TCK-000372,CUST-000308,2022-10-07,Technical,Critical,57.3,Closed,1
TCK-000373,CUST-000308,2023-01-29,Performance,Medium,9.4,Resolved,1
TCK-000374,CUST-000308,2023-01-25,Billing,High,35.9,Closed,1
TCK-000375,CUST-000309,2024-05-24,Technical,Low,0.5,Resolved,3
TCK-000376,CUST-000309,2024-08-06,Performance,Low,5.2,Resolved,5
TCK-000377,CUST-000310,2024-06-26,Login,Medium,23.3,Resolved,4
TCK-000378,CUST-000310,20/04/2024,Security,High,3.2,Resolved,3
TCK-000379,CUST-000310,2023-08-11,Login,High,34.6,Resolved,5
TCK-000380,CUST-000312,2024-12-03,Technical,Medium,8.5,Closed,5
TCK-000381,CUST-000314,2024-04-06,Technical,Low,4.6,Resolved,5
TCK-000382,CUST-000315,2023-12-28,Login,Low,20.7,Resolved,5
TCK-000383,CUST-000315,2024-09-01,Technical,Medium,18.7,Resolved,4
TCK-000384,CUST-000316,2024-02-01,Login,Low,14.1,Closed,4
TCK-000385,CUST-000316,2024-07-14,Integration,Medium,3.1,Closed,3
TCK-000386,CUST-000316,2024-03-19,Billing,Medium,1.9,Resolved,5
TCK-000387,CUST-000317,2022-07-12,Billing,Low,14.4,Resolved,1
TCK-000388,CUST-000317,2022-10-26,Performance,Medium,43.8,Resolved,2
TCK-000389,CUST-000317,2022-07-20,Technical,Low,43.6,Closed,5
TCK-000390,CUST-000317,2022-07-30,Technical,Critical,172.6,Escalated,2
TCK-000391,CUST-000318,2023-06-25,Billing,Critical,3.3,Escalated,1
TCK-000392,CUST-000318,2023-05-26,Technical,Medium,28.3,Resolved,1
TCK-000393,CUST-000319,2024-10-21,Login,Medium,15.7,Resolved,4
TCK-000394,CUST-000319,2024-02-16,Technical,Critical,29.9,Resolved,4
TCK-000395,CUST-000320,2023-06-12,Performance,Low,6.0,Pending,2
TCK-000396,CUST-000321,2024-03-06,Billing,Low,16.2,Resolved,4
TCK-000397,CUST-000323,2024-07-25,Integration,Medium,30.6,Closed,2
TCK-000398,CUST-000326,2023-11-26,Billing,Low,0.5,Resolved,4
TCK-000399,CUST-000327,2024-10-18,Technical,Medium,16.5,Resolved,4
TCK-000400,CUST-000331,2022-09-15,Login,Medium,18.7,Closed,5
TCK-000401,CUST-000332,2023-08-09,Login,High,44.8,Resolved,5
TCK-000402,CUST-000333,2023-10-07,Integration,Low,6.8,Closed,5
TCK-000403,CUST-000334,2024-04-26,Login,Low,18.2,Resolved,1
TCK-000404,CUST-000334,2024-05-24,Technical,Low,2.9,Resolved,1
TCK-000405,CUST-000336,2022-08-12,Performance,Low,4.3,Resolved,1
TCK-000406,CUST-000337,2024-07-19,Technical,Medium,11.7,Closed,3
TCK-000407,CUST-000337,2024-09-15,Feature Request,Low,9.4,Closed,4
TCK-000408,CUST-000338,2023-11-15,Performance,Medium,16.3,Resolved,5
TCK-000409,CUST-000339,2023-04-16,Technical,Medium,1.3,Closed,2
TCK-000410,CUST-000340,2023-03-01,Integration,Low,14.0,Resolved,4
TCK-000411,CUST-000343,2024-10-09,Performance,Low,16.6,Resolved,2
TCK-000412,CUST-000344,2022-07-01,Technical,Medium,2.7,Resolved,2
TCK-000413,CUST-000344,14/10/2023,Billing,Medium,10.8,Resolved,2
TCK-000414,CUST-000344,2022-06-13,Feature Request,Low,15.6,Resolved,2
TCK-000415,CUST-000345,2023-11-10,Login,Medium,28.3,Resolved,2
TCK-000416,CUST-000345,2024-08-10,Technical,High,55.5,Resolved,2
TCK-000417,CUST-000345,2024-02-17,Billing,Medium,23.9,Pending,2
TCK-000418,CUST-000346,2023-02-04,Performance,High,1.9,Closed,2
TCK-000419,CUST-000346,2022-11-08,Performance,Low,39.1,Resolved,4
TCK-000420,CUST-000346,2022-11-13,Technical,Medium,4.5,Resolved,2
TCK-000421,CUST-000346,2023-02-01,Performance,Critical,6.0,Resolved,2
TCK-000422,CUST-000348,2023-11-10,Performance,Low,14.7,Pending,3
TCK-000423,CUST-000348,2023-05-28,Billing,High,3.2,Escalated,2
TCK-000424,CUST-000348,2023-06-21,Performance,Critical,103.0,Escalated,2
TCK-000425,CUST-000351,2024-09-11,Technical,High,24.9,Resolved,3
TCK-000426,CUST-000351,2024-09-12,Technical,Medium,4.5,Resolved,3
TCK-000427,CUST-000355,2024-08-11,Login,High,2.4,Closed,4
TCK-000428,CUST-000356,2024-05-04,Billing,Low,50.8,Resolved,2
TCK-000429,CUST-000356,2024-06-23,Technical,Low,38.9,Resolved,2
TCK-000430,CUST-000357,2022-07-29,Performance,Low,16.2,Closed,3
TCK-000431,CUST-000358,2024-03-07,Billing,Medium,38.9,Resolved,1
TCK-000432,CUST-000358,2024-05-17,Performance,High,17.9,Closed,3
TCK-000433,CUST-000358,2024-04-17,Integration,High,54.6,Resolved,3
TCK-000434,CUST-000359,2022-11-04,Security,High,69.1,Resolved,1
TCK-000435,CUST-000361,2024-11-19,Billing,Low,28.5,Resolved,2
TCK-000436,CUST-000362,2023-08-13,Technical,Medium,56.8,Resolved,5
TCK-000437,CUST-000363,2023-04-25,Integration,Low,1.6,Resolved,1
TCK-000438,CUST-000363,2022-04-14,Technical,Low,2.2,Escalated,2
TCK-000439,CUST-000364,2024-11-14,Feature Request,High,14.8,Resolved,1
TCK-000440,CUST-000364,2022-12-21,Integration,Medium,8.9,Resolved,3
TCK-000441,CUST-000366,2022-10-27,Technical,Medium,13.8,Pending,1
TCK-000442,CUST-000366,2022-07-29,Billing,Low,13.1,Closed,3
TCK-000443,CUST-000368,2024-05-19,Technical,Medium,13.9,Resolved,4
TCK-000444,CUST-000368,2024-05-13,Technical,Medium,4.4,Closed,3
TCK-000445,CUST-000368,2024-11-07,Technical,Medium,23.2,Resolved,4
TCK-000446,CUST-000369,2023-11-24,Technical,Medium,1.3,Resolved,2
TCK-000447,CUST-000370,2024-10-19,Login,Low,12.5,Resolved,5
TCK-000448,CUST-000370,2023-11-06,Technical,Low,33.1,Resolved,2
TCK-000449,CUST-000372,2024-11-24,Performance,Medium,0.9,Resolved,5
TCK-000450,CUST-000375,2023-03-04,Technical,Low,13.5,Pending,1
TCK-000451,CUST-000375,2022-07-23,Billing,Low,13.8,Resolved,2
TCK-000452,CUST-000377,2024-10-17,Login,Medium,15.3,Closed,5
TCK-000453,CUST-000378,2024-06-22,Login,Medium,3.8,Resolved,1
TCK-000454,CUST-000378,2024-08-11,Technical,Low,73.6,Resolved,3
TCK-000455,CUST-000379,2023-11-30,Technical,High,14.6,Resolved,4
TCK-000456,CUST-000379,2024-11-10,Login,Low,26.9,Resolved,3
TCK-000457,CUST-000379,19/04/2024,Integration,Medium,32.2,Resolved,3
TCK-000458,CUST-000380,2023-04-30,Billing,Medium,2.7,Closed,5
TCK-000459,CUST-000381,2024-06-01,Billing,Critical,97.4,Resolved,5
TCK-000460,CUST-000382,2023-06-29,Performance,Medium,15.0,Closed,4
TCK-000461,CUST-000383,2023-05-17,Login,Medium,4.5,Resolved,1
TCK-000462,CUST-000387,2023-04-07,Integration,Low,24.4,Escalated,3
TCK-000463,CUST-000387,2024-09-11,Login,Medium,2.5,Closed,3
TCK-000464,CUST-000388,2024-04-13,Login,Low,0.5,Closed,2
TCK-000465,CUST-000392,2024-04-13,Technical,Medium,18.0,Escalated,3
TCK-000466,CUST-000392,2024-05-05,Technical,High,34.7,Closed,4
TCK-000467,CUST-000392,2024-04-07,Billing,Low,5.3,Pending,1
TCK-000468,CUST-000393,2024-08-31,Integration,Low,66.9,Resolved,4
TCK-000469,CUST-000394,2024-05-05,Performance,Medium,23.3,Resolved,4
TCK-000470,CUST-000395,2024-07-29,Billing,Medium,13.5,Closed,2
TCK-000471,CUST-000396,2024-07-17,Billing,High,7.7,Resolved,5
TCK-000472,CUST-000398,2024-06-14,Integration,High,33.8,Closed,3
TCK-000473,CUST-000400,2023-12-09,Billing,Low,22.3,Closed,4
TCK-000474,CUST-000400,23/04/2022,Integration,Medium,31.3,Resolved,4
TCK-000475,CUST-000401,2023-09-14,Integration,Low,32.9,Closed,3
TCK-000476,CUST-000402,2023-12-04,Billing,Low,64.4,Closed,1
TCK-000477,CUST-000402,2023-12-31,Technical,Low,16.0,Pending,3
TCK-000478,CUST-000403,2023-05-23,Technical,High,1.0,Closed,2
TCK-000479,CUST-000404,2023-04-07,Technical,Low,51.3,Resolved,1
TCK-000480,CUST-000406,2024-06-06,Billing,Medium,31.1,Pending,1
TCK-000481,CUST-000407,2022-09-28,Technical,Medium,35.9,Resolved,3
TCK-000482,CUST-000408,2023-03-08,Billing,Low,2.4,Resolved,2
TCK-000483,CUST-000408,2024-08-10,Performance,High,1.0,Resolved,4
TCK-000484,CUST-000408,2023-04-06,Integration,Medium,3.1,Resolved,4
TCK-000485,CUST-000409,2023-11-02,Billing,Medium,51.7,Pending,1
TCK-000486,CUST-000410,2023-10-30,Performance,Low,11.5,Closed,1
TCK-000487,CUST-000411,22/04/2023,Billing,Medium,11.7,Resolved,4
TCK-000488,CUST-000412,2023-11-04,Performance,Medium,24.9,Closed,5
TCK-000489,CUST-000412,2024-10-04,Integration,High,17.2,Resolved,3
TCK-000490,CUST-000412,2024-01-13,Integration,Low,16.7,Resolved,4
TCK-000491,CUST-000413,2022-12-04,Integration,Low,35.8,Closed,5
TCK-000492,CUST-000413,2024-01-02,Technical,Medium,11.2,Resolved,5
TCK-000493,CUST-000413,2024-06-01,Technical,High,9.9,Closed,4
TCK-000494,CUST-000415,2024-04-10,Feature Request,Medium,20.2,Resolved,1
TCK-000495,CUST-000415,2024-05-31,Feature Request,Medium,33.7,Closed,3
TCK-000496,CUST-000420,2023-07-14,Technical,Critical,3.5,Resolved,4
TCK-000497,CUST-000421,26/07/2023,Billing,Medium,0.5,Closed,4
TCK-000498,CUST-000421,2023-10-19,Billing,High,0.5,Closed,3
TCK-000499,CUST-000421,2023-08-21,Login,Low,15.4,Pending,2
TCK-000500,CUST-000421,2023-09-12,Login,Critical,2.8,Pending,1
TCK-000501,CUST-000421,2023-09-11,Technical,Low,4.1,Resolved,2
TCK-000502,CUST-000422,2024-01-18,Performance,Low,67.8,Resolved,2
TCK-000503,CUST-000423,2024-02-16,Integration,High,19.4,Resolved,4
TCK-000504,CUST-000424,2024-03-19,Integration,Medium,2.6,Resolved,4
TCK-000505,CUST-000424,2024-07-03,Feature Request,High,5.7,Closed,4
TCK-000506,CUST-000425,2024-10-10,Performance,Medium,10.2,Resolved,5
TCK-000507,CUST-000425,2024-09-09,Performance,Medium,5.6,Resolved,4
TCK-000508,CUST-000426,2024-05-12,Feature Request,Low,11.7,Resolved,4
TCK-000509,CUST-000426,2024-04-03,Billing,Low,5.3,Resolved,4
TCK-000510,CUST-000428,2023-05-27,Technical,Medium,3.0,Resolved,1
TCK-000511,CUST-000428,2023-12-02,Technical,Medium,62.4,Escalated,3
TCK-000512,CUST-000429,2022-09-24,Technical,Low,4.0,Resolved,1
TCK-000513,CUST-000429,2022-05-04,Technical,Low,29.9,Resolved,2
TCK-000514,CUST-000430,2023-07-24,Performance,Medium,2.3,Resolved,2
TCK-000515,CUST-000430,2023-12-02,Performance,Low,46.6,Pending,2
TCK-000516,CUST-000431,2023-08-20,Login,Medium,12.6,Closed,3
TCK-000517,CUST-000435,2022-05-20,Feature Request,Low,18.8,Resolved,3
TCK-000518,CUST-000435,2024-08-02,Performance,Medium,12.5,Closed,5
TCK-000519,CUST-000436,2024-08-12,Login,Medium,11.7,Resolved,4
TCK-000520,CUST-000436,2024-03-22,Performance,Low,43.1,Closed,4
TCK-000521,CUST-000436,2024-03-07,Feature Request,Low,25.4,Resolved,2
TCK-000522,CUST-000437,2024-05-23,Performance,High,75.2,Resolved,5
TCK-000523,CUST-000437,2022-03-03,Technical,Medium,36.4,Closed,3
TCK-000524,CUST-000439,2023-06-13,Technical,Medium,14.9,Resolved,5
TCK-000525,CUST-000440,2024-06-26,Technical,High,157.9,Resolved,1
TCK-000526,CUST-000440,2024-05-29,Feature Request,High,10.0,Closed,3
TCK-000527,CUST-000442,2023-11-06,Performance,Low,25.1,Resolved,5
TCK-000528,CUST-000443,2024-11-10,Login,Medium,3.5,Resolved,5
TCK-000529,CUST-000443,2023-12-21,Performance,Low,32.5,Resolved,5
TCK-000530,CUST-000444,2024-11-19,Technical,High,41.7,Resolved,4
TCK-000531,CUST-000445,2024-04-28,Integration,Low,32.9,Closed,5
TCK-000532,CUST-000445,2023-10-19,Billing,Low,4.5,Resolved,1
TCK-000533,CUST-000446,2024-09-15,Login,Medium,5.3,Resolved,4
TCK-000534,CUST-000447,2024-08-04,Performance,Medium,15.8,Resolved,2
TCK-000535,CUST-000447,2024-11-20,Technical,Low,11.0,Resolved,3
TCK-000536,CUST-000448,2023-02-28,Technical,Medium,67.3,Resolved,1
TCK-000537,CUST-000448,2022-06-12,Billing,High,22.9,Resolved,2
TCK-000538,CUST-000449,2024-06-11,Technical,Low,24.2,Resolved,3
TCK-000539,CUST-000450,2024-03-07,Technical,Low,22.2,Resolved,3
TCK-000540,CUST-000452,2024-06-25,Technical,Low,33.9,Resolved,3
TCK-000541,CUST-000452,2024-09-08,Technical,Medium,14.6,Resolved,4
TCK-000542,CUST-000455,2024-08-14,Login,Low,1.8,Resolved,4
TCK-000543,CUST-000456,2024-04-24,Feature Request,Low,11.5,Resolved,3
TCK-000544,CUST-000457,2024-07-26,Login,Medium,14.4,Resolved,4
TCK-000545,CUST-000457,2024-02-07,Performance,Low,10.2,Resolved,2
TCK-000546,CUST-000458,2024-04-13,Performance,Low,38.8,Escalated,2
TCK-000547,CUST-000458,2024-07-02,Performance,Critical,0.5,Resolved,1
TCK-000548,CUST-000458,2023-07-12,Technical,Low,16.8,Closed,3
TCK-000549,CUST-000460,2024-11-26,Technical,Low,1.9,Resolved,4
TCK-000550,CUST-000464,2024-05-24,Technical,High,30.1,Closed,3
TCK-000551,CUST-000464,2024-06-12,Login,Medium,4.1,Resolved,1
TCK-000552,CUST-000465,2024-06-09,Technical,Medium,16.2,Closed,4
TCK-000553,CUST-000466,2024-03-04,Feature Request,Medium,24.8,Escalated,3
TCK-000554,CUST-000466,2024-02-12,Billing,Low,46.5,Pending,1
TCK-000555,CUST-000466,2024-01-15,Login,Low,4.2,Resolved,1
TCK-000556,CUST-000468,2023-11-01,Performance,High,17.5,Closed,5
TCK-000557,CUST-000468,2024-02-03,Billing,Low,3.7,Resolved,4
TCK-000558,CUST-000469,2024-07-18,Technical,Medium,3.8,Resolved,4
TCK-000559,CUST-000472,2022-12-11,Performance,Low,11.5,Resolved,2
TCK-000560,CUST-000472,2024-02-16,Performance,Critical,49.0,Resolved,4
TCK-000561,CUST-000473,2022-06-17,Billing,Critical,7.1,Resolved,4
TCK-000562,CUST-000473,2022-12-04,Technical,Low,61.6,Resolved,3
TCK-000563,CUST-000473,11/11/2022,Billing,High,6.6,Resolved,4
TCK-000564,CUST-000474,2024-08-22,Integration,High,85.6,Resolved,2
TCK-000565,CUST-000477,2022-11-14,Billing,Critical,14.7,Closed,1
TCK-000566,CUST-000477,2022-09-24,Login,High,109.4,Resolved,2
TCK-000567,CUST-000478,2023-12-10,Performance,Low,4.8,Pending,2
TCK-000568,CUST-000478,2022-07-04,Billing,Medium,13.5,Resolved,2
TCK-000569,CUST-000479,2024-01-02,Technical,Medium,5.6,Resolved,5
TCK-000570,CUST-000481,2023-07-10,Integration,Critical,8.8,Resolved,4
TCK-000571,CUST-000481,2023-06-08,Integration,Low,2.4,Resolved,5
TCK-000572,CUST-000481,16/08/2023,Performance,Medium,27.0,Resolved,3
TCK-000573,CUST-000483,2022-08-06,Performance,Critical,53.0,Resolved,5
TCK-000574,CUST-000483,2022-08-25,Technical,Low,16.9,Resolved,4
TCK-000575,CUST-000484,2023-09-20,Integration,Medium,35.1,Resolved,4
TCK-000576,CUST-000484,2024-05-08,Performance,Medium,6.9,Resolved,4
TCK-000577,CUST-000484,2024-09-04,Performance,Medium,3.9,Resolved,4
TCK-000578,CUST-000486,2022-10-14,Technical,Medium,9.6,Resolved,3
TCK-000579,CUST-000486,2023-01-05,Performance,Low,10.0,Closed,1
TCK-000580,CUST-000487,2024-10-28,Technical,Medium,9.7,Resolved,5
TCK-000581,CUST-000487,2024-09-19,Performance,Medium,29.2,Resolved,5
TCK-000582,CUST-000490,2024-03-09,Performance,Low,21.5,Resolved,5
TCK-000583,CUST-000491,2022-12-31,Billing,Medium,8.8,Resolved,4
TCK-000584,CUST-000492,2024-12-11,Feature Request,High,91.7,Resolved,2
TCK-000585,CUST-000492,2024-04-14,Technical,Critical,68.5,Closed,3
TCK-000586,CUST-000493,2023-10-17,Billing,Medium,3.2,Resolved,1
TCK-000587,CUST-000493,2024-03-18,Performance,Critical,6.1,Pending,2
TCK-000588,CUST-000496,2022-12-07,Performance,Critical,2.5,Resolved,3
TCK-000589,CUST-000497,2024-05-23,Login,Low,0.5,Resolved,3
TCK-000590,CUST-000497,2024-07-08,Billing,Medium,22.0,Resolved,5
TCK-000591,CUST-000497,2024-10-31,Technical,Low,1.4,Closed,2
TCK-000592,CUST-000499,2024-02-03,Security,Low,1.4,Closed,4
TCK-000593,CUST-000501,2024-08-01,Login,Low,9.4,Resolved,5
TCK-000594,CUST-000501,2023-11-27,Integration,Medium,33.4,Resolved,5
TCK-000595,CUST-000501,2022-09-01,Technical,High,37.3,Resolved,5
TCK-000596,CUST-000502,2023-11-17,Technical,Medium,8.1,Resolved,2
TCK-000597,CUST-000503,2024-09-04,Performance,High,44.8,Resolved,2
TCK-000598,CUST-000505,2024-10-22,Billing,Low,31.3,Resolved,3
TCK-000599,CUST-000505,2024-10-02,Billing,Medium,15.3,Resolved,1
TCK-000600,CUST-000506,2024-07-23,Billing,Medium,15.6,Closed,5
TCK-000601,CUST-000506,2024-02-22,Login,High,39.9,Resolved,2
TCK-000602,CUST-000507,2023-11-29,Billing,Critical,15.5,Resolved,3
TCK-000603,CUST-000507,2024-08-03,Integration,Medium,6.1,Resolved,4
TCK-000604,CUST-000508,2024-02-17,Billing,High,12.0,Resolved,5
TCK-000605,CUST-000508,2024-01-24,Billing,Low,7.6,Resolved,2
TCK-000606,CUST-000508,2024-12-05,Billing,High,3.0,Resolved,4
TCK-000607,CUST-000509,2024-06-03,Security,Medium,20.9,Resolved,3
TCK-000608,CUST-000510,2024-02-24,Performance,High,15.0,Closed,2
TCK-000609,CUST-000511,2024-02-04,Billing,Medium,7.8,Resolved,1
TCK-000610,CUST-000511,2023-12-05,Billing,Medium,17.3,Escalated,1
TCK-000611,CUST-000512,2024-11-02,Integration,Medium,12.6,Resolved,4
TCK-000612,CUST-000513,2024-10-16,Login,Low,10.2,Resolved,2
TCK-000613,CUST-000513,2024-07-11,Performance,Medium,3.6,Resolved,3
TCK-000614,CUST-000515,2022-10-21,Billing,Medium,18.4,Resolved,1
TCK-000615,CUST-000515,2023-01-24,Login,Critical,18.4,Closed,2
TCK-000616,CUST-000515,2023-04-12,Technical,Low,15.3,Resolved,1
TCK-000617,CUST-000515,2023-05-18,Technical,Medium,45.5,Resolved,4
TCK-000618,CUST-000516,2023-07-18,Performance,Medium,6.7,Closed,3
TCK-000619,CUST-000516,07/08/2024,Billing,High,1.8,Resolved,5
TCK-000620,CUST-000516,2023-08-09,Login,Critical,12.1,Resolved,5
TCK-000621,CUST-000517,03/06/2023,Technical,Low,4.2,Closed,5
TCK-000622,CUST-000517,2024-02-17,Integration,Medium,2.1,Closed,5
TCK-000623,CUST-000518,2024-03-15,Billing,Medium,4.8,Closed,5
TCK-000624,CUST-000518,2024-05-24,Technical,High,20.2,Resolved,4
TCK-000625,CUST-000523,2024-04-28,Technical,High,23.7,Closed,5
TCK-000626,CUST-000523,2024-05-27,Billing,Critical,34.1,Resolved,5
TCK-000627,CUST-000523,2024-01-31,Feature Request,Low,2.3,Resolved,3
TCK-000628,CUST-000525,2022-08-17,Security,Medium,5.3,Resolved,4
TCK-000629,CUST-000525,2022-10-23,Integration,Medium,4.0,Resolved,4
TCK-000630,CUST-000525,2024-01-06,Billing,Medium,4.6,Closed,4
TCK-000631,CUST-000526,2022-12-01,Performance,High,52.3,Resolved,5
TCK-000632,CUST-000527,2024-04-07,Login,Medium,46.5,Resolved,3
TCK-000633,CUST-000528,2023-11-03,Integration,Medium,3.6,Closed,4
TCK-000634,CUST-000528,2024-07-13,Performance,Medium,39.3,Closed,5
TCK-000635,CUST-000529,2023-11-19,Technical,Medium,3.0,Resolved,5
TCK-000636,CUST-000531,2022-06-25,Integration,Low,20.8,Resolved,5
TCK-000637,CUST-000532,2023-12-07,Technical,Low,8.7,Resolved,1
TCK-000638,CUST-000532,2024-01-18,Feature Request,Critical,18.9,Resolved,5
TCK-000639,CUST-000533,2023-11-15,Login,Low,86.0,Resolved,1
TCK-000640,CUST-000533,2023-12-09,Billing,Low,5.7,Pending,1
TCK-000641,CUST-000533,2024-08-03,Technical,High,10.3,Resolved,2
TCK-000642,CUST-000533,2023-10-30,Login,Critical,10.9,Pending,2
TCK-000643,CUST-000533,2024-01-07,Billing,Medium,4.4,Resolved,1
TCK-000644,CUST-000536,2023-10-16,Feature Request,Medium,32.4,Escalated,1
TCK-000645,CUST-000536,17/07/2023,Billing,Medium,6.5,Closed,3
TCK-000646,CUST-000537,2022-12-15,Login,Medium,20.6,Resolved,2
TCK-000647,CUST-000537,03/06/2024,Technical,Low,0.5,Resolved,1
TCK-000648,CUST-000540,2023-05-23,Integration,High,13.0,Resolved,3
TCK-000649,CUST-000541,2023-02-25,Performance,Low,10.4,Closed,2
TCK-000650,CUST-000541,2023-07-30,Technical,Medium,10.6,Closed,3
TCK-000651,CUST-000542,2023-02-06,Technical,Medium,40.2,Resolved,4
TCK-000652,CUST-000543,2024-03-02,Billing,Critical,62.3,Resolved,4
TCK-000653,CUST-000544,2022-06-01,Login,Low,1.7,Resolved,4
TCK-000654,CUST-000545,2024-08-14,Integration,High,17.1,Closed,1
TCK-000655,CUST-000545,2024-08-08,Login,High,27.7,Resolved,5
TCK-000656,CUST-000545,2024-07-14,Billing,Medium,54.5,Resolved,1
TCK-000657,CUST-000547,2024-12-15,Technical,High,4.3,Resolved,4
TCK-000658,CUST-000548,2022-06-30,Performance,Low,5.8,Resolved,1
TCK-000659,CUST-000548,2022-08-04,Technical,Medium,6.5,Resolved,1
TCK-000660,CUST-000549,2022-07-12,Billing,Low,6.0,Closed,4
TCK-000661,CUST-000550,2024-06-09,Technical,Low,11.1,Resolved,5
TCK-000662,CUST-000551,2024-12-13,Login,Low,12.5,Resolved,4
TCK-000663,CUST-000551,2023-09-24,Billing,Low,15.8,Resolved,5
TCK-000664,CUST-000552,2023-02-25,Billing,Medium,28.1,Resolved,1
TCK-000665,CUST-000552,2023-07-25,Technical,Medium,20.2,Closed,1
TCK-000666,CUST-000552,2023-12-13,Integration,Medium,15.1,Escalated,1
TCK-000667,CUST-000553,2023-09-10,Technical,Low,0.8,Resolved,4
TCK-000668,CUST-000553,2023-11-02,Technical,Medium,52.0,Resolved,1
TCK-000669,CUST-000553,2023-06-10,Performance,Low,3.0,Pending,1
TCK-000670,CUST-000554,2023-12-20,Technical,High,77.8,Pending,2
TCK-000671,CUST-000554,2024-04-02,Integration,Low,16.1,Resolved,3
TCK-000672,CUST-000554,2023-12-24,Integration,High,23.3,Pending,1
TCK-000673,CUST-000556,2024-02-22,Technical,Low,2.6,Resolved,5
TCK-000674,CUST-000558,2024-09-20,Performance,Low,3.2,Resolved,4
TCK-000675,CUST-000558,2024-10-13,Login,Medium,5.2,Resolved,3
TCK-000676,CUST-000558,2022-10-09,Technical,Critical,6.4,Pending,1
TCK-000677,CUST-000559,2024-11-21,Technical,High,2.1,Resolved,5
TCK-000678,CUST-000559,2023-12-12,Billing,Medium,15.3,Resolved,4
TCK-000679,CUST-000561,2024-07-26,Technical,Medium,1.8,Closed,5
TCK-000680,CUST-000563,2024-01-13,Integration,Medium,3.5,Closed,3
TCK-000681,CUST-000563,2024-10-16,Security,Medium,7.3,Resolved,3
TCK-000682,CUST-000564,2022-06-01,Billing,Medium,4.2,Resolved,2
TCK-000683,CUST-000565,2024-03-22,Performance,Medium,12.3,Resolved,4
TCK-000684,CUST-000565,2023-06-01,Billing,Medium,20.6,Closed,5
TCK-000685,CUST-000565,2023-09-30,Integration,Critical,6.1,Resolved,5
TCK-000686,CUST-000566,2023-11-08,Technical,Low,23.2,Resolved,3
TCK-000687,CUST-000566,2023-07-21,Billing,Medium,75.5,Closed,1
TCK-000688,CUST-000567,2024-05-09,Login,Low,5.4,Pending,1
TCK-000689,CUST-000567,2024-09-10,Billing,Medium,10.3,Resolved,1
TCK-000690,CUST-000568,2024-08-10,Integration,Medium,15.1,Resolved,2
TCK-000691,CUST-000569,18/11/2024,Billing,High,5.3,Resolved,4
TCK-000692,CUST-000569,2024-11-08,Performance,Medium,3.0,Resolved,5
TCK-000693,CUST-000569,2023-09-16,Technical,Medium,21.7,Resolved,3
TCK-000694,CUST-000570,2023-09-27,Integration,Medium,25.2,Resolved,3
TCK-000695,CUST-000571,2022-10-27,Integration,Medium,21.5,Closed,5
TCK-000696,CUST-000571,2023-01-21,Security,High,4.9,Closed,5
TCK-000697,CUST-000574,2022-09-30,Performance,Medium,10.3,Resolved,2
TCK-000698,CUST-000574,2022-09-23,Technical,Low,32.0,Resolved,2
TCK-000699,CUST-000574,2022-09-18,Technical,Critical,9.2,Resolved,3
TCK-000700,CUST-000574,2022-09-17,Technical,High,39.9,Pending,1
TCK-000701,CUST-000575,2023-08-03,Login,Low,38.1,Pending,1
TCK-000702,CUST-000576,2024-04-08,Billing,Low,7.6,Resolved,1
TCK-000703,CUST-000578,2024-07-10,Billing,Critical,108.9,Resolved,3
TCK-000704,CUST-000578,28/07/2024,Integration,Low,20.2,Resolved,3
TCK-000705,CUST-000579,2022-07-11,Billing,Medium,14.8,Closed,2
TCK-000706,CUST-000579,2022-08-24,Login,Low,62.2,Closed,5
TCK-000707,CUST-000579,2022-08-05,Billing,Medium,11.3,Closed,2
TCK-000708,CUST-000580,2024-04-20,Technical,Medium,6.2,Resolved,2
TCK-000709,CUST-000580,2024-02-01,Feature Request,Low,12.1,Closed,4
TCK-000710,CUST-000580,2024-02-25,Integration,Medium,9.3,Resolved,2
TCK-000711,CUST-000581,2024-03-18,Login,Medium,5.6,Resolved,5
TCK-000712,CUST-000582,2024-02-06,Login,Medium,3.1,Closed,3
TCK-000713,CUST-000583,2023-11-24,Performance,Medium,4.2,Pending,2
TCK-000714,CUST-000584,2024-07-18,Technical,High,9.9,Closed,4
TCK-000715,CUST-000584,2024-06-06,Login,Critical,12.0,Closed,1
TCK-000716,CUST-000584,2024-08-03,Technical,Low,10.7,Resolved,3
TCK-000717,CUST-000584,2024-07-10,Performance,Medium,32.0,Pending,1
TCK-000718,CUST-000584,2024-07-08,Technical,Medium,19.5,Closed,2
TCK-000719,CUST-000586,2023-02-04,Billing,Low,34.6,Resolved,5
TCK-000720,CUST-000587,2023-08-26,Login,Low,13.8,Closed,2
TCK-000721,CUST-000589,2023-11-12,Integration,Low,3.9,Resolved,4
TCK-000722,CUST-000590,2023-01-29,Technical,Low,36.5,Resolved,2
TCK-000723,CUST-000590,2023-02-17,Security,Medium,11.3,Escalated,2
TCK-000724,CUST-000592,2024-04-02,Technical,Medium,37.1,Resolved,5
TCK-000725,CUST-000592,2024-04-04,Security,Low,8.5,Closed,5
TCK-000726,CUST-000593,2024-07-23,Billing,Low,14.7,Closed,5
TCK-000727,CUST-000593,2022-06-24,Login,Medium,29.8,Closed,4
TCK-000728,CUST-000594,2023-02-22,Technical,Medium,20.7,Closed,1
TCK-000729,CUST-000594,2022-12-11,Integration,Medium,76.1,Resolved,4
TCK-000730,CUST-000594,2023-06-19,Performance,Low,23.4,Resolved,4
TCK-000731,CUST-000594,2023-06-27,Billing,Low,40.4,Pending,2
TCK-000732,CUST-000595,2023-02-08,Login,Medium,25.7,Resolved,1
TCK-000733,CUST-000595,2022-08-23,Technical,Low,0.6,Pending,3
TCK-000734,CUST-000597,2024-08-16,Technical,High,47.5,Resolved,4
TCK-000735,CUST-000598,2022-09-17,Billing,Low,14.7,Closed,5
TCK-000736,CUST-000600,2024-05-12,Performance,High,11.5,Closed,3
TCK-000737,CUST-000601,2024-07-04,Billing,Medium,8.3,Closed,4
TCK-000738,CUST-000602,2023-08-10,Technical,High,54.7,Resolved,3
TCK-000739,CUST-000602,2023-08-16,Integration,Medium,6.7,Escalated,2
TCK-000740,CUST-000602,2023-05-21,Feature Request,Medium,24.6,Closed,4
TCK-000741,CUST-000603,2024-12-25,Performance,Low,13.5,Resolved,4
TCK-000742,CUST-000605,2024-07-20,Billing,Critical,7.0,Resolved,2
TCK-000743,CUST-000605,2024-08-07,Performance,Medium,3.7,Resolved,2
TCK-000744,CUST-000606,2023-08-24,Technical,Medium,0.5,Resolved,5
TCK-000745,CUST-000606,2023-08-03,Technical,Medium,41.4,Resolved,4
TCK-000746,CUST-000607,2024-03-29,Login,Medium,10.4,Closed,2
TCK-000747,CUST-000609,2024-08-01,Billing,Medium,65.5,Resolved,5
TCK-000748,CUST-000611,2023-03-18,Security,Medium,49.2,Escalated,2
TCK-000749,CUST-000611,2024-04-08,Integration,High,7.8,Closed,1
TCK-000750,CUST-000613,2024-02-10,Login,Medium,36.5,Resolved,3
TCK-000751,CUST-000613,2024-02-14,Billing,Low,76.2,Resolved,2
TCK-000752,CUST-000613,2024-02-15,Feature Request,Low,25.2,Closed,4
TCK-000753,CUST-000615,2023-08-03,Billing,Medium,11.1,Resolved,2
TCK-000754,CUST-000621,2024-07-03,Integration,Medium,15.2,Closed,3
TCK-000755,CUST-000622,2023-12-13,Billing,Low,3.6,Closed,3
TCK-000756,CUST-000622,2022-11-20,Performance,Low,11.6,Resolved,4
TCK-000757,CUST-000623,2024-02-06,Technical,Critical,27.3,Resolved,2
TCK-000758,CUST-000623,2024-03-25,Technical,Medium,0.7,Pending,3
TCK-000759,CUST-000623,2023-12-13,Technical,Medium,12.3,Resolved,1
TCK-000760,CUST-000623,2024-04-26,Billing,Low,54.9,Escalated,2
TCK-000761,CUST-000625,2024-07-01,Technical,Medium,73.5,Resolved,4
TCK-000762,CUST-000626,2023-05-14,Feature Request,Medium,36.5,Resolved,1
TCK-000763,CUST-000626,2023-05-24,Billing,Low,8.5,Resolved,2
TCK-000764,CUST-000626,2023-05-04,Performance,High,150.8,Escalated,1
TCK-000765,CUST-000626,2023-04-08,Login,Low,11.7,Resolved,3
TCK-000766,CUST-000627,2023-05-07,Performance,Medium,11.5,Resolved,4
TCK-000767,CUST-000628,2024-04-15,Billing,Medium,12.3,Closed,4
TCK-000768,CUST-000629,2024-04-23,Performance,Medium,10.9,Resolved,4
TCK-000769,CUST-000630,2024-10-13,Technical,High,50.7,Resolved,1
TCK-000770,CUST-000630,2024-09-14,Performance,High,6.8,Pending,3
TCK-000771,CUST-000631,2023-10-27,Security,High,22.8,Resolved,4
TCK-000772,CUST-000631,2023-05-15,Performance,Critical,32.5,Resolved,4
TCK-000773,CUST-000632,2024-06-23,Technical,Low,18.1,Resolved,5
TCK-000774,CUST-000634,2024-11-29,Billing,Low,32.3,Closed,4
TCK-000775,CUST-000635,2023-09-26,Performance,Medium,9.8,Resolved,4
TCK-000776,CUST-000635,2024-11-22,Security,Low,8.3,Resolved,4
TCK-000777,CUST-000635,2023-11-02,Integration,Medium,20.0,Resolved,2
TCK-000778,CUST-000636,2024-08-30,Technical,High,9.9,Resolved,3
TCK-000779,CUST-000637,2024-06-26,Technical,Medium,13.2,Resolved,3
TCK-000780,CUST-000637,2024-08-12,Feature Request,Medium,9.2,Resolved,4
TCK-000781,CUST-000638,2024-03-24,Technical,Medium,1.8,Pending,2
TCK-000782,CUST-000638,2024-05-14,Login,Low,30.2,Closed,2
TCK-000783,CUST-000638,2024-04-17,Login,High,51.0,Pending,1
TCK-000784,CUST-000638,2024-05-27,Security,Low,50.7,Escalated,1
TCK-000785,CUST-000638,2024-07-15,Billing,Medium,37.4,Resolved,1
TCK-000786,CUST-000639,2024-09-03,Integration,Low,8.2,Resolved,4
TCK-000787,CUST-000640,2022-03-17,Performance,High,98.1,Resolved,3
TCK-000788,CUST-000643,2023-09-29,Billing,High,23.6,Pending,2
TCK-000789,CUST-000643,2023-09-29,Technical,Critical,12.2,Closed,4
TCK-000790,CUST-000643,2023-12-01,Integration,Medium,15.4,Resolved,2
TCK-000791,CUST-000645,2022-06-26,Integration,High,19.9,Resolved,3
TCK-000792,CUST-000645,2022-01-26,Technical,Critical,27.6,Pending,1
TCK-000793,CUST-000645,2022-05-14,Security,Medium,4.8,Pending,2
TCK-000794,CUST-000646,2024-09-24,Integration,Medium,2.8,Closed,4
TCK-000795,CUST-000646,2023-03-28,Feature Request,Low,8.6,Resolved,3
TCK-000796,CUST-000646,2024-04-09,Integration,Medium,10.5,Resolved,4
TCK-000797,CUST-000648,2023-12-16,Technical,High,16.6,Closed,4
TCK-000798,CUST-000648,2024-11-03,Login,Medium,1.0,Closed,4
TCK-000799,CUST-000650,2024-02-19,Feature Request,High,31.2,Resolved,4
TCK-000800,CUST-000651,2024-02-02,Performance,Medium,28.2,Closed,1
TCK-000801,CUST-000651,2024-04-10,Technical,Critical,34.3,Resolved,5
TCK-000802,CUST-000652,2023-11-28,Performance,Medium,4.2,Resolved,1
TCK-000803,CUST-000652,2024-06-17,Billing,Low,18.3,Resolved,3
TCK-000804,CUST-000653,2024-03-05,Login,High,101.5,Pending,1
TCK-000805,CUST-000653,2024-04-30,Performance,Medium,21.6,Closed,1
TCK-000806,CUST-000653,2024-05-17,Technical,Medium,6.0,Resolved,1
TCK-000807,CUST-000654,2023-07-13,Billing,Medium,10.1,Pending,2
TCK-000808,CUST-000654,2023-09-02,Login,Medium,3.7,Closed,1
TCK-000809,CUST-000654,2024-03-28,Billing,High,49.1,Resolved,1
TCK-000810,CUST-000655,2024-10-05,Integration,Low,2.2,Closed,5
TCK-000811,CUST-000655,2024-06-01,Billing,Low,1.7,Resolved,3
TCK-000812,CUST-000656,2024-06-06,Integration,Low,12.6,Resolved,2
TCK-000813,CUST-000657,2023-10-01,Login,High,21.8,Resolved,4
TCK-000814,CUST-000658,2024-03-09,Performance,Medium,20.5,Resolved,4
TCK-000815,CUST-000658,2024-04-28,Billing,Medium,9.1,Resolved,1
TCK-000816,CUST-000660,2024-08-12,Login,Low,25.7,Resolved,2
TCK-000817,CUST-000660,2024-12-14,Integration,Medium,3.9,Resolved,1
TCK-000818,CUST-000661,2022-05-23,Billing,Medium,9.5,Pending,2
TCK-000819,CUST-000661,2022-12-08,Login,Low,9.4,Pending,3
TCK-000820,CUST-000662,2024-07-26,Technical,High,15.2,Resolved,2
TCK-000821,CUST-000663,2022-11-08,Billing,Low,12.3,Resolved,2
TCK-000822,CUST-000663,2023-03-07,Login,Medium,3.1,Resolved,4
TCK-000823,CUST-000664,2022-07-02,Login,Low,1.6,Closed,4
TCK-000824,CUST-000665,2023-08-29,Technical,Medium,19.5,Resolved,5
TCK-000825,CUST-000665,2024-02-15,Integration,Medium,9.9,Resolved,4
TCK-000826,CUST-000666,2023-09-05,Technical,Critical,36.6,Closed,4
TCK-000827,CUST-000666,2022-12-31,Technical,Medium,3.4,Resolved,5
TCK-000828,CUST-000667,2024-09-20,Login,High,1.8,Escalated,1
TCK-000829,CUST-000667,2024-10-07,Integration,Medium,6.0,Pending,2
TCK-000830,CUST-000669,23/05/2023,Performance,Critical,31.5,Closed,2
TCK-000831,CUST-000669,2023-05-31,Technical,Low,10.8,Closed,3
TCK-000832,CUST-000670,2024-04-21,Billing,Low,17.4,Resolved,5
TCK-000833,CUST-000670,2024-10-05,Login,High,78.2,Resolved,4
TCK-000834,CUST-000672,2023-11-07,Billing,Low,16.4,Resolved,3
TCK-000835,CUST-000676,2024-03-29,Integration,Medium,17.9,Resolved,2
TCK-000836,CUST-000679,2022-10-08,Billing,Medium,13.1,Resolved,2
TCK-000837,CUST-000679,2023-02-14,Billing,High,17.1,Escalated,1
TCK-000838,CUST-000680,2023-03-26,Security,Low,61.4,Resolved,2
TCK-000839,CUST-000680,2023-08-22,Technical,Medium,3.0,Resolved,1
TCK-000840,CUST-000680,2024-04-09,Billing,Medium,18.5,Escalated,1
TCK-000841,CUST-000680,2024-03-23,Billing,Low,20.2,Closed,3
TCK-000842,CUST-000680,2023-11-20,Technical,Low,1.5,Resolved,2
TCK-000843,CUST-000681,2024-12-01,Billing,High,0.9,Resolved,4
TCK-000844,CUST-000682,2024-07-22,Billing,Low,4.5,Resolved,3
TCK-000845,CUST-000683,2023-03-30,Technical,Critical,6.0,Resolved,3
TCK-000846,CUST-000683,2023-04-08,Technical,Critical,19.7,Escalated,3
TCK-000847,CUST-000683,2022-11-22,Feature Request,Medium,18.3,Resolved,2
TCK-000848,CUST-000683,2024-06-12,Integration,Medium,9.7,Resolved,1
TCK-000849,CUST-000684,2024-11-26,Security,Medium,4.2,Closed,4
TCK-000850,CUST-000684,2024-10-25,Security,Medium,41.4,Resolved,5
TCK-000851,CUST-000685,2024-09-18,Integration,Low,13.8,Resolved,4
TCK-000852,CUST-000685,2024-02-09,Billing,Medium,13.6,Resolved,1
TCK-000853,CUST-000685,2024-06-26,Login,Low,62.6,Resolved,2
TCK-000854,CUST-000686,2024-02-06,Security,Low,1.4,Resolved,4
TCK-000855,CUST-000687,2024-07-12,Technical,Medium,21.4,Resolved,4
TCK-000856,CUST-000688,2023-09-21,Billing,Medium,1.9,Resolved,3
TCK-000857,CUST-000689,2024-04-01,Login,Low,11.3,Resolved,5
TCK-000858,CUST-000689,2024-11-08,Billing,Low,3.0,Closed,3
TCK-000859,CUST-000690,2023-09-04,Billing,Low,41.5,Resolved,3
TCK-000860,CUST-000690,2023-03-29,Technical,High,16.4,Resolved,1
TCK-000861,CUST-000691,28/06/2023,Technical,Low,22.3,Resolved,3
TCK-000862,CUST-000692,2024-11-08,Security,Low,4.5,Resolved,3
TCK-000863,CUST-000693,2023-05-04,Performance,Low,57.3,Escalated,1
TCK-000864,CUST-000695,2023-08-05,Technical,Medium,1.0,Resolved,3
TCK-000865,CUST-000698,2024-02-13,Feature Request,Medium,18.7,Resolved,1
TCK-000866,CUST-000698,2024-03-30,Security,High,149.4,Resolved,1
TCK-000867,CUST-000699,2024-03-02,Feature Request,Low,29.2,Resolved,3
TCK-000868,CUST-000699,2024-02-12,Technical,Medium,2.3,Resolved,2
TCK-000869,CUST-000700,2024-09-13,Billing,Medium,22.9,Resolved,4
TCK-000870,CUST-000700,2024-09-26,Performance,Critical,26.8,Resolved,3
TCK-000871,CUST-000703,10/10/2023,Technical,Medium,6.6,Resolved,4
TCK-000872,CUST-000703,2024-08-15,Technical,Low,47.7,Resolved,4
TCK-000873,CUST-000703,2023-06-05,Technical,Low,14.7,Resolved,4
TCK-000874,CUST-000703,2023-09-04,Performance,Medium,17.3,Resolved,5
TCK-000875,CUST-000703,2023-06-21,Login,Medium,18.5,Resolved,4
TCK-000876,CUST-000704,2024-08-12,Login,Medium,18.3,Resolved,3
TCK-000877,CUST-000704,2022-12-01,Performance,High,5.1,Closed,2
TCK-000878,CUST-000706,2023-04-10,Technical,Medium,13.8,Resolved,2
TCK-000879,CUST-000706,2024-08-03,Technical,Low,30.8,Resolved,5
TCK-000880,CUST-000707,2023-12-10,Technical,High,47.9,Escalated,2
TCK-000881,CUST-000707,2024-04-26,Technical,Low,27.6,Resolved,1
TCK-000882,CUST-000708,17/12/2024,Billing,Low,11.4,Resolved,2
TCK-000883,CUST-000709,2023-04-30,Billing,Medium,15.3,Resolved,4
TCK-000884,CUST-000709,2023-08-27,Login,Medium,1.5,Resolved,4
TCK-000885,CUST-000711,2023-08-28,Login,Critical,7.3,Pending,1
TCK-000886,CUST-000712,2024-10-29,Login,Medium,20.1,Resolved,4
TCK-000887,CUST-000712,2024-11-02,Login,Medium,37.5,Resolved,4
TCK-000888,CUST-000713,2023-04-01,Technical,High,62.6,Closed,1
TCK-000889,CUST-000713,2024-08-09,Performance,Medium,30.6,Escalated,2
TCK-000890,CUST-000713,2024-02-21,Billing,Low,44.8,Resolved,1
TCK-000891,CUST-000714,2023-08-19,Billing,High,18.9,Escalated,1
TCK-000892,CUST-000714,2023-10-15,Feature Request,Medium,17.5,Closed,2
TCK-000893,CUST-000715,2023-12-21,Performance,Low,10.1,Resolved,5
TCK-000894,CUST-000715,2024-04-03,Billing,Low,0.5,Resolved,4
TCK-000895,CUST-000716,10/05/2024,Performance,Low,23.8,Pending,1
TCK-000896,CUST-000716,2024-10-21,Billing,Low,102.3,Resolved,1
TCK-000897,CUST-000717,2022-06-26,Login,Medium,7.7,Resolved,4
TCK-000898,CUST-000719,2024-04-06,Integration,Medium,6.7,Resolved,4
TCK-000899,CUST-000720,2022-05-20,Technical,Critical,1.7,Closed,5
TCK-000900,CUST-000720,2022-07-31,Login,Low,16.5,Resolved,1
TCK-000901,CUST-000720,2022-07-11,Security,Medium,20.2,Escalated,2
TCK-000902,CUST-000721,2024-03-09,Performance,High,0.5,Resolved,3
TCK-000903,CUST-000722,2024-12-21,Billing,Low,7.5,Closed,5
TCK-000904,CUST-000724,2024-02-27,Login,Medium,3.6,Resolved,2
TCK-000905,CUST-000725,2024-11-25,Login,Medium,0.5,Resolved,4
TCK-000906,CUST-000726,2023-05-16,Performance,Critical,4.1,Resolved,2
TCK-000907,CUST-000726,2024-01-13,Billing,Low,18.8,Resolved,4
TCK-000908,CUST-000733,2024-05-03,Technical,Medium,6.9,Resolved,1
TCK-000909,CUST-000733,2024-03-19,Performance,High,24.4,Resolved,1
TCK-000910,CUST-000733,2024-06-28,Performance,Low,26.5,Pending,2
TCK-000911,CUST-000736,2024-12-09,Billing,Medium,15.8,Resolved,5
TCK-000912,CUST-000737,2023-09-14,Login,Low,19.7,Resolved,4
TCK-000913,CUST-000739,2024-09-14,Technical,Medium,9.3,Resolved,4
TCK-000914,CUST-000741,2024-04-02,Billing,Low,15.0,Resolved,3
TCK-000915,CUST-000741,04/04/2024,Billing,Medium,23.0,Resolved,4
TCK-000916,CUST-000743,2024-11-21,Billing,Low,21.5,Resolved,5
TCK-000917,CUST-000743,2024-07-21,Technical,Critical,46.7,Resolved,4
TCK-000918,CUST-000744,2024-01-07,Integration,High,61.5,Resolved,5
TCK-000919,CUST-000744,2023-12-24,Integration,Low,25.8,Resolved,5
TCK-000920,CUST-000745,2024-07-03,Technical,Low,6.9,Resolved,4
TCK-000921,CUST-000745,2024-10-04,Technical,Medium,83.2,Closed,3
TCK-000922,CUST-000745,2024-09-25,Technical,Low,1.4,Resolved,1
TCK-000923,CUST-000745,2024-08-25,Technical,Medium,25.9,Closed,4
TCK-000924,CUST-000746,2024-06-08,Security,Medium,15.6,Closed,5
TCK-000925,CUST-000747,2023-01-14,Billing,Low,1.9,Pending,2
TCK-000926,CUST-000747,2023-09-10,Billing,Low,7.5,Pending,1
TCK-000927,CUST-000748,2023-04-10,Technical,High,20.1,Resolved,4
TCK-000928,CUST-000749,09/05/2023,Technical,Low,17.2,Escalated,3
TCK-000929,CUST-000751,2023-06-19,Technical,Medium,21.6,Resolved,1
TCK-000930,CUST-000751,2023-06-18,Technical,Medium,10.2,Resolved,1
TCK-000931,CUST-000751,2023-07-05,Technical,Medium,16.4,Resolved,5
TCK-000932,CUST-000751,2023-07-02,Billing,Medium,0.5,Resolved,1
TCK-000933,CUST-000751,2023-07-16,Billing,Medium,82.9,Resolved,1
TCK-000934,CUST-000751,2023-07-04,Integration,Medium,9.7,Resolved,1
TCK-000935,CUST-000751,2023-08-08,Performance,Low,17.8,Resolved,2
TCK-000936,CUST-000752,2024-04-01,Feature Request,Low,13.0,Resolved,4
TCK-000937,CUST-000753,24/12/2023,Performance,Medium,38.6,Resolved,1
TCK-000938,CUST-000754,2024-01-25,Technical,Low,4.3,Resolved,4
TCK-000939,CUST-000757,2024-07-27,Login,Low,13.0,Resolved,4
TCK-000940,CUST-000760,2024-05-03,Billing,Low,40.0,Resolved,5
TCK-000941,CUST-000764,2023-02-28,Performance,Low,21.8,Resolved,5
TCK-000942,CUST-000764,2023-03-28,Technical,Low,4.4,Resolved,5
TCK-000943,CUST-000764,2023-03-09,Technical,Low,30.4,Resolved,2
TCK-000944,CUST-000764,2024-12-12,Login,Low,2.5,Resolved,5
TCK-000945,CUST-000767,2023-08-22,Performance,Medium,13.0,Resolved,4
TCK-000946,CUST-000768,2024-06-14,Login,Low,4.5,Closed,4
TCK-000947,CUST-000768,2024-10-24,Security,Medium,21.1,Resolved,3
TCK-000948,CUST-000769,2024-02-21,Technical,Medium,3.4,Resolved,5
TCK-000949,CUST-000770,2023-12-02,Feature Request,High,31.4,Closed,4
TCK-000950,CUST-000770,2023-12-25,Technical,Medium,3.6,Pending,3
TCK-000951,CUST-000770,2023-12-23,Technical,Medium,31.1,Resolved,2
TCK-000952,CUST-000770,2023-12-20,Performance,Medium,26.5,Resolved,2
TCK-000953,CUST-000771,2023-12-14,Billing,Medium,5.7,Resolved,5
TCK-000954,CUST-000772,2024-06-07,Technical,Medium,5.8,Closed,3
TCK-000955,CUST-000773,2024-05-16,Performance,Low,10.0,Resolved,3
TCK-000956,CUST-000774,2024-12-05,Technical,Medium,12.7,Closed,1
TCK-000957,CUST-000775,2024-01-16,Performance,Low,0.6,Resolved,5
TCK-000958,CUST-000775,2024-01-27,Technical,Medium,14.6,Closed,3
TCK-000959,CUST-000776,2023-08-09,Billing,Medium,3.3,Resolved,5
TCK-000960,CUST-000776,2023-04-26,Billing,High,16.2,Resolved,2
TCK-000961,CUST-000777,2024-09-30,Performance,Medium,0.5,Resolved,2
TCK-000962,CUST-000777,2023-12-02,Technical,Medium,18.6,Resolved,4
TCK-000963,CUST-000778,2024-07-04,Integration,Medium,21.3,Resolved,5
TCK-000964,CUST-000778,2024-11-05,Billing,Medium,2.5,Closed,5
TCK-000965,CUST-000778,2024-08-30,Integration,Medium,7.5,Resolved,4
TCK-000966,CUST-000778,2024-08-11,Performance,High,42.2,Resolved,4
TCK-000967,CUST-000779,2023-12-15,Integration,Low,80.6,Escalated,1
TCK-000968,CUST-000780,2023-08-09,Billing,Medium,13.3,Resolved,1
TCK-000969,CUST-000782,2024-09-13,Billing,Medium,6.3,Resolved,4
TCK-000970,CUST-000782,2024-08-16,Login,Medium,2.7,Closed,5
TCK-000971,CUST-000785,2023-12-24,Technical,Medium,2.1,Resolved,4
TCK-000972,CUST-000785,2024-01-27,Security,High,23.4,Resolved,4
TCK-000973,CUST-000786,2023-08-17,Technical,High,49.1,Resolved,4
TCK-000974,CUST-000787,2023-08-10,Technical,Critical,26.2,Resolved,4
TCK-000975,CUST-000787,2022-10-14,Billing,Critical,17.1,Closed,5
TCK-000976,CUST-000789,2024-10-27,Performance,Low,59.9,Closed,1
TCK-000977,CUST-000790,2024-03-28,Login,High,11.7,Closed,5
TCK-000978,CUST-000790,2023-06-20,Technical,Medium,10.1,Resolved,5
TCK-000979,CUST-000791,2024-02-27,Login,Medium,6.3,Closed,4
TCK-000980,CUST-000791,2024-11-09,Feature Request,Medium,28.6,Resolved,4
TCK-000981,CUST-000793,2024-08-05,Billing,Low,2.8,Resolved,3
TCK-000982,CUST-000795,2024-07-30,Technical,Medium,3.2,Resolved,3
TCK-000983,CUST-000795,2024-11-01,Technical,Low,2.3,Resolved,4
TCK-000984,CUST-000795,2024-08-27,Technical,High,1.9,Resolved,5
TCK-000985,CUST-000799,2023-11-19,Billing,Low,8.3,Closed,2
TCK-000986,CUST-000800,2022-07-30,Integration,High,44.8,Resolved,5
TCK-000987,CUST-000800,2023-01-20,Billing,Medium,20.2,Resolved,2
TCK-000988,CUST-000801,2024-08-06,Technical,Medium,8.4,Closed,4
TCK-000989,CUST-000803,2024-03-24,Integration,Medium,2.4,Resolved,5
TCK-000990,CUST-000804,2023-04-09,Performance,High,1.9,Resolved,2
TCK-000991,CUST-000804,2023-12-09,Security,Medium,3.9,Closed,2
TCK-000992,CUST-000804,2023-11-30,Technical,Medium,0.5,Closed,1
TCK-000993,CUST-000805,2024-09-15,Login,Medium,26.4,Resolved,4
TCK-000994,CUST-000805,2023-05-03,Security,Medium,1.5,Resolved,4
TCK-000995,CUST-000805,2024-01-26,Performance,Low,12.1,Closed,5
TCK-000996,CUST-000805,2023-11-11,Login,Medium,5.2,Resolved,3
TCK-000997,CUST-000805,2024-08-03,Security,Critical,19.2,Resolved,5
TCK-000998,CUST-000806,2023-10-12,Performance,Medium,5.3,Closed,4
TCK-000999,CUST-000809,2023-10-06,Performance,Medium,12.6,Resolved,1
TCK-001000,CUST-000809,2023-08-21,Billing,High,21.0,Closed,4
TCK-001001,CUST-000810,2024-06-01,Login,High,29.6,Resolved,2
TCK-001002,CUST-000810,12/12/2024,Technical,Low,2.3,Resolved,4
TCK-001003,CUST-000812,2024-03-02,Login,Medium,6.1,Resolved,5
TCK-001004,CUST-000812,2023-09-24,Technical,Low,6.6,Resolved,5
TCK-001005,CUST-000815,2024-02-28,Performance,Low,4.5,Resolved,4
TCK-001006,CUST-000816,2023-01-25,Integration,Medium,3.9,Resolved,5
TCK-001007,CUST-000817,2024-11-30,Technical,Low,7.5,Resolved,4
TCK-001008,CUST-000818,2024-04-29,Technical,Low,28.5,Escalated,2
TCK-001009,CUST-000819,2024-07-01,Technical,Low,9.5,Resolved,1
TCK-001010,CUST-000819,2024-07-25,Billing,Medium,12.9,Closed,4
TCK-001011,CUST-000821,2024-07-11,Integration,Low,12.3,Resolved,1
TCK-001012,CUST-000821,2024-07-04,Technical,High,35.5,Resolved,3
TCK-001013,CUST-000821,2024-07-07,Technical,Low,3.9,Resolved,3
TCK-001014,CUST-000824,2022-08-14,Billing,Low,1.1,Resolved,1
TCK-001015,CUST-000825,2023-04-14,Feature Request,Medium,11.1,Resolved,3
TCK-001016,CUST-000825,2023-04-10,Technical,Medium,23.7,Resolved,5
TCK-001017,CUST-000825,2023-04-12,Technical,Medium,33.7,Pending,1
TCK-001018,CUST-000829,2023-06-15,Technical,High,23.2,Closed,4
TCK-001019,CUST-000830,2024-10-15,Performance,Medium,31.0,Pending,2
TCK-001020,CUST-000831,2023-01-02,Billing,Low,21.8,Resolved,1
TCK-001021,CUST-000832,2023-06-23,Security,Medium,17.2,Resolved,2
TCK-001022,CUST-000833,2024-05-22,Billing,Medium,14.3,Closed,5
TCK-001023,CUST-000834,2023-11-25,Login,Medium,10.8,Escalated,1
TCK-001024,CUST-000835,2024-03-18,Performance,Medium,15.3,Resolved,4
TCK-001025,CUST-000835,2024-12-19,Login,Low,35.3,Resolved,5
TCK-001026,CUST-000836,2022-06-02,Login,High,25.9,Closed,3
TCK-001027,CUST-000836,2022-08-21,Performance,Medium,9.1,Resolved,3
TCK-001028,CUST-000837,2023-03-19,Billing,Critical,6.1,Closed,4
TCK-001029,CUST-000837,2023-02-25,Feature Request,High,35.3,Resolved,5
TCK-001030,CUST-000837,2023-11-23,Login,Medium,10.1,Resolved,4
TCK-001031,CUST-000838,2023-05-24,Login,Medium,10.7,Resolved,1
TCK-001032,CUST-000839,2023-05-21,Feature Request,Low,17.4,Resolved,2
TCK-001033,CUST-000839,2023-05-09,Performance,Low,16.0,Pending,3
TCK-001034,CUST-000839,2023-04-29,Billing,Low,44.5,Pending,2
TCK-001035,CUST-000841,2024-03-25,Performance,High,5.7,Closed,1
TCK-001036,CUST-000841,2024-03-29,Technical,Low,42.0,Escalated,2
TCK-001037,CUST-000841,2024-02-18,Performance,Medium,34.0,Resolved,4
TCK-001038,CUST-000842,2024-07-15,Billing,Low,3.4,Closed,4
TCK-001039,CUST-000842,2024-06-02,Feature Request,Critical,15.4,Resolved,5
TCK-001040,CUST-000843,2024-08-31,Performance,Low,11.9,Closed,4
TCK-001041,CUST-000844,2023-08-09,Login,Low,11.3,Resolved,4
TCK-001042,CUST-000846,2023-10-19,Technical,Medium,45.8,Pending,1
TCK-001043,CUST-000846,2023-04-06,Technical,Medium,25.6,Closed,3
TCK-001044,CUST-000847,21/12/2023,Security,Low,7.8,Resolved,5
TCK-001045,CUST-000848,2024-04-28,Billing,Low,52.3,Resolved,3
TCK-001046,CUST-000850,2023-09-17,Login,Medium,71.7,Pending,2
TCK-001047,CUST-000850,2023-09-19,Billing,Medium,10.4,Resolved,1
TCK-001048,CUST-000852,2024-01-03,Performance,Low,19.4,Resolved,5
TCK-001049,CUST-000852,2024-01-03,Technical,Medium,6.8,Closed,5
TCK-001050,CUST-000852,2024-03-22,Login,Medium,14.0,Closed,4
TCK-001051,CUST-000853,2024-08-12,Billing,High,29.9,Resolved,2
TCK-001052,CUST-000854,2024-04-23,Login,Low,43.9,Closed,3
TCK-001053,CUST-000854,2024-04-30,Billing,High,20.0,Resolved,3
TCK-001054,CUST-000855,2024-08-22,Technical,Medium,41.9,Resolved,1
TCK-001055,CUST-000856,2023-12-26,Integration,High,84.4,Resolved,3
TCK-001056,CUST-000856,2023-12-06,Technical,Low,8.0,Resolved,2
TCK-001057,CUST-000857,2024-04-18,Billing,Medium,79.0,Resolved,2
TCK-001058,CUST-000857,2024-04-04,Technical,Medium,32.3,Resolved,2
TCK-001059,CUST-000857,2024-04-20,Technical,Medium,34.8,Resolved,2
TCK-001060,CUST-000858,2024-03-26,Technical,High,92.0,Resolved,2
TCK-001061,CUST-000858,2023-12-17,Integration,Critical,19.1,Closed,2
TCK-001062,CUST-000858,2024-01-11,Security,Critical,22.7,Escalated,2
TCK-001063,CUST-000860,2024-11-27,Login,Low,0.7,Resolved,2
TCK-001064,CUST-000861,2023-02-14,Technical,Medium,17.4,Resolved,4
TCK-001065,CUST-000861,2024-04-03,Technical,High,3.8,Resolved,3
TCK-001066,CUST-000862,2023-12-07,Technical,High,1.5,Resolved,3
TCK-001067,CUST-000862,2023-05-16,Technical,Medium,19.1,Resolved,5
TCK-001068,CUST-000864,2023-04-23,Billing,Medium,20.9,Resolved,5
TCK-001069,CUST-000864,2023-06-08,Integration,High,41.6,Closed,4
TCK-001070,CUST-000865,2024-02-01,Technical,High,14.0,Escalated,1
TCK-001071,CUST-000866,2024-10-12,Technical,High,46.7,Resolved,4
TCK-001072,CUST-000867,2024-12-09,Billing,Medium,0.5,Resolved,3
TCK-001073,CUST-000867,2024-04-28,Billing,Low,5.1,Resolved,4
TCK-001074,CUST-000868,2022-10-19,Technical,Medium,20.3,Resolved,3
TCK-001075,CUST-000869,2024-03-31,Technical,Medium,79.8,Resolved,4
TCK-001076,CUST-000870,2023-10-14,Technical,Low,0.7,Resolved,3
TCK-001077,CUST-000871,2024-12-02,Billing,Low,6.5,Resolved,5
TCK-001078,CUST-000872,2023-03-28,Security,Medium,4.9,Closed,2
TCK-001079,CUST-000873,2022-05-24,Performance,Medium,8.7,Resolved,4
TCK-001080,CUST-000873,21/12/2024,Performance,Low,8.0,Closed,5
TCK-001081,CUST-000874,2023-11-24,Login,High,5.7,Resolved,4
TCK-001082,CUST-000874,2024-09-08,Performance,High,4.8,Resolved,4
TCK-001083,CUST-000875,2023-05-17,Login,Medium,6.7,Closed,5
TCK-001084,CUST-000875,2023-03-12,Integration,Medium,3.3,Resolved,1
TCK-001085,CUST-000876,2023-03-16,Integration,Critical,11.4,Resolved,5
TCK-001086,CUST-000876,2023-10-25,Integration,Low,3.2,Resolved,3
TCK-001087,CUST-000878,2023-07-18,Technical,Medium,43.6,Resolved,1
TCK-001088,CUST-000882,2022-07-06,Billing,High,71.9,Closed,1
TCK-001089,CUST-000882,2022-06-28,Billing,Low,7.2,Escalated,2
TCK-001090,CUST-000883,2024-09-19,Login,Low,25.7,Closed,4
TCK-001091,CUST-000889,2023-11-19,Performance,High,12.6,Resolved,4
TCK-001092,CUST-000890,2024-06-10,Login,Medium,16.0,Resolved,2
TCK-001093,CUST-000890,2024-05-07,Technical,Low,46.4,Resolved,4
TCK-001094,CUST-000891,2024-04-24,Performance,Low,14.5,Closed,1
TCK-001095,CUST-000892,2024-03-28,Technical,Low,13.4,Resolved,2
TCK-001096,CUST-000892,2024-03-22,Billing,High,17.0,Resolved,2
TCK-001097,CUST-000895,2024-04-04,Billing,Low,2.5,Resolved,4
TCK-001098,CUST-000897,2024-12-01,Technical,High,91.0,Resolved,4
TCK-001099,CUST-000897,2024-01-06,Billing,Medium,5.1,Resolved,5
TCK-001100,CUST-000898,2024-02-07,Performance,Low,88.2,Resolved,3
TCK-001101,CUST-000898,2023-11-09,Integration,Medium,0.9,Escalated,1
TCK-001102,CUST-000899,2023-12-10,Login,Low,5.1,Closed,1
TCK-001103,CUST-000901,2022-10-01,Feature Request,Low,2.6,Resolved,3
TCK-001104,CUST-000903,2024-01-28,Technical,Medium,0.5,Escalated,2
TCK-001105,CUST-000903,2024-05-29,Billing,Low,48.7,Pending,2
TCK-001106,CUST-000903,2024-04-23,Technical,Low,43.4,Resolved,3
TCK-001107,CUST-000904,2024-08-21,Billing,Medium,3.9,Resolved,4
TCK-001108,CUST-000905,2022-10-09,Login,High,54.4,Resolved,2
TCK-001109,CUST-000906,2024-07-07,Technical,Low,12.0,Resolved,5
TCK-001110,CUST-000906,2023-12-31,Login,High,61.3,Resolved,4
TCK-001111,CUST-000908,2024-01-13,Billing,Medium,3.0,Resolved,1
TCK-001112,CUST-000908,2024-05-25,Performance,Low,44.9,Resolved,4
TCK-001113,CUST-000909,2023-07-18,Technical,Medium,81.1,Resolved,2
TCK-001114,CUST-000909,2023-06-26,Technical,Medium,29.8,Escalated,1
TCK-001115,CUST-000910,2024-04-20,Billing,Medium,4.4,Resolved,1
TCK-001116,CUST-000910,2023-03-18,Technical,High,12.5,Resolved,4
TCK-001117,CUST-000911,2024-02-04,Integration,Medium,63.1,Resolved,1
TCK-001118,CUST-000911,2024-03-20,Login,Low,5.3,Resolved,3
TCK-001119,CUST-000911,2024-10-15,Billing,High,67.5,Pending,1
TCK-001120,CUST-000911,2024-07-09,Login,Medium,7.0,Resolved,3
TCK-001121,CUST-000912,2024-11-18,Billing,High,30.2,Closed,5
TCK-001122,CUST-000913,2023-10-02,Integration,High,0.5,Resolved,1
TCK-001123,CUST-000914,2022-09-26,Billing,Low,13.6,Escalated,1
TCK-001124,CUST-000914,2022-09-28,Billing,Medium,43.7,Escalated,1
TCK-001125,CUST-000914,2022-09-28,Integration,High,57.3,Escalated,2
TCK-001126,CUST-000915,2023-10-14,Technical,Medium,20.9,Resolved,2
TCK-001127,CUST-000916,2024-11-11,Technical,Medium,9.7,Resolved,5
TCK-001128,CUST-000916,2022-10-15,Performance,Medium,38.3,Resolved,4
TCK-001129,CUST-000917,2024-01-04,Technical,Critical,25.5,Escalated,3
TCK-001130,CUST-000920,2023-09-19,Billing,High,64.8,Resolved,1
TCK-001131,CUST-000920,2023-10-09,Billing,Medium,8.4,Closed,1
TCK-001132,CUST-000921,2024-06-20,Billing,Medium,6.0,Resolved,4
TCK-001133,CUST-000922,2023-03-24,Technical,Medium,11.3,Resolved,4
TCK-001134,CUST-000923,2024-01-08,Performance,Medium,28.3,Resolved,2
TCK-001135,CUST-000923,2024-01-14,Technical,Low,12.5,Resolved,3
TCK-001136,CUST-000924,2024-05-18,Integration,Low,1.6,Closed,5
TCK-001137,CUST-000924,2024-04-15,Billing,Medium,6.9,Resolved,5
TCK-001138,CUST-000925,2024-08-08,Technical,Medium,23.7,Closed,5
TCK-001139,CUST-000925,2024-05-05,Technical,Medium,72.1,Resolved,5
TCK-001140,CUST-000925,2024-02-22,Integration,Medium,23.2,Resolved,4
TCK-001141,CUST-000926,2023-07-10,Billing,Low,10.1,Closed,3
TCK-001142,CUST-000927,2024-07-04,Technical,High,6.4,Resolved,4
TCK-001143,CUST-000927,2023-08-22,Billing,Medium,1.5,Resolved,4
TCK-001144,CUST-000927,2024-02-02,Performance,High,33.5,Resolved,2
TCK-001145,CUST-000928,2024-09-07,Performance,Low,4.7,Resolved,5
TCK-001146,CUST-000928,2023-10-20,Billing,High,55.6,Closed,3
TCK-001147,CUST-000928,2024-06-29,Feature Request,Low,2.9,Resolved,3
TCK-001148,CUST-000929,2023-12-09,Login,Medium,25.0,Pending,3
TCK-001149,CUST-000930,20/08/2024,Billing,Low,42.0,Resolved,4
TCK-001150,CUST-000930,2023-12-03,Integration,Low,7.7,Resolved,3
TCK-001151,CUST-000930,2024-04-26,Login,Medium,10.5,Resolved,3
TCK-001152,CUST-000930,2024-04-02,Billing,Low,0.5,Closed,5
TCK-001153,CUST-000932,2023-10-05,Technical,High,11.4,Resolved,4
TCK-001154,CUST-000932,2024-01-01,Feature Request,Low,17.7,Resolved,5
TCK-001155,CUST-000934,2024-01-22,Technical,Low,2.0,Resolved,5
TCK-001156,CUST-000935,2024-09-08,Technical,Medium,4.9,Closed,4
TCK-001157,CUST-000936,2024-06-03,Billing,Critical,55.3,Resolved,5
TCK-001158,CUST-000937,2023-01-21,Performance,High,147.3,Pending,2
TCK-001159,CUST-000937,2022-08-09,Performance,Medium,21.6,Resolved,1
TCK-001160,CUST-000938,2023-03-01,Technical,Critical,74.4,Resolved,4
TCK-001161,CUST-000938,2023-04-06,Performance,Low,39.8,Closed,2
TCK-001162,CUST-000939,2022-06-29,Login,Critical,999.9,Resolved,4
TCK-001163,CUST-000940,2023-10-13,Login,Medium,26.8,Resolved,3
TCK-001164,CUST-000940,2023-09-30,Login,Low,6.9,Closed,1
TCK-001165,CUST-000940,2023-11-19,Billing,Medium,11.6,Resolved,2
TCK-001166,CUST-000941,2023-01-16,Technical,Medium,4.0,Resolved,4
TCK-001167,CUST-000941,09/04/2024,Integration,Medium,2.6,Resolved,3
TCK-001168,CUST-000942,2024-07-04,Technical,High,35.1,Pending,3
TCK-001169,CUST-000942,2024-07-18,Integration,Low,40.1,Resolved,1
TCK-001170,CUST-000942,2024-08-10,Billing,Medium,9.3,Pending,1
TCK-001171,CUST-000945,2024-10-25,Technical,High,84.3,Resolved,5
TCK-001172,CUST-000946,2022-11-06,Billing,Medium,6.9,Closed,2
TCK-001173,CUST-000946,2022-10-23,Login,High,24.0,Pending,3
TCK-001174,CUST-000947,2024-11-06,Login,Low,2.1,Closed,5
TCK-001175,CUST-000947,2024-08-24,Billing,Medium,35.3,Closed,5
TCK-001176,CUST-000948,2022-08-08,Technical,Critical,92.5,Resolved,4
TCK-001177,CUST-000949,2024-01-14,Billing,Low,7.7,Resolved,1
TCK-001178,CUST-000949,2023-10-15,Security,Medium,4.5,Resolved,4
TCK-001179,CUST-000949,2023-11-19,Technical,Low,18.9,Closed,3
TCK-001180,CUST-000950,2024-10-03,Technical,Low,30.3,Closed,4
TCK-001181,CUST-000953,2024-10-30,Login,High,6.4,Closed,3
TCK-001182,CUST-000953,2022-08-10,Technical,Medium,5.2,Resolved,4
TCK-001183,CUST-000954,2023-07-16,Technical,Low,0.5,Resolved,5
TCK-001184,CUST-000954,2023-04-18,Login,Medium,20.5,Resolved,4
TCK-001185,CUST-000955,2024-11-07,Performance,Medium,10.3,Closed,4
TCK-001186,CUST-000955,2024-08-19,Feature Request,Low,6.0,Resolved,3
TCK-001187,CUST-000955,2024-06-17,Technical,Medium,37.4,Resolved,4
TCK-001188,CUST-000957,2022-08-31,Billing,Medium,8.0,Resolved,3
TCK-001189,CUST-000959,2023-07-18,Feature Request,High,6.5,Resolved,4
TCK-001190,CUST-000959,2024-10-07,Performance,High,26.5,Resolved,4
TCK-001191,CUST-000959,2024-07-23,Technical,Medium,1.2,Resolved,5
TCK-001192,CUST-000960,2023-02-04,Billing,Low,19.2,Escalated,1
TCK-001193,CUST-000960,2022-12-10,Login,Medium,2.9,Resolved,2
TCK-001194,CUST-000960,2023-01-30,Billing,Medium,17.3,Escalated,2
TCK-001195,CUST-000961,2023-09-24,Performance,High,0.5,Resolved,4
TCK-001196,CUST-000961,2022-10-16,Security,Low,43.3,Resolved,5
TCK-001197,CUST-000961,2023-07-23,Technical,High,35.6,Resolved,4
TCK-001198,CUST-000961,2023-11-09,Integration,Low,2.9,Closed,3
TCK-001199,CUST-000962,2024-08-23,Billing,High,76.3,Closed,3
TCK-001200,CUST-000962,2024-09-30,Technical,Low,31.0,Resolved,4
TCK-001201,CUST-000963,2024-11-28,Technical,High,27.3,Resolved,1
TCK-001202,CUST-000964,2024-10-01,Performance,Medium,32.0,Resolved,5
TCK-001203,CUST-000966,30/03/2024,Technical,Medium,39.1,Escalated,1
TCK-001204,CUST-000966,2024-10-16,Billing,Medium,20.6,Closed,3
TCK-001205,CUST-000966,2024-12-29,Performance,Medium,34.0,Resolved,3
TCK-001206,CUST-000966,2024-08-16,Billing,High,6.4,Resolved,4
TCK-001207,CUST-000968,2023-05-25,Integration,Medium,23.9,Resolved,1
TCK-001208,CUST-000968,2023-12-30,Technical,Low,41.9,Escalated,1
TCK-001209,CUST-000970,2024-02-13,Technical,Low,53.3,Closed,4
TCK-001210,CUST-000970,2024-08-27,Technical,Critical,82.3,Resolved,4
TCK-001211,CUST-000971,2024-08-07,Login,Medium,8.1,Resolved,4
TCK-001212,CUST-000971,2024-05-28,Integration,Low,5.0,Resolved,3
TCK-001213,CUST-000972,2023-11-17,Technical,Medium,15.9,Resolved,3
TCK-001214,CUST-000974,2024-04-13,Technical,Medium,2.3,Resolved,2
TCK-001215,CUST-000975,2024-09-26,Technical,Low,29.6,Resolved,4
TCK-001216,CUST-000976,2023-08-07,Technical,Low,0.5,Resolved,5
TCK-001217,CUST-000977,2024-10-05,Technical,Low,4.8,Resolved,4
TCK-001218,CUST-000977,2024-10-12,Integration,Critical,8.5,Resolved,5
TCK-001219,CUST-000977,2024-06-06,Performance,Low,0.5,Closed,5
TCK-001220,CUST-000980,2024-03-10,Technical,Medium,19.0,Resolved,1
TCK-001221,CUST-000980,29/04/2024,Billing,Medium,6.8,Closed,1
TCK-001222,CUST-000982,2024-10-15,Security,High,26.7,Resolved,4
TCK-001223,CUST-000982,2024-09-29,Login,Low,4.9,Resolved,4
TCK-001224,CUST-000985,2024-10-04,Login,Medium,7.4,Resolved,2
TCK-001225,CUST-000985,2024-05-25,Performance,Medium,14.8,Resolved,2
TCK-001226,CUST-000985,2024-06-03,Login,Medium,6.8,Resolved,1
TCK-001227,CUST-000987,2023-05-23,Performance,Medium,10.1,Pending,2
TCK-001228,CUST-000987,2023-05-30,Performance,High,20.1,Resolved,2
TCK-001229,CUST-000987,2023-03-09,Billing,High,18.2,Resolved,2
TCK-001230,CUST-000989,2024-03-29,Feature Request,Low,14.5,Resolved,2
TCK-001231,CUST-000990,2024-04-20,Technical,Medium,27.9,Resolved,1
TCK-001232,CUST-000991,2024-12-05,Technical,Low,5.9,Closed,3
TCK-001233,CUST-000992,2022-07-27,Technical,Medium,6.4,Closed,3
TCK-001234,CUST-000992,2022-07-25,Billing,Medium,103.5,Closed,1
TCK-001235,CUST-000993,2023-02-20,Integration,Low,15.9,Resolved,2
TCK-001236,CUST-000994,2024-01-26,Login,Medium,13.4,Resolved,1
TCK-001237,CUST-000995,2024-02-03,Login,Critical,31.4,Resolved,5
TCK-001238,CUST-000999,2024-10-11,Integration,Medium,0.9,Resolved,5
TCK-001239,CUST-001000,2023-05-16,Billing,High,2.5,Pending,3
TCK-001240,CUST-001000,2024-01-31,Technical,High,15.2,Closed,4
TCK-001241,CUST-001000,2023-05-28,Performance,Low,15.1,Pending,1
TCK-001242,CUST-001001,2024-01-23,Login,Medium,13.5,Closed,5
TCK-001243,CUST-001002,2024-05-23,Login,High,41.5,Closed,5
TCK-001244,CUST-001003,2022-06-08,Billing,Low,109.9,Resolved,3
TCK-001245,CUST-001003,2023-04-24,Billing,Low,17.7,Closed,1
TCK-001246,CUST-001004,2023-04-23,Performance,High,5.2,Closed,1
TCK-001247,CUST-001004,2023-02-25,Login,High,10.9,Resolved,3
TCK-001248,CUST-001004,2023-06-16,Billing,Low,7.1,Resolved,1
TCK-001249,CUST-001005,2024-04-02,Technical,Medium,4.0,Resolved,5
TCK-001250,CUST-001005,21/11/2024,Feature Request,Low,26.9,Closed,4
TCK-001251,CUST-001008,2023-04-17,Technical,Medium,9.7,Resolved,2
TCK-001252,CUST-001009,2024-08-06,Technical,Medium,30.9,Resolved,3
TCK-001253,CUST-001009,2024-06-07,Billing,Low,35.4,Resolved,4
TCK-001254,CUST-001010,2024-11-10,Technical,Medium,16.3,Resolved,2
TCK-001255,CUST-001011,2022-06-17,Technical,High,40.5,Resolved,3
TCK-001256,CUST-001011,2024-07-01,Login,Low,0.9,Resolved,5
TCK-001257,CUST-001011,2023-11-20,Technical,High,42.1,Resolved,4
TCK-001258,CUST-001011,2024-03-10,Login,Low,17.4,Resolved,4
TCK-001259,CUST-001014,2024-08-01,Billing,Medium,6.1,Resolved,4
TCK-001260,CUST-001015,2024-05-21,Technical,Low,3.2,Closed,3
TCK-001261,CUST-001016,2023-04-04,Login,Critical,37.1,Resolved,2
TCK-001262,CUST-001016,2023-05-22,Performance,High,35.1,Resolved,3
TCK-001263,CUST-001017,2024-07-24,Billing,Low,34.7,Resolved,3
TCK-001264,CUST-001018,2022-12-15,Technical,High,9.8,Closed,2
TCK-001265,CUST-001019,2023-05-12,Technical,Critical,16.9,Resolved,1
TCK-001266,CUST-001019,2023-02-10,Technical,Low,14.0,Resolved,1
TCK-001267,CUST-001019,2023-03-17,Billing,Low,14.6,Resolved,2
TCK-001268,CUST-001025,2024-01-20,Technical,Low,0.8,Resolved,1
TCK-001269,CUST-001025,2024-05-31,Performance,Medium,30.9,Resolved,3
TCK-001270,CUST-001027,2024-12-21,Billing,Low,12.0,Closed,3
TCK-001271,CUST-001028,03/07/2024,Login,Medium,8.0,Resolved,4
TCK-001272,CUST-001029,2024-05-27,Login,Critical,2.5,Closed,2
TCK-001273,CUST-001029,2024-05-07,Integration,High,44.9,Closed,4
TCK-001274,CUST-001030,2023-12-19,Technical,High,16.2,Resolved,5
TCK-001275,CUST-001031,2024-10-31,Login,Low,34.7,Resolved,5
TCK-001276,CUST-001032,2024-11-23,Performance,Low,5.4,Closed,4
TCK-001277,CUST-001033,2024-05-04,Billing,Low,18.8,Escalated,2
TCK-001278,CUST-001034,2022-05-02,Feature Request,Medium,94.4,Pending,2
TCK-001279,CUST-001035,2024-03-30,Billing,High,13.3,Closed,4
TCK-001280,CUST-001037,2023-11-12,Feature Request,Medium,20.8,Resolved,5
TCK-001281,CUST-001037,2023-10-30,Technical,High,13.6,Resolved,1
TCK-001282,CUST-001040,2024-07-31,Technical,Critical,5.9,Closed,5
TCK-001283,CUST-001041,2023-12-05,Technical,Low,16.7,Resolved,4
TCK-001284,CUST-001041,2023-11-11,Technical,High,75.2,Closed,1
TCK-001285,CUST-001042,2024-08-08,Billing,High,0.5,Resolved,4
TCK-001286,CUST-001045,2024-01-02,Login,Low,63.1,Resolved,5
TCK-001287,CUST-001045,2023-12-23,Login,Medium,34.0,Resolved,3
TCK-001288,CUST-001046,2024-12-04,Integration,Medium,1.6,Resolved,4
TCK-001289,CUST-001046,2024-03-19,Login,Low,4.2,Resolved,5
TCK-001290,CUST-001046,2024-10-02,Technical,High,7.3,Resolved,4
TCK-001291,CUST-001046,2023-10-28,Billing,High,12.7,Resolved,1
TCK-001292,CUST-001047,2024-05-18,Feature Request,Medium,6.4,Resolved,2
TCK-001293,CUST-001047,2024-05-26,Integration,Medium,4.0,Resolved,3
TCK-001294,CUST-001047,2024-05-31,Feature Request,Medium,11.9,Resolved,3
TCK-001295,CUST-001049,2024-08-11,Technical,Low,4.0,Resolved,5
TCK-001296,CUST-001053,2022-08-19,Technical,Medium,44.7,Resolved,5
TCK-001297,CUST-001053,2022-08-27,Security,Low,29.0,Closed,3
TCK-001298,CUST-001054,2024-04-28,Performance,Critical,30.2,Resolved,3
TCK-001299,CUST-001054,2024-03-15,Billing,Medium,9.3,Closed,4
TCK-001300,CUST-001055,2023-06-22,Integration,Low,13.5,Closed,3
TCK-001301,CUST-001056,2023-09-16,Billing,Medium,18.6,Resolved,4
TCK-001302,CUST-001056,2022-07-28,Security,Medium,25.1,Closed,1
TCK-001303,CUST-001059,2024-04-30,Technical,Critical,43.6,Closed,2
TCK-001304,CUST-001062,2023-03-29,Billing,Low,30.9,Resolved,1
TCK-001305,CUST-001062,2023-01-08,Login,Medium,16.5,Escalated,1
TCK-001306,CUST-001064,2023-02-13,Security,Medium,9.1,Resolved,4
TCK-001307,CUST-001064,2023-03-12,Technical,Low,2.9,Resolved,4
TCK-001308,CUST-001064,2024-05-22,Performance,Low,3.1,Resolved,4
TCK-001309,CUST-001065,2023-04-18,Billing,Low,15.4,Resolved,2
TCK-001310,CUST-001065,2022-07-23,Billing,High,138.9,Resolved,4
TCK-001311,CUST-001065,2022-04-14,Performance,Medium,37.2,Pending,1
TCK-001312,CUST-001066,2024-08-03,Login,Medium,4.0,Closed,1
TCK-001313,CUST-001067,2024-06-23,Billing,Medium,7.6,Resolved,4
TCK-001314,CUST-001068,2023-05-18,Technical,High,52.1,Resolved,1
TCK-001315,CUST-001068,2023-09-08,Login,Medium,11.6,Resolved,3
TCK-001316,CUST-001069,2024-08-21,Technical,Medium,19.5,Resolved,3
TCK-001317,CUST-001069,2024-09-28,Performance,High,21.9,Escalated,2
TCK-001318,CUST-001071,2023-10-11,Login,Low,17.6,Resolved,5
TCK-001319,CUST-001071,2022-07-04,Feature Request,Medium,7.1,Resolved,1
TCK-001320,CUST-001072,2023-11-25,Integration,High,2.8,Resolved,1
TCK-001321,CUST-001075,2023-10-20,Billing,Medium,5.8,Closed,4
TCK-001322,CUST-001076,2024-07-05,Performance,Medium,50.3,Closed,5
TCK-001323,CUST-001076,2024-09-02,Billing,High,21.0,Resolved,5
TCK-001324,CUST-001077,2024-03-25,Login,Medium,8.5,Resolved,4
TCK-001325,CUST-001078,2023-09-06,Technical,Low,3.4,Resolved,1
TCK-001326,CUST-001078,2024-08-19,Technical,High,32.4,Resolved,4
TCK-001327,CUST-001079,2024-03-27,Login,Critical,21.1,Escalated,2
TCK-001328,CUST-001079,2024-03-26,Billing,Low,79.2,Escalated,1
TCK-001329,CUST-001079,2024-03-13,Login,Medium,6.3,Resolved,2
TCK-001330,CUST-001079,2024-03-23,Billing,Low,3.9,Resolved,3
TCK-001331,CUST-001080,2024-10-23,Technical,Low,101.6,Resolved,5
TCK-001332,CUST-001081,2024-02-05,Technical,Low,27.9,Resolved,2
TCK-001333,CUST-001081,2023-10-18,Performance,Low,37.0,Resolved,3
TCK-001334,CUST-001082,2024-04-03,Feature Request,Medium,6.5,Closed,4
TCK-001335,CUST-001082,2024-11-16,Billing,Critical,18.5,Resolved,3
TCK-001336,CUST-001084,2024-08-31,Performance,Medium,6.2,Resolved,4
TCK-001337,CUST-001085,2023-09-06,Login,Low,0.5,Closed,4
TCK-001338,CUST-001087,2024-10-23,Billing,Low,1.2,Resolved,4
TCK-001339,CUST-001088,2023-08-23,Login,High,132.9,Resolved,2
TCK-001340,CUST-001090,2023-03-08,Billing,Medium,15.9,Pending,2
TCK-001341,CUST-001090,2023-12-14,Billing,Medium,22.4,Closed,4
TCK-001342,CUST-001090,2023-01-29,Integration,High,29.4,Resolved,4
TCK-001343,CUST-001091,2024-09-05,Billing,Low,7.6,Resolved,3
TCK-001344,CUST-001093,2023-03-21,Billing,Low,72.7,Pending,1
TCK-001345,CUST-001093,2022-08-25,Login,Medium,19.4,Resolved,1
TCK-001346,CUST-001094,2023-07-17,Billing,Low,24.0,Resolved,1
TCK-001347,CUST-001094,2023-09-27,Technical,Medium,35.2,Resolved,2
TCK-001348,CUST-001094,2024-01-10,Technical,Medium,6.1,Resolved,1
TCK-001349,CUST-001096,2022-12-08,Billing,High,135.6,Resolved,1
TCK-001350,CUST-001096,2023-05-31,Performance,Medium,12.8,Resolved,1
TCK-001351,CUST-001097,2024-08-07,Integration,High,13.4,Resolved,4
TCK-001352,CUST-001098,2022-06-13,Technical,Low,9.2,Resolved,1
TCK-001353,CUST-001098,2022-05-24,Billing,Critical,119.0,Closed,2
TCK-001354,CUST-001099,2024-02-19,Technical,High,0.5,Closed,5
TCK-001355,CUST-001100,2024-10-15,Login,Medium,10.5,Escalated,1
TCK-001356,CUST-001100,2024-10-06,Technical,Medium,7.4,Escalated,2
TCK-001357,CUST-001101,2022-10-20,Billing,Critical,9.2,Escalated,1
TCK-001358,CUST-001101,2022-05-23,Feature Request,Low,15.0,Resolved,1
TCK-001359,CUST-001102,2022-12-17,Technical,Medium,15.8,Escalated,1
TCK-001360,CUST-001102,2023-01-10,Login,Medium,2.4,Resolved,1
TCK-001361,CUST-001102,2022-08-11,Login,Medium,24.3,Resolved,1
TCK-001362,CUST-001103,2023-10-05,Technical,Medium,22.5,Resolved,2
TCK-001363,CUST-001104,2024-10-01,Billing,Low,6.8,Closed,5
TCK-001364,CUST-001105,2024-05-28,Technical,Medium,3.6,Resolved,3
TCK-001365,CUST-001106,2022-02-23,Performance,Medium,0.5,Resolved,2
TCK-001366,CUST-001106,2023-03-02,Login,Medium,4.8,Resolved,1
TCK-001367,CUST-001107,2022-10-01,Feature Request,Medium,3.9,Escalated,2
TCK-001368,CUST-001108,2024-05-19,Performance,Low,15.4,Resolved,4
TCK-001369,CUST-001108,2024-07-06,Technical,Medium,3.5,Resolved,2
TCK-001370,CUST-001108,2024-07-07,Performance,Medium,8.7,Resolved,3
TCK-001371,CUST-001108,2024-08-02,Billing,Medium,3.3,Resolved,5
TCK-001372,CUST-001111,2023-05-20,Feature Request,Medium,1.8,Resolved,3
TCK-001373,CUST-001112,2022-04-26,Feature Request,Medium,53.4,Pending,1
TCK-001374,CUST-001113,01/08/2024,Billing,High,46.9,Resolved,4
TCK-001375,CUST-001115,2023-03-10,Technical,Medium,13.9,Closed,5
TCK-001376,CUST-001115,2024-06-14,Performance,Medium,40.5,Closed,3
TCK-001377,CUST-001116,2023-12-29,Integration,Medium,4.0,Resolved,3
TCK-001378,CUST-001117,2022-05-31,Technical,Medium,36.4,Resolved,3
TCK-001379,CUST-001117,2023-02-02,Performance,High,7.8,Resolved,2
TCK-001380,CUST-001118,2024-08-08,Technical,Low,0.5,Closed,2
TCK-001381,CUST-001119,2023-02-13,Login,Critical,50.7,Resolved,5
TCK-001382,CUST-001119,2023-07-21,Technical,Medium,0.5,Closed,4
TCK-001383,CUST-001121,2023-12-07,Login,Medium,19.3,Resolved,3
TCK-001384,CUST-001124,2023-11-11,Technical,Low,6.1,Closed,5
TCK-001385,CUST-001125,2023-11-26,Technical,Medium,33.2,Pending,3
TCK-001386,CUST-001126,2023-12-29,Login,High,61.1,Closed,3
TCK-001387,CUST-001127,2023-10-03,Performance,Low,12.9,Resolved,2
TCK-001388,CUST-001129,2024-05-27,Billing,Medium,19.3,Closed,4
TCK-001389,CUST-001129,2024-05-20,Billing,Low,17.0,Pending,1
TCK-001390,CUST-001129,2024-05-25,Integration,Medium,3.4,Resolved,3
TCK-001391,CUST-001129,2024-05-23,Login,Critical,6.0,Resolved,1
TCK-001392,CUST-001129,2024-06-06,Technical,Medium,37.0,Closed,1
TCK-001393,CUST-001129,2024-05-24,Technical,Medium,11.7,Closed,2
TCK-001394,CUST-001129,2024-06-06,Login,Medium,2.2,Resolved,3
TCK-001395,CUST-001130,2024-10-14,Login,High,13.1,Closed,4
TCK-001396,CUST-001132,2024-08-02,Performance,Critical,9.5,Resolved,4
TCK-001397,CUST-001133,2024-08-23,Integration,High,39.9,Closed,2
TCK-001398,CUST-001133,2024-04-24,Technical,Medium,106.2,Pending,1
TCK-001399,CUST-001134,2024-10-07,Integration,Low,48.0,Closed,3
TCK-001400,CUST-001138,2023-07-19,Technical,Medium,10.3,Closed,3
TCK-001401,CUST-001141,2023-07-24,Security,Medium,21.3,Closed,3
TCK-001402,CUST-001141,2022-05-10,Technical,Low,1.2,Resolved,4
TCK-001403,CUST-001142,2023-12-27,Billing,High,26.4,Resolved,5
TCK-001404,CUST-001142,2023-10-30,Technical,High,18.4,Resolved,4
TCK-001405,CUST-001143,2023-03-14,Technical,Medium,0.5,Closed,2
TCK-001406,CUST-001143,2023-04-13,Billing,Medium,35.8,Closed,1
TCK-001407,CUST-001144,2023-10-27,Billing,Low,3.0,Closed,2
TCK-001408,CUST-001145,28/07/2023,Technical,Medium,15.3,Resolved,5
TCK-001409,CUST-001145,2024-08-09,Billing,Medium,1.4,Resolved,5
TCK-001410,CUST-001145,2023-10-23,Integration,Low,9.0,Resolved,1
TCK-001411,CUST-001146,2023-04-23,Billing,Medium,48.3,Pending,1
TCK-001412,CUST-001146,2023-07-14,Performance,Medium,51.8,Resolved,4
TCK-001413,CUST-001147,2023-11-03,Feature Request,Low,37.2,Closed,2
TCK-001414,CUST-001148,2023-09-30,Integration,Medium,27.0,Resolved,1
TCK-001415,CUST-001148,2022-12-31,Technical,Low,11.0,Resolved,2
TCK-001416,CUST-001149,2023-08-02,Login,Low,25.7,Resolved,5
TCK-001417,CUST-001150,2024-06-30,Performance,Low,25.3,Resolved,4
TCK-001418,CUST-001150,2024-10-24,Billing,High,12.7,Resolved,5
TCK-001419,CUST-001150,2024-06-08,Performance,Medium,2.1,Resolved,4
TCK-001420,CUST-001150,2024-12-16,Login,Medium,15.1,Closed,5
TCK-001421,CUST-001152,2024-08-07,Technical,Medium,14.8,Resolved,5
TCK-001422,CUST-001154,2024-10-08,Technical,High,41.9,Resolved,2
TCK-001423,CUST-001154,2022-06-28,Performance,Low,34.2,Resolved,3
TCK-001424,CUST-001157,2022-11-29,Billing,Medium,13.7,Escalated,1
TCK-001425,CUST-001157,2022-11-14,Technical,Low,6.7,Resolved,3
TCK-001426,CUST-001157,2022-11-11,Integration,High,19.5,Resolved,1
TCK-001427,CUST-001161,2023-07-24,Technical,Medium,5.9,Resolved,1
TCK-001428,CUST-001161,2023-04-27,Security,Medium,29.8,Resolved,1
TCK-001429,CUST-001161,2023-08-16,Integration,High,83.6,Resolved,1
TCK-001430,CUST-001161,2023-02-14,Technical,Medium,43.0,Closed,1
TCK-001431,CUST-001161,2023-07-18,Login,Medium,1.4,Pending,1
TCK-001432,CUST-001161,2023-03-26,Billing,Low,54.6,Resolved,1
TCK-001433,CUST-001161,2023-04-06,Billing,Medium,62.1,Closed,2
TCK-001434,CUST-001161,2023-04-16,Technical,High,7.3,Resolved,1
TCK-001435,CUST-001162,2023-02-12,Performance,Medium,15.0,Escalated,2
TCK-001436,CUST-001164,2024-11-08,Performance,Low,4.9,Resolved,2
TCK-001437,CUST-001164,2024-10-04,Technical,Low,8.3,Pending,2
TCK-001438,CUST-001164,2024-08-30,Technical,Low,0.7,Escalated,2
TCK-001439,CUST-001164,2023-09-05,Feature Request,Medium,6.5,Resolved,3
TCK-001440,CUST-001166,2023-03-04,Billing,Low,24.9,Resolved,5
TCK-001441,CUST-001167,23/09/2022,Technical,Medium,30.2,Resolved,1
TCK-001442,CUST-001168,2022-10-09,Security,High,71.0,Closed,1
TCK-001443,CUST-001168,2023-06-06,Billing,Medium,63.4,Closed,3
TCK-001444,CUST-001169,2024-07-08,Performance,Critical,33.3,Resolved,5
TCK-001445,CUST-001170,2023-07-29,Technical,Medium,4.6,Closed,3
TCK-001446,CUST-001171,2024-01-13,Technical,Medium,92.0,Pending,2
TCK-001447,CUST-001172,2023-08-08,Billing,Low,1.9,Resolved,4
TCK-001448,CUST-001172,2024-08-06,Technical,Medium,1.5,Resolved,5
TCK-001449,CUST-001173,2024-07-03,Login,Medium,5.0,Resolved,3
TCK-001450,CUST-001173,2023-10-27,Integration,Low,6.0,Resolved,3
TCK-001451,CUST-001173,2023-08-07,Technical,High,42.3,Resolved,5
TCK-001452,CUST-001174,2023-06-20,Billing,Critical,13.5,Resolved,4
TCK-001453,CUST-001174,2024-05-11,Technical,Low,0.5,Resolved,5
TCK-001454,CUST-001175,2023-07-15,Feature Request,Low,13.8,Escalated,3
TCK-001455,CUST-001175,2023-06-17,Billing,Low,3.5,Pending,2
TCK-001456,CUST-001176,2023-01-23,Login,Medium,3.4,Escalated,2
TCK-001457,CUST-001177,2024-10-13,Feature Request,Low,6.9,Closed,4
TCK-001458,CUST-001177,12/10/2024,Billing,Critical,5.3,Closed,4
TCK-001459,CUST-001178,2024-08-13,Integration,Medium,52.4,Resolved,3
TCK-001460,CUST-001179,2023-01-30,Technical,Medium,8.7,Closed,1
TCK-001461,CUST-001179,2023-01-15,Technical,Low,25.3,Resolved,3
TCK-001462,CUST-001181,2022-11-26,Login,Medium,4.1,Resolved,3
TCK-001463,CUST-001181,2024-08-06,Technical,Medium,34.2,Resolved,4
TCK-001464,CUST-001181,2023-04-26,Technical,Medium,17.8,Resolved,5
TCK-001465,CUST-001182,2024-03-09,Performance,Medium,9.2,Escalated,1
TCK-001466,CUST-001182,2024-02-22,Billing,Medium,13.5,Resolved,4
TCK-001467,CUST-001183,06/11/2024,Feature Request,Medium,44.6,Resolved,2
TCK-001468,CUST-001184,2023-01-08,Login,Critical,14.9,Resolved,2
TCK-001469,CUST-001184,2023-05-30,Feature Request,Low,15.0,Resolved,3
TCK-001470,CUST-001185,2024-01-26,Technical,Medium,12.0,Resolved,4
TCK-001471,CUST-001187,2024-03-12,Login,Low,4.9,Closed,1
TCK-001472,CUST-001188,2024-11-02,Technical,Medium,18.4,Resolved,3
TCK-001473,CUST-001190,2024-03-09,Performance,High,11.9,Resolved,2
TCK-001474,CUST-001191,2023-08-19,Security,Medium,16.0,Resolved,3
TCK-001475,CUST-001192,2024-07-13,Billing,Medium,8.6,Resolved,1
TCK-001476,CUST-001192,2024-05-26,Technical,Low,6.1,Closed,2
TCK-001477,CUST-001193,2024-11-04,Technical,Medium,11.3,Resolved,3
TCK-001478,CUST-001193,2023-09-03,Technical,Medium,15.2,Resolved,4
TCK-001479,CUST-001194,2023-09-09,Technical,Low,8.0,Resolved,3
TCK-001480,CUST-001196,2024-08-08,Technical,Medium,4.7,Resolved,3
TCK-001481,CUST-001196,2024-11-09,Billing,Medium,22.8,Resolved,4
TCK-001482,CUST-001196,2024-08-01,Performance,Medium,10.7,Resolved,3
TCK-001483,CUST-001196,2024-11-23,Billing,High,80.8,Resolved,3
TCK-001484,CUST-001197,2024-11-13,Billing,Low,2.9,Resolved,5
TCK-001485,CUST-001197,2023-04-18,Technical,Low,4.6,Resolved,4
TCK-001486,CUST-001198,2024-10-02,Technical,Low,1.8,Closed,3
TCK-001487,CUST-001198,2024-09-23,Technical,Medium,11.5,Closed,4
TCK-001488,CUST-001199,2023-09-21,Technical,Medium,22.4,Resolved,4
TCK-001489,CUST-001200,2024-04-02,Security,Medium,30.9,Closed,5
TCK-001490,CUST-001200,2024-01-01,Technical,Low,5.0,Closed,5
TCK-001491,CUST-001201,2023-12-22,Technical,Medium,0.8,Resolved,4
TCK-001492,CUST-001201,2023-12-09,Billing,Low,14.6,Resolved,3
TCK-001493,CUST-001202,01/10/2023,Billing,Critical,13.0,Escalated,1
TCK-001494,CUST-001202,2023-12-29,Billing,High,341.0,Closed,5
TCK-001495,CUST-001204,2023-03-06,Technical,High,9.3,Closed,2
TCK-001496,CUST-001204,2023-01-29,Billing,Low,6.4,Resolved,2
TCK-001497,CUST-001204,2023-01-23,Login,Medium,49.2,Resolved,4
TCK-001498,CUST-001205,2024-05-05,Integration,Low,20.6,Resolved,1
TCK-001499,CUST-001208,2022-11-29,Billing,Medium,18.9,Closed,4
TCK-001500,CUST-001208,14/02/2023,Billing,Low,17.5,Resolved,3
TCK-001501,CUST-001209,2024-03-24,Integration,Medium,0.9,Resolved,2
TCK-001502,CUST-001209,2024-04-29,Performance,Low,52.9,Resolved,2
TCK-001503,CUST-001210,2024-09-18,Login,Medium,13.4,Resolved,5
TCK-001504,CUST-001210,2024-08-28,Technical,High,24.5,Resolved,4
TCK-001505,CUST-001211,2023-10-02,Technical,Critical,44.0,Resolved,5
TCK-001506,CUST-001212,26/06/2024,Feature Request,Medium,12.7,Resolved,5
TCK-001507,CUST-001213,2024-05-17,Billing,Low,5.7,Resolved,3
TCK-001508,CUST-001214,2024-05-06,Integration,Low,59.4,Resolved,2
TCK-001509,CUST-001215,2023-08-24,Billing,Low,7.0,Closed,5
TCK-001510,CUST-001216,2024-01-19,Technical,Low,1.2,Resolved,5
TCK-001511,CUST-001216,2023-11-11,Technical,Medium,1.3,Resolved,5
TCK-001512,CUST-001216,2024-11-01,Performance,Medium,9.1,Closed,5
TCK-001513,CUST-001216,2024-11-06,Login,Low,5.2,Resolved,3
TCK-001514,CUST-001216,2024-11-03,Billing,Low,13.5,Closed,5
TCK-001515,CUST-001219,2023-08-22,Performance,High,24.1,Resolved,1
TCK-001516,CUST-001220,2024-11-15,Security,High,6.5,Closed,4
TCK-001517,CUST-001221,2024-08-22,Technical,Low,18.6,Resolved,4
TCK-001518,CUST-001222,2022-12-22,Login,High,69.9,Resolved,1
TCK-001519,CUST-001222,2023-01-28,Login,Medium,11.8,Closed,1
TCK-001520,CUST-001223,2022-11-29,Technical,High,14.3,Resolved,1
TCK-001521,CUST-001223,2023-03-11,Technical,Low,0.5,Resolved,2
TCK-001522,CUST-001223,2023-02-04,Technical,High,9.6,Resolved,3
TCK-001523,CUST-001223,2023-02-05,Login,Low,7.3,Resolved,3
TCK-001524,CUST-001223,2022-07-23,Technical,Medium,38.6,Resolved,2
TCK-001525,CUST-001226,2023-06-16,Performance,Low,9.7,Resolved,5
TCK-001526,CUST-001228,2024-02-15,Performance,Medium,2.7,Resolved,2
TCK-001527,CUST-001228,2024-03-12,Technical,Critical,29.6,Resolved,1
TCK-001528,CUST-001228,09/08/2024,Technical,Low,13.7,Escalated,2
TCK-001529,CUST-001228,2024-05-12,Technical,Medium,0.5,Escalated,2
TCK-001530,CUST-001231,2024-08-03,Technical,Medium,14.0,Resolved,4
TCK-001531,CUST-001231,2024-02-27,Feature Request,High,77.2,Resolved,5
TCK-001532,CUST-001231,2024-08-29,Technical,Medium,3.9,Resolved,5
TCK-001533,CUST-001231,2024-08-26,Technical,Low,7.6,Closed,5
TCK-001534,CUST-001234,2023-06-19,Integration,Low,49.0,Resolved,2
TCK-001535,CUST-001234,2023-09-04,Login,High,43.7,Resolved,2
TCK-001536,CUST-001234,2023-08-07,Login,Medium,22.3,Pending,2
TCK-001537,CUST-001236,2024-06-19,Feature Request,Low,6.1,Resolved,2
TCK-001538,CUST-001237,2024-05-03,Billing,High,2.7,Resolved,4
TCK-001539,CUST-001238,2023-04-14,Login,Medium,9.7,Resolved,5
TCK-001540,CUST-001240,2024-07-28,Billing,Medium,2.6,Resolved,5
TCK-001541,CUST-001241,2024-06-12,Billing,Low,6.2,Closed,4
TCK-001542,CUST-001242,2023-06-17,Technical,High,5.6,Pending,2
TCK-001543,CUST-001243,2024-12-13,Billing,Medium,75.7,Closed,4
TCK-001544,CUST-001243,2024-10-13,Technical,Medium,22.3,Resolved,2
TCK-001545,CUST-001244,2023-01-25,Login,High,35.1,Resolved,4
TCK-001546,CUST-001245,2023-08-16,Integration,Medium,6.0,Resolved,4
TCK-001547,CUST-001245,2023-09-27,Integration,High,54.2,Resolved,5
TCK-001548,CUST-001246,2024-02-14,Technical,Medium,13.5,Resolved,5
TCK-001549,CUST-001247,2024-08-10,Billing,High,66.7,Closed,4
TCK-001550,CUST-001247,2024-07-17,Security,Medium,15.0,Closed,5
TCK-001551,CUST-001247,2024-11-26,Technical,Medium,4.3,Resolved,1
TCK-001552,CUST-001247,2024-11-20,Integration,Low,14.2,Resolved,4
TCK-001553,CUST-001248,2024-08-13,Billing,Low,4.0,Resolved,3
TCK-001554,CUST-001249,2024-04-17,Integration,Critical,1.8,Resolved,5
TCK-001555,CUST-001249,2024-08-25,Security,Low,5.6,Resolved,5
TCK-001556,CUST-001250,2023-05-13,Technical,High,36.0,Resolved,4
TCK-001557,CUST-001251,2023-02-22,Login,Low,65.8,Escalated,3
TCK-001558,CUST-001251,2023-02-15,Billing,High,40.9,Resolved,1
TCK-001559,CUST-001251,2023-02-16,Performance,Medium,6.7,Resolved,2
TCK-001560,CUST-001251,2023-02-03,Technical,Low,18.5,Resolved,1
TCK-001561,CUST-001252,2023-07-20,Login,Low,2.3,Closed,4
TCK-001562,CUST-001252,2023-07-19,Integration,Low,1.3,Resolved,5
TCK-001563,CUST-001253,2023-10-04,Billing,Medium,2.7,Resolved,4
TCK-001564,CUST-001253,2024-09-14,Login,Low,13.1,Resolved,1
TCK-001565,CUST-001253,2023-02-01,Technical,Medium,2.6,Resolved,5
TCK-001566,CUST-001253,2023-03-05,Login,Medium,64.4,Resolved,2
TCK-001567,CUST-001254,2024-04-24,Technical,Low,9.0,Resolved,3
TCK-001568,CUST-001254,26/04/2024,Billing,Medium,8.8,Resolved,5
TCK-001569,CUST-001254,30/07/2024,Billing,Low,1.6,Resolved,4
TCK-001570,CUST-001258,2023-02-02,Billing,Low,8.9,Closed,1
TCK-001571,CUST-001259,2022-10-13,Billing,Medium,64.0,Escalated,1
TCK-001572,CUST-001260,2024-11-24,Technical,Critical,56.0,Resolved,5
TCK-001573,CUST-001261,2024-05-25,Login,High,27.6,Pending,1
TCK-001574,CUST-001263,2023-10-23,Technical,Low,11.3,Resolved,4
TCK-001575,CUST-001266,2023-09-07,Billing,Low,3.7,Resolved,4
TCK-001576,CUST-001267,2024-04-29,Login,Medium,32.7,Resolved,5
TCK-001577,CUST-001268,2023-04-17,Technical,Medium,3.2,Resolved,4
TCK-001578,CUST-001270,2024-03-15,Performance,Medium,23.2,Resolved,3
TCK-001579,CUST-001270,2023-12-24,Billing,Medium,19.7,Resolved,4
TCK-001580,CUST-001270,2023-12-09,Login,Low,10.8,Resolved,3
TCK-001581,CUST-001271,2023-12-27,Performance,Medium,4.2,Resolved,4
TCK-001582,CUST-001271,2024-02-25,Technical,Medium,2.5,Resolved,4
TCK-001583,CUST-001271,2023-04-30,Performance,Medium,4.4,Resolved,5
TCK-001584,CUST-001272,2024-08-06,Billing,Medium,35.7,Resolved,3
TCK-001585,CUST-001272,2024-06-19,Performance,Medium,23.0,Resolved,1
TCK-001586,CUST-001272,2024-06-17,Feature Request,Medium,32.2,Pending,2
TCK-001587,CUST-001274,2024-07-04,Billing,Medium,11.9,Closed,3
TCK-001588,CUST-001274,2023-10-06,Billing,High,23.4,Resolved,3
TCK-001589,CUST-001274,2024-10-25,Integration,Critical,18.4,Resolved,5
TCK-001590,CUST-001275,2024-09-24,Feature Request,Medium,14.7,Resolved,4
TCK-001591,CUST-001276,2024-05-07,Integration,Medium,6.0,Closed,1
TCK-001592,CUST-001277,2024-08-20,Technical,Low,8.9,Closed,1
TCK-001593,CUST-001277,2024-04-14,Feature Request,Medium,9.5,Pending,1
TCK-001594,CUST-001277,2024-05-15,Technical,Medium,69.6,Closed,3
TCK-001595,CUST-001277,2024-09-09,Technical,Low,43.9,Escalated,3
TCK-001596,CUST-001277,2024-08-07,Billing,Medium,10.7,Resolved,1
TCK-001597,CUST-001279,2024-06-08,Technical,Medium,3.7,Resolved,5
TCK-001598,CUST-001280,08/02/2023,Billing,Medium,30.2,Resolved,2
TCK-001599,CUST-001282,2023-03-22,Performance,Critical,4.9,Resolved,5
TCK-001600,CUST-001283,2023-04-19,Performance,High,0.5,Resolved,1
TCK-001601,CUST-001283,2023-03-12,Technical,Medium,12.3,Resolved,3
TCK-001602,CUST-001283,2023-03-28,Login,High,56.4,Resolved,1
TCK-001603,CUST-001284,2024-08-22,Technical,High,13.7,Resolved,4
TCK-001604,CUST-001287,2024-03-19,Performance,Medium,61.7,Closed,4
TCK-001605,CUST-001290,2024-01-20,Feature Request,Low,33.1,Resolved,4
TCK-001606,CUST-001291,2024-06-24,Login,Low,15.4,Resolved,1
TCK-001607,CUST-001291,2024-04-20,Login,Low,6.3,Resolved,2
TCK-001608,CUST-001291,2024-03-30,Login,High,1.2,Resolved,1
TCK-001609,CUST-001292,2023-12-27,Technical,Medium,118.0,Resolved,4
TCK-001610,CUST-001292,2023-09-07,Login,Medium,1.8,Resolved,5
TCK-001611,CUST-001292,2024-08-24,Performance,Low,18.8,Resolved,5
TCK-001612,CUST-001294,2024-05-04,Login,Medium,25.2,Resolved,2
TCK-001613,CUST-001294,2024-04-17,Technical,Low,8.8,Resolved,1
TCK-001614,CUST-001294,2024-03-27,Billing,High,101.5,Escalated,2
TCK-001615,CUST-001295,2023-11-11,Billing,Medium,29.1,Resolved,1
TCK-001616,CUST-001295,2024-02-07,Billing,High,16.8,Resolved,1
TCK-001617,CUST-001296,2023-07-20,Integration,Medium,16.3,Resolved,5
TCK-001618,CUST-001296,2024-06-02,Login,Low,81.2,Resolved,2
TCK-001619,CUST-001296,2023-01-28,Technical,Medium,18.3,Closed,5
TCK-001620,CUST-001298,2024-08-29,Feature Request,Medium,0.5,Closed,5
TCK-001621,CUST-001299,2024-09-12,Billing,High,28.4,Closed,5
TCK-001622,CUST-001300,2024-02-19,Feature Request,Low,10.1,Resolved,5
TCK-001623,CUST-001302,2024-08-11,Technical,Low,34.0,Resolved,4
TCK-001624,CUST-001303,2023-05-18,Technical,Medium,18.5,Closed,4
TCK-001625,CUST-001305,2022-11-21,Technical,Low,6.3,Resolved,3
TCK-001626,CUST-001305,2022-08-18,Technical,Low,4.9,Resolved,4
TCK-001627,CUST-001307,2024-03-24,Security,Low,12.5,Resolved,4
TCK-001628,CUST-001308,2024-09-17,Performance,High,1.9,Closed,3
TCK-001629,CUST-001308,2024-04-08,Technical,Low,13.2,Resolved,5
TCK-001630,CUST-001309,2023-12-23,Feature Request,Low,49.9,Resolved,2
TCK-001631,CUST-001311,2023-08-25,Billing,Low,0.8,Closed,5
TCK-001632,CUST-001312,2024-04-30,Technical,Medium,15.6,Resolved,3
TCK-001633,CUST-001313,2022-04-10,Login,Low,10.2,Resolved,1
TCK-001634,CUST-001313,2022-01-27,Performance,Medium,133.8,Pending,1
TCK-001635,CUST-001314,2024-10-12,Login,Critical,9.1,Resolved,2
TCK-001636,CUST-001315,2024-07-02,Performance,Medium,2.8,Resolved,4
TCK-001637,CUST-001315,2024-07-16,Technical,High,17.3,Resolved,4
TCK-001638,CUST-001316,2024-12-20,Integration,Medium,56.8,Resolved,5
TCK-001639,CUST-001317,2024-11-19,Technical,Low,26.4,Resolved,4
TCK-001640,CUST-001317,2023-11-02,Technical,Medium,38.8,Resolved,4
TCK-001641,CUST-001319,2024-09-08,Performance,Low,12.1,Resolved,3
TCK-001642,CUST-001321,2024-08-17,Integration,Low,15.3,Resolved,1
TCK-001643,CUST-001321,2023-03-03,Security,Medium,6.5,Resolved,5
TCK-001644,CUST-001321,2023-09-24,Feature Request,Low,2.8,Resolved,4
TCK-001645,CUST-001322,2023-02-04,Performance,Critical,87.7,Resolved,3
TCK-001646,CUST-001322,2023-08-16,Technical,Low,7.0,Resolved,4
TCK-001647,CUST-001323,2023-05-03,Performance,Low,12.4,Closed,3
TCK-001648,CUST-001325,2023-01-03,Performance,Medium,20.1,Closed,4
TCK-001649,CUST-001326,2024-11-07,Feature Request,Medium,10.2,Resolved,3
TCK-001650,CUST-001327,2022-10-04,Performance,Medium,31.9,Resolved,2
TCK-001651,CUST-001327,2023-07-16,Technical,High,46.8,Resolved,1
TCK-001652,CUST-001328,29/09/2023,Performance,Medium,4.4,Resolved,2
TCK-001653,CUST-001329,2022-08-13,Login,Medium,36.0,Closed,4
TCK-001654,CUST-001329,2023-10-10,Technical,Low,35.4,Resolved,3
TCK-001655,CUST-001332,2023-07-31,Technical,Low,21.6,Resolved,2
TCK-001656,CUST-001332,2023-07-20,Technical,Low,26.5,Resolved,3
TCK-001657,CUST-001333,2023-07-20,Billing,Low,6.7,Resolved,1
TCK-001658,CUST-001333,2023-07-04,Integration,Medium,10.2,Resolved,1
TCK-001659,CUST-001333,2023-06-19,Technical,Critical,9.9,Resolved,5
TCK-001660,CUST-001334,2024-06-17,Feature Request,Low,1.9,Resolved,5
TCK-001661,CUST-001335,2024-05-27,Technical,Critical,27.0,Closed,4
TCK-001662,CUST-001335,2024-04-11,Technical,Medium,21.7,Resolved,3
TCK-001663,CUST-001335,2024-05-07,Technical,Medium,8.5,Escalated,1
TCK-001664,CUST-001335,2024-05-06,Billing,Low,2.8,Escalated,2
TCK-001665,CUST-001335,2024-03-24,Billing,Medium,11.9,Escalated,2
TCK-001666,CUST-001336,2023-01-18,Technical,Medium,35.8,Resolved,5
TCK-001667,CUST-001337,2024-04-15,Integration,Low,8.8,Closed,1
TCK-001668,CUST-001337,2024-11-24,Technical,Medium,4.2,Resolved,1
TCK-001669,CUST-001337,2024-07-08,Billing,Low,46.9,Resolved,4
TCK-001670,CUST-001337,2024-08-31,Performance,Medium,12.8,Resolved,4
TCK-001671,CUST-001338,08/12/2023,Technical,High,51.1,Resolved,4
TCK-001672,CUST-001338,2024-02-13,Technical,Low,7.1,Resolved,5
TCK-001673,CUST-001338,2024-04-19,Security,Medium,5.3,Resolved,5
TCK-001674,CUST-001339,2024-05-16,Performance,Medium,7.8,Resolved,3
TCK-001675,CUST-001340,2023-09-13,Performance,High,36.2,Resolved,4
TCK-001676,CUST-001343,2023-09-23,Login,Medium,2.3,Pending,1
TCK-001677,CUST-001343,2022-04-14,Billing,Low,14.4,Resolved,4
TCK-001678,CUST-001343,2023-12-10,Performance,Low,6.5,Resolved,2
TCK-001679,CUST-001344,2024-03-16,Feature Request,High,42.2,Resolved,5
TCK-001680,CUST-001345,2023-08-20,Technical,Low,11.7,Resolved,3
TCK-001681,CUST-001346,2024-04-16,Technical,High,4.2,Escalated,1
TCK-001682,CUST-001346,2024-05-02,Feature Request,Medium,2.5,Pending,2
TCK-001683,CUST-001347,2024-07-13,Technical,Critical,31.9,Resolved,5
TCK-001684,CUST-001350,2022-05-17,Technical,High,65.5,Closed,4
TCK-001685,CUST-001351,2023-07-22,Feature Request,Low,169.2,Resolved,2
TCK-001686,CUST-001351,2023-01-12,Integration,Critical,67.1,Resolved,1
TCK-001687,CUST-001351,2022-11-18,Login,Low,20.2,Resolved,1
TCK-001688,CUST-001352,2023-04-18,Security,Low,57.6,Resolved,1
TCK-001689,CUST-001352,2022-11-14,Login,High,79.4,Pending,3
TCK-001690,CUST-001352,2023-04-27,Feature Request,Medium,18.3,Resolved,1
TCK-001691,CUST-001354,30/07/2024,Login,High,60.9,Resolved,4
TCK-001692,CUST-001354,2024-07-28,Technical,Medium,0.7,Resolved,3
TCK-001693,CUST-001356,2024-07-29,Login,Low,22.6,Resolved,5
TCK-001694,CUST-001356,2024-07-27,Technical,Low,20.0,Resolved,2
TCK-001695,CUST-001357,2023-04-15,Technical,Low,2.9,Resolved,4
TCK-001696,CUST-001358,2022-12-11,Technical,Low,11.4,Escalated,2
TCK-001697,CUST-001358,2023-07-30,Login,Medium,21.6,Resolved,1
TCK-001698,CUST-001361,2024-04-26,Login,High,39.8,Closed,5
TCK-001699,CUST-001362,2024-07-05,Security,Medium,7.8,Resolved,2
TCK-001700,CUST-001365,16/10/2023,Technical,Low,67.1,Resolved,1
TCK-001701,CUST-001365,2023-07-22,Performance,Medium,42.3,Closed,2
TCK-001702,CUST-001366,2024-04-16,Technical,High,14.7,Resolved,1
TCK-001703,CUST-001366,2024-07-24,Login,Low,1.5,Resolved,2
TCK-001704,CUST-001367,2024-03-28,Login,Medium,53.0,Resolved,2
TCK-001705,CUST-001370,2024-01-08,Technical,Low,3.4,Resolved,1
TCK-001706,CUST-001370,2023-11-25,Technical,High,9.2,Resolved,4
TCK-001707,CUST-001370,2023-11-05,Technical,Low,56.3,Pending,2
TCK-001708,CUST-001371,2024-02-28,Performance,Medium,1.4,Escalated,1
TCK-001709,CUST-001371,2024-02-28,Technical,Low,37.9,Resolved,1
TCK-001710,CUST-001371,2024-04-25,Login,High,42.1,Resolved,1
TCK-001711,CUST-001373,2024-10-01,Technical,High,104.0,Resolved,5
TCK-001712,CUST-001374,2022-07-19,Login,Low,5.0,Pending,3
TCK-001713,CUST-001374,2023-05-24,Technical,Low,13.8,Resolved,5
TCK-001714,CUST-001376,2023-11-07,Technical,High,62.4,Pending,1
TCK-001715,CUST-001376,2024-01-22,Billing,Medium,13.1,Resolved,1
TCK-001716,CUST-001378,2023-10-09,Performance,High,18.9,Resolved,4
TCK-001717,CUST-001380,2024-06-10,Technical,Low,20.2,Closed,3
TCK-001718,CUST-001381,2023-03-06,Billing,High,40.5,Resolved,2
TCK-001719,CUST-001382,2022-03-19,Performance,Critical,0.9,Resolved,1
TCK-001720,CUST-001383,2024-07-28,Integration,Medium,4.6,Resolved,1
TCK-001721,CUST-001384,2024-04-19,Billing,Medium,21.4,Resolved,1
TCK-001722,CUST-001386,2023-12-15,Billing,Medium,5.2,Resolved,2
TCK-001723,CUST-001386,2023-11-25,Integration,Low,34.0,Resolved,1
TCK-001724,CUST-001387,2024-08-22,Feature Request,High,64.5,Resolved,3
TCK-001725,CUST-001387,2024-10-05,Billing,Medium,14.4,Closed,3
TCK-001726,CUST-001387,2024-09-12,Technical,Medium,29.9,Closed,4
TCK-001727,CUST-001389,2022-06-29,Technical,High,34.2,Resolved,3
TCK-001728,CUST-001390,2023-06-15,Login,Medium,10.4,Escalated,3
TCK-001729,CUST-001390,2024-01-20,Integration,Medium,89.8,Escalated,1
TCK-001730,CUST-001390,2023-03-15,Billing,Low,81.5,Closed,3
TCK-001731,CUST-001391,2022-11-21,Login,High,22.7,Resolved,5
TCK-001732,CUST-001392,2024-05-13,Billing,Medium,56.0,Resolved,3
TCK-001733,CUST-001392,2024-07-04,Technical,Low,8.2,Resolved,4
TCK-001734,CUST-001393,2024-07-01,Billing,Medium,37.0,Closed,3
TCK-001735,CUST-001393,2024-08-09,Technical,Medium,4.2,Resolved,1
TCK-001736,CUST-001393,2024-01-13,Security,Low,48.8,Resolved,2
TCK-001737,CUST-001394,2022-07-12,Billing,Low,20.7,Resolved,1
TCK-001738,CUST-001394,2023-05-21,Login,Low,3.3,Resolved,3
TCK-001739,CUST-001396,2024-06-19,Technical,Low,0.7,Resolved,4
TCK-001740,CUST-001396,2024-10-08,Integration,Medium,1.7,Resolved,1
TCK-001741,CUST-001397,2024-12-11,Performance,Critical,74.4,Closed,4
TCK-001742,CUST-001397,2023-07-05,Billing,Medium,16.8,Resolved,5
TCK-001743,CUST-001397,2024-10-03,Login,Low,6.6,Resolved,3
TCK-001744,CUST-001398,2024-06-05,Billing,Low,24.8,Resolved,4
TCK-001745,CUST-001398,2024-01-11,Technical,High,27.5,Closed,4
TCK-001746,CUST-001398,2023-05-28,Technical,High,0.5,Resolved,4
TCK-001747,CUST-001399,2023-11-17,Technical,Medium,1.1,Closed,1
TCK-001748,CUST-001400,2023-10-25,Performance,Low,17.7,Resolved,4
TCK-001749,CUST-001400,2024-11-04,Technical,Medium,12.3,Resolved,2
TCK-001750,CUST-001400,11/11/2024,Technical,Medium,38.3,Closed,5
TCK-001751,CUST-001401,2024-08-31,Integration,Low,7.9,Closed,3
TCK-001752,CUST-001401,2024-02-01,Technical,Medium,6.1,Resolved,4
TCK-001753,CUST-001402,2024-07-23,Billing,Medium,13.1,Resolved,4
TCK-001754,CUST-001403,2024-03-15,Technical,Medium,14.9,Resolved,1
TCK-001755,CUST-001403,2024-03-13,Integration,Critical,9.8,Resolved,1
TCK-001756,CUST-001403,2024-04-27,Technical,Medium,2.8,Resolved,4
TCK-001757,CUST-001404,2024-05-07,Login,Medium,12.7,Resolved,1
TCK-001758,CUST-001405,2022-06-22,Login,High,999.9,Resolved,5
TCK-001759,CUST-001405,2022-09-08,Integration,Medium,13.7,Closed,4
TCK-001760,CUST-001406,2023-04-26,Integration,Medium,10.0,Closed,4
TCK-001761,CUST-001406,2022-09-04,Performance,Medium,7.8,Resolved,4
TCK-001762,CUST-001406,2023-11-30,Performance,High,26.5,Closed,5
TCK-001763,CUST-001407,2024-12-07,Technical,High,57.9,Closed,5
TCK-001764,CUST-001408,2024-08-18,Billing,Medium,20.7,Closed,1
TCK-001765,CUST-001410,2023-07-27,Technical,Medium,27.0,Resolved,3
TCK-001766,CUST-001412,2022-10-15,Login,Low,154.0,Resolved,3
TCK-001767,CUST-001412,2022-09-06,Technical,Medium,21.3,Closed,3
TCK-001768,CUST-001412,2022-05-27,Feature Request,Medium,0.5,Resolved,1
TCK-001769,CUST-001412,2023-01-12,Security,Critical,55.3,Resolved,4
TCK-001770,CUST-001412,2022-08-31,Billing,Medium,23.9,Closed,3
TCK-001771,CUST-001413,2023-07-18,Billing,Medium,13.3,Resolved,5
TCK-001772,CUST-001414,2024-10-29,Security,Low,56.6,Resolved,4
TCK-001773,CUST-001414,2024-09-17,Technical,Low,29.2,Closed,5
TCK-001774,CUST-001417,2024-06-30,Login,Low,26.5,Resolved,3
TCK-001775,CUST-001420,2024-11-07,Technical,Low,6.1,Resolved,4
TCK-001776,CUST-001421,2024-07-03,Technical,Medium,1.9,Resolved,1
TCK-001777,CUST-001421,2023-10-24,Technical,Critical,9.6,Resolved,1
TCK-001778,CUST-001421,2024-08-28,Technical,Medium,50.4,Resolved,4
TCK-001779,CUST-001422,2022-11-16,Security,Low,2.0,Closed,3
TCK-001780,CUST-001422,2022-06-09,Billing,Critical,46.3,Resolved,3
TCK-001781,CUST-001423,2024-07-23,Technical,Low,8.4,Resolved,1
TCK-001782,CUST-001423,2024-07-01,Technical,Medium,8.0,Resolved,4
TCK-001783,CUST-001423,2024-12-16,Technical,Medium,4.9,Closed,5
TCK-001784,CUST-001425,2024-08-30,Billing,Medium,10.6,Closed,1
TCK-001785,CUST-001426,2023-07-21,Performance,Medium,17.8,Resolved,4
TCK-001786,CUST-001427,2024-03-03,Performance,Critical,48.5,Resolved,3
TCK-001787,CUST-001428,2024-08-02,Login,High,60.9,Resolved,1
TCK-001788,CUST-001428,2024-06-01,Billing,Medium,29.2,Resolved,1
TCK-001789,CUST-001430,2024-01-28,Feature Request,High,13.9,Resolved,5
TCK-001790,CUST-001432,2024-05-28,Security,Medium,31.9,Escalated,2
TCK-001791,CUST-001432,2024-04-29,Billing,Medium,97.4,Closed,1
TCK-001792,CUST-001434,2022-12-17,Billing,Medium,4.2,Closed,4
TCK-001793,CUST-001435,2023-09-15,Feature Request,High,60.0,Resolved,1
TCK-001794,CUST-001435,2023-06-23,Technical,Low,5.1,Resolved,1
TCK-001795,CUST-001435,2023-08-27,Billing,Low,41.0,Resolved,2
TCK-001796,CUST-001435,2023-09-16,Login,Low,2.7,Resolved,1
TCK-001797,CUST-001435,23/05/2023,Login,Medium,24.2,Resolved,1
TCK-001798,CUST-001437,2024-07-19,Billing,Critical,13.9,Resolved,5
TCK-001799,CUST-001437,2024-09-23,Technical,Low,4.1,Closed,5
TCK-001800,CUST-001437,2024-09-06,Integration,Medium,55.5,Resolved,4
TCK-001801,CUST-001438,2023-11-23,Technical,Medium,13.6,Closed,4
TCK-001802,CUST-001439,2024-05-03,Feature Request,Low,5.9,Closed,5
TCK-001803,CUST-001439,2024-05-13,Billing,Medium,7.3,Resolved,4
TCK-001804,CUST-001441,2024-03-01,Performance,Medium,21.7,Resolved,1
TCK-001805,CUST-001442,2024-02-18,Integration,High,19.9,Closed,2
TCK-001806,CUST-001444,2024-01-02,Technical,Medium,19.3,Resolved,4
TCK-001807,CUST-001445,2024-07-01,Login,Low,36.9,Resolved,3
TCK-001808,CUST-001445,2024-01-12,Technical,High,5.8,Resolved,4
TCK-001809,CUST-001446,2024-06-03,Login,High,145.6,Closed,2
TCK-001810,CUST-001447,2023-03-04,Integration,High,64.1,Resolved,3
TCK-001811,CUST-001449,2023-01-18,Technical,High,12.7,Closed,5
TCK-001812,CUST-001451,2024-10-11,Technical,Low,22.7,Closed,4
TCK-001813,CUST-001451,2024-09-19,Performance,Low,7.8,Resolved,5
TCK-001814,CUST-001452,2022-03-24,Feature Request,Medium,18.7,Resolved,1
TCK-001815,CUST-001452,2022-09-06,Technical,Low,8.2,Resolved,2
TCK-001816,CUST-001452,2022-03-25,Technical,Medium,8.4,Resolved,2
TCK-001817,CUST-001452,2023-08-30,Performance,Low,6.5,Escalated,1
TCK-001818,CUST-001454,2024-04-06,Feature Request,Medium,18.0,Resolved,3
TCK-001819,CUST-001454,2022-12-02,Login,Low,31.9,Closed,4
TCK-001820,CUST-001455,2024-01-14,Technical,Low,16.1,Closed,3
TCK-001821,CUST-001456,2024-10-30,Feature Request,Medium,9.4,Resolved,2
TCK-001822,CUST-001460,2024-06-11,Technical,Critical,5.7,Resolved,5
TCK-001823,CUST-001461,2024-08-21,Performance,Low,54.8,Closed,4
TCK-001824,CUST-001462,2024-02-17,Technical,Medium,2.0,Closed,2
TCK-001825,CUST-001462,2023-08-02,Billing,Low,64.8,Escalated,1
TCK-001826,CUST-001462,2023-06-28,Technical,Low,14.2,Resolved,1
TCK-001827,CUST-001462,2023-10-28,Technical,Medium,3.2,Closed,1
TCK-001828,CUST-001462,2024-01-29,Login,Medium,21.7,Closed,1
TCK-001829,CUST-001462,2024-01-12,Billing,Medium,39.6,Closed,1
TCK-001830,CUST-001463,2022-12-18,Billing,Low,52.2,Closed,1
TCK-001831,CUST-001463,2022-12-07,Technical,Medium,12.7,Resolved,2
TCK-001832,CUST-001464,2024-11-17,Login,Low,27.0,Resolved,1
TCK-001833,CUST-001464,2024-01-10,Performance,Medium,31.3,Closed,5
TCK-001834,CUST-001465,2024-10-13,Security,Medium,18.1,Closed,4
TCK-001835,CUST-001466,2024-07-30,Technical,Low,6.2,Resolved,5
TCK-001836,CUST-001467,2024-01-21,Billing,Medium,4.6,Resolved,3
TCK-001837,CUST-001468,2024-08-06,Billing,Low,15.6,Resolved,5
TCK-001838,CUST-001469,2024-05-13,Billing,Medium,5.9,Escalated,1
TCK-001839,CUST-001470,2024-09-05,Technical,High,11.8,Resolved,3
TCK-001840,CUST-001470,2023-07-11,Technical,High,45.5,Closed,5
TCK-001841,CUST-001471,2024-06-18,Integration,High,9.6,Resolved,5
TCK-001842,CUST-001473,2022-11-20,Technical,High,20.8,Closed,5
TCK-001843,CUST-001473,2022-11-05,Performance,Medium,2.3,Resolved,5
TCK-001844,CUST-001473,2023-08-01,Technical,Low,11.2,Resolved,5
TCK-001845,CUST-001475,2023-11-05,Technical,Low,3.3,Resolved,3
TCK-001846,CUST-001476,2024-10-24,Technical,Low,44.1,Resolved,4
TCK-001847,CUST-001476,2024-08-20,Technical,Low,6.3,Closed,4
TCK-001848,CUST-001477,2024-06-17,Technical,Medium,7.9,Escalated,1
TCK-001849,CUST-001478,2023-10-09,Performance,High,104.0,Resolved,2
TCK-001850,CUST-001478,2023-09-29,Login,Medium,10.1,Resolved,1
TCK-001851,CUST-001478,2023-10-04,Integration,Medium,47.0,Resolved,3
TCK-001852,CUST-001481,2024-10-18,Technical,Low,56.4,Resolved,5
TCK-001853,CUST-001483,2024-02-25,Performance,Low,18.8,Resolved,4
TCK-001854,CUST-001484,2023-02-13,Billing,Medium,26.0,Closed,3
TCK-001855,CUST-001484,2023-11-26,Billing,Low,105.6,Resolved,2
TCK-001856,CUST-001484,2023-01-26,Login,Low,43.3,Resolved,2
TCK-001857,CUST-001484,2023-10-01,Billing,Low,64.4,Closed,1
TCK-001858,CUST-001487,2024-08-14,Performance,High,106.0,Escalated,3
TCK-001859,CUST-001487,2024-09-19,Performance,Medium,0.5,Closed,1
TCK-001860,CUST-001488,2024-05-26,Billing,Low,14.6,Closed,5
TCK-001861,CUST-001488,2024-04-10,Technical,Low,4.9,Resolved,4
TCK-001862,CUST-001489,2024-07-16,Billing,Low,1.4,Resolved,2
TCK-001863,CUST-001489,2024-08-14,Integration,High,72.1,Resolved,4
TCK-001864,CUST-001490,2024-05-17,Technical,Low,19.7,Resolved,2
TCK-001865,CUST-001491,2023-11-03,Technical,Medium,16.3,Resolved,1
TCK-001866,CUST-001491,2023-11-22,Technical,Medium,116.1,Closed,1
TCK-001867,CUST-001493,2024-07-14,Feature Request,Medium,5.0,Resolved,4
TCK-001868,CUST-001494,2024-04-20,Technical,High,30.3,Resolved,4
TCK-001869,CUST-001495,2023-02-28,Technical,Low,34.2,Resolved,1
TCK-001870,CUST-001496,2023-12-08,Login,Low,12.4,Closed,5
TCK-001871,CUST-001496,2022-05-25,Technical,Low,18.3,Resolved,4
TCK-001872,CUST-001497,2024-05-02,Technical,High,62.0,Resolved,5
TCK-001873,CUST-001498,2023-03-02,Billing,Medium,3.8,Resolved,3
TCK-001874,CUST-001498,2024-07-17,Technical,Critical,38.5,Resolved,3
TCK-001875,CUST-001502,2023-10-06,Performance,High,10.0,Resolved,3
TCK-001876,CUST-001502,01/08/2023,Performance,Low,17.9,Closed,4
TCK-001877,CUST-001502,2023-09-25,Performance,Low,12.4,Escalated,3
TCK-001878,CUST-001502,2023-06-18,Billing,Medium,87.7,Closed,1
TCK-001879,CUST-001502,2023-09-30,Security,Medium,30.0,Escalated,2
TCK-001880,CUST-001504,2023-10-14,Login,High,73.2,Resolved,2
TCK-001881,CUST-001504,2024-03-02,Technical,Medium,17.8,Resolved,2
TCK-001882,CUST-001506,2024-06-27,Technical,Medium,4.7,Resolved,3
TCK-001883,CUST-001506,2024-05-20,Technical,Low,1.4,Resolved,4
TCK-001884,CUST-001506,2024-05-22,Technical,Medium,2.4,Resolved,3
TCK-001885,CUST-001508,2023-12-27,Performance,Low,14.9,Closed,3
TCK-001886,CUST-001510,2024-08-28,Billing,High,13.6,Resolved,2
TCK-001887,CUST-001512,2022-08-02,Performance,Low,21.2,Resolved,4
TCK-001888,CUST-001512,2024-08-15,Login,Medium,8.7,Resolved,5
TCK-001889,CUST-001513,2023-05-17,Login,Low,3.3,Resolved,4
TCK-001890,CUST-001513,08/09/2023,Technical,Low,2.3,Resolved,5
TCK-001891,CUST-001513,11/12/2024,Technical,Low,1.4,Resolved,4
TCK-001892,CUST-001514,2023-10-30,Billing,Medium,11.9,Resolved,5
TCK-001893,CUST-001515,2024-11-12,Integration,Medium,10.6,Resolved,2
TCK-001894,CUST-001516,2024-03-29,Feature Request,Low,44.3,Pending,1
TCK-001895,CUST-001518,2022-10-17,Technical,High,11.1,Resolved,5
TCK-001896,CUST-001518,2024-04-26,Billing,Medium,2.3,Resolved,2
TCK-001897,CUST-001519,2023-12-12,Technical,High,121.9,Resolved,4
TCK-001898,CUST-001520,2024-05-22,Integration,Medium,9.5,Closed,4
TCK-001899,CUST-001521,2023-03-17,Integration,Low,28.2,Closed,5
TCK-001900,CUST-001522,2024-03-16,Login,Low,17.9,Resolved,3
TCK-001901,CUST-001524,2024-02-07,Login,Low,14.1,Resolved,4
TCK-001902,CUST-001525,2023-06-23,Login,Critical,15.8,Escalated,1
TCK-001903,CUST-001526,2024-07-25,Technical,Low,11.4,Resolved,3
TCK-001904,CUST-001527,2024-04-12,Integration,Medium,10.6,Resolved,1
TCK-001905,CUST-001527,2024-05-12,Technical,Low,29.0,Escalated,2
TCK-001906,CUST-001527,2024-06-12,Integration,Low,10.1,Closed,1
TCK-001907,CUST-001527,2024-11-01,Billing,High,20.1,Escalated,1
TCK-001908,CUST-001527,2024-08-30,Performance,High,3.4,Resolved,4
TCK-001909,CUST-001528,2024-01-13,Billing,High,34.9,Closed,3
TCK-001910,CUST-001528,2023-12-28,Billing,Critical,72.2,Closed,2
TCK-001911,CUST-001528,2024-01-19,Billing,Medium,50.3,Resolved,2
TCK-001912,CUST-001528,2023-12-29,Performance,Low,16.4,Closed,1
TCK-001913,CUST-001528,2024-06-04,Billing,High,9.7,Resolved,1
TCK-001914,CUST-001531,2024-03-31,Login,Medium,15.2,Resolved,4
TCK-001915,CUST-001532,2023-10-07,Performance,Medium,35.9,Pending,2
TCK-001916,CUST-001532,2023-09-10,Technical,Low,24.7,Closed,1
TCK-001917,CUST-001533,2024-02-04,Technical,Medium,0.7,Resolved,2
TCK-001918,CUST-001533,2024-05-02,Billing,Medium,53.4,Closed,2
TCK-001919,CUST-001535,2024-10-08,Technical,Critical,48.6,Resolved,1
TCK-001920,CUST-001536,2023-12-09,Login,Medium,7.5,Resolved,1
TCK-001921,CUST-001536,2023-11-01,Billing,Low,0.5,Escalated,3
TCK-001922,CUST-001536,2024-04-22,Technical,Medium,2.2,Closed,4
TCK-001923,CUST-001537,2024-02-11,Security,Medium,19.6,Resolved,3
TCK-001924,CUST-001537,2023-09-02,Technical,Low,2.8,Pending,2
TCK-001925,CUST-001542,2023-05-09,Technical,Low,16.6,Resolved,2
TCK-001926,CUST-001542,2023-08-03,Technical,Medium,6.3,Closed,2
TCK-001927,CUST-001542,2023-05-06,Performance,Low,14.7,Resolved,4
TCK-001928,CUST-001542,2023-04-20,Login,Medium,30.5,Resolved,3
TCK-001929,CUST-001543,2022-12-16,Technical,Medium,0.5,Closed,4
TCK-001930,CUST-001544,2023-10-29,Technical,Medium,1.1,Closed,4
TCK-001931,CUST-001545,2023-10-20,Performance,High,4.6,Resolved,5
TCK-001932,CUST-001545,2023-01-03,Performance,Low,0.5,Resolved,5
TCK-001933,CUST-001546,2023-11-15,Login,Low,21.2,Resolved,4
TCK-001934,CUST-001547,2024-10-04,Billing,Medium,8.5,Resolved,4
TCK-001935,CUST-001547,2024-01-26,Technical,Low,11.7,Resolved,4
TCK-001936,CUST-001548,2024-11-18,Billing,High,36.1,Closed,2
TCK-001937,CUST-001550,2024-12-04,Billing,Low,1.1,Resolved,1
TCK-001938,CUST-001550,2024-02-29,Billing,Medium,1.0,Resolved,1
TCK-001939,CUST-001551,2023-09-29,Performance,Low,12.1,Closed,4
TCK-001940,CUST-001551,2024-09-25,Login,Medium,4.0,Resolved,5
TCK-001941,CUST-001553,2022-12-15,Performance,Low,63.4,Resolved,3
TCK-001942,CUST-001553,2022-03-21,Feature Request,Low,133.8,Escalated,1
TCK-001943,CUST-001553,2022-07-10,Integration,Medium,3.1,Resolved,2
TCK-001944,CUST-001553,2022-04-24,Technical,Medium,80.5,Closed,1
TCK-001945,CUST-001554,2023-04-15,Technical,Medium,44.1,Escalated,1
TCK-001946,CUST-001554,2023-08-08,Security,High,100.3,Resolved,2
TCK-001947,CUST-001555,2023-03-04,Technical,Low,12.5,Resolved,2
TCK-001948,CUST-001556,2024-01-26,Performance,Medium,11.0,Closed,2
TCK-001949,CUST-001558,2023-08-15,Billing,Medium,17.7,Closed,2
TCK-001950,CUST-001558,2023-07-23,Technical,Low,22.3,Resolved,1
TCK-001951,CUST-001558,2024-03-27,Technical,Low,9.4,Resolved,1
TCK-001952,CUST-001559,2024-01-17,Technical,Low,25.0,Pending,2
TCK-001953,CUST-001559,2023-12-21,Technical,Medium,14.0,Resolved,3
TCK-001954,CUST-001559,2023-12-13,Technical,Low,4.0,Resolved,2
TCK-001955,CUST-001559,2024-01-23,Technical,Medium,60.4,Escalated,2
TCK-001956,CUST-001560,2022-12-24,Billing,Medium,11.9,Resolved,2
TCK-001957,CUST-001560,2022-11-23,Security,Medium,15.4,Resolved,4
TCK-001958,CUST-001561,2024-11-10,Technical,Medium,0.5,Closed,3
TCK-001959,CUST-001561,2024-04-30,Billing,Critical,12.8,Resolved,4
TCK-001960,CUST-001562,2024-08-21,Billing,High,8.3,Resolved,2
TCK-001961,CUST-001562,2024-02-28,Security,Medium,10.4,Resolved,4
TCK-001962,CUST-001562,2024-11-13,Performance,Medium,8.3,Resolved,5
TCK-001963,CUST-001563,2024-01-31,Performance,Medium,19.3,Closed,4
TCK-001964,CUST-001564,2024-01-04,Feature Request,Medium,11.8,Closed,2
TCK-001965,CUST-001565,2024-01-27,Technical,Critical,57.2,Resolved,4
TCK-001966,CUST-001566,2023-03-19,Integration,Low,42.3,Resolved,3
TCK-001967,CUST-001566,2023-03-04,Login,High,154.5,Resolved,2
TCK-001968,CUST-001568,2024-08-02,Technical,High,1.2,Resolved,5
TCK-001969,CUST-001569,2024-07-25,Integration,Low,6.0,Resolved,2
TCK-001970,CUST-001569,2024-02-26,Login,Low,8.6,Escalated,3
TCK-001971,CUST-001570,2024-03-20,Billing,Low,11.2,Resolved,3
TCK-001972,CUST-001570,2024-03-10,Billing,Low,11.5,Resolved,5
TCK-001973,CUST-001572,2023-05-01,Feature Request,Medium,11.7,Resolved,3
TCK-001974,CUST-001572,2023-02-20,Technical,Medium,3.3,Resolved,2
TCK-001975,CUST-001576,2024-05-25,Technical,Medium,2.0,Closed,3
TCK-001976,CUST-001578,19/08/2024,Technical,Low,13.5,Pending,1
TCK-001977,CUST-001578,2024-07-18,Technical,Medium,8.9,Pending,2
TCK-001978,CUST-001578,2023-07-30,Login,Medium,9.3,Pending,2
TCK-001979,CUST-001579,2024-07-15,Performance,Medium,6.6,Closed,5
TCK-001980,CUST-001579,2024-10-25,Billing,Medium,15.4,Closed,5
TCK-001981,CUST-001579,2024-10-31,Billing,Medium,4.6,Resolved,5
TCK-001982,CUST-001580,2024-07-05,Login,High,1.9,Closed,2
TCK-001983,CUST-001580,17/11/2024,Billing,Critical,49.1,Resolved,4
TCK-001984,CUST-001580,2024-10-20,Billing,Medium,25.2,Resolved,2
TCK-001985,CUST-001581,2024-02-01,Technical,Low,18.2,Resolved,3
TCK-001986,CUST-001582,2024-06-26,Billing,Medium,40.2,Resolved,4
TCK-001987,CUST-001583,2024-05-18,Integration,Medium,3.9,Resolved,2
TCK-001988,CUST-001584,2023-10-02,Billing,Low,3.7,Closed,5
TCK-001989,CUST-001584,2023-07-09,Technical,Medium,2.7,Resolved,5
TCK-001990,CUST-001586,2024-11-11,Feature Request,Low,0.7,Resolved,1
TCK-001991,CUST-001586,2024-09-20,Login,Low,13.6,Resolved,5
TCK-001992,CUST-001586,2024-08-31,Security,High,13.8,Resolved,4
TCK-001993,CUST-001589,2024-01-13,Technical,Low,1.3,Closed,4
TCK-001994,CUST-001590,2024-12-02,Technical,Critical,46.7,Closed,3
TCK-001995,CUST-001591,2022-09-19,Billing,Medium,31.1,Closed,2
TCK-001996,CUST-001592,2024-06-08,Login,Low,1.8,Closed,4
TCK-001997,CUST-001593,2024-02-11,Feature Request,Medium,16.2,Closed,1
TCK-001998,CUST-001593,2023-02-01,Billing,Low,63.0,Closed,3
TCK-001999,CUST-001593,2023-04-03,Performance,Medium,18.5,Resolved,2
TCK-002000,CUST-001594,2023-09-09,Security,Low,12.8,Resolved,4
TCK-002001,CUST-001594,2023-11-20,Technical,High,1.5,Resolved,4
TCK-002002,CUST-001595,2024-10-02,Login,Medium,11.0,Resolved,4
TCK-002003,CUST-001595,2023-08-08,Integration,Low,4.7,Resolved,5
TCK-002004,CUST-001598,2023-05-30,Integration,Medium,18.2,Resolved,5
TCK-002005,CUST-001598,2023-01-09,Integration,High,45.3,Resolved,3
TCK-002006,CUST-001599,2023-12-12,Billing,Low,27.7,Resolved,2
TCK-002007,CUST-001599,2022-10-05,Performance,Low,42.1,Resolved,1
TCK-002008,CUST-001599,2022-12-08,Billing,Critical,50.5,Closed,3
TCK-002009,CUST-001599,2024-03-25,Billing,Low,50.8,Escalated,2
TCK-002010,CUST-001599,2024-03-06,Login,Medium,14.2,Resolved,1
TCK-002011,CUST-001599,2024-04-26,Technical,Medium,32.3,Resolved,3
TCK-002012,CUST-001599,2022-09-12,Billing,Low,3.1,Resolved,2
TCK-002013,CUST-001600,2024-03-10,Login,High,144.8,Resolved,5
TCK-002014,CUST-001600,2024-07-05,Login,Medium,3.3,Resolved,5
TCK-002015,CUST-001602,2023-09-07,Technical,Low,54.1,Resolved,1
TCK-002016,CUST-001602,2023-03-08,Login,High,41.1,Resolved,3
TCK-002017,CUST-001602,2023-07-23,Performance,High,7.5,Resolved,3
TCK-002018,CUST-001603,2024-01-05,Performance,Low,4.4,Resolved,3
TCK-002019,CUST-001604,2024-03-12,Billing,Low,50.5,Resolved,3
TCK-002020,CUST-001604,2024-06-22,Billing,Low,3.5,Pending,1
TCK-002021,CUST-001604,2024-05-01,Billing,Medium,11.2,Resolved,1
TCK-002022,CUST-001604,2024-03-04,Technical,Low,34.1,Pending,2
TCK-002023,CUST-001604,2024-08-25,Billing,High,54.6,Resolved,5
TCK-002024,CUST-001606,2024-06-21,Technical,Low,21.9,Resolved,4
TCK-002025,CUST-001606,2024-02-29,Technical,High,14.8,Resolved,4
TCK-002026,CUST-001607,2023-09-27,Technical,Medium,2.0,Resolved,3
TCK-002027,CUST-001608,2022-07-20,Technical,Low,6.5,Resolved,4
TCK-002028,CUST-001610,2023-10-04,Billing,High,72.5,Resolved,5
TCK-002029,CUST-001610,2024-02-01,Integration,Low,0.7,Resolved,5
TCK-002030,CUST-001611,2023-01-03,Security,High,19.2,Resolved,3
TCK-002031,CUST-001615,2024-06-05,Technical,Low,36.2,Closed,2
TCK-002032,CUST-001615,2024-05-22,Integration,Low,11.3,Closed,1
TCK-002033,CUST-001616,2023-02-18,Login,Low,19.2,Escalated,3
TCK-002034,CUST-001616,2022-10-13,Technical,Low,21.2,Resolved,2
TCK-002035,CUST-001617,2022-08-07,Performance,Low,8.1,Closed,5
TCK-002036,CUST-001618,2023-09-01,Performance,Medium,23.0,Closed,2
TCK-002037,CUST-001619,2024-08-01,Integration,Low,3.6,Resolved,5
TCK-002038,CUST-001619,2024-10-08,Billing,High,157.1,Resolved,4
TCK-002039,CUST-001619,2024-04-04,Billing,Medium,5.9,Closed,4
TCK-002040,CUST-001620,2023-12-09,Technical,Low,15.8,Resolved,4
TCK-002041,CUST-001621,2023-08-29,Technical,High,8.0,Resolved,2
TCK-002042,CUST-001621,2024-02-09,Technical,Low,12.0,Resolved,2
TCK-002043,CUST-001621,2023-01-16,Billing,Medium,13.7,Resolved,4
TCK-002044,CUST-001621,2022-03-09,Billing,Low,23.3,Resolved,1
TCK-002045,CUST-001622,2022-07-08,Billing,Low,11.3,Resolved,1
TCK-002046,CUST-001622,2022-05-30,Login,Medium,15.4,Resolved,2
TCK-002047,CUST-001624,2023-08-25,Integration,Medium,140.3,Escalated,1
TCK-002048,CUST-001624,2024-03-05,Billing,Low,10.1,Escalated,2
TCK-002049,CUST-001625,2023-04-23,Technical,High,3.1,Pending,1
TCK-002050,CUST-001626,2023-10-14,Feature Request,Medium,33.6,Closed,1
TCK-002051,CUST-001627,2024-03-13,Technical,Critical,5.8,Resolved,3
TCK-002052,CUST-001628,2023-12-08,Feature Request,Medium,999.9,Resolved,5
TCK-002053,CUST-001629,2024-06-19,Performance,Medium,4.6,Closed,1
TCK-002054,CUST-001629,2024-07-01,Billing,Medium,7.5,Resolved,3
TCK-002055,CUST-001629,2024-07-05,Billing,Medium,6.1,Escalated,1
TCK-002056,CUST-001629,2024-06-30,Technical,Low,31.5,Resolved,3
TCK-002057,CUST-001632,2024-09-22,Login,Medium,3.4,Resolved,3
TCK-002058,CUST-001633,2022-09-26,Performance,Medium,60.4,Escalated,2
TCK-002059,CUST-001633,2022-07-26,Technical,Low,25.4,Resolved,1
TCK-002060,CUST-001633,2023-02-16,Integration,Medium,45.8,Resolved,2
TCK-002061,CUST-001633,2022-11-19,Technical,Medium,39.8,Resolved,2
TCK-002062,CUST-001633,2022-09-01,Technical,Medium,115.2,Resolved,3
TCK-002063,CUST-001634,2024-05-26,Performance,Low,14.7,Resolved,3
TCK-002064,CUST-001634,2023-10-18,Integration,Low,10.7,Resolved,1
TCK-002065,CUST-001636,2024-07-12,Billing,Medium,11.2,Resolved,3
TCK-002066,CUST-001639,2023-08-18,Technical,High,73.1,Resolved,2
TCK-002067,CUST-001640,2024-10-16,Performance,Low,14.9,Closed,3
TCK-002068,CUST-001641,2024-02-10,Technical,Medium,10.1,Closed,1
TCK-002069,CUST-001642,2024-10-22,Integration,Medium,20.6,Resolved,2
TCK-002070,CUST-001642,2024-05-19,Integration,Critical,1.4,Resolved,5
TCK-002071,CUST-001643,2023-08-31,Login,Medium,3.9,Resolved,3
TCK-002072,CUST-001643,2023-12-19,Technical,Medium,31.9,Resolved,3
TCK-002073,CUST-001643,2024-02-14,Billing,High,2.3,Closed,1
TCK-002074,CUST-001644,2024-08-19,Technical,Low,28.6,Closed,2
TCK-002075,CUST-001645,2024-11-21,Performance,High,6.5,Closed,3
TCK-002076,CUST-001647,2022-04-05,Integration,Low,10.1,Closed,3
TCK-002077,CUST-001648,2024-04-13,Feature Request,Critical,58.4,Resolved,4
TCK-002078,CUST-001649,2024-01-03,Billing,Low,15.4,Resolved,3
TCK-002079,CUST-001649,2023-08-08,Billing,High,1.2,Resolved,4
TCK-002080,CUST-001652,2024-05-27,Technical,Low,8.5,Resolved,5
TCK-002081,CUST-001653,2022-11-24,Login,Medium,2.1,Resolved,3
TCK-002082,CUST-001653,2022-06-26,Feature Request,Medium,31.9,Resolved,5
TCK-002083,CUST-001654,2024-06-22,Integration,High,11.8,Resolved,4
TCK-002084,CUST-001659,2024-08-18,Security,High,36.1,Closed,2
TCK-002085,CUST-001659,2024-11-09,Feature Request,Low,2.1,Resolved,3
TCK-002086,CUST-001660,2024-06-29,Security,Medium,6.6,Resolved,2
TCK-002087,CUST-001660,2024-06-30,Technical,High,31.4,Resolved,4
TCK-002088,CUST-001660,2024-07-14,Technical,High,48.8,Resolved,3
TCK-002089,CUST-001661,2022-10-06,Technical,Medium,4.7,Resolved,5
TCK-002090,CUST-001663,2024-08-07,Feature Request,Low,7.9,Resolved,4
TCK-002091,CUST-001663,2023-05-17,Performance,High,21.8,Resolved,4
TCK-002092,CUST-001663,2024-02-16,Billing,Medium,12.4,Resolved,4
TCK-002093,CUST-001664,2024-05-27,Integration,Medium,4.4,Resolved,4
TCK-002094,CUST-001665,2023-07-19,Technical,Medium,59.5,Pending,2
TCK-002095,CUST-001665,2023-11-02,Technical,Critical,25.7,Closed,2
TCK-002096,CUST-001666,2022-03-19,Performance,High,999.9,Resolved,1
TCK-002097,CUST-001672,2024-10-29,Billing,Low,15.0,Resolved,4
TCK-002098,CUST-001673,2023-06-26,Feature Request,Low,2.6,Closed,3
TCK-002099,CUST-001674,2024-11-27,Technical,Low,2.2,Closed,4
TCK-002100,CUST-001674,2024-11-13,Login,Critical,7.9,Resolved,3
TCK-002101,CUST-001675,2024-07-11,Technical,Medium,25.2,Resolved,4
TCK-002102,CUST-001675,2023-04-17,Technical,Critical,33.6,Resolved,1
TCK-002103,CUST-001676,2024-03-01,Login,Medium,16.5,Resolved,5
TCK-002104,CUST-001678,2023-04-02,Integration,Low,46.6,Resolved,3
TCK-002105,CUST-001678,2023-08-26,Technical,Low,4.6,Resolved,1
TCK-002106,CUST-001679,2024-02-03,Performance,Critical,39.6,Closed,4
TCK-002107,CUST-001680,2024-07-12,Billing,Low,15.9,Resolved,1
TCK-002108,CUST-001681,2024-04-17,Security,High,28.2,Resolved,4
TCK-002109,CUST-001684,2022-08-26,Security,Low,16.2,Closed,5
TCK-002110,CUST-001684,2024-03-02,Billing,Medium,32.0,Resolved,2
TCK-002111,CUST-001686,2022-06-16,Technical,Low,1.7,Resolved,3
TCK-002112,CUST-001689,2024-04-08,Billing,Low,4.7,Pending,1
TCK-002113,CUST-001689,2024-04-02,Security,High,27.3,Resolved,3
TCK-002114,CUST-001690,2023-06-09,Technical,Low,60.3,Resolved,4
TCK-002115,CUST-001690,2023-10-22,Billing,High,3.1,Resolved,1
TCK-002116,CUST-001690,2024-04-09,Billing,Medium,13.8,Resolved,5
TCK-002117,CUST-001691,2024-05-21,Billing,Medium,0.5,Resolved,5
TCK-002118,CUST-001694,2024-04-09,Feature Request,Medium,132.3,Closed,5
TCK-002119,CUST-001694,2024-04-07,Technical,High,4.3,Resolved,1
TCK-002120,CUST-001695,2023-05-20,Billing,Low,6.0,Resolved,5
TCK-002121,CUST-001695,2024-09-19,Technical,Medium,9.4,Resolved,4
TCK-002122,CUST-001695,2023-12-18,Billing,High,55.7,Resolved,4
TCK-002123,CUST-001697,2022-12-28,Technical,High,3.9,Resolved,1
TCK-002124,CUST-001697,2022-03-04,Technical,Critical,4.2,Resolved,1
TCK-002125,CUST-001697,2023-06-22,Billing,Medium,5.5,Escalated,3
TCK-002126,CUST-001698,2023-11-20,Technical,Medium,25.9,Closed,2
TCK-002127,CUST-001698,2023-02-22,Login,Medium,13.9,Resolved,2
TCK-002128,CUST-001699,2023-03-23,Billing,Low,153.8,Resolved,3
TCK-002129,CUST-001702,2023-09-15,Billing,Medium,8.1,Resolved,4
TCK-002130,CUST-001704,2024-08-26,Integration,Medium,10.5,Resolved,5
TCK-002131,CUST-001705,2024-06-05,Integration,Medium,97.8,Closed,1
TCK-002132,CUST-001706,01/01/2024,Integration,High,3.5,Closed,4
TCK-002133,CUST-001706,2024-05-29,Billing,Low,23.6,Closed,5
TCK-002134,CUST-001707,2022-02-06,Security,Low,3.9,Escalated,3
TCK-002135,CUST-001708,2023-03-06,Feature Request,Medium,19.3,Resolved,5
TCK-002136,CUST-001709,19/07/2022,Technical,Low,25.2,Resolved,5
TCK-002137,CUST-001709,2024-04-29,Integration,Critical,39.8,Resolved,3
TCK-002138,CUST-001711,2023-08-12,Security,Low,8.8,Closed,1
TCK-002139,CUST-001711,2023-09-16,Technical,High,67.7,Closed,1
TCK-002140,CUST-001711,15/11/2024,Billing,Low,3.7,Escalated,1
TCK-002141,CUST-001712,2023-02-25,Login,High,4.1,Resolved,5
TCK-002142,CUST-001713,2023-06-05,Billing,Low,2.2,Pending,3
TCK-002143,CUST-001714,2024-05-28,Login,Low,10.7,Resolved,5
TCK-002144,CUST-001714,2024-09-27,Technical,Low,13.5,Resolved,4
TCK-002145,CUST-001715,2023-12-20,Technical,Medium,16.1,Resolved,3
TCK-002146,CUST-001717,2022-10-17,Performance,Medium,161.1,Closed,4
TCK-002147,CUST-001717,2022-12-07,Login,Medium,9.1,Resolved,3
TCK-002148,CUST-001718,2024-04-29,Feature Request,Medium,3.6,Resolved,3
TCK-002149,CUST-001718,2024-04-04,Login,Low,12.4,Escalated,1
TCK-002150,CUST-001718,2024-07-15,Integration,Medium,0.5,Resolved,2
TCK-002151,CUST-001718,2023-05-09,Technical,Low,7.3,Escalated,1
TCK-002152,CUST-001719,2024-05-18,Login,Medium,9.1,Closed,4
TCK-002153,CUST-001719,2024-10-08,Technical,Medium,1.9,Resolved,3
TCK-002154,CUST-001719,2024-04-02,Billing,High,71.5,Resolved,4
TCK-002155,CUST-001719,2024-04-09,Billing,Medium,5.7,Resolved,5
TCK-002156,CUST-001719,2024-12-09,Technical,Medium,3.8,Resolved,3
TCK-002157,CUST-001719,2024-06-19,Feature Request,Medium,23.5,Resolved,4
TCK-002158,CUST-001722,2024-10-17,Performance,Low,25.7,Closed,3
TCK-002159,CUST-001723,2024-11-09,Feature Request,High,36.2,Resolved,4
TCK-002160,CUST-001724,2024-09-12,Login,Medium,14.0,Resolved,5
TCK-002161,CUST-001724,2024-04-28,Billing,Low,8.1,Resolved,5
TCK-002162,CUST-001726,2024-07-12,Performance,Low,23.8,Closed,2
TCK-002163,CUST-001728,2023-12-16,Technical,Low,57.6,Closed,4
TCK-002164,CUST-001728,2024-01-08,Feature Request,High,49.9,Closed,3
TCK-002165,CUST-001731,2024-05-10,Login,Medium,0.5,Resolved,4
TCK-002166,CUST-001732,2024-07-05,Technical,Medium,12.4,Resolved,5
TCK-002167,CUST-001732,2024-03-24,Technical,Medium,2.9,Resolved,5
TCK-002168,CUST-001735,2023-02-09,Login,High,3.7,Closed,5
TCK-002169,CUST-001735,2023-01-18,Technical,Medium,4.8,Closed,4
TCK-002170,CUST-001736,2023-11-28,Billing,Medium,15.1,Resolved,2
TCK-002171,CUST-001736,2024-11-07,Performance,Low,0.5,Resolved,4
TCK-002172,CUST-001738,2022-09-22,Billing,Low,8.7,Resolved,4
TCK-002173,CUST-001739,2024-08-26,Billing,Medium,20.8,Closed,4
TCK-002174,CUST-001739,2024-12-17,Login,Medium,10.7,Closed,4
TCK-002175,CUST-001740,2023-12-08,Performance,Low,54.2,Pending,3
TCK-002176,CUST-001741,2024-12-11,Integration,High,18.6,Resolved,4
TCK-002177,CUST-001742,2024-02-24,Technical,Medium,11.2,Resolved,5
TCK-002178,CUST-001744,2023-06-03,Performance,High,20.8,Closed,4
TCK-002179,CUST-001745,2024-09-18,Performance,Medium,2.9,Closed,4
TCK-002180,CUST-001747,2023-12-27,Billing,Medium,12.8,Resolved,4
TCK-002181,CUST-001748,2022-07-17,Login,Low,71.0,Resolved,3
TCK-002182,CUST-001748,2023-01-17,Performance,Low,19.7,Pending,2
TCK-002183,CUST-001749,25/03/2023,Billing,Low,0.5,Closed,2
TCK-002184,CUST-001750,2024-04-12,Integration,Critical,29.0,Resolved,1
TCK-002185,CUST-001751,06/07/2022,Security,Low,9.6,Pending,1
TCK-002186,CUST-001751,2022-01-20,Integration,High,3.1,Closed,3
TCK-002187,CUST-001751,2022-10-20,Technical,Low,22.4,Resolved,2
TCK-002188,CUST-001751,2022-08-23,Technical,Low,10.8,Escalated,1
TCK-002189,CUST-001752,2023-11-02,Technical,Low,12.9,Closed,2
TCK-002190,CUST-001752,2023-08-11,Technical,Low,61.1,Closed,1
TCK-002191,CUST-001753,2022-08-20,Performance,Low,14.3,Resolved,2
TCK-002192,CUST-001753,2022-10-29,Integration,Medium,20.3,Pending,1
TCK-002193,CUST-001754,2024-06-09,Login,Low,2.4,Resolved,4
TCK-002194,CUST-001754,2023-09-03,Integration,Low,41.5,Resolved,1
TCK-002195,CUST-001754,2024-10-02,Performance,High,4.9,Resolved,5
TCK-002196,CUST-001754,2024-05-14,Billing,Low,13.5,Resolved,3
TCK-002197,CUST-001756,2023-09-05,Technical,Critical,36.9,Resolved,3
TCK-002198,CUST-001756,2023-10-06,Billing,Low,22.5,Resolved,2
TCK-002199,CUST-001756,2023-12-22,Performance,Medium,3.1,Closed,1
TCK-002200,CUST-001756,2023-08-10,Login,High,55.3,Resolved,3
TCK-002201,CUST-001757,2023-12-10,Technical,Critical,13.5,Resolved,3
TCK-002202,CUST-001758,2024-01-22,Technical,High,17.8,Resolved,4
TCK-002203,CUST-001760,2024-06-02,Login,High,21.7,Resolved,4
TCK-002204,CUST-001760,2024-06-24,Billing,Medium,20.6,Closed,5
TCK-002205,CUST-001760,2024-10-13,Billing,Low,2.9,Resolved,5
TCK-002206,CUST-001761,2022-12-15,Billing,Medium,20.6,Resolved,4
TCK-002207,CUST-001762,2023-10-29,Login,Low,2.3,Resolved,4
TCK-002208,CUST-001763,2023-10-17,Login,Low,6.0,Closed,4
TCK-002209,CUST-001764,2023-11-07,Integration,Low,68.1,Resolved,2
TCK-002210,CUST-001764,2024-01-27,Integration,Low,12.9,Escalated,1
TCK-002211,CUST-001764,2023-11-10,Security,Medium,4.4,Closed,1
TCK-002212,CUST-001765,2022-12-03,Security,Medium,1.1,Closed,5
TCK-002213,CUST-001767,2024-07-23,Performance,High,5.9,Resolved,4
TCK-002214,CUST-001768,2023-12-23,Security,High,43.1,Closed,1
TCK-002215,CUST-001768,2023-08-28,Login,Medium,30.9,Resolved,4
TCK-002216,CUST-001768,2023-02-22,Technical,Low,3.9,Closed,3
TCK-002217,CUST-001769,2024-07-15,Integration,Medium,9.8,Resolved,2
TCK-002218,CUST-001769,2024-04-09,Billing,Medium,0.5,Resolved,4
TCK-002219,CUST-001770,2024-08-21,Login,High,12.0,Resolved,2
TCK-002220,CUST-001771,2024-09-26,Integration,Low,13.9,Resolved,3
TCK-002221,CUST-001771,2024-06-28,Performance,Medium,0.5,Resolved,4
TCK-002222,CUST-001772,2022-08-16,Billing,Low,1.4,Resolved,1
TCK-002223,CUST-001772,2022-06-06,Billing,Low,0.5,Closed,2
TCK-002224,CUST-001774,2023-12-03,Login,Medium,28.4,Closed,2
TCK-002225,CUST-001774,2024-01-14,Feature Request,Medium,13.0,Resolved,1
TCK-002226,CUST-001775,2024-11-15,Technical,Low,12.9,Resolved,4
TCK-002227,CUST-001775,24/08/2023,Performance,Low,8.0,Resolved,4
TCK-002228,CUST-001778,2024-05-25,Performance,Low,28.4,Resolved,2
TCK-002229,CUST-001779,2023-10-17,Technical,Medium,31.4,Resolved,2
TCK-002230,CUST-001781,2024-03-31,Technical,Medium,1.4,Resolved,5
TCK-002231,CUST-001782,2023-07-18,Billing,Medium,4.5,Resolved,1
TCK-002232,CUST-001782,2023-11-12,Performance,Low,12.1,Resolved,3
TCK-002233,CUST-001782,27/03/2024,Login,Medium,22.0,Resolved,1
TCK-002234,CUST-001784,2024-07-10,Billing,Low,7.0,Closed,4
TCK-002235,CUST-001786,2024-08-17,Billing,High,19.2,Closed,3
TCK-002236,CUST-001786,2024-05-26,Technical,Low,5.6,Resolved,5
TCK-002237,CUST-001787,2022-02-04,Technical,Medium,8.9,Resolved,5
TCK-002238,CUST-001788,2023-08-21,Performance,Medium,18.1,Resolved,5
TCK-002239,CUST-001788,2024-08-02,Technical,High,22.2,Resolved,5
TCK-002240,CUST-001789,14/07/2023,Feature Request,Medium,45.8,Resolved,2
TCK-002241,CUST-001791,2024-12-08,Login,Critical,41.5,Resolved,3
TCK-002242,CUST-001791,2024-11-10,Login,High,56.5,Resolved,3
TCK-002243,CUST-001792,2023-07-16,Performance,High,3.1,Closed,5
TCK-002244,CUST-001793,2024-05-29,Billing,Critical,6.8,Resolved,3
TCK-002245,CUST-001793,2023-12-06,Integration,Medium,14.1,Resolved,5
TCK-002246,CUST-001793,2024-04-01,Technical,Low,7.1,Resolved,2
TCK-002247,CUST-001794,2024-12-19,Feature Request,Low,37.2,Resolved,5
TCK-002248,CUST-001795,2023-09-04,Feature Request,High,43.4,Resolved,5
TCK-002249,CUST-001796,2023-12-13,Login,Low,5.7,Resolved,1
TCK-002250,CUST-001796,2024-06-17,Billing,Medium,3.5,Escalated,1
TCK-002251,CUST-001798,2023-08-09,Technical,Critical,3.6,Resolved,2
TCK-002252,CUST-001798,2024-08-13,Login,Low,4.0,Closed,2
TCK-002253,CUST-001800,2023-01-29,Technical,Low,14.6,Resolved,5
TCK-002254,CUST-001804,2023-09-07,Technical,Medium,6.8,Pending,1
TCK-002255,CUST-001805,2024-11-25,Billing,Medium,27.9,Resolved,4
TCK-002256,CUST-001806,2024-07-10,Login,Medium,15.3,Resolved,3
TCK-002257,CUST-001807,2024-12-09,Performance,Medium,12.2,Resolved,4
TCK-002258,CUST-001807,2024-03-18,Technical,Medium,1.8,Resolved,5
TCK-002259,CUST-001807,2024-11-06,Technical,Critical,67.5,Resolved,4
TCK-002260,CUST-001809,2023-02-19,Billing,Medium,1.5,Closed,4
TCK-002261,CUST-001809,2024-02-23,Login,Medium,6.9,Resolved,4
TCK-002262,CUST-001811,2024-04-08,Technical,Medium,4.4,Closed,1
TCK-002263,CUST-001811,2024-01-12,Billing,Low,2.0,Resolved,5
TCK-002264,CUST-001812,2024-05-28,Login,Low,6.9,Closed,3
TCK-002265,CUST-001812,2024-06-01,Performance,Medium,2.2,Resolved,1
TCK-002266,CUST-001814,2024-08-03,Technical,Low,8.1,Closed,2
TCK-002267,CUST-001814,2024-08-08,Feature Request,Low,24.7,Resolved,5
TCK-002268,CUST-001815,2023-10-03,Billing,Low,11.6,Resolved,5
TCK-002269,CUST-001816,2023-05-01,Login,Medium,4.4,Resolved,1
TCK-002270,CUST-001818,2024-06-18,Technical,Medium,39.4,Resolved,3
TCK-002271,CUST-001818,2023-10-27,Integration,Medium,4.9,Closed,4
TCK-002272,CUST-001821,2024-05-02,Technical,Medium,62.4,Closed,2
TCK-002273,CUST-001822,2024-09-10,Performance,High,48.6,Resolved,4
TCK-002274,CUST-001823,2024-04-22,Performance,High,5.9,Pending,1
TCK-002275,CUST-001823,2024-03-26,Integration,Low,128.3,Resolved,2
TCK-002276,CUST-001823,2023-10-08,Login,Medium,32.7,Closed,2
TCK-002277,CUST-001824,2023-09-04,Feature Request,Low,46.3,Resolved,4
TCK-002278,CUST-001824,2023-06-23,Login,Critical,154.6,Resolved,2
TCK-002279,CUST-001828,2023-03-06,Technical,Low,9.5,Closed,5
TCK-002280,CUST-001831,2022-05-30,Login,Low,7.8,Resolved,1
TCK-002281,CUST-001831,2022-05-07,Performance,Medium,10.9,Pending,1
TCK-002282,CUST-001831,2022-05-07,Login,Low,20.2,Escalated,1
TCK-002283,CUST-001832,2023-08-07,Billing,High,55.1,Resolved,4
TCK-002284,CUST-001832,2024-06-05,Performance,Medium,10.1,Closed,2
TCK-002285,CUST-001833,2024-07-19,Billing,High,16.6,Resolved,5
TCK-002286,CUST-001833,2024-03-19,Technical,Medium,12.8,Closed,5
TCK-002287,CUST-001834,2024-09-02,Technical,Low,71.2,Pending,1
TCK-002288,CUST-001834,2024-09-04,Login,Low,32.5,Resolved,1
TCK-002289,CUST-001834,2024-09-20,Technical,Low,11.6,Resolved,2
TCK-002290,CUST-001834,2024-08-13,Billing,Low,5.1,Closed,2
TCK-002291,CUST-001836,2024-12-12,Feature Request,Low,39.4,Resolved,5
TCK-002292,CUST-001836,2024-12-12,Technical,Medium,4.5,Resolved,3
TCK-002293,CUST-001836,2024-05-12,Billing,Medium,2.1,Resolved,4
TCK-002294,CUST-001836,2024-06-12,Login,High,43.5,Resolved,2
TCK-002295,CUST-001836,2024-05-25,Feature Request,Low,11.4,Resolved,4
TCK-002296,CUST-001838,2022-03-18,Billing,Low,54.2,Closed,1
TCK-002297,CUST-001838,2022-08-30,Integration,Low,6.0,Escalated,3
TCK-002298,CUST-001838,2022-04-30,Integration,Critical,29.9,Escalated,1
TCK-002299,CUST-001838,2023-07-01,Performance,Medium,16.8,Resolved,1
TCK-002300,CUST-001839,06/12/2022,Billing,Medium,3.5,Escalated,1
TCK-002301,CUST-001841,2024-03-04,Integration,Critical,161.4,Resolved,1
TCK-002302,CUST-001841,2024-04-25,Integration,High,35.5,Resolved,3
TCK-002303,CUST-001844,2023-04-26,Billing,Low,26.1,Resolved,5
TCK-002304,CUST-001845,2023-04-02,Performance,Low,23.7,Resolved,1
TCK-002305,CUST-001846,2023-07-25,Billing,Critical,25.8,Resolved,1
TCK-002306,CUST-001848,2024-09-15,Feature Request,Low,1.8,Resolved,5
TCK-002307,CUST-001848,2023-10-09,Performance,High,14.1,Closed,1
TCK-002308,CUST-001848,2023-10-23,Billing,Low,25.1,Resolved,5
TCK-002309,CUST-001849,2023-11-09,Performance,Medium,45.3,Resolved,3
TCK-002310,CUST-001849,2024-03-29,Performance,High,22.2,Resolved,1
TCK-002311,CUST-001851,2023-04-24,Performance,High,8.6,Resolved,4
TCK-002312,CUST-001851,2023-01-11,Technical,High,34.9,Resolved,4
TCK-002313,CUST-001852,08/05/2024,Technical,Low,11.2,Resolved,3
TCK-002314,CUST-001854,2024-06-24,Billing,High,31.5,Resolved,5
TCK-002315,CUST-001855,2023-10-19,Technical,Critical,4.4,Resolved,3
TCK-002316,CUST-001856,2024-03-14,Login,Low,16.6,Pending,2
TCK-002317,CUST-001856,2023-10-29,Login,Medium,4.6,Closed,2
TCK-002318,CUST-001857,2024-05-10,Billing,Low,12.3,Resolved,3
TCK-002319,CUST-001859,2024-03-19,Billing,High,14.3,Closed,3
TCK-002320,CUST-001860,2024-03-07,Billing,Medium,7.9,Resolved,2
TCK-002321,CUST-001861,2023-12-25,Feature Request,High,59.7,Closed,2
TCK-002322,CUST-001862,2024-09-11,Feature Request,Critical,35.6,Resolved,1
TCK-002323,CUST-001863,2023-08-03,Feature Request,Medium,5.7,Resolved,2
TCK-002324,CUST-001864,2023-02-18,Billing,Low,1.6,Closed,4
TCK-002325,CUST-001864,2023-12-27,Technical,Low,22.6,Resolved,2
TCK-002326,CUST-001865,2024-06-21,Technical,Low,4.1,Resolved,3
TCK-002327,CUST-001865,2024-10-19,Login,Medium,4.1,Resolved,5
TCK-002328,CUST-001866,2024-09-01,Login,Low,6.2,Closed,5
TCK-002329,CUST-001867,2022-05-14,Performance,Low,2.1,Resolved,2
TCK-002330,CUST-001868,2023-01-22,Billing,Low,6.7,Resolved,5
TCK-002331,CUST-001868,2024-07-26,Integration,Medium,34.9,Closed,5
TCK-002332,CUST-001869,2023-12-04,Performance,Critical,169.1,Resolved,1
TCK-002333,CUST-001869,2024-01-23,Integration,Medium,0.5,Resolved,3
TCK-002334,CUST-001872,2022-10-10,Technical,Medium,38.7,Escalated,1
TCK-002335,CUST-001874,2023-12-05,Billing,Low,62.9,Pending,2
TCK-002336,CUST-001874,2023-12-27,Billing,Low,4.1,Resolved,2
TCK-002337,CUST-001874,2023-12-25,Technical,Low,1.7,Pending,1
TCK-002338,CUST-001876,2024-07-23,Billing,Critical,2.3,Resolved,2
TCK-002339,CUST-001877,2024-06-11,Billing,Low,16.6,Resolved,4
TCK-002340,CUST-001879,2024-10-31,Login,Low,0.5,Resolved,2
TCK-002341,CUST-001881,2024-09-23,Billing,Low,13.6,Resolved,5
TCK-002342,CUST-001882,2024-02-28,Billing,Critical,3.6,Resolved,1
TCK-002343,CUST-001883,2023-04-26,Integration,Low,15.4,Resolved,4
TCK-002344,CUST-001883,2024-05-06,Technical,High,1.6,Resolved,5
TCK-002345,CUST-001884,2024-05-18,Security,Medium,29.5,Resolved,5
TCK-002346,CUST-001885,2024-08-14,Integration,Medium,5.8,Resolved,3
TCK-002347,CUST-001886,2023-11-07,Technical,Medium,8.2,Resolved,3
TCK-002348,CUST-001886,2024-08-10,Integration,Critical,39.6,Pending,1
TCK-002349,CUST-001886,2024-09-25,Billing,Low,13.2,Resolved,3
TCK-002350,CUST-001886,2024-05-30,Billing,Medium,0.7,Closed,3
TCK-002351,CUST-001886,2024-11-02,Technical,Low,49.9,Closed,1
TCK-002352,CUST-001886,2024-11-02,Performance,High,20.8,Resolved,3
TCK-002353,CUST-001889,2024-12-02,Technical,Medium,19.7,Resolved,4
TCK-002354,CUST-001892,2024-04-16,Feature Request,Low,3.5,Closed,5
TCK-002355,CUST-001893,2023-12-29,Login,Low,19.1,Resolved,5
TCK-002356,CUST-001895,2024-06-30,Login,High,26.6,Resolved,1
TCK-002357,CUST-001895,2024-06-19,Technical,Low,3.0,Escalated,3
TCK-002358,CUST-001895,2024-07-17,Performance,Low,21.7,Pending,2
TCK-002359,CUST-001897,2023-10-25,Billing,Medium,10.3,Resolved,4
TCK-002360,CUST-001897,2022-12-04,Integration,Medium,3.7,Resolved,5
TCK-002361,CUST-001897,2022-11-04,Login,Medium,8.3,Resolved,1
TCK-002362,CUST-001898,2024-02-01,Security,Medium,9.8,Resolved,4
TCK-002363,CUST-001898,2024-07-02,Technical,Low,28.6,Closed,5
TCK-002364,CUST-001898,2023-12-14,Security,Medium,2.7,Closed,4
TCK-002365,CUST-001899,2024-07-19,Feature Request,Low,17.7,Resolved,4
TCK-002366,CUST-001899,2024-08-03,Security,Low,10.3,Resolved,1
TCK-002367,CUST-001900,2024-04-05,Technical,Low,10.6,Resolved,2
TCK-002368,CUST-001900,2023-08-28,Login,Low,69.9,Closed,1
TCK-002369,CUST-001900,2024-04-27,Technical,Low,74.9,Pending,1
TCK-002370,CUST-001902,2023-11-08,Performance,Low,8.5,Resolved,5
TCK-002371,CUST-001902,2024-04-02,Billing,Low,30.8,Resolved,5
TCK-002372,CUST-001902,2023-10-02,Technical,Low,15.2,Resolved,4
TCK-002373,CUST-001904,2024-11-06,Technical,Medium,3.3,Resolved,3
TCK-002374,CUST-001904,2024-02-07,Technical,Low,21.0,Closed,4
TCK-002375,CUST-001904,2024-01-24,Performance,High,6.4,Resolved,3
TCK-002376,CUST-001906,2023-09-28,Technical,Low,15.0,Resolved,4
TCK-002377,CUST-001906,2023-09-27,Technical,Low,46.5,Resolved,3
TCK-002378,CUST-001906,2023-04-25,Technical,Medium,17.3,Resolved,3
TCK-002379,CUST-001906,2023-11-14,Technical,High,21.3,Resolved,4
TCK-002380,CUST-001908,2024-08-25,Technical,Low,4.5,Resolved,5
TCK-002381,CUST-001908,2024-04-17,Technical,Medium,2.9,Resolved,4
TCK-002382,CUST-001908,2024-03-25,Billing,Low,2.4,Resolved,4
TCK-002383,CUST-001908,2024-07-03,Technical,Low,4.2,Closed,4
TCK-002384,CUST-001908,2024-08-20,Billing,High,49.9,Resolved,3
TCK-002385,CUST-001909,2023-02-13,Billing,Medium,6.1,Resolved,2
TCK-002386,CUST-001911,2024-09-04,Technical,Medium,44.6,Resolved,3
TCK-002387,CUST-001911,2024-11-14,Technical,Medium,8.2,Closed,4
TCK-002388,CUST-001912,2024-03-28,Integration,Medium,8.3,Resolved,5
TCK-002389,CUST-001912,2024-09-02,Performance,Medium,0.9,Resolved,3
TCK-002390,CUST-001913,2023-12-03,Integration,High,17.0,Resolved,5
TCK-002391,CUST-001914,2024-06-21,Technical,High,63.8,Resolved,1
TCK-002392,CUST-001914,2024-02-11,Technical,Low,10.4,Escalated,1
TCK-002393,CUST-001915,2024-05-14,Billing,Low,9.7,Resolved,5
TCK-002394,CUST-001915,2024-11-25,Technical,Medium,4.8,Resolved,4
TCK-002395,CUST-001915,2024-02-14,Billing,Medium,0.9,Resolved,5
TCK-002396,CUST-001917,2024-11-26,Billing,Low,3.6,Resolved,3
TCK-002397,CUST-001918,2024-11-05,Security,Low,6.5,Resolved,4
TCK-002398,CUST-001920,2022-05-29,Integration,Medium,20.8,Resolved,1
TCK-002399,CUST-001920,2022-11-03,Technical,Medium,8.7,Resolved,1
TCK-002400,CUST-001920,2022-11-25,Billing,Medium,1.0,Pending,2
TCK-002401,CUST-001921,2024-06-19,Billing,Medium,16.9,Resolved,1
TCK-002402,CUST-001921,2024-06-30,Feature Request,Medium,12.3,Resolved,1
TCK-002403,CUST-001922,2024-01-22,Feature Request,Medium,13.4,Resolved,3
TCK-002404,CUST-001922,2023-08-17,Login,Critical,34.3,Escalated,2
TCK-002405,CUST-001922,2024-01-10,Performance,Medium,34.0,Closed,2
TCK-002406,CUST-001922,2024-02-17,Integration,Low,15.1,Closed,3
TCK-002407,CUST-001923,2023-12-24,Billing,High,26.9,Resolved,1
TCK-002408,CUST-001926,2024-07-28,Performance,Medium,10.5,Closed,2
TCK-002409,CUST-001927,2022-09-26,Login,Low,6.9,Resolved,5
TCK-002410,CUST-001927,2022-10-29,Billing,Medium,8.8,Resolved,5
TCK-002411,CUST-001927,2024-05-29,Billing,Low,30.0,Resolved,3
TCK-002412,CUST-001928,01/05/2024,Security,Medium,10.3,Resolved,5
TCK-002413,CUST-001929,2023-04-05,Technical,Medium,8.9,Resolved,1
TCK-002414,CUST-001931,2024-02-08,Technical,Low,19.7,Resolved,5
TCK-002415,CUST-001932,2023-05-11,Billing,Low,26.1,Resolved,2
TCK-002416,CUST-001932,2022-10-23,Login,Medium,8.3,Pending,1
TCK-002417,CUST-001932,2022-11-21,Technical,Low,38.9,Closed,1
TCK-002418,CUST-001933,2024-10-07,Billing,Medium,25.1,Resolved,4
TCK-002419,CUST-001933,2024-09-08,Integration,Medium,33.4,Closed,4
TCK-002420,CUST-001933,2024-11-02,Technical,Low,23.8,Resolved,5
TCK-002421,CUST-001934,2023-04-25,Billing,Low,30.3,Pending,1
TCK-002422,CUST-001934,2023-05-25,Billing,Medium,64.8,Resolved,2
TCK-002423,CUST-001935,2024-08-04,Login,Medium,8.6,Resolved,5
TCK-002424,CUST-001936,2023-06-24,Billing,Medium,0.5,Resolved,2
TCK-002425,CUST-001936,2023-11-20,Technical,Low,22.2,Resolved,3
TCK-002426,CUST-001937,2024-07-13,Performance,Medium,9.1,Closed,4
TCK-002427,CUST-001937,2024-02-05,Technical,Low,8.2,Resolved,5
TCK-002428,CUST-001938,20/10/2022,Technical,High,66.0,Resolved,5
TCK-002429,CUST-001939,2024-08-28,Billing,Medium,31.0,Resolved,5
TCK-002430,CUST-001939,2024-08-24,Technical,Medium,11.6,Resolved,3
TCK-002431,CUST-001940,2024-05-20,Performance,Medium,1.8,Resolved,5
TCK-002432,CUST-001941,2024-08-26,Technical,Medium,4.7,Resolved,4
TCK-002433,CUST-001941,2024-02-22,Performance,Medium,9.5,Resolved,2
TCK-002434,CUST-001941,2024-02-29,Billing,Medium,27.3,Resolved,2
TCK-002435,CUST-001941,2024-02-03,Technical,Low,2.5,Closed,4
TCK-002436,CUST-001942,2023-11-03,Billing,Critical,11.5,Resolved,5
TCK-002437,CUST-001943,2023-02-23,Login,Medium,3.4,Resolved,5
TCK-002438,CUST-001943,12/09/2023,Technical,High,0.5,Closed,1
TCK-002439,CUST-001944,2024-07-01,Billing,Low,8.0,Resolved,4
TCK-002440,CUST-001944,2023-12-21,Feature Request,Medium,3.4,Resolved,5
TCK-002441,CUST-001944,2024-01-14,Performance,High,58.0,Resolved,5
TCK-002442,CUST-001945,2023-06-24,Login,Medium,23.6,Closed,4
TCK-002443,CUST-001947,2024-11-05,Login,Medium,10.0,Resolved,4
TCK-002444,CUST-001948,2023-01-03,Billing,Medium,24.6,Escalated,2
TCK-002445,CUST-001948,2023-02-05,Billing,High,36.5,Resolved,1
TCK-002446,CUST-001948,2023-01-05,Login,Medium,15.9,Closed,2
TCK-002447,CUST-001950,2024-10-04,Performance,Medium,24.6,Resolved,5
TCK-002448,CUST-001950,2024-12-08,Integration,Medium,12.4,Resolved,1
TCK-002449,CUST-001950,24/07/2024,Performance,Medium,27.2,Resolved,2
TCK-002450,CUST-001952,2024-09-15,Security,Medium,15.6,Closed,3
TCK-002451,CUST-001953,2023-10-08,Login,Critical,11.2,Closed,5
TCK-002452,CUST-001954,2024-03-26,Security,Medium,2.1,Resolved,1
TCK-002453,CUST-001955,2022-10-22,Feature Request,Medium,16.1,Resolved,2
TCK-002454,CUST-001955,2022-10-24,Billing,Medium,71.8,Pending,2
TCK-002455,CUST-001957,2024-05-06,Integration,Medium,13.3,Closed,4
TCK-002456,CUST-001960,2024-10-29,Login,Low,3.5,Closed,2
TCK-002457,CUST-001962,2024-06-10,Integration,Medium,8.4,Escalated,1
TCK-002458,CUST-001962,2024-08-24,Feature Request,Medium,14.7,Closed,1
TCK-002459,CUST-001964,2022-05-30,Login,Low,1.9,Resolved,1
TCK-002460,CUST-001966,2023-03-13,Performance,Low,26.6,Resolved,5
TCK-002461,CUST-001967,2023-09-22,Security,Medium,6.1,Resolved,5
TCK-002462,CUST-001967,2024-09-28,Login,Medium,22.9,Resolved,5
TCK-002463,CUST-001968,2023-01-10,Billing,Medium,30.5,Closed,3
TCK-002464,CUST-001968,2023-05-17,Billing,High,99.2,Resolved,5
TCK-002465,CUST-001969,2024-07-21,Billing,Medium,12.7,Resolved,4
TCK-002466,CUST-001969,2024-03-01,Performance,High,51.8,Resolved,4
TCK-002467,CUST-001970,2023-04-07,Technical,Low,25.9,Resolved,5
TCK-002468,CUST-001971,2024-04-01,Technical,Low,10.6,Resolved,3
TCK-002469,CUST-001971,2024-06-06,Login,Medium,70.8,Resolved,5
TCK-002470,CUST-001972,2023-03-28,Integration,Medium,36.5,Resolved,1
TCK-002471,CUST-001972,2023-11-17,Feature Request,Medium,11.8,Resolved,4
TCK-002472,CUST-001972,2022-06-23,Integration,Medium,58.2,Resolved,2
TCK-002473,CUST-001974,2024-07-09,Feature Request,Medium,114.6,Resolved,2
TCK-002474,CUST-001974,2024-07-30,Technical,Medium,25.7,Closed,2
TCK-002475,CUST-001975,2023-05-25,Performance,Low,5.1,Closed,5
TCK-002476,CUST-001975,2024-05-23,Integration,Low,30.4,Resolved,2
TCK-002477,CUST-001975,2023-04-17,Performance,Medium,22.5,Closed,5
TCK-002478,CUST-001976,2024-06-28,Technical,Medium,19.5,Escalated,1
TCK-002479,CUST-001977,2023-12-11,Technical,Medium,2.7,Resolved,4
TCK-002480,CUST-001977,2022-12-26,Integration,Medium,12.8,Resolved,5
TCK-002481,CUST-001978,2024-10-24,Login,Medium,4.0,Closed,3
TCK-002482,CUST-001979,2024-05-27,Performance,Low,30.1,Resolved,4
TCK-002483,CUST-001983,2024-09-22,Login,Medium,11.6,Resolved,4
TCK-002484,CUST-001985,2024-04-06,Login,Low,25.5,Resolved,5
TCK-002485,CUST-001986,2024-04-07,Technical,Medium,15.8,Resolved,2
TCK-002486,CUST-001986,2024-04-14,Technical,Medium,0.5,Closed,1
TCK-002487,CUST-001986,2024-05-07,Technical,Medium,3.9,Resolved,2
TCK-002488,CUST-001988,2023-01-10,Performance,High,56.3,Closed,3
TCK-002489,CUST-001988,2024-01-29,Security,Medium,8.3,Closed,2
TCK-002490,CUST-001988,2024-05-27,Login,Low,71.6,Closed,1
TCK-002491,CUST-001988,2024-06-27,Login,High,41.5,Closed,2
TCK-002492,CUST-001989,2023-12-06,Login,Medium,30.6,Resolved,1
TCK-002493,CUST-001990,2024-01-15,Technical,Low,2.2,Resolved,4
TCK-002494,CUST-001990,2024-05-27,Billing,Medium,10.7,Resolved,4
TCK-002495,CUST-001991,2023-08-07,Technical,Medium,15.9,Escalated,1
TCK-002496,CUST-001991,2023-07-17,Feature Request,Critical,31.9,Pending,2
TCK-002497,CUST-001992,2023-05-25,Technical,Medium,36.0,Resolved,4
TCK-002498,CUST-001992,2024-01-15,Billing,Medium,12.5,Resolved,5
TCK-002499,CUST-001994,2024-06-01,Billing,Low,4.6,Closed,1
TCK-002500,CUST-001998,2022-11-06,Technical,High,42.1,Escalated,2
TCK-002501,CUST-001998,2023-09-30,Technical,High,10.9,Pending,2
TCK-002502,CUST-001999,2024-06-20,Technical,Low,36.8,Closed,5
TCK-002503,CUST-002004,2023-10-22,Performance,Medium,17.7,Resolved,4
TCK-002504,CUST-002005,2023-08-21,Billing,Critical,15.8,Resolved,5
TCK-002505,CUST-002007,2024-10-29,Billing,Medium,2.4,Resolved,3
TCK-002506,CUST-002007,2024-08-23,Login,Low,11.5,Resolved,5
TCK-002507,CUST-002007,2024-09-11,Login,Medium,8.1,Resolved,3
TCK-002508,CUST-002008,2023-03-28,Security,High,6.6,Resolved,3
TCK-002509,CUST-002008,2023-12-30,Login,Medium,12.2,Closed,4
TCK-002510,CUST-002009,2022-10-07,Integration,High,21.1,Resolved,5
TCK-002511,CUST-002011,2023-08-27,Billing,Low,35.4,Resolved,4
TCK-002512,CUST-002011,2024-05-21,Security,Low,1.1,Resolved,4
TCK-002513,CUST-002011,2023-08-27,Technical,High,32.2,Closed,3
TCK-002514,CUST-002012,2023-11-22,Security,Medium,22.6,Resolved,3
TCK-002515,CUST-002012,2024-06-25,Technical,Low,4.0,Closed,5
TCK-002516,CUST-002012,2024-01-04,Technical,High,0.5,Resolved,5
TCK-002517,CUST-002013,2023-01-26,Integration,Low,6.1,Escalated,2
TCK-002518,CUST-002014,2023-01-18,Performance,Medium,10.9,Closed,4
TCK-002519,CUST-002015,2023-12-12,Technical,Medium,8.7,Resolved,2
TCK-002520,CUST-002015,2024-03-18,Integration,Low,40.6,Closed,1
TCK-002521,CUST-002016,2024-10-21,Integration,Medium,16.4,Resolved,5
TCK-002522,CUST-002018,2024-02-09,Billing,Low,64.6,Resolved,1
TCK-002523,CUST-002018,2023-01-17,Login,Medium,50.0,Resolved,1
TCK-002524,CUST-002021,2024-01-28,Integration,Medium,47.8,Resolved,4
TCK-002525,CUST-002021,2024-03-30,Billing,Medium,11.4,Resolved,5
TCK-002526,CUST-002025,2024-01-16,Performance,High,20.7,Escalated,3
TCK-002527,CUST-002026,2023-12-16,Performance,Medium,27.7,Resolved,5
TCK-002528,CUST-002026,2024-08-28,Feature Request,Medium,28.8,Resolved,4
TCK-002529,CUST-002027,2024-11-16,Performance,Low,6.7,Closed,3
TCK-002530,CUST-002027,2024-06-08,Billing,Medium,54.6,Resolved,3
TCK-002531,CUST-002028,2022-06-19,Technical,Medium,7.5,Resolved,2
TCK-002532,CUST-002028,2023-03-27,Feature Request,Medium,9.5,Resolved,2
TCK-002533,CUST-002029,2023-04-14,Login,Low,2.7,Resolved,3
TCK-002534,CUST-002030,2023-02-15,Billing,Low,0.9,Closed,4
TCK-002535,CUST-002032,2024-09-04,Feature Request,Low,6.5,Closed,4
TCK-002536,CUST-002033,2023-04-29,Security,Low,53.3,Pending,1
TCK-002537,CUST-002033,2024-07-23,Feature Request,Low,17.7,Resolved,2
TCK-002538,CUST-002034,2022-12-18,Login,Critical,22.1,Pending,2
TCK-002539,CUST-002035,2023-09-12,Billing,Medium,18.5,Resolved,4
TCK-002540,CUST-002036,2024-07-16,Technical,High,85.1,Resolved,4
TCK-002541,CUST-002037,2024-06-10,Billing,Low,47.2,Resolved,2
TCK-002542,CUST-002039,2024-09-09,Billing,Low,52.1,Resolved,3
TCK-002543,CUST-002040,2023-05-22,Billing,Low,35.6,Resolved,2
TCK-002544,CUST-002041,2023-07-03,Technical,Medium,3.4,Resolved,5
TCK-002545,CUST-002041,2024-02-06,Integration,Low,15.9,Closed,2
TCK-002546,CUST-002044,2023-12-26,Feature Request,Medium,118.6,Resolved,2
TCK-002547,CUST-002044,2023-03-17,Login,High,73.1,Resolved,4
TCK-002548,CUST-002045,27/06/2024,Feature Request,Medium,2.3,Closed,5
TCK-002549,CUST-002045,2023-11-15,Technical,Critical,15.9,Resolved,4
TCK-002550,CUST-002046,2023-08-19,Technical,High,93.8,Resolved,4
TCK-002551,CUST-002050,2023-12-04,Technical,High,74.3,Closed,4
TCK-002552,CUST-002050,2024-04-08,Technical,Medium,85.7,Resolved,4
TCK-002553,CUST-002052,2023-05-30,Integration,Low,18.9,Resolved,3
TCK-002554,CUST-002053,2023-09-21,Integration,Low,8.5,Resolved,4
TCK-002555,CUST-002055,2023-06-18,Security,Medium,39.0,Resolved,1
TCK-002556,CUST-002055,2023-03-07,Login,Low,11.8,Closed,5
TCK-002557,CUST-002056,2024-07-09,Technical,Low,0.5,Resolved,1
TCK-002558,CUST-002057,2023-06-18,Technical,Low,33.9,Resolved,5
TCK-002559,CUST-002058,2023-10-25,Billing,Critical,58.0,Resolved,4
TCK-002560,CUST-002058,2023-12-06,Technical,High,4.3,Resolved,4
TCK-002561,CUST-002058,2023-11-30,Login,Medium,16.5,Resolved,4
TCK-002562,CUST-002061,2024-05-01,Billing,Low,25.0,Resolved,5
TCK-002563,CUST-002062,2023-02-17,Billing,High,3.8,Resolved,1
TCK-002564,CUST-002065,2024-05-30,Technical,High,19.5,Closed,3
TCK-002565,CUST-002066,2024-07-28,Feature Request,Medium,4.2,Resolved,1
TCK-002566,CUST-002066,2023-01-07,Billing,Low,25.7,Resolved,2
TCK-002567,CUST-002066,2023-01-30,Security,High,39.3,Resolved,1
TCK-002568,CUST-002066,2024-07-26,Technical,Medium,14.3,Escalated,1
TCK-002569,CUST-002066,2023-01-01,Technical,High,62.7,Escalated,2
TCK-002570,CUST-002067,2024-04-17,Performance,Medium,26.0,Resolved,5
TCK-002571,CUST-002067,2024-10-14,Technical,Low,6.6,Resolved,2
TCK-002572,CUST-002067,2024-10-26,Performance,Medium,33.0,Closed,4
TCK-002573,CUST-002067,2024-02-04,Integration,High,2.2,Resolved,3
TCK-002574,CUST-002069,2022-08-25,Security,Medium,16.8,Resolved,4
TCK-002575,CUST-002070,2024-08-14,Technical,Medium,19.3,Resolved,4
TCK-002576,CUST-002070,2024-03-07,Login,Critical,0.5,Closed,4
TCK-002577,CUST-002071,2024-08-22,Technical,Medium,31.8,Resolved,5
TCK-002578,CUST-002071,2024-06-27,Login,Medium,2.4,Resolved,5
TCK-002579,CUST-002074,2024-10-24,Performance,Low,133.8,Closed,1
TCK-002580,CUST-002075,2024-10-04,Technical,High,5.8,Resolved,1
TCK-002581,CUST-002075,2024-09-01,Technical,Medium,9.2,Closed,5
TCK-002582,CUST-002076,2023-12-17,Performance,Medium,0.9,Resolved,1
TCK-002583,CUST-002078,2023-12-24,Login,Low,59.8,Closed,3
TCK-002584,CUST-002078,2023-04-14,Integration,Critical,45.4,Closed,3
TCK-002585,CUST-002079,2022-12-04,Technical,High,16.3,Resolved,2
TCK-002586,CUST-002079,2023-10-06,Billing,High,16.3,Escalated,1
TCK-002587,CUST-002081,2024-12-27,Technical,Medium,14.7,Resolved,2
TCK-002588,CUST-002082,2023-12-08,Login,Low,0.8,Closed,5
TCK-002589,CUST-002084,2023-12-10,Technical,Low,8.9,Closed,1
TCK-002590,CUST-002085,2024-05-01,Login,Low,0.5,Resolved,5
TCK-002591,CUST-002086,2024-06-08,Technical,Medium,23.0,Resolved,5
TCK-002592,CUST-002086,2024-05-25,Technical,Medium,8.5,Resolved,5
TCK-002593,CUST-002086,2024-03-30,Security,High,21.6,Resolved,4
TCK-002594,CUST-002086,2024-08-24,Technical,Low,8.1,Resolved,5
TCK-002595,CUST-002087,2023-09-26,Performance,Low,84.9,Resolved,2
TCK-002596,CUST-002087,2023-12-10,Feature Request,Medium,17.6,Resolved,2
TCK-002597,CUST-002088,2024-08-31,Technical,Critical,26.2,Closed,4
TCK-002598,CUST-002088,2023-09-29,Billing,Low,15.1,Closed,3
TCK-002599,CUST-002089,2024-03-20,Billing,Low,4.7,Closed,5
TCK-002600,CUST-002090,2023-09-18,Technical,Medium,35.6,Pending,1
TCK-002601,CUST-002090,2023-06-13,Technical,Low,64.6,Resolved,4
TCK-002602,CUST-002090,2023-05-23,Billing,Low,1.5,Resolved,1
TCK-002603,CUST-002092,2024-05-15,Login,Low,6.1,Resolved,5
TCK-002604,CUST-002093,2023-10-24,Billing,High,49.3,Closed,4
TCK-002605,CUST-002094,2023-10-30,Login,Low,16.0,Resolved,4
TCK-002606,CUST-002095,2024-09-29,Integration,Low,13.1,Closed,1
TCK-002607,CUST-002096,2024-07-31,Feature Request,High,0.5,Closed,4
TCK-002608,CUST-002096,2023-12-29,Technical,Medium,28.2,Resolved,5
TCK-002609,CUST-002097,2024-04-26,Performance,Low,17.4,Resolved,2
TCK-002610,CUST-002097,2024-04-16,Login,Low,4.8,Resolved,3
TCK-002611,CUST-002097,2024-03-22,Feature Request,Low,1.0,Resolved,1
TCK-002612,CUST-002097,2024-03-14,Technical,Medium,41.5,Resolved,2
TCK-002613,CUST-002098,2024-06-20,Login,Medium,2.8,Resolved,2
TCK-002614,CUST-002099,2024-07-04,Performance,Medium,32.4,Resolved,5
TCK-002615,CUST-002099,2024-05-16,Login,Medium,1.2,Resolved,2
TCK-002616,CUST-002099,2023-03-18,Technical,Low,1.3,Resolved,2
TCK-002617,CUST-002099,2023-03-07,Login,Medium,71.5,Resolved,3
TCK-002618,CUST-002099,2024-06-29,Technical,Low,12.8,Resolved,1
TCK-002619,CUST-002100,16/09/2023,Billing,Medium,38.8,Closed,3
TCK-002620,CUST-002100,2022-12-03,Performance,Medium,12.7,Resolved,5
TCK-002621,CUST-002100,2024-02-25,Billing,Low,6.1,Resolved,4
TCK-002622,CUST-002101,2022-05-19,Technical,Medium,44.7,Resolved,3
TCK-002623,CUST-002101,2022-04-09,Technical,Medium,19.3,Escalated,3
TCK-002624,CUST-002103,2024-02-01,Billing,Medium,8.2,Resolved,5
TCK-002625,CUST-002103,2024-02-15,Technical,Medium,41.1,Resolved,2
TCK-002626,CUST-002103,2024-02-14,Technical,Medium,57.7,Resolved,3
TCK-002627,CUST-002103,2024-02-04,Security,Medium,13.5,Resolved,2
TCK-002628,CUST-002104,2024-12-11,Technical,Low,73.3,Resolved,1
TCK-002629,CUST-002105,2023-01-25,Technical,Low,4.9,Resolved,3
TCK-002630,CUST-002105,2022-10-22,Login,Medium,17.5,Resolved,3
TCK-002631,CUST-002106,2024-04-24,Feature Request,Medium,2.3,Resolved,4
TCK-002632,CUST-002111,2024-10-10,Technical,Low,1.9,Closed,5
TCK-002633,CUST-002113,2023-11-06,Performance,Low,38.4,Closed,4
TCK-002634,CUST-002113,2023-12-22,Login,Medium,24.0,Resolved,2
TCK-002635,CUST-002113,2023-07-27,Integration,High,55.5,Closed,1
TCK-002636,CUST-002113,2023-07-14,Technical,Critical,104.4,Closed,2
TCK-002637,CUST-002116,2023-10-27,Login,Critical,112.4,Resolved,3
TCK-002638,CUST-002116,2024-06-10,Login,Low,3.0,Resolved,5
TCK-002639,CUST-002116,2023-06-23,Billing,Medium,15.9,Resolved,5
TCK-002640,CUST-002117,2024-03-30,Technical,Medium,7.3,Resolved,3
TCK-002641,CUST-002117,19/04/2024,Technical,Medium,6.3,Closed,5
TCK-002642,CUST-002117,2024-09-20,Feature Request,Medium,4.3,Resolved,3
TCK-002643,CUST-002117,2024-05-28,Technical,Low,4.0,Closed,5
TCK-002644,CUST-002119,2024-08-06,Login,Low,76.8,Escalated,2
TCK-002645,CUST-002119,2024-05-24,Login,Critical,8.7,Resolved,2
TCK-002646,CUST-002120,2024-08-23,Feature Request,Medium,1.5,Resolved,4
TCK-002647,CUST-002120,2024-08-23,Technical,High,67.6,Closed,4
TCK-002648,CUST-002121,2024-02-14,Integration,Low,2.6,Resolved,1
TCK-002649,CUST-002121,2024-09-25,Billing,Low,56.0,Resolved,3
TCK-002650,CUST-002121,2024-06-09,Billing,Medium,1.6,Resolved,1
TCK-002651,CUST-002121,2024-06-03,Performance,Low,25.4,Resolved,4
TCK-002652,CUST-002123,2023-07-20,Login,High,155.4,Resolved,4
TCK-002653,CUST-002124,2024-05-10,Billing,Medium,11.0,Resolved,2
TCK-002654,CUST-002125,2022-10-13,Billing,Low,9.8,Escalated,3
TCK-002655,CUST-002126,2023-04-13,Login,Low,123.2,Closed,3
TCK-002656,CUST-002126,2023-04-27,Technical,Medium,31.9,Resolved,4
TCK-002657,CUST-002128,2024-07-30,Login,Critical,13.2,Resolved,5
TCK-002658,CUST-002128,2023-11-12,Technical,Low,52.5,Resolved,5
TCK-002659,CUST-002129,2024-03-19,Security,High,43.7,Resolved,1
TCK-002660,CUST-002129,2024-03-25,Technical,Low,10.0,Closed,1
TCK-002661,CUST-002130,2024-07-24,Login,Low,25.4,Resolved,5
TCK-002662,CUST-002130,2024-04-06,Billing,Low,1.0,Resolved,4
TCK-002663,CUST-002132,2023-03-18,Technical,Low,4.5,Closed,1
TCK-002664,CUST-002132,2024-06-23,Feature Request,Medium,12.2,Closed,2
TCK-002665,CUST-002132,2024-04-18,Feature Request,Medium,1.7,Resolved,3
TCK-002666,CUST-002132,2023-10-11,Login,High,19.5,Pending,1
TCK-002667,CUST-002132,2023-03-19,Performance,Low,19.5,Pending,2
TCK-002668,CUST-002132,2024-02-23,Technical,High,27.1,Closed,1
TCK-002669,CUST-002133,2024-03-22,Technical,Critical,55.3,Closed,2
TCK-002670,CUST-002133,2024-01-14,Billing,Low,11.9,Resolved,2
TCK-002671,CUST-002133,2024-04-22,Login,Low,19.0,Closed,2
TCK-002672,CUST-002133,2023-12-28,Technical,High,58.2,Resolved,1
TCK-002673,CUST-002134,2024-11-23,Integration,Medium,10.5,Closed,5
TCK-002674,CUST-002135,2024-01-07,Technical,Low,23.4,Resolved,2
TCK-002675,CUST-002137,2023-09-23,Billing,Medium,33.9,Resolved,3
TCK-002676,CUST-002137,2024-01-09,Technical,Low,30.1,Closed,4
TCK-002677,CUST-002139,2024-04-08,Billing,Low,0.5,Resolved,4
TCK-002678,CUST-002141,2023-01-27,Technical,Medium,3.3,Closed,4
TCK-002679,CUST-002142,2023-04-12,Billing,Low,0.5,Pending,2
TCK-002680,CUST-002143,2024-08-30,Billing,Medium,15.9,Resolved,3
TCK-002681,CUST-002145,2022-12-18,Technical,Medium,17.1,Resolved,1
TCK-002682,CUST-002147,2024-04-07,Billing,Medium,25.9,Resolved,5
TCK-002683,CUST-002148,2023-10-06,Billing,High,59.5,Resolved,1
TCK-002684,CUST-002148,2023-09-07,Integration,Medium,10.5,Resolved,1
TCK-002685,CUST-002149,2022-09-11,Technical,Low,0.5,Closed,5
TCK-002686,CUST-002150,2023-05-08,Login,Critical,12.0,Resolved,5
TCK-002687,CUST-002151,2022-06-07,Technical,Low,11.6,Resolved,4
TCK-002688,CUST-002153,2024-08-07,Technical,Low,15.8,Closed,4
TCK-002689,CUST-002154,2024-03-26,Technical,Medium,5.4,Closed,4
TCK-002690,CUST-002156,2024-08-09,Login,Medium,1.9,Resolved,5
TCK-002691,CUST-002157,2023-09-07,Technical,Low,24.6,Resolved,1
TCK-002692,CUST-002158,2023-07-06,Technical,Low,7.5,Resolved,4
TCK-002693,CUST-002159,2024-06-10,Login,Low,7.8,Closed,5
TCK-002694,CUST-002159,2024-01-25,Technical,Medium,1.2,Resolved,1
TCK-002695,CUST-002160,2023-09-22,Performance,Medium,0.5,Pending,3
TCK-002696,CUST-002161,2024-11-24,Billing,High,21.7,Closed,2
TCK-002697,CUST-002162,2024-08-30,Technical,High,32.8,Resolved,1
TCK-002698,CUST-002162,2024-10-06,Technical,Medium,3.8,Pending,1
TCK-002699,CUST-002162,2024-03-18,Integration,Low,53.8,Escalated,1
TCK-002700,CUST-002163,2024-11-10,Billing,Low,7.4,Resolved,1
TCK-002701,CUST-002164,2024-05-31,Login,Medium,1.6,Resolved,4
TCK-002702,CUST-002165,2023-02-16,Technical,Medium,2.0,Closed,1
TCK-002703,CUST-002165,2023-07-29,Integration,Low,27.4,Resolved,1
TCK-002704,CUST-002166,2022-11-24,Performance,Medium,12.0,Pending,2
TCK-002705,CUST-002166,2022-11-19,Integration,Medium,47.4,Resolved,2
TCK-002706,CUST-002167,2023-03-04,Feature Request,Low,4.4,Resolved,5
TCK-002707,CUST-002170,03/09/2024,Technical,Medium,4.9,Resolved,2
TCK-002708,CUST-002170,2024-10-01,Login,High,13.9,Resolved,3
TCK-002709,CUST-002173,2024-03-24,Technical,Low,65.9,Resolved,4
TCK-002710,CUST-002174,2024-05-26,Login,Low,4.7,Resolved,4
TCK-002711,CUST-002175,2023-11-22,Feature Request,Medium,28.1,Resolved,4
TCK-002712,CUST-002175,2022-10-17,Technical,High,30.6,Escalated,2
TCK-002713,CUST-002175,2023-05-02,Integration,Low,1.6,Closed,4
TCK-002714,CUST-002176,2023-11-13,Performance,Medium,25.1,Escalated,3
TCK-002715,CUST-002176,2023-12-09,Billing,Low,63.8,Closed,2
TCK-002716,CUST-002180,2024-02-23,Technical,Critical,39.1,Resolved,4
TCK-002717,CUST-002180,2023-04-15,Integration,Low,34.7,Resolved,1
TCK-002718,CUST-002180,2023-04-26,Feature Request,High,40.5,Resolved,1
TCK-002719,CUST-002181,2023-09-30,Integration,Medium,8.3,Resolved,5
TCK-002720,CUST-002182,2022-12-02,Billing,Medium,6.4,Resolved,4
TCK-002721,CUST-002182,2024-02-27,Technical,Medium,17.7,Resolved,5
TCK-002722,CUST-002183,2024-08-02,Billing,Critical,10.6,Resolved,3
TCK-002723,CUST-002184,2024-04-18,Login,Low,1.6,Resolved,2
TCK-002724,CUST-002185,2024-02-25,Login,Critical,83.6,Resolved,5
TCK-002725,CUST-002186,2024-03-13,Technical,Medium,55.7,Resolved,1
TCK-002726,CUST-002186,2024-02-13,Integration,High,114.8,Resolved,3
TCK-002727,CUST-002187,2024-07-23,Technical,Medium,2.9,Resolved,4
TCK-002728,CUST-002188,2024-07-01,Technical,Critical,56.4,Resolved,3
TCK-002729,CUST-002189,2024-07-24,Technical,Low,25.1,Resolved,4
TCK-002730,CUST-002189,2024-06-14,Billing,Medium,20.7,Escalated,3
TCK-002731,CUST-002190,2022-12-02,Performance,Critical,118.7,Closed,5
TCK-002732,CUST-002194,2024-07-19,Performance,Low,8.7,Resolved,5
TCK-002733,CUST-002194,2023-10-27,Login,Medium,18.3,Resolved,5
TCK-002734,CUST-002195,2024-06-26,Billing,High,40.5,Closed,5
TCK-002735,CUST-002196,2022-04-20,Technical,Low,16.8,Closed,4
TCK-002736,CUST-002199,2023-12-07,Technical,Low,19.7,Resolved,1
TCK-002737,CUST-002199,2023-12-02,Login,Low,76.9,Closed,1
TCK-002738,CUST-002200,2024-09-24,Billing,Low,12.3,Closed,3
TCK-002739,CUST-002203,21/11/2023,Billing,Medium,2.1,Closed,4
TCK-002740,CUST-002203,2023-11-09,Integration,Medium,3.2,Resolved,5
TCK-002741,CUST-002204,2024-08-31,Security,High,17.8,Closed,4
TCK-002742,CUST-002204,2022-02-27,Billing,Low,13.5,Resolved,4
TCK-002743,CUST-002206,2024-06-29,Technical,Medium,27.0,Resolved,4
TCK-002744,CUST-002206,2024-12-18,Login,Medium,2.8,Resolved,4
TCK-002745,CUST-002207,2024-03-28,Billing,Critical,4.6,Closed,4
TCK-002746,CUST-002207,2024-06-28,Technical,High,35.1,Closed,5
TCK-002747,CUST-002207,2024-08-21,Technical,Low,10.3,Resolved,5
TCK-002748,CUST-002209,2024-06-22,Feature Request,Medium,5.8,Closed,5
TCK-002749,CUST-002210,2023-11-20,Billing,Low,2.5,Resolved,4
TCK-002750,CUST-002210,2024-01-28,Billing,Medium,4.6,Resolved,5
TCK-002751,CUST-002210,2024-05-14,Integration,Medium,0.8,Closed,4
TCK-002752,CUST-002211,2023-09-06,Technical,High,10.3,Resolved,4
TCK-002753,CUST-002212,2023-01-16,Login,Medium,2.5,Resolved,4
TCK-002754,CUST-002212,02/02/2023,Billing,High,16.0,Resolved,3
TCK-002755,CUST-002212,08/02/2023,Login,Medium,41.2,Pending,2
TCK-002756,CUST-002213,2023-11-10,Technical,Medium,16.6,Closed,4
TCK-002757,CUST-002215,08/10/2022,Billing,Medium,14.6,Resolved,3
TCK-002758,CUST-002216,2023-08-30,Login,Low,70.6,Resolved,4
TCK-002759,CUST-002216,2023-12-16,Technical,Low,6.1,Closed,4
TCK-002760,CUST-002219,2023-11-14,Performance,Medium,14.6,Resolved,4
TCK-002761,CUST-002221,2024-03-14,Technical,Medium,52.0,Resolved,2
TCK-002762,CUST-002221,2024-05-05,Technical,Low,5.7,Closed,4
TCK-002763,CUST-002221,2024-03-01,Billing,High,10.4,Closed,3
TCK-002764,CUST-002221,2024-05-15,Technical,Medium,10.4,Closed,2
TCK-002765,CUST-002221,2024-02-26,Performance,High,162.8,Pending,1
TCK-002766,CUST-002221,2024-03-06,Integration,Low,4.3,Resolved,2
TCK-002767,CUST-002222,2024-02-18,Performance,Low,11.3,Closed,5
TCK-002768,CUST-002223,2024-08-14,Technical,Low,13.5,Resolved,2
TCK-002769,CUST-002224,2024-04-01,Technical,Low,52.2,Pending,1
TCK-002770,CUST-002225,2024-06-14,Performance,Low,2.4,Closed,2
TCK-002771,CUST-002225,2024-06-09,Login,Medium,27.8,Closed,2
TCK-002772,CUST-002225,2024-08-24,Integration,Critical,192.6,Pending,3
TCK-002773,CUST-002228,2024-07-20,Integration,Medium,0.5,Resolved,4
TCK-002774,CUST-002229,2024-01-20,Login,Critical,9.9,Closed,4
TCK-002775,CUST-002230,2024-04-16,Technical,Medium,71.5,Closed,3
TCK-002776,CUST-002231,2023-07-09,Integration,Low,22.1,Escalated,2
TCK-002777,CUST-002232,2022-12-02,Login,Medium,104.5,Resolved,2
TCK-002778,CUST-002233,2024-06-20,Billing,Medium,7.8,Resolved,5
TCK-002779,CUST-002234,2024-06-05,Billing,Medium,11.1,Resolved,2
TCK-002780,CUST-002235,2024-12-22,Technical,Medium,5.1,Closed,4
TCK-002781,CUST-002236,2024-11-19,Billing,Low,6.0,Closed,4
TCK-002782,CUST-002237,10/05/2024,Login,Low,25.8,Closed,2
TCK-002783,CUST-002237,26/06/2024,Billing,Low,24.0,Resolved,3
TCK-002784,CUST-002237,2024-05-09,Integration,High,35.5,Resolved,3
TCK-002785,CUST-002239,2023-07-27,Technical,Low,31.1,Resolved,4
TCK-002786,CUST-002240,2023-03-04,Security,Medium,19.9,Closed,1
TCK-002787,CUST-002240,2024-07-04,Technical,Medium,31.6,Pending,2
TCK-002788,CUST-002241,2023-06-28,Performance,Medium,35.7,Resolved,1
TCK-002789,CUST-002241,2023-07-06,Technical,Medium,4.0,Resolved,5
TCK-002790,CUST-002241,2023-07-08,Integration,Low,1.7,Escalated,1
TCK-002791,CUST-002241,2023-05-10,Billing,Low,39.3,Resolved,1
TCK-002792,CUST-002241,2023-07-10,Performance,Low,2.5,Closed,1
TCK-002793,CUST-002243,2024-07-16,Technical,Medium,63.8,Resolved,5
TCK-002794,CUST-002244,2023-05-26,Feature Request,Low,28.1,Closed,5
TCK-002795,CUST-002244,2022-07-11,Technical,Medium,0.5,Resolved,4
TCK-002796,CUST-002245,2024-05-16,Technical,High,2.8,Resolved,2
TCK-002797,CUST-002245,2024-06-08,Technical,Critical,3.4,Resolved,3
TCK-002798,CUST-002245,2024-06-08,Billing,Low,58.8,Pending,3
TCK-002799,CUST-002246,2024-05-13,Login,Low,11.9,Resolved,5
TCK-002800,CUST-002247,2024-05-10,Login,Medium,29.2,Closed,4
TCK-002801,CUST-002247,2024-04-04,Performance,Low,20.9,Resolved,4
TCK-002802,CUST-002247,2023-03-19,Technical,Low,6.2,Resolved,3
TCK-002803,CUST-002248,2023-11-17,Billing,Low,17.7,Pending,3
TCK-002804,CUST-002248,24/11/2023,Billing,High,131.9,Resolved,2
TCK-002805,CUST-002248,2023-11-14,Technical,Medium,16.5,Resolved,1
TCK-002806,CUST-002252,2024-04-18,Feature Request,High,36.4,Resolved,3
TCK-002807,CUST-002254,2023-08-26,Technical,Medium,13.8,Resolved,4
TCK-002808,CUST-002255,2022-11-22,Technical,Low,75.4,Resolved,4
TCK-002809,CUST-002255,2024-04-16,Login,Low,0.6,Resolved,5
TCK-002810,CUST-002256,2023-11-28,Feature Request,Medium,1.1,Resolved,2
TCK-002811,CUST-002258,2024-01-06,Performance,Medium,106.4,Resolved,1
TCK-002812,CUST-002259,2024-08-25,Performance,High,99.7,Resolved,3
TCK-002813,CUST-002263,2024-01-08,Technical,Medium,3.7,Resolved,3
TCK-002814,CUST-002263,2024-02-26,Technical,Medium,18.8,Resolved,2
TCK-002815,CUST-002263,2024-03-31,Login,Low,7.9,Resolved,1
TCK-002816,CUST-002263,2024-08-19,Integration,Medium,0.8,Pending,1
TCK-002817,CUST-002263,2024-05-27,Billing,Medium,19.3,Resolved,4
TCK-002818,CUST-002265,2024-06-11,Technical,Medium,0.5,Escalated,1
TCK-002819,CUST-002265,2024-06-20,Technical,Low,2.5,Resolved,1
TCK-002820,CUST-002265,2024-06-21,Technical,Low,34.5,Escalated,2
TCK-002821,CUST-002265,2024-06-05,Performance,Low,24.2,Resolved,1
TCK-002822,CUST-002266,2024-03-20,Performance,Medium,13.3,Closed,5
TCK-002823,CUST-002266,2023-11-14,Technical,Medium,35.4,Closed,3
TCK-002824,CUST-002267,2022-07-20,Login,Medium,10.2,Closed,1
TCK-002825,CUST-002268,2024-08-14,Integration,Medium,7.8,Resolved,4
TCK-002826,CUST-002269,2024-03-13,Login,Medium,2.8,Resolved,5
TCK-002827,CUST-002270,2023-02-27,Billing,High,50.0,Resolved,3
TCK-002828,CUST-002271,2024-03-09,Technical,Medium,34.2,Closed,3
TCK-002829,CUST-002272,2023-12-24,Login,Low,18.0,Pending,1
TCK-002830,CUST-002272,2024-02-28,Login,Medium,34.9,Resolved,1
TCK-002831,CUST-002272,2024-01-23,Technical,Low,52.5,Closed,2
TCK-002832,CUST-002273,2023-07-30,Performance,Medium,13.3,Resolved,4
TCK-002833,CUST-002273,2023-01-14,Login,Medium,0.7,Resolved,5
TCK-002834,CUST-002273,2023-03-25,Technical,Critical,2.1,Resolved,5
TCK-002835,CUST-002274,2024-10-25,Billing,Medium,2.2,Closed,4
TCK-002836,CUST-002274,2024-08-28,Billing,Low,4.4,Closed,5
TCK-002837,CUST-002274,2024-07-02,Technical,High,18.3,Resolved,1
TCK-002838,CUST-002274,2024-04-10,Billing,Low,16.9,Resolved,4
TCK-002839,CUST-002274,2024-11-11,Technical,Medium,6.5,Closed,3
TCK-002840,CUST-002275,20/07/2024,Billing,Low,15.5,Resolved,4
TCK-002841,CUST-002276,2024-08-22,Technical,Low,6.8,Resolved,2
TCK-002842,CUST-002276,2023-06-17,Billing,High,99.9,Resolved,3
TCK-002843,CUST-002280,2024-09-15,Performance,High,12.2,Closed,4
TCK-002844,CUST-002281,2024-06-01,Security,Medium,25.6,Closed,1
TCK-002845,CUST-002281,2024-08-20,Billing,Low,9.9,Resolved,1
TCK-002846,CUST-002281,2024-08-31,Billing,High,51.5,Resolved,2
TCK-002847,CUST-002282,2023-10-31,Billing,Medium,29.4,Closed,2
TCK-002848,CUST-002282,2024-04-09,Billing,Medium,13.6,Pending,3
TCK-002849,CUST-002283,2024-05-01,Integration,High,49.0,Resolved,2
TCK-002850,CUST-002284,2022-10-03,Performance,Medium,18.6,Escalated,3
TCK-002851,CUST-002284,2022-10-27,Performance,Low,3.9,Resolved,3
TCK-002852,CUST-002284,2022-11-17,Technical,Low,8.6,Resolved,1
TCK-002853,CUST-002284,2022-03-17,Technical,High,38.5,Escalated,1
TCK-002854,CUST-002285,2024-09-17,Technical,Low,8.4,Closed,4
TCK-002855,CUST-002285,2024-11-03,Performance,Low,12.5,Resolved,4
TCK-002856,CUST-002285,2024-07-10,Performance,Medium,8.8,Resolved,5
TCK-002857,CUST-002287,2024-08-28,Feature Request,Medium,16.4,Resolved,3
TCK-002858,CUST-002289,2022-12-11,Feature Request,Medium,14.6,Resolved,5
TCK-002859,CUST-002292,2024-09-16,Performance,High,43.7,Resolved,4
TCK-002860,CUST-002293,2024-03-09,Technical,High,15.8,Resolved,1
TCK-002861,CUST-002293,2024-01-22,Technical,Medium,10.6,Closed,1
TCK-002862,CUST-002293,2024-02-21,Login,Medium,31.1,Closed,3
TCK-002863,CUST-002293,2023-08-05,Security,Critical,16.0,Closed,3
TCK-002864,CUST-002293,2023-09-06,Integration,Critical,87.4,Resolved,4
TCK-002865,CUST-002293,2024-03-19,Performance,Medium,14.8,Closed,2
TCK-002866,CUST-002293,2024-02-22,Billing,Medium,58.0,Closed,1
TCK-002867,CUST-002294,2022-10-24,Login,High,1.3,Closed,5
TCK-002868,CUST-002294,2023-05-11,Login,Low,2.8,Resolved,5
TCK-002869,CUST-002295,2024-03-28,Technical,Medium,2.5,Resolved,1
TCK-002870,CUST-002296,2023-11-25,Login,High,16.6,Resolved,3
TCK-002871,CUST-002296,2024-09-24,Performance,Medium,6.8,Resolved,4
TCK-002872,CUST-002296,2024-03-14,Technical,Low,10.3,Resolved,4
TCK-002873,CUST-002297,2024-02-09,Integration,Low,8.9,Pending,1
TCK-002874,CUST-002297,2023-02-01,Performance,Low,26.0,Escalated,2
TCK-002875,CUST-002298,2024-06-17,Technical,High,13.1,Resolved,4
TCK-002876,CUST-002298,2024-09-02,Technical,High,82.8,Pending,1
TCK-002877,CUST-002299,2024-10-15,Billing,Low,14.2,Closed,4
TCK-002878,CUST-002300,2024-11-20,Integration,Critical,43.6,Resolved,4
TCK-002879,CUST-002301,2024-08-23,Billing,Low,3.4,Closed,4
TCK-002880,CUST-002302,2023-04-16,Performance,Low,3.0,Resolved,4
TCK-002881,CUST-002305,2023-12-08,Billing,Low,31.7,Resolved,5
TCK-002882,CUST-002306,2022-11-05,Technical,Low,0.8,Resolved,4
TCK-002883,CUST-002307,2024-02-08,Billing,Medium,7.5,Resolved,4
TCK-002884,CUST-002307,2023-08-23,Performance,Medium,0.9,Resolved,5
TCK-002885,CUST-002307,2022-08-18,Technical,Medium,3.9,Resolved,5
TCK-002886,CUST-002308,2022-08-14,Feature Request,Medium,0.7,Resolved,1
TCK-002887,CUST-002308,2022-11-26,Integration,Critical,28.0,Escalated,1
TCK-002888,CUST-002308,2022-11-24,Performance,Low,4.8,Resolved,3
TCK-002889,CUST-002310,2024-05-19,Billing,Critical,10.1,Resolved,5
TCK-002890,CUST-002311,2024-08-09,Performance,High,6.7,Resolved,2
TCK-002891,CUST-002314,2023-09-05,Performance,Low,15.9,Resolved,3
TCK-002892,CUST-002314,2023-09-30,Billing,Low,10.3,Resolved,3
TCK-002893,CUST-002314,2023-09-15,Billing,Low,15.0,Closed,1
TCK-002894,CUST-002315,2022-03-15,Technical,Critical,9.0,Resolved,4
TCK-002895,CUST-002315,2024-11-01,Login,Low,2.5,Resolved,5
TCK-002896,CUST-002315,2022-09-28,Login,High,13.4,Resolved,4
TCK-002897,CUST-002316,2022-12-06,Integration,Critical,86.0,Escalated,1
TCK-002898,CUST-002316,2023-02-06,Performance,High,2.1,Resolved,1
TCK-002899,CUST-002316,2022-12-09,Login,Low,40.1,Resolved,2
TCK-002900,CUST-002316,2022-12-15,Performance,Medium,0.5,Closed,2
TCK-002901,CUST-002317,2023-12-18,Technical,High,71.4,Closed,5
TCK-002902,CUST-002317,2024-01-27,Login,Medium,41.3,Resolved,5
TCK-002903,CUST-002319,2024-04-13,Billing,Critical,21.5,Closed,3
TCK-002904,CUST-002319,2024-09-25,Security,Medium,3.0,Closed,4
TCK-002905,CUST-002319,2024-12-01,Integration,Low,2.0,Resolved,4
TCK-002906,CUST-002320,2024-10-21,Feature Request,Medium,4.6,Closed,4
TCK-002907,CUST-002321,2024-06-23,Technical,Low,27.2,Resolved,4
TCK-002908,CUST-002321,2024-10-31,Performance,Medium,19.5,Resolved,5
TCK-002909,CUST-002322,2024-05-19,Performance,Low,9.8,Resolved,5
TCK-002910,CUST-002322,2024-10-03,Technical,Medium,0.6,Resolved,5
TCK-002911,CUST-002322,2024-12-12,Integration,Medium,9.1,Resolved,3
TCK-002912,CUST-002323,2024-07-15,Technical,Critical,26.7,Resolved,5
TCK-002913,CUST-002323,2024-08-06,Billing,Low,9.9,Resolved,4
TCK-002914,CUST-002324,2024-11-16,Technical,Low,2.7,Resolved,4
TCK-002915,CUST-002325,2022-06-07,Billing,Critical,11.4,Resolved,5
TCK-002916,CUST-002327,2024-08-28,Integration,Low,15.1,Resolved,3
TCK-002917,CUST-002327,2024-03-30,Login,Low,42.3,Closed,2
TCK-002918,CUST-002327,2024-09-30,Technical,Low,43.9,Escalated,2
TCK-002919,CUST-002328,2023-04-29,Performance,High,33.5,Escalated,2
TCK-002920,CUST-002328,2023-07-25,Login,Medium,46.0,Escalated,1
TCK-002921,CUST-002329,2024-07-23,Technical,Low,62.8,Resolved,5
TCK-002922,CUST-002330,2024-09-13,Technical,Low,3.0,Resolved,5
TCK-002923,CUST-002330,2024-05-25,Technical,High,55.6,Resolved,5
TCK-002924,CUST-002331,2023-10-19,Performance,Medium,139.2,Resolved,1
TCK-002925,CUST-002331,2023-10-07,Login,Medium,0.5,Pending,1
TCK-002926,CUST-002334,2024-02-08,Integration,Medium,13.8,Resolved,4
TCK-002927,CUST-002335,2022-06-17,Technical,Medium,10.3,Resolved,3
TCK-002928,CUST-002337,2024-01-20,Performance,Low,23.5,Resolved,4
TCK-002929,CUST-002337,02/10/2024,Integration,Low,13.4,Closed,2
TCK-002930,CUST-002338,2024-09-20,Billing,Low,10.1,Closed,4
TCK-002931,CUST-002339,2024-07-26,Integration,High,25.3,Resolved,4
TCK-002932,CUST-002341,29/04/2022,Billing,Medium,1.8,Closed,4
TCK-002933,CUST-002341,2022-03-26,Login,Critical,7.6,Escalated,1
TCK-002934,CUST-002342,2023-07-23,Billing,High,33.2,Resolved,3
TCK-002935,CUST-002344,2024-07-01,Technical,Critical,6.1,Pending,3
TCK-002936,CUST-002344,20/01/2024,Technical,Low,1.8,Resolved,3
TCK-002937,CUST-002344,2023-12-29,Billing,Low,3.2,Escalated,1
TCK-002938,CUST-002344,2024-05-21,Billing,Critical,31.6,Resolved,3
TCK-002939,CUST-002345,2023-10-09,Performance,High,97.1,Resolved,5
TCK-002940,CUST-002346,2024-07-26,Technical,Medium,5.7,Resolved,3
TCK-002941,CUST-002346,2024-04-04,Integration,High,26.1,Resolved,2
TCK-002942,CUST-002348,2023-02-09,Technical,Medium,7.1,Escalated,2
TCK-002943,CUST-002348,2023-10-06,Billing,High,48.6,Resolved,2
TCK-002944,CUST-002349,2024-03-30,Billing,High,65.6,Resolved,5
TCK-002945,CUST-002349,2024-07-30,Login,Low,14.0,Resolved,5
TCK-002946,CUST-002350,2022-11-02,Billing,Medium,3.3,Resolved,3
TCK-002947,CUST-002351,2024-03-28,Billing,Low,129.4,Escalated,1
TCK-002948,CUST-002351,2024-08-23,Billing,Low,13.3,Resolved,5
TCK-002949,CUST-002353,2024-03-19,Login,Medium,69.5,Resolved,4
TCK-002950,CUST-002353,2024-02-16,Technical,Medium,59.6,Resolved,4
TCK-002951,CUST-002353,2023-01-25,Billing,Low,24.7,Resolved,3
TCK-002952,CUST-002354,2024-10-12,Technical,Medium,10.1,Resolved,4
TCK-002953,CUST-002355,2023-08-14,Feature Request,Low,69.7,Resolved,1
TCK-002954,CUST-002356,2023-10-28,Technical,Medium,43.3,Resolved,4
TCK-002955,CUST-002356,2024-07-07,Login,Low,54.5,Resolved,3
TCK-002956,CUST-002357,2023-09-05,Security,Low,10.0,Closed,5
TCK-002957,CUST-002358,2024-02-27,Performance,Critical,20.5,Resolved,2
TCK-002958,CUST-002359,2024-05-04,Login,Low,20.3,Resolved,2
TCK-002959,CUST-002360,2024-09-07,Technical,Low,1.9,Resolved,5
TCK-002960,CUST-002361,2024-05-13,Technical,Critical,28.1,Resolved,5
TCK-002961,CUST-002363,2023-05-30,Technical,Low,12.3,Resolved,4
TCK-002962,CUST-002364,2023-06-11,Technical,Medium,18.0,Resolved,1
TCK-002963,CUST-002364,2023-08-17,Integration,Critical,77.6,Resolved,3
TCK-002964,CUST-002364,2023-08-06,Technical,Critical,22.3,Escalated,2
TCK-002965,CUST-002364,2023-05-18,Login,High,4.9,Resolved,1
TCK-002966,CUST-002364,2023-06-23,Login,Low,48.8,Resolved,4
TCK-002967,CUST-002365,2024-11-16,Performance,Low,10.2,Pending,1
TCK-002968,CUST-002365,2023-10-06,Billing,Medium,47.9,Resolved,3
TCK-002969,CUST-002366,2024-03-24,Login,Medium,3.5,Resolved,1
TCK-002970,CUST-002369,2023-10-18,Login,Medium,3.9,Closed,2
TCK-002971,CUST-002370,2022-10-26,Technical,Medium,0.6,Resolved,4
TCK-002972,CUST-002371,2023-12-18,Billing,Medium,0.8,Escalated,1
TCK-002973,CUST-002371,2023-12-28,Login,Low,33.8,Resolved,3
TCK-002974,CUST-002371,2024-02-19,Login,Critical,40.3,Escalated,1
TCK-002975,CUST-002371,2023-12-22,Integration,Low,11.2,Closed,5
TCK-002976,CUST-002372,2023-08-30,Feature Request,Critical,21.2,Closed,4
TCK-002977,CUST-002372,2024-08-22,Technical,Medium,4.8,Closed,2
TCK-002978,CUST-002373,2024-06-06,Technical,Low,3.3,Resolved,3
TCK-002979,CUST-002374,2024-12-19,Login,Critical,50.1,Resolved,5
TCK-002980,CUST-002375,2024-08-09,Technical,Low,9.8,Resolved,4
TCK-002981,CUST-002376,2023-03-07,Technical,Low,6.1,Resolved,3
TCK-002982,CUST-002376,2023-07-06,Integration,Low,18.5,Pending,2
TCK-002983,CUST-002383,2024-08-15,Integration,Critical,40.5,Resolved,5
TCK-002984,CUST-002384,2024-12-13,Technical,Medium,19.1,Resolved,5
TCK-002985,CUST-002385,23/11/2024,Technical,Medium,0.5,Resolved,4
TCK-002986,CUST-002385,2024-12-03,Technical,Critical,94.0,Resolved,5
TCK-002987,CUST-002385,2024-12-11,Technical,Medium,9.9,Closed,5
TCK-002988,CUST-002386,2024-03-07,Integration,Medium,8.5,Resolved,4
TCK-002989,CUST-002386,2024-03-22,Billing,Medium,54.0,Resolved,1
TCK-002990,CUST-002386,2024-02-11,Technical,High,80.8,Pending,1
TCK-002991,CUST-002387,2024-09-28,Technical,Medium,5.3,Resolved,4
TCK-002992,CUST-002387,2023-08-28,Performance,Low,29.6,Closed,4
TCK-002993,CUST-002389,2024-01-14,Integration,Low,31.3,Resolved,3
TCK-002994,CUST-002389,2024-03-29,Technical,Low,27.2,Closed,1
TCK-002995,CUST-002391,2023-10-11,Feature Request,Low,94.9,Resolved,1
TCK-002996,CUST-002391,2023-10-17,Integration,Medium,12.6,Closed,4
TCK-002997,CUST-002392,2022-07-27,Technical,Medium,73.5,Pending,1
TCK-002998,CUST-002394,2023-05-08,Billing,Medium,1.8,Resolved,4
TCK-002999,CUST-002394,2024-03-04,Billing,High,20.8,Resolved,5
TCK-003000,CUST-002394,2024-09-28,Performance,Medium,20.7,Closed,4
TCK-003001,CUST-002394,2023-05-28,Billing,Medium,31.6,Resolved,5
TCK-003002,CUST-002394,2024-07-23,Technical,High,3.3,Resolved,5
TCK-003003,CUST-002395,2024-03-07,Technical,Medium,5.1,Resolved,3
TCK-003004,CUST-002396,2023-10-05,Technical,Medium,87.2,Closed,5
TCK-003005,CUST-002396,2023-05-26,Feature Request,Critical,135.3,Resolved,5
TCK-003006,CUST-002397,2023-04-30,Feature Request,Low,6.3,Resolved,4
TCK-003007,CUST-002400,2024-08-29,Login,Critical,6.8,Resolved,3
TCK-003008,CUST-002401,2023-01-25,Billing,High,8.8,Pending,2
TCK-003009,CUST-002401,2022-09-12,Login,High,25.4,Pending,3
TCK-003010,CUST-002401,2023-09-16,Performance,Critical,16.3,Closed,2
TCK-003011,CUST-002403,2024-09-12,Billing,Critical,7.0,Resolved,3
TCK-003012,CUST-002403,2024-10-20,Integration,Low,38.6,Resolved,2
TCK-003013,CUST-002404,2023-03-02,Technical,Critical,0.9,Resolved,2
TCK-003014,CUST-002404,2022-12-14,Billing,Critical,13.7,Escalated,2
TCK-003015,CUST-002407,2023-12-01,Login,Medium,0.5,Closed,4
TCK-003016,CUST-002407,2024-12-16,Technical,Medium,2.9,Resolved,4
TCK-003017,CUST-002407,2023-09-16,Billing,Medium,15.0,Resolved,5
TCK-003018,CUST-002407,2024-04-25,Feature Request,Medium,8.1,Closed,4
TCK-003019,CUST-002407,28/04/2024,Feature Request,High,84.0,Resolved,4
TCK-003020,CUST-002408,2024-03-17,Technical,Medium,3.5,Escalated,3
TCK-003021,CUST-002408,2024-04-28,Login,Medium,6.1,Closed,1
TCK-003022,CUST-002408,2024-02-23,Technical,Low,10.5,Resolved,1
TCK-003023,CUST-002409,2024-08-26,Billing,Low,15.2,Closed,2
TCK-003024,CUST-002409,2024-04-21,Login,Medium,5.0,Resolved,4
TCK-003025,CUST-002410,2024-08-31,Integration,Low,13.6,Closed,3
TCK-003026,CUST-002411,2022-10-16,Login,Medium,33.0,Resolved,1
TCK-003027,CUST-002411,2022-12-21,Technical,High,37.0,Closed,4
TCK-003028,CUST-002411,2022-10-04,Feature Request,Medium,10.4,Escalated,1
TCK-003029,CUST-002413,2024-07-07,Technical,Critical,28.2,Resolved,5
TCK-003030,CUST-002413,2024-07-02,Billing,Medium,36.3,Resolved,4
TCK-003031,CUST-002413,2024-11-11,Integration,Low,3.6,Resolved,4
TCK-003032,CUST-002415,2024-09-25,Billing,Medium,0.5,Closed,2
TCK-003033,CUST-002416,2024-07-25,Billing,Medium,2.2,Resolved,1
TCK-003034,CUST-002419,2022-05-02,Technical,Low,5.9,Resolved,4
TCK-003035,CUST-002419,2022-08-05,Feature Request,Critical,45.0,Closed,4
TCK-003036,CUST-002420,2024-11-22,Billing,Critical,21.9,Resolved,1
TCK-003037,CUST-002421,2024-09-23,Billing,Medium,10.8,Resolved,5
TCK-003038,CUST-002421,2024-10-29,Integration,Low,12.6,Resolved,2
TCK-003039,CUST-002422,2024-03-19,Technical,Low,27.4,Resolved,4
TCK-003040,CUST-002422,2024-06-09,Technical,Medium,7.5,Resolved,3
TCK-003041,CUST-002423,2023-12-14,Technical,Medium,16.0,Escalated,1
TCK-003042,CUST-002423,2023-12-22,Billing,Medium,4.1,Resolved,3
TCK-003043,CUST-002423,2023-08-11,Security,High,24.8,Escalated,2
TCK-003044,CUST-002425,2022-03-11,Billing,Medium,13.7,Pending,2
TCK-003045,CUST-002426,2024-02-11,Login,Low,31.3,Resolved,4
TCK-003046,CUST-002427,2024-06-14,Billing,High,98.8,Resolved,4
TCK-003047,CUST-002428,2023-08-23,Integration,Critical,18.4,Resolved,4
TCK-003048,CUST-002428,2024-05-03,Feature Request,High,151.5,Closed,4
TCK-003049,CUST-002431,2023-03-11,Performance,Medium,1.7,Resolved,4
TCK-003050,CUST-002431,2023-07-29,Billing,High,7.8,Closed,4
TCK-003051,CUST-002431,2022-02-20,Login,Medium,14.1,Resolved,3
TCK-003052,CUST-002431,2023-12-23,Technical,Medium,1.9,Closed,4
TCK-003053,CUST-002432,2024-06-29,Billing,Low,18.3,Resolved,4
TCK-003054,CUST-002433,2022-11-09,Technical,High,12.0,Resolved,4
TCK-003055,CUST-002433,2024-03-14,Billing,Low,1.6,Resolved,3
TCK-003056,CUST-002433,2024-01-02,Technical,High,60.6,Closed,5
TCK-003057,CUST-002434,2023-03-23,Technical,Medium,15.4,Closed,4
TCK-003058,CUST-002434,2024-12-08,Login,Low,66.5,Resolved,5
TCK-003059,CUST-002435,2023-05-30,Billing,Medium,16.5,Resolved,5
TCK-003060,CUST-002435,2024-03-21,Security,Low,2.0,Resolved,4
TCK-003061,CUST-002435,2023-06-18,Technical,High,13.7,Closed,5
TCK-003062,CUST-002440,2024-07-20,Login,Medium,9.1,Resolved,4
TCK-003063,CUST-002443,16/07/2023,Performance,Medium,0.5,Resolved,5
TCK-003064,CUST-002443,2023-08-28,Billing,Low,0.5,Closed,5
TCK-003065,CUST-002444,2023-05-23,Technical,Low,20.2,Resolved,1
TCK-003066,CUST-002444,2023-07-15,Login,High,89.1,Resolved,1
TCK-003067,CUST-002445,2023-06-22,Billing,Low,31.6,Escalated,2
TCK-003068,CUST-002445,2023-01-11,Technical,Medium,46.0,Escalated,2
TCK-003069,CUST-002446,2024-05-25,Login,Low,9.1,Closed,4
TCK-003070,CUST-002446,2024-05-07,Billing,Low,12.7,Resolved,4
TCK-003071,CUST-002447,2023-12-06,Login,Critical,117.3,Closed,1
TCK-003072,CUST-002447,2024-04-20,Billing,Medium,37.4,Resolved,2
TCK-003073,CUST-002448,2024-03-18,Technical,Medium,4.3,Resolved,5
TCK-003074,CUST-002448,2023-12-12,Billing,Low,26.6,Resolved,3
TCK-003075,CUST-002449,2023-10-22,Performance,Critical,143.2,Closed,1
TCK-003076,CUST-002449,2023-12-30,Technical,Low,26.7,Closed,1
TCK-003077,CUST-002449,2024-02-05,Login,Medium,11.6,Escalated,1
TCK-003078,CUST-002450,2023-04-05,Login,Critical,3.6,Escalated,1
TCK-003079,CUST-002451,2023-07-24,Performance,Medium,51.7,Closed,4
TCK-003080,CUST-002452,2023-05-04,Billing,Low,19.8,Closed,4
TCK-003081,CUST-002452,2024-08-28,Billing,High,5.7,Resolved,4
TCK-003082,CUST-002452,2023-05-10,Performance,Low,4.7,Resolved,2
TCK-003083,CUST-002453,2023-12-08,Technical,Low,0.5,Closed,5
TCK-003084,CUST-002455,2024-02-19,Billing,Low,14.7,Resolved,4
TCK-003085,CUST-002456,2023-02-06,Technical,Critical,41.6,Pending,1
TCK-003086,CUST-002456,2024-02-11,Billing,Critical,124.4,Resolved,2
TCK-003087,CUST-002456,2022-08-21,Login,Medium,3.9,Pending,3
TCK-003088,CUST-002456,2023-12-12,Billing,High,8.7,Resolved,1
TCK-003089,CUST-002457,2023-03-07,Technical,High,42.5,Resolved,5
TCK-003090,CUST-002457,2024-01-09,Security,Low,6.7,Resolved,4
TCK-003091,CUST-002457,2024-02-07,Login,Medium,9.4,Resolved,4
TCK-003092,CUST-002458,2023-04-19,Integration,High,15.9,Closed,2
TCK-003093,CUST-002459,2024-05-22,Technical,Medium,13.2,Resolved,4
TCK-003094,CUST-002459,09/11/2023,Billing,High,28.5,Resolved,3
TCK-003095,CUST-002460,2023-11-16,Technical,Medium,28.6,Resolved,3
TCK-003096,CUST-002460,2023-11-07,Technical,Medium,4.4,Resolved,4
TCK-003097,CUST-002460,2023-11-17,Integration,Medium,1.9,Escalated,2
TCK-003098,CUST-002461,2023-07-13,Technical,Medium,19.9,Closed,3
TCK-003099,CUST-002461,2023-06-23,Technical,Medium,7.6,Resolved,3
TCK-003100,CUST-002461,2023-07-22,Integration,Low,15.1,Resolved,3
TCK-003101,CUST-002462,2023-07-02,Technical,Critical,2.5,Resolved,1
TCK-003102,CUST-002462,2023-09-06,Feature Request,Low,44.1,Closed,2
TCK-003103,CUST-002464,2024-07-21,Feature Request,Low,41.9,Resolved,1
TCK-003104,CUST-002466,2024-06-21,Billing,Low,5.3,Resolved,3
TCK-003105,CUST-002469,2024-11-16,Billing,Medium,14.0,Closed,5
TCK-003106,CUST-002472,2024-08-25,Login,Critical,20.9,Closed,1
TCK-003107,CUST-002473,2024-06-07,Billing,Medium,8.8,Resolved,4
TCK-003108,CUST-002474,2023-06-25,Billing,Low,3.3,Closed,2
TCK-003109,CUST-002475,2024-08-08,Billing,High,16.7,Resolved,5
TCK-003110,CUST-002477,2023-08-04,Billing,Low,22.9,Resolved,2
TCK-003111,CUST-002477,2023-09-12,Integration,High,35.0,Closed,1
TCK-003112,CUST-002478,2024-01-05,Feature Request,Medium,2.5,Resolved,3
TCK-003113,CUST-002478,2023-06-15,Billing,High,6.2,Resolved,4
TCK-003114,CUST-002478,2023-08-28,Billing,Low,8.2,Resolved,4
TCK-003115,CUST-002479,2022-11-30,Technical,High,32.0,Closed,3
TCK-003116,CUST-002479,2023-08-21,Technical,Medium,9.4,Resolved,3
TCK-003117,CUST-002479,2023-01-28,Billing,Low,14.3,Resolved,2
TCK-003118,CUST-002481,2024-05-30,Billing,Medium,0.7,Resolved,2
TCK-003119,CUST-002482,2022-12-03,Feature Request,Critical,4.3,Resolved,1
TCK-003120,CUST-002482,2022-09-01,Billing,Critical,52.1,Resolved,3
TCK-003121,CUST-002482,2023-07-26,Technical,Low,10.2,Resolved,1
TCK-003122,CUST-002482,2023-08-12,Technical,Medium,17.6,Resolved,4
TCK-003123,CUST-002482,2022-09-12,Technical,Medium,33.5,Closed,2
TCK-003124,CUST-002484,2024-06-22,Integration,Low,1.0,Resolved,2
TCK-003125,CUST-002486,2023-10-19,Billing,Medium,8.0,Resolved,4
TCK-003126,CUST-002487,2024-12-07,Technical,Low,10.3,Resolved,5
TCK-003127,CUST-002488,2024-01-12,Performance,Low,1.4,Resolved,5
TCK-003128,CUST-002488,2024-05-21,Technical,Medium,2.0,Resolved,5
TCK-003129,CUST-002490,2024-06-16,Technical,Medium,1.3,Resolved,3
TCK-003130,CUST-002491,2023-07-12,Login,High,34.2,Closed,1
TCK-003131,CUST-002491,2023-11-03,Technical,High,84.5,Resolved,3
TCK-003132,CUST-002491,2024-03-09,Integration,Medium,0.5,Resolved,1
TCK-003133,CUST-002491,2024-04-10,Login,Medium,6.6,Escalated,2
TCK-003134,CUST-002492,2024-10-13,Integration,Medium,0.5,Resolved,4
TCK-003135,CUST-002492,2024-08-22,Technical,Low,40.6,Resolved,4
TCK-003136,CUST-002494,2024-05-11,Technical,Low,2.1,Closed,5
TCK-003137,CUST-002495,2023-01-25,Integration,Medium,5.2,Resolved,5
TCK-003138,CUST-002495,2023-04-20,Security,Critical,19.1,Resolved,3
TCK-003139,CUST-002495,2024-01-04,Technical,Medium,2.0,Resolved,4
TCK-003140,CUST-002496,2024-06-28,Technical,Medium,37.4,Closed,5
TCK-003141,CUST-002498,2023-01-08,Integration,Medium,53.9,Resolved,1
TCK-003142,CUST-002499,2023-03-19,Login,Medium,80.4,Resolved,1
TCK-003143,CUST-002499,2022-05-11,Technical,High,102.8,Resolved,1
TCK-003144,CUST-002499,2023-02-01,Billing,Low,7.5,Resolved,2
TCK-003145,CUST-002500,2023-05-11,Technical,Medium,4.1,Closed,1
TCK-003146,CUST-002501,2022-05-04,Integration,Medium,12.6,Resolved,4
TCK-003147,CUST-002501,2023-06-29,Technical,Medium,3.2,Escalated,1
TCK-003148,CUST-002501,2023-05-19,Performance,Critical,75.7,Resolved,5
TCK-003149,CUST-002501,2023-05-04,Login,High,129.8,Pending,2
TCK-003150,CUST-002501,2022-03-02,Billing,Medium,39.4,Resolved,1
TCK-003151,CUST-002502,2024-08-11,Integration,Medium,3.1,Resolved,3
TCK-003152,CUST-002503,2024-07-12,Feature Request,Low,5.4,Resolved,4
TCK-003153,CUST-002504,2024-04-02,Technical,Medium,8.5,Pending,2
TCK-003154,CUST-002506,2024-08-06,Integration,High,13.0,Resolved,5
TCK-003155,CUST-002506,2024-11-07,Technical,Low,4.3,Closed,5
TCK-003156,CUST-002506,2024-11-08,Login,Low,36.7,Resolved,2
TCK-003157,CUST-002507,13/06/2023,Security,Medium,24.2,Resolved,4
TCK-003158,CUST-002508,2024-02-19,Login,Medium,7.0,Resolved,4
TCK-003159,CUST-002508,2024-07-06,Technical,Low,13.6,Resolved,5
TCK-003160,CUST-002511,2023-08-23,Technical,High,34.0,Resolved,1
TCK-003161,CUST-002512,2024-05-13,Billing,Medium,4.8,Resolved,5
TCK-003162,CUST-002513,2023-08-22,Technical,High,20.6,Escalated,2
TCK-003163,CUST-002513,2022-12-17,Technical,Medium,7.3,Pending,1
TCK-003164,CUST-002514,2023-05-23,Technical,Low,11.5,Resolved,5
TCK-003165,CUST-002514,2024-05-24,Performance,High,2.5,Resolved,3
TCK-003166,CUST-002515,2024-12-06,Performance,High,4.9,Resolved,3
TCK-003167,CUST-002515,2024-03-05,Login,High,58.2,Resolved,4
TCK-003168,CUST-002518,2024-03-18,Technical,Medium,28.2,Closed,2
TCK-003169,CUST-002520,2024-02-10,Performance,Medium,1.7,Escalated,1
TCK-003170,CUST-002520,2024-02-14,Feature Request,Medium,0.5,Closed,2
TCK-003171,CUST-002522,2024-07-28,Performance,High,3.8,Resolved,4
TCK-003172,CUST-002522,2024-07-25,Billing,Medium,8.2,Resolved,2
TCK-003173,CUST-002523,2024-07-29,Technical,Low,11.5,Closed,5
TCK-003174,CUST-002524,2024-04-25,Billing,Low,27.2,Closed,4
TCK-003175,CUST-002524,2024-08-23,Technical,Low,39.6,Resolved,2
TCK-003176,CUST-002524,2024-06-14,Performance,Low,28.7,Escalated,1
TCK-003177,CUST-002524,2024-12-06,Login,High,3.8,Resolved,4
TCK-003178,CUST-002524,2024-09-12,Integration,Medium,43.1,Escalated,1
TCK-003179,CUST-002524,2024-06-02,Technical,High,57.3,Resolved,1
TCK-003180,CUST-002525,2024-07-01,Technical,High,106.0,Resolved,5
TCK-003181,CUST-002526,2023-12-12,Performance,Medium,10.3,Closed,4
TCK-003182,CUST-002526,2024-01-06,Performance,Medium,5.3,Closed,4
TCK-003183,CUST-002527,2023-08-22,Billing,Medium,12.8,Pending,3
TCK-003184,CUST-002528,08/11/2022,Login,High,43.5,Resolved,2
TCK-003185,CUST-002528,2023-08-22,Login,High,11.7,Resolved,2
TCK-003186,CUST-002528,2022-11-23,Feature Request,Critical,64.1,Resolved,2
TCK-003187,CUST-002528,2022-11-24,Technical,Low,30.7,Resolved,3
TCK-003188,CUST-002529,2023-12-01,Feature Request,High,45.6,Resolved,3
TCK-003189,CUST-002529,2024-05-17,Integration,Medium,3.4,Resolved,5
TCK-003190,CUST-002530,2024-06-12,Login,Medium,28.5,Closed,4
TCK-003191,CUST-002530,2024-07-17,Technical,Medium,0.5,Resolved,3
TCK-003192,CUST-002532,2023-07-16,Performance,Medium,1.8,Closed,3
TCK-003193,CUST-002532,2024-01-20,Login,Low,0.6,Closed,5
TCK-003194,CUST-002532,2024-03-07,Billing,Low,13.6,Resolved,5
TCK-003195,CUST-002533,2023-10-11,Technical,Medium,2.9,Resolved,4
TCK-003196,CUST-002535,2024-07-20,Technical,Critical,58.5,Resolved,4
TCK-003197,CUST-002535,2024-05-24,Technical,Low,17.8,Resolved,1
TCK-003198,CUST-002535,2024-05-11,Performance,Critical,125.3,Closed,3
TCK-003199,CUST-002535,2024-08-15,Billing,Medium,9.0,Closed,1
TCK-003200,CUST-002536,2022-08-02,Technical,High,22.3,Resolved,4
TCK-003201,CUST-002536,2024-05-14,Performance,High,6.0,Closed,5
TCK-003202,CUST-002536,2024-03-18,Login,Low,10.0,Resolved,4
TCK-003203,CUST-002537,2023-06-12,Technical,Low,29.1,Resolved,2
TCK-003204,CUST-002537,2023-06-27,Billing,Low,30.2,Resolved,3
TCK-003205,CUST-002537,2023-05-17,Technical,High,108.8,Closed,1
TCK-003206,CUST-002537,2023-06-20,Billing,Low,82.8,Resolved,1
TCK-003207,CUST-002544,2024-03-25,Billing,High,5.9,Resolved,3
TCK-003208,CUST-002544,2024-03-01,Billing,Medium,41.5,Resolved,4
TCK-003209,CUST-002545,2022-05-12,Security,Medium,17.3,Resolved,3
TCK-003210,CUST-002545,2022-03-08,Integration,Medium,1.8,Resolved,2
TCK-003211,CUST-002546,2022-12-01,Billing,Medium,0.7,Closed,5
TCK-003212,CUST-002546,2023-03-04,Billing,Low,12.8,Resolved,2
TCK-003213,CUST-002546,2023-08-30,Integration,Medium,8.2,Closed,4
TCK-003214,CUST-002547,2023-09-05,Integration,Critical,61.1,Resolved,4
TCK-003215,CUST-002548,2022-08-25,Performance,Low,35.5,Resolved,1
TCK-003216,CUST-002548,2022-03-18,Performance,Medium,42.8,Pending,2
TCK-003217,CUST-002548,2023-04-25,Technical,Critical,57.5,Resolved,1
TCK-003218,CUST-002548,2023-04-12,Feature Request,Medium,22.2,Resolved,4
TCK-003219,CUST-002549,2023-09-26,Performance,Medium,111.1,Escalated,2
TCK-003220,CUST-002549,2024-03-30,Technical,Low,11.6,Escalated,1
TCK-003221,CUST-002550,2023-11-11,Technical,Low,0.9,Resolved,3
TCK-003222,CUST-002551,2024-09-06,Integration,High,72.1,Resolved,3
TCK-003223,CUST-002552,2024-07-01,Technical,Low,5.5,Closed,1
TCK-003224,CUST-002552,2024-08-12,Billing,Low,16.3,Pending,2
TCK-003225,CUST-002554,2024-05-25,Technical,Low,8.8,Resolved,3
TCK-003226,CUST-002554,2024-04-11,Technical,Medium,46.0,Resolved,1
TCK-003227,CUST-002555,2024-01-16,Technical,Medium,9.4,Resolved,4
TCK-003228,CUST-002558,2024-07-27,Technical,High,28.6,Closed,5
TCK-003229,CUST-002560,2024-05-21,Billing,Medium,48.1,Resolved,4
TCK-003230,CUST-002561,2024-06-30,Billing,Low,10.8,Resolved,3
TCK-003231,CUST-002561,2024-10-28,Technical,High,49.9,Closed,4
TCK-003232,CUST-002562,2023-07-26,Performance,High,0.5,Escalated,1
TCK-003233,CUST-002562,2023-04-20,Technical,Low,63.3,Resolved,2
TCK-003234,CUST-002562,2023-10-14,Technical,Medium,54.9,Resolved,3
TCK-003235,CUST-002562,2023-05-01,Technical,Medium,7.3,Escalated,1
TCK-003236,CUST-002563,2024-06-19,Technical,High,2.2,Resolved,2
TCK-003237,CUST-002563,2024-08-05,Login,Low,5.6,Escalated,3
TCK-003238,CUST-002563,2024-09-18,Performance,Critical,39.4,Closed,4
TCK-003239,CUST-002563,2024-06-11,Billing,Medium,14.6,Resolved,1
TCK-003240,CUST-002563,2024-09-10,Performance,Medium,2.3,Closed,4
TCK-003241,CUST-002563,2024-09-03,Billing,Medium,31.0,Pending,2
TCK-003242,CUST-002564,2023-12-02,Integration,Medium,54.4,Resolved,1
TCK-003243,CUST-002565,2022-11-27,Technical,Medium,25.7,Resolved,5
TCK-003244,CUST-002566,2022-04-17,Integration,Medium,2.8,Closed,1
TCK-003245,CUST-002566,2022-05-07,Feature Request,Low,0.6,Closed,1
TCK-003246,CUST-002567,2024-11-11,Security,High,13.2,Closed,3
TCK-003247,CUST-002568,2023-06-30,Technical,Medium,1.1,Closed,4
TCK-003248,CUST-002569,2023-10-31,Performance,High,27.0,Escalated,1
TCK-003249,CUST-002571,2024-06-27,Performance,High,57.2,Resolved,5
TCK-003250,CUST-002571,2024-07-11,Billing,Medium,2.0,Closed,5
TCK-003251,CUST-002571,2024-05-14,Performance,Low,0.6,Closed,5
TCK-003252,CUST-002572,2022-09-13,Performance,Low,2.8,Escalated,3
TCK-003253,CUST-002572,2022-05-17,Security,Medium,57.0,Resolved,3
TCK-003254,CUST-002576,2023-03-25,Technical,High,38.1,Resolved,4
TCK-003255,CUST-002578,2022-05-25,Billing,Medium,4.7,Resolved,5
TCK-003256,CUST-002579,2023-12-25,Login,Low,109.9,Escalated,1
TCK-003257,CUST-002579,2024-01-13,Billing,Medium,18.4,Closed,2
TCK-003258,CUST-002580,2023-10-12,Billing,Medium,60.3,Escalated,2
TCK-003259,CUST-002581,2024-01-31,Billing,Medium,9.2,Closed,3
TCK-003260,CUST-002582,2024-05-30,Feature Request,Medium,23.2,Resolved,2
TCK-003261,CUST-002584,2023-04-28,Technical,Low,44.2,Resolved,3
TCK-003262,CUST-002584,2023-02-14,Technical,Medium,16.2,Resolved,1
TCK-003263,CUST-002585,2024-06-20,Billing,Low,6.3,Closed,5
TCK-003264,CUST-002586,2023-09-17,Billing,Medium,15.8,Resolved,4
TCK-003265,CUST-002587,2024-03-20,Billing,Low,72.7,Resolved,5
TCK-003266,CUST-002587,2024-08-09,Technical,Low,32.3,Resolved,5
TCK-003267,CUST-002587,2024-10-21,Integration,Low,45.0,Resolved,4
TCK-003268,CUST-002589,2022-08-25,Billing,High,29.0,Resolved,3
TCK-003269,CUST-002589,2023-02-10,Login,Medium,8.4,Resolved,3
TCK-003270,CUST-002590,2024-01-29,Technical,Critical,27.2,Resolved,3
TCK-003271,CUST-002590,2023-11-24,Feature Request,Medium,27.0,Resolved,3
TCK-003272,CUST-002590,2024-02-04,Performance,Medium,5.7,Resolved,2
TCK-003273,CUST-002592,2023-10-09,Technical,Medium,5.9,Resolved,5
TCK-003274,CUST-002593,2022-09-12,Billing,Medium,23.9,Closed,1
TCK-003275,CUST-002593,2022-10-05,Integration,High,15.7,Pending,2
TCK-003276,CUST-002593,2022-10-20,Login,Low,4.9,Resolved,3
TCK-003277,CUST-002594,2024-02-07,Technical,Medium,5.4,Resolved,5
TCK-003278,CUST-002595,2024-01-03,Billing,Medium,11.3,Resolved,3
TCK-003279,CUST-002595,2023-12-22,Technical,High,2.9,Closed,3
TCK-003280,CUST-002595,2023-12-23,Feature Request,Medium,1.7,Resolved,4
TCK-003281,CUST-002596,2023-03-21,Login,High,5.8,Resolved,5
TCK-003282,CUST-002597,2023-06-28,Integration,Low,13.3,Resolved,4
TCK-003283,CUST-002599,2023-07-16,Performance,High,69.8,Resolved,1
TCK-003284,CUST-002599,2023-09-06,Billing,Low,26.1,Escalated,1
TCK-003285,CUST-002599,2023-08-03,Security,Low,26.7,Escalated,1
TCK-003286,CUST-002601,2023-04-05,Performance,Medium,34.1,Closed,1
TCK-003287,CUST-002603,2024-01-01,Technical,Low,44.6,Closed,1
TCK-003288,CUST-002604,2022-09-27,Security,Medium,18.3,Resolved,1
TCK-003289,CUST-002604,2022-08-18,Integration,Critical,167.5,Resolved,4
TCK-003290,CUST-002604,2022-09-26,Technical,Medium,19.2,Resolved,4
TCK-003291,CUST-002604,2022-09-04,Billing,Critical,8.7,Resolved,2
TCK-003292,CUST-002606,13/02/2022,Performance,Low,23.4,Resolved,1
TCK-003293,CUST-002606,2023-08-03,Billing,Medium,17.9,Escalated,1
TCK-003294,CUST-002607,2024-09-17,Technical,High,128.8,Resolved,2
TCK-003295,CUST-002607,2024-09-27,Technical,Medium,37.5,Resolved,2
TCK-003296,CUST-002609,2023-09-21,Technical,Low,6.1,Resolved,4
TCK-003297,CUST-002609,2022-12-20,Technical,High,10.6,Resolved,4
TCK-003298,CUST-002611,02/08/2024,Technical,Low,1.9,Resolved,3
TCK-003299,CUST-002612,2024-06-18,Performance,Medium,0.9,Resolved,5
TCK-003300,CUST-002612,2023-05-29,Feature Request,Medium,1.2,Resolved,4
TCK-003301,CUST-002613,2024-06-09,Technical,High,29.9,Resolved,3
TCK-003302,CUST-002614,2022-12-10,Technical,Medium,4.2,Pending,3
TCK-003303,CUST-002614,2023-01-21,Technical,Low,20.2,Closed,2
TCK-003304,CUST-002615,2024-06-23,Performance,Low,6.1,Resolved,4
TCK-003305,CUST-002618,2023-03-12,Login,High,23.3,Resolved,4
TCK-003306,CUST-002618,2023-12-25,Login,Medium,3.5,Resolved,4
TCK-003307,CUST-002618,2023-09-21,Performance,Medium,10.3,Resolved,3
TCK-003308,CUST-002619,2024-12-09,Performance,Medium,4.5,Resolved,2
TCK-003309,CUST-002619,2024-08-21,Technical,Low,3.9,Resolved,3
TCK-003310,CUST-002621,2024-12-11,Performance,Low,52.4,Resolved,1
TCK-003311,CUST-002621,2024-03-07,Technical,Low,8.6,Escalated,1
TCK-003312,CUST-002622,2023-12-20,Integration,Low,45.8,Resolved,2
TCK-003313,CUST-002623,2023-02-14,Technical,High,4.9,Resolved,4
TCK-003314,CUST-002623,2024-04-28,Feature Request,Low,19.5,Resolved,4
TCK-003315,CUST-002623,2024-11-07,Performance,Low,18.7,Closed,3
TCK-003316,CUST-002625,2024-02-09,Billing,Medium,56.4,Escalated,3
TCK-003317,CUST-002626,2024-06-26,Billing,Low,35.2,Pending,2
TCK-003318,CUST-002626,2024-08-02,Performance,High,2.9,Closed,3
TCK-003319,CUST-002630,2023-01-30,Billing,Medium,15.8,Resolved,2
TCK-003320,CUST-002630,2023-01-14,Security,Critical,18.7,Resolved,1
TCK-003321,CUST-002630,05/04/2023,Technical,High,128.2,Resolved,5
TCK-003322,CUST-002630,2023-06-26,Technical,Low,21.6,Resolved,1
TCK-003323,CUST-002631,2024-06-02,Billing,Low,25.2,Resolved,2
TCK-003324,CUST-002633,2024-02-24,Technical,Medium,3.6,Resolved,4
TCK-003325,CUST-002634,2023-09-04,Technical,Medium,13.3,Closed,5
TCK-003326,CUST-002634,2023-10-15,Integration,Critical,16.0,Resolved,1
TCK-003327,CUST-002634,2023-08-30,Technical,Medium,19.2,Escalated,2
TCK-003328,CUST-002635,2024-12-15,Performance,Low,14.0,Resolved,4
TCK-003329,CUST-002636,2024-09-07,Login,Low,25.1,Resolved,4
TCK-003330,CUST-002638,2024-10-01,Billing,Low,5.0,Resolved,5
TCK-003331,CUST-002638,2024-09-20,Billing,Critical,15.9,Closed,4
TCK-003332,CUST-002640,2024-09-12,Billing,Low,23.5,Resolved,3
TCK-003333,CUST-002641,2024-04-21,Security,Medium,39.4,Closed,5
TCK-003334,CUST-002642,2022-06-14,Technical,Medium,57.0,Resolved,2
TCK-003335,CUST-002642,2022-05-25,Technical,Low,12.0,Resolved,2
TCK-003336,CUST-002642,2022-06-09,Technical,Low,8.6,Pending,2
TCK-003337,CUST-002644,2024-12-05,Technical,High,18.4,Resolved,3
TCK-003338,CUST-002644,2024-05-28,Technical,Medium,5.9,Resolved,1
TCK-003339,CUST-002644,2024-08-29,Login,Medium,60.1,Resolved,1
TCK-003340,CUST-002646,2023-04-26,Billing,High,52.9,Resolved,2
TCK-003341,CUST-002646,2024-04-13,Integration,Low,59.9,Resolved,5
TCK-003342,CUST-002647,2023-11-17,Login,Low,13.3,Resolved,2
TCK-003343,CUST-002651,2023-04-14,Billing,Medium,7.0,Resolved,3
TCK-003344,CUST-002651,2023-05-20,Billing,Low,15.4,Resolved,5
TCK-003345,CUST-002652,2024-10-10,Feature Request,Low,11.6,Closed,4
TCK-003346,CUST-002654,2022-11-15,Integration,Medium,6.8,Pending,1
TCK-003347,CUST-002654,2023-06-05,Billing,Low,0.6,Resolved,1
TCK-003348,CUST-002654,2022-10-07,Billing,Critical,37.0,Pending,1
TCK-003349,CUST-002655,2024-02-19,Technical,Low,15.1,Resolved,2
TCK-003350,CUST-002655,2023-06-02,Feature Request,High,45.2,Resolved,1
TCK-003351,CUST-002655,2023-11-17,Technical,Medium,24.5,Escalated,2
TCK-003352,CUST-002656,2024-08-10,Technical,High,148.6,Resolved,3
TCK-003353,CUST-002656,2024-02-21,Login,Critical,63.1,Closed,1
TCK-003354,CUST-002659,2024-08-19,Performance,Medium,0.7,Closed,4
TCK-003355,CUST-002659,2024-06-03,Login,Medium,1.0,Resolved,3
TCK-003356,CUST-002660,2023-03-07,Billing,Medium,19.7,Resolved,2
TCK-003357,CUST-002660,2023-03-22,Technical,Medium,3.5,Resolved,3
TCK-003358,CUST-002660,2022-07-24,Billing,High,60.6,Resolved,1
TCK-003359,CUST-002662,2023-12-30,Technical,Low,11.1,Resolved,4
TCK-003360,CUST-002662,2023-06-06,Integration,Low,23.7,Resolved,4
TCK-003361,CUST-002663,2024-01-27,Login,High,40.1,Closed,3
TCK-003362,CUST-002664,2024-12-06,Security,Medium,8.3,Resolved,2
TCK-003363,CUST-002665,2024-05-19,Billing,Medium,2.8,Resolved,4
TCK-003364,CUST-002665,2023-06-12,Login,Low,8.0,Resolved,2
TCK-003365,CUST-002665,2024-05-02,Billing,Medium,3.4,Resolved,2
TCK-003366,CUST-002666,2022-11-28,Technical,Low,12.0,Closed,4
TCK-003367,CUST-002666,2023-10-22,Login,Low,8.7,Resolved,5
TCK-003368,CUST-002666,2022-08-29,Feature Request,Low,10.0,Resolved,5
TCK-003369,CUST-002667,2024-03-09,Billing,High,2.7,Resolved,4
TCK-003370,CUST-002667,2024-05-06,Performance,Low,33.4,Resolved,2
TCK-003371,CUST-002667,2024-12-09,Feature Request,Critical,31.1,Resolved,4
TCK-003372,CUST-002667,2024-12-06,Billing,Low,49.4,Resolved,2
TCK-003373,CUST-002668,2022-03-08,Technical,High,147.5,Resolved,4
TCK-003374,CUST-002668,2022-10-27,Technical,Medium,12.6,Resolved,5
TCK-003375,CUST-002669,2024-03-31,Performance,Medium,5.1,Resolved,5
TCK-003376,CUST-002670,2023-01-21,Technical,Medium,9.4,Escalated,2
TCK-003377,CUST-002670,2024-03-01,Performance,Low,30.7,Resolved,1
TCK-003378,CUST-002670,2024-04-21,Performance,Medium,34.0,Escalated,1
TCK-003379,CUST-002671,2024-03-26,Technical,Low,10.7,Resolved,5
TCK-003380,CUST-002671,2023-12-20,Integration,Low,9.2,Resolved,4
TCK-003381,CUST-002673,2023-09-16,Technical,Low,12.2,Resolved,3
TCK-003382,CUST-002675,2022-10-02,Technical,High,71.8,Resolved,4
TCK-003383,CUST-002675,2023-12-04,Login,Medium,23.3,Resolved,4
TCK-003384,CUST-002677,2024-05-14,Technical,Low,2.3,Closed,5
TCK-003385,CUST-002677,2024-03-26,Technical,Medium,34.4,Resolved,1
TCK-003386,CUST-002677,2024-01-22,Technical,Medium,6.7,Closed,3
TCK-003387,CUST-002677,2024-04-19,Feature Request,High,35.9,Resolved,3
TCK-003388,CUST-002677,2024-02-13,Performance,Low,10.9,Resolved,4
TCK-003389,CUST-002678,2024-05-19,Technical,Low,63.8,Resolved,4
TCK-003390,CUST-002679,2023-08-15,Billing,Medium,11.0,Resolved,4
TCK-003391,CUST-002679,2024-05-13,Feature Request,Medium,33.7,Resolved,5
TCK-003392,CUST-002680,2024-09-02,Billing,Low,3.7,Resolved,4
TCK-003393,CUST-002681,2024-06-04,Login,Low,7.2,Resolved,3
TCK-003394,CUST-002682,2022-05-22,Technical,Medium,58.3,Resolved,2
TCK-003395,CUST-002682,2023-10-22,Billing,Medium,2.5,Resolved,2
TCK-003396,CUST-002682,2022-07-14,Login,Low,31.4,Resolved,2
TCK-003397,CUST-002683,2024-05-26,Billing,Low,7.1,Resolved,2
TCK-003398,CUST-002684,2022-06-24,Technical,Medium,0.9,Resolved,4
TCK-003399,CUST-002684,2022-12-21,Feature Request,Low,15.1,Resolved,4
TCK-003400,CUST-002686,2023-12-22,Performance,Low,6.0,Closed,5
TCK-003401,CUST-002686,2024-02-01,Feature Request,Low,0.5,Resolved,4
TCK-003402,CUST-002687,2024-02-23,Billing,High,14.8,Resolved,2
TCK-003403,CUST-002688,2024-12-21,Technical,Medium,8.1,Resolved,3
TCK-003404,CUST-002688,2024-09-24,Billing,Medium,2.9,Resolved,4
TCK-003405,CUST-002689,2023-03-06,Login,Low,7.4,Resolved,5
TCK-003406,CUST-002690,2024-10-01,Technical,Low,5.2,Resolved,5
TCK-003407,CUST-002690,2023-11-24,Login,Low,21.5,Resolved,3
TCK-003408,CUST-002692,2024-12-01,Technical,Medium,3.1,Resolved,3
TCK-003409,CUST-002693,2022-06-10,Login,Low,21.3,Resolved,4
TCK-003410,CUST-002694,2023-07-05,Technical,High,60.0,Resolved,2
TCK-003411,CUST-002694,07/02/2024,Feature Request,Low,37.7,Resolved,4
TCK-003412,CUST-002695,2024-03-26,Login,High,2.2,Closed,3
TCK-003413,CUST-002695,2023-12-29,Billing,Low,27.2,Resolved,4
TCK-003414,CUST-002695,2024-03-17,Technical,Low,6.4,Resolved,2
TCK-003415,CUST-002695,2024-09-30,Billing,Critical,12.7,Resolved,4
TCK-003416,CUST-002697,2024-10-23,Technical,Critical,23.6,Resolved,3
TCK-003417,CUST-002697,2024-03-24,Feature Request,Medium,16.1,Closed,4
TCK-003418,CUST-002699,2024-10-10,Performance,Medium,11.1,Closed,3
TCK-003419,CUST-002699,2024-09-21,Billing,High,56.6,Resolved,1
TCK-003420,CUST-002700,2024-07-15,Billing,High,11.8,Resolved,1
TCK-003421,CUST-002700,2024-07-31,Security,Medium,11.9,Pending,1
TCK-003422,CUST-002703,2024-03-10,Billing,Medium,32.0,Escalated,1
TCK-003423,CUST-002703,2024-04-15,Billing,Low,5.5,Resolved,2
TCK-003424,CUST-002704,2024-05-08,Login,High,88.7,Escalated,1
TCK-003425,CUST-002707,2024-11-14,Security,Low,16.9,Resolved,5
TCK-003426,CUST-002707,2024-06-21,Billing,Medium,7.8,Resolved,2
TCK-003427,CUST-002708,2022-08-26,Technical,Medium,28.8,Closed,3
TCK-003428,CUST-002709,30/07/2024,Feature Request,Low,5.9,Resolved,1
TCK-003429,CUST-002709,2023-11-23,Performance,Medium,19.3,Resolved,1
TCK-003430,CUST-002710,2022-10-08,Billing,Medium,15.5,Resolved,1
TCK-003431,CUST-002710,2023-03-12,Billing,High,110.7,Closed,2
TCK-003432,CUST-002710,2022-07-09,Technical,Low,13.5,Closed,1
TCK-003433,CUST-002714,2023-04-11,Technical,Medium,10.6,Resolved,2
TCK-003434,CUST-002714,23/06/2023,Technical,High,17.8,Resolved,1
TCK-003435,CUST-002714,2023-05-05,Integration,Medium,60.6,Resolved,3
TCK-003436,CUST-002714,2023-04-04,Billing,Critical,125.6,Pending,3
TCK-003437,CUST-002714,2023-07-31,Integration,Low,4.2,Closed,3
TCK-003438,CUST-002716,2024-10-15,Performance,Medium,2.1,Closed,3
TCK-003439,CUST-002716,2024-12-04,Integration,Low,12.8,Resolved,3
TCK-003440,CUST-002717,2022-04-09,Billing,High,47.9,Resolved,4
TCK-003441,CUST-002717,2022-04-26,Technical,Medium,40.1,Closed,3
TCK-003442,CUST-002718,2024-09-07,Login,Medium,12.0,Resolved,4
TCK-003443,CUST-002718,2024-11-28,Technical,Low,42.7,Resolved,3
TCK-003444,CUST-002719,2024-07-27,Billing,Medium,9.2,Closed,3
TCK-003445,CUST-002719,2024-07-22,Technical,Low,1.3,Resolved,4
TCK-003446,CUST-002722,2022-07-25,Billing,Low,3.9,Resolved,3
TCK-003447,CUST-002723,2024-10-04,Technical,Critical,18.9,Resolved,5
TCK-003448,CUST-002723,2024-02-29,Technical,Medium,11.5,Resolved,3
TCK-003449,CUST-002723,2023-09-30,Performance,Low,9.5,Resolved,4
TCK-003450,CUST-002723,2024-07-23,Performance,Medium,22.6,Resolved,3
TCK-003451,CUST-002723,2024-06-07,Login,Low,14.6,Resolved,4
TCK-003452,CUST-002724,2023-04-18,Technical,Critical,14.0,Resolved,3
TCK-003453,CUST-002724,2023-04-28,Login,High,40.2,Closed,4
TCK-003454,CUST-002725,2024-09-20,Billing,Medium,9.6,Resolved,1
TCK-003455,CUST-002727,2024-01-22,Login,Low,43.3,Resolved,1
TCK-003456,CUST-002727,2024-05-08,Billing,Low,19.1,Resolved,1
TCK-003457,CUST-002728,2023-02-05,Performance,High,66.1,Resolved,4
TCK-003458,CUST-002728,2024-11-24,Billing,Low,2.1,Closed,5
TCK-003459,CUST-002729,2023-06-14,Login,High,97.6,Closed,2
TCK-003460,CUST-002729,2023-12-24,Billing,High,50.7,Pending,1
TCK-003461,CUST-002729,2024-01-12,Performance,Medium,47.7,Resolved,1
TCK-003462,CUST-002730,2024-02-24,Login,Medium,58.1,Closed,2
TCK-003463,CUST-002730,2024-01-26,Technical,Medium,14.2,Closed,2
TCK-003464,CUST-002731,2024-10-01,Technical,Medium,13.1,Resolved,2
TCK-003465,CUST-002731,2024-09-20,Billing,Medium,13.4,Resolved,3
TCK-003466,CUST-002732,2024-09-13,Billing,Low,52.8,Resolved,4
TCK-003467,CUST-002732,2023-12-13,Billing,Medium,4.1,Closed,3
TCK-003468,CUST-002734,2023-10-25,Technical,Low,2.8,Resolved,4
TCK-003469,CUST-002734,2024-10-18,Integration,Low,43.7,Resolved,5
TCK-003470,CUST-002734,2023-12-30,Login,Low,9.4,Resolved,4
TCK-003471,CUST-002735,15/09/2024,Security,Medium,5.3,Resolved,2
TCK-003472,CUST-002735,2024-06-05,Performance,Low,7.7,Resolved,5
TCK-003473,CUST-002736,2024-03-07,Performance,High,75.6,Closed,4
TCK-003474,CUST-002737,2023-04-08,Integration,Medium,2.6,Closed,3
TCK-003475,CUST-002738,2023-06-23,Integration,Medium,3.3,Escalated,1
TCK-003476,CUST-002738,2023-10-18,Billing,High,35.8,Resolved,3
TCK-003477,CUST-002738,2023-11-12,Billing,Low,4.2,Pending,1
TCK-003478,CUST-002738,2023-05-26,Technical,Medium,7.1,Escalated,1
TCK-003479,CUST-002738,2023-08-29,Feature Request,Low,25.2,Escalated,3
TCK-003480,CUST-002740,2024-09-17,Login,Critical,49.2,Closed,1
TCK-003481,CUST-002741,2024-09-19,Login,Low,13.1,Resolved,3
TCK-003482,CUST-002742,2024-02-20,Security,Low,2.7,Resolved,2
TCK-003483,CUST-002742,2024-05-22,Integration,Low,0.5,Closed,4
TCK-003484,CUST-002742,2024-11-17,Login,Medium,5.3,Resolved,4
TCK-003485,CUST-002747,2024-09-06,Integration,Medium,2.9,Resolved,3
TCK-003486,CUST-002747,2024-07-03,Login,Medium,4.2,Resolved,4
TCK-003487,CUST-002747,2024-09-27,Billing,Low,21.3,Resolved,5
TCK-003488,CUST-002749,2024-06-27,Integration,Critical,1.8,Resolved,4
TCK-003489,CUST-002749,2024-11-19,Integration,Medium,0.9,Closed,5
TCK-003490,CUST-002750,2023-04-29,Security,Medium,4.4,Closed,5
TCK-003491,CUST-002751,2024-11-27,Billing,Medium,11.7,Resolved,5
TCK-003492,CUST-002751,2024-08-20,Technical,Low,15.2,Closed,4
TCK-003493,CUST-002752,2023-08-14,Technical,High,4.5,Closed,4
TCK-003494,CUST-002753,2024-07-03,Billing,Medium,8.7,Resolved,1
TCK-003495,CUST-002755,2024-07-03,Integration,Medium,5.6,Resolved,5
TCK-003496,CUST-002756,2023-08-22,Technical,Medium,13.4,Resolved,2
TCK-003497,CUST-002757,2024-05-27,Technical,Low,25.9,Escalated,1
TCK-003498,CUST-002757,2024-04-21,Login,Medium,23.7,Pending,1
TCK-003499,CUST-002757,2024-04-28,Integration,Low,29.6,Resolved,3
TCK-003500,CUST-002758,2024-06-17,Technical,Medium,20.2,Resolved,3
TCK-003501,CUST-002761,2022-10-21,Performance,High,67.2,Resolved,1
TCK-003502,CUST-002761,2022-09-28,Performance,Low,38.2,Escalated,1
TCK-003503,CUST-002762,2023-11-20,Technical,Medium,13.4,Resolved,5
TCK-003504,CUST-002762,2024-01-30,Technical,Low,22.8,Resolved,3
TCK-003505,CUST-002762,2023-12-31,Login,Medium,25.8,Resolved,3
TCK-003506,CUST-002762,2024-02-21,Security,High,5.0,Closed,3
TCK-003507,CUST-002763,2024-05-31,Login,High,2.3,Resolved,5
TCK-003508,CUST-002765,2023-11-21,Technical,Low,40.8,Closed,4
TCK-003509,CUST-002765,2023-10-19,Technical,Medium,1.7,Closed,5
TCK-003510,CUST-002765,2023-04-09,Login,Medium,6.3,Closed,3
TCK-003511,CUST-002765,2023-05-17,Technical,Low,1.8,Resolved,4
TCK-003512,CUST-002766,2024-07-10,Integration,Medium,12.5,Resolved,4
TCK-003513,CUST-002766,2022-12-30,Login,Critical,13.4,Closed,5
TCK-003514,CUST-002767,2023-09-28,Technical,Low,11.8,Resolved,3
TCK-003515,CUST-002768,2024-03-15,Performance,High,107.4,Resolved,5
TCK-003516,CUST-002768,2024-04-29,Login,Medium,52.7,Resolved,3
TCK-003517,CUST-002768,2024-03-09,Technical,Medium,26.5,Resolved,3
TCK-003518,CUST-002768,2024-04-28,Login,Medium,28.6,Resolved,1
TCK-003519,CUST-002768,2024-04-03,Login,Medium,43.1,Resolved,4
TCK-003520,CUST-002772,2024-05-05,Billing,Medium,47.5,Closed,1
TCK-003521,CUST-002773,2024-01-05,Technical,Critical,17.6,Resolved,3
TCK-003522,CUST-002775,2023-12-20,Integration,High,29.8,Resolved,5
TCK-003523,CUST-002776,2023-07-17,Performance,High,34.4,Resolved,5
TCK-003524,CUST-002776,2024-09-30,Performance,Critical,5.7,Resolved,5
TCK-003525,CUST-002778,2023-09-27,Login,Low,1.0,Escalated,1
TCK-003526,CUST-002778,10/04/2024,Login,Low,3.9,Resolved,3
TCK-003527,CUST-002779,2022-03-04,Performance,Medium,36.7,Closed,2
TCK-003528,CUST-002779,2022-03-21,Login,Medium,49.1,Escalated,1
TCK-003529,CUST-002779,2022-03-22,Performance,High,11.1,Pending,1
TCK-003530,CUST-002779,2022-06-22,Billing,High,30.6,Resolved,2
TCK-003531,CUST-002780,2022-07-17,Billing,Medium,4.4,Resolved,5
TCK-003532,CUST-002780,2022-12-07,Performance,Medium,8.7,Closed,5
TCK-003533,CUST-002781,2024-02-13,Login,Medium,22.4,Escalated,2
TCK-003534,CUST-002781,2023-12-13,Billing,Medium,51.7,Resolved,1
TCK-003535,CUST-002783,2023-12-13,Security,Critical,15.5,Pending,1
TCK-003536,CUST-002783,2023-09-24,Technical,High,8.9,Resolved,1
TCK-003537,CUST-002786,2024-10-18,Integration,Low,4.4,Resolved,4
TCK-003538,CUST-002786,2024-10-17,Billing,High,4.2,Closed,1
TCK-003539,CUST-002787,13/08/2022,Integration,Low,18.4,Resolved,5
TCK-003540,CUST-002788,2023-07-07,Billing,Medium,27.5,Pending,1
TCK-003541,CUST-002788,2023-06-22,Technical,Medium,38.9,Pending,2
TCK-003542,CUST-002790,2023-02-15,Billing,Medium,3.1,Resolved,2
TCK-003543,CUST-002790,2024-11-07,Technical,Critical,70.3,Resolved,3
TCK-003544,CUST-002792,2023-11-28,Technical,Medium,35.0,Resolved,2
TCK-003545,CUST-002792,2024-09-21,Technical,Low,7.8,Resolved,4
TCK-003546,CUST-002793,2023-08-20,Technical,Medium,85.3,Resolved,2
TCK-003547,CUST-002793,2023-09-16,Billing,Medium,5.5,Escalated,2
TCK-003548,CUST-002794,2022-10-29,Billing,Low,4.3,Resolved,4
TCK-003549,CUST-002794,2022-11-02,Performance,Low,54.0,Resolved,4
TCK-003550,CUST-002796,2024-08-04,Billing,High,12.0,Resolved,4
TCK-003551,CUST-002798,2023-03-03,Technical,Low,5.6,Resolved,4
TCK-003552,CUST-002798,2024-03-23,Technical,High,1.5,Resolved,5
TCK-003553,CUST-002798,2024-12-16,Security,Low,37.9,Resolved,4
TCK-003554,CUST-002799,2023-01-06,Billing,Low,1.8,Resolved,2
TCK-003555,CUST-002800,2024-07-22,Integration,Low,17.3,Resolved,4
TCK-003556,CUST-002800,2024-07-11,Login,High,1.7,Resolved,2
TCK-003557,CUST-002801,2023-07-17,Billing,Low,2.7,Resolved,4
TCK-003558,CUST-002801,2024-01-22,Integration,Low,21.6,Closed,3
TCK-003559,CUST-002802,2022-12-17,Login,Low,18.1,Resolved,2
TCK-003560,CUST-002802,2022-12-08,Technical,Medium,11.6,Escalated,1
TCK-003561,CUST-002803,2023-12-15,Technical,High,12.2,Resolved,4
TCK-003562,CUST-002805,2023-11-14,Billing,Low,20.5,Resolved,2
TCK-003563,CUST-002807,2024-05-26,Billing,Medium,1.1,Resolved,4
TCK-003564,CUST-002807,2024-10-10,Integration,Medium,16.3,Resolved,3
TCK-003565,CUST-002808,2024-04-13,Login,Medium,11.4,Closed,4
TCK-003566,CUST-002808,2023-10-13,Technical,Medium,8.3,Resolved,5
TCK-003567,CUST-002809,2024-10-10,Technical,Medium,1.9,Resolved,5
TCK-003568,CUST-002809,2024-08-23,Feature Request,Low,0.5,Resolved,5
TCK-003569,CUST-002810,2024-09-20,Technical,Medium,40.9,Resolved,3
TCK-003570,CUST-002811,2022-08-06,Technical,Medium,8.5,Resolved,2
TCK-003571,CUST-002811,2022-07-06,Feature Request,Low,36.5,Resolved,1
TCK-003572,CUST-002812,2023-09-15,Integration,Medium,5.3,Escalated,1
TCK-003573,CUST-002812,2023-06-18,Technical,Low,4.3,Pending,1
TCK-003574,CUST-002814,2023-12-08,Technical,Medium,18.2,Closed,2
TCK-003575,CUST-002816,2024-04-04,Technical,Low,11.9,Resolved,5
TCK-003576,CUST-002818,2023-11-21,Performance,High,46.5,Closed,4
TCK-003577,CUST-002819,2023-12-16,Technical,Medium,2.1,Resolved,4
TCK-003578,CUST-002819,2024-02-12,Login,Medium,7.2,Resolved,3
TCK-003579,CUST-002822,2023-11-13,Login,Low,15.5,Closed,3
TCK-003580,CUST-002823,2023-06-26,Login,Medium,11.9,Pending,3
TCK-003581,CUST-002823,2023-03-13,Technical,High,39.4,Resolved,2
TCK-003582,CUST-002823,2022-04-29,Billing,Low,4.1,Closed,2
TCK-003583,CUST-002823,2024-02-27,Login,Low,19.8,Pending,2
TCK-003584,CUST-002823,2023-12-26,Billing,High,9.4,Resolved,1
TCK-003585,CUST-002823,2022-08-28,Billing,Medium,5.8,Pending,1
TCK-003586,CUST-002824,2024-06-11,Performance,Low,13.6,Resolved,2
TCK-003587,CUST-002824,2024-05-13,Technical,Medium,12.0,Resolved,2
TCK-003588,CUST-002826,2024-02-20,Integration,Medium,14.6,Closed,3
TCK-003589,CUST-002827,2024-02-17,Technical,Low,7.0,Closed,3
TCK-003590,CUST-002828,2023-07-17,Billing,Medium,22.2,Resolved,4
TCK-003591,CUST-002828,2024-03-19,Billing,Medium,11.3,Closed,4
TCK-003592,CUST-002830,2023-02-23,Billing,High,14.0,Resolved,3
TCK-003593,CUST-002830,02/09/2024,Billing,Low,0.7,Closed,1
TCK-003594,CUST-002831,2023-01-03,Billing,Medium,21.2,Resolved,3
TCK-003595,CUST-002832,2023-04-30,Technical,Low,13.8,Pending,3
TCK-003596,CUST-002832,2023-04-25,Integration,High,78.6,Closed,2
TCK-003597,CUST-002834,02/05/2024,Integration,Low,6.9,Closed,5
TCK-003598,CUST-002835,2024-09-05,Billing,Medium,4.2,Resolved,4
TCK-003599,CUST-002836,31/07/2024,Performance,Low,64.3,Resolved,2
TCK-003600,CUST-002836,2024-07-06,Billing,Low,2.8,Resolved,1
TCK-003601,CUST-002836,2024-09-04,Login,Medium,1.2,Resolved,2
TCK-003602,CUST-002836,2024-10-29,Billing,Low,9.7,Closed,2
TCK-003603,CUST-002836,2024-05-16,Billing,Critical,81.0,Escalated,2
TCK-003604,CUST-002839,2024-02-13,Technical,Medium,9.8,Resolved,3
TCK-003605,CUST-002839,2024-04-17,Performance,High,36.6,Resolved,4
TCK-003606,CUST-002842,2022-07-29,Technical,High,48.3,Closed,5
TCK-003607,CUST-002842,2023-05-09,Billing,Medium,3.9,Resolved,3
TCK-003608,CUST-002843,2024-12-16,Billing,Medium,13.2,Resolved,2
TCK-003609,CUST-002844,2023-11-24,Billing,Low,1.9,Resolved,5
TCK-003610,CUST-002845,2023-07-27,Performance,Low,34.6,Pending,1
TCK-003611,CUST-002845,2024-08-05,Login,Medium,13.7,Resolved,2
TCK-003612,CUST-002845,2024-09-09,Login,Critical,74.3,Resolved,1
TCK-003613,CUST-002846,2023-12-22,Technical,Medium,0.6,Resolved,3
TCK-003614,CUST-002846,2024-03-22,Billing,Low,2.5,Resolved,2
TCK-003615,CUST-002847,2022-06-21,Billing,Medium,16.6,Closed,1
TCK-003616,CUST-002848,2024-06-07,Integration,Low,6.1,Resolved,4
TCK-003617,CUST-002853,2024-07-26,Billing,Low,9.1,Resolved,5
TCK-003618,CUST-002854,2024-07-13,Billing,High,14.5,Closed,5
TCK-003619,CUST-002857,2024-01-26,Technical,Medium,6.4,Pending,2
TCK-003620,CUST-002857,2023-11-03,Billing,High,2.2,Resolved,1
TCK-003621,CUST-002857,2023-12-30,Technical,Low,17.0,Escalated,1
TCK-003622,CUST-002858,2024-01-04,Billing,Low,22.0,Resolved,4
TCK-003623,CUST-002862,2023-08-12,Technical,Low,4.8,Resolved,4
TCK-003624,CUST-002862,2024-12-13,Technical,High,4.5,Resolved,4
TCK-003625,CUST-002864,2024-12-06,Technical,Medium,21.1,Resolved,5
TCK-003626,CUST-002865,2024-09-04,Billing,Low,11.6,Resolved,4
TCK-003627,CUST-002865,2024-08-04,Technical,Low,10.2,Closed,5
TCK-003628,CUST-002865,2024-11-04,Billing,Low,5.5,Closed,3
TCK-003629,CUST-002866,2024-02-22,Billing,Medium,21.0,Closed,4
TCK-003630,CUST-002866,2023-11-28,Integration,Medium,7.4,Resolved,5
TCK-003631,CUST-002868,2024-05-16,Technical,Low,17.0,Escalated,1
TCK-003632,CUST-002868,2024-01-14,Billing,Medium,60.6,Resolved,3
TCK-003633,CUST-002868,2024-07-17,Billing,Medium,3.8,Pending,2
TCK-003634,CUST-002868,2023-02-15,Login,High,51.7,Pending,3
TCK-003635,CUST-002868,2023-04-11,Performance,Medium,29.3,Resolved,1
TCK-003636,CUST-002870,2024-07-09,Integration,Medium,28.5,Resolved,5
TCK-003637,CUST-002871,16/04/2023,Security,Medium,16.7,Resolved,2
TCK-003638,CUST-002871,2023-04-20,Performance,Medium,61.9,Escalated,1
TCK-003639,CUST-002874,2023-10-18,Billing,High,36.2,Resolved,4
TCK-003640,CUST-002875,2023-11-06,Performance,Low,3.8,Resolved,5
TCK-003641,CUST-002875,2023-10-24,Technical,Medium,10.1,Resolved,4
TCK-003642,CUST-002875,28/06/2023,Performance,Medium,6.9,Resolved,4
TCK-003643,CUST-002877,2023-09-01,Billing,Low,5.7,Resolved,5
TCK-003644,CUST-002877,2023-12-12,Billing,Medium,6.8,Resolved,4
TCK-003645,CUST-002878,2023-07-07,Integration,Low,13.8,Resolved,2
TCK-003646,CUST-002880,2023-03-27,Technical,Medium,0.8,Resolved,5
TCK-003647,CUST-002880,2022-10-10,Technical,Low,8.2,Closed,3
TCK-003648,CUST-002883,2023-06-26,Integration,Medium,25.6,Resolved,1
TCK-003649,CUST-002883,2022-12-02,Login,High,28.7,Closed,2
TCK-003650,CUST-002883,2023-02-19,Performance,Medium,37.8,Pending,1
TCK-003651,CUST-002885,2024-12-15,Technical,Medium,19.5,Closed,3
TCK-003652,CUST-002886,2023-03-16,Technical,Low,10.8,Closed,5
TCK-003653,CUST-002886,2023-03-27,Performance,Medium,35.1,Resolved,5
TCK-003654,CUST-002887,2022-10-21,Billing,Medium,60.9,Resolved,1
TCK-003655,CUST-002887,2023-10-23,Billing,High,28.0,Escalated,1
TCK-003656,CUST-002887,2022-04-17,Login,Medium,4.6,Resolved,2
TCK-003657,CUST-002888,2023-07-23,Login,Medium,26.4,Pending,1
TCK-003658,CUST-002888,2023-01-27,Technical,Low,76.3,Closed,1
TCK-003659,CUST-002888,2023-10-18,Integration,High,77.2,Closed,3
TCK-003660,CUST-002890,15/04/2024,Login,Medium,38.0,Resolved,4
TCK-003661,CUST-002892,2024-02-16,Technical,Medium,7.3,Resolved,4
TCK-003662,CUST-002892,2024-02-11,Technical,Low,6.9,Closed,5
TCK-003663,CUST-002892,2024-03-26,Billing,Medium,55.3,Resolved,3
TCK-003664,CUST-002893,2023-09-24,Billing,High,82.9,Resolved,4
TCK-003665,CUST-002893,2024-08-27,Security,Low,1.1,Resolved,5
TCK-003666,CUST-002893,2023-09-20,Integration,Low,3.7,Resolved,4
TCK-003667,CUST-002895,2024-09-03,Technical,Critical,35.1,Resolved,5
TCK-003668,CUST-002896,2024-07-31,Technical,Medium,14.6,Pending,1
TCK-003669,CUST-002899,2024-07-09,Billing,High,27.0,Closed,5
TCK-003670,CUST-002901,2023-09-17,Technical,Low,1.2,Resolved,1
TCK-003671,CUST-002901,2023-04-07,Technical,Medium,3.5,Closed,1
TCK-003672,CUST-002901,2024-05-20,Integration,Medium,3.9,Resolved,3
TCK-003673,CUST-002903,2024-09-03,Technical,High,18.7,Resolved,3
TCK-003674,CUST-002904,2023-05-10,Login,Low,32.8,Resolved,4
TCK-003675,CUST-002905,2022-12-17,Billing,Low,28.0,Resolved,3
TCK-003676,CUST-002905,2022-10-20,Feature Request,High,14.3,Resolved,4
TCK-003677,CUST-002906,2024-02-02,Technical,Low,21.6,Resolved,4
TCK-003678,CUST-002906,2023-11-20,Technical,High,9.2,Resolved,5
TCK-003679,CUST-002907,2024-10-20,Technical,Low,14.0,Resolved,3
TCK-003680,CUST-002907,2024-08-12,Billing,Medium,8.3,Escalated,2
TCK-003681,CUST-002908,2024-11-10,Technical,Medium,11.1,Closed,3
TCK-003682,CUST-002908,2024-10-06,Billing,Low,48.3,Closed,2
TCK-003683,CUST-002908,2024-03-03,Login,Low,43.6,Resolved,1
TCK-003684,CUST-002908,2024-10-28,Billing,Medium,43.3,Closed,1
TCK-003685,CUST-002909,03/02/2024,Technical,Medium,8.4,Resolved,3
TCK-003686,CUST-002909,2023-11-02,Billing,Medium,5.8,Resolved,4
TCK-003687,CUST-002910,2023-09-14,Technical,Medium,4.9,Resolved,1
TCK-003688,CUST-002911,2023-11-27,Billing,High,26.0,Pending,3
TCK-003689,CUST-002911,2023-09-30,Billing,Low,79.0,Resolved,3
TCK-003690,CUST-002912,2024-09-29,Login,Critical,43.8,Resolved,5
TCK-003691,CUST-002913,2024-12-08,Billing,Low,9.1,Resolved,5
TCK-003692,CUST-002915,2024-02-27,Security,High,7.7,Resolved,5
TCK-003693,CUST-002921,2023-12-20,Feature Request,Medium,63.6,Pending,1
TCK-003694,CUST-002926,2024-10-04,Technical,Medium,2.0,Resolved,3
TCK-003695,CUST-002927,2024-03-29,Billing,Critical,16.1,Closed,5
TCK-003696,CUST-002929,2024-03-11,Billing,Medium,6.4,Resolved,2
TCK-003697,CUST-002930,2024-05-21,Technical,Low,3.1,Resolved,4
TCK-003698,CUST-002930,2023-05-04,Integration,High,10.9,Resolved,4
TCK-003699,CUST-002931,2024-10-15,Billing,Low,12.6,Resolved,1
TCK-003700,CUST-002933,2022-12-18,Technical,Low,12.7,Resolved,1
TCK-003701,CUST-002934,2023-08-28,Feature Request,Low,7.0,Resolved,4
TCK-003702,CUST-002935,01/10/2022,Performance,Critical,42.8,Closed,3
TCK-003703,CUST-002935,12/07/2023,Billing,Medium,12.4,Closed,1
TCK-003704,CUST-002936,2024-04-14,Login,Low,7.0,Resolved,3
TCK-003705,CUST-002937,2024-11-03,Billing,Medium,2.8,Closed,5
TCK-003706,CUST-002937,2024-05-10,Technical,Critical,15.8,Resolved,1
TCK-003707,CUST-002937,2024-07-31,Integration,Low,22.5,Resolved,1
TCK-003708,CUST-002937,18/07/2024,Billing,High,7.4,Resolved,3
TCK-003709,CUST-002937,2024-10-26,Feature Request,Medium,19.5,Closed,1
TCK-003710,CUST-002939,2023-01-19,Performance,High,19.4,Resolved,4
TCK-003711,CUST-002941,2024-01-20,Billing,Medium,8.0,Closed,4
TCK-003712,CUST-002944,2024-07-30,Performance,High,44.0,Closed,4
TCK-003713,CUST-002944,2022-10-09,Login,Low,4.7,Resolved,4
TCK-003714,CUST-002945,2024-10-26,Performance,Medium,22.6,Resolved,3
TCK-003715,CUST-002945,2023-08-19,Feature Request,Medium,14.7,Resolved,2
TCK-003716,CUST-002946,2023-09-14,Technical,Medium,17.8,Resolved,4
TCK-003717,CUST-002946,2024-04-03,Technical,Medium,37.8,Pending,1
TCK-003718,CUST-002946,2023-12-17,Billing,Low,13.0,Escalated,1
TCK-003719,CUST-002946,2023-09-26,Billing,Low,2.2,Resolved,1
TCK-003720,CUST-002947,2023-12-06,Billing,Medium,13.8,Resolved,2
TCK-003721,CUST-002947,2023-11-23,Billing,Medium,23.3,Resolved,1
TCK-003722,CUST-002948,2023-06-17,Billing,High,5.9,Resolved,1
TCK-003723,CUST-002949,2023-01-21,Billing,Medium,7.7,Resolved,1
TCK-003724,CUST-002949,2023-03-23,Login,Medium,25.0,Closed,1
TCK-003725,CUST-002949,2022-07-26,Technical,Low,37.2,Closed,1
TCK-003726,CUST-002950,15/08/2024,Security,Medium,4.1,Resolved,4
TCK-003727,CUST-002951,2022-10-11,Login,Medium,35.2,Resolved,2
TCK-003728,CUST-002952,2024-02-09,Technical,Low,10.0,Resolved,4
TCK-003729,CUST-002954,2023-04-28,Login,Low,9.1,Resolved,2
TCK-003730,CUST-002955,2024-07-18,Billing,Low,3.8,Resolved,3
TCK-003731,CUST-002955,2023-05-03,Billing,High,5.3,Resolved,4
TCK-003732,CUST-002957,2024-02-12,Technical,Medium,12.0,Resolved,4
TCK-003733,CUST-002958,2024-09-01,Performance,High,23.5,Closed,2
TCK-003734,CUST-002959,2024-10-17,Login,Low,3.6,Resolved,2
TCK-003735,CUST-002959,2023-10-15,Security,High,20.2,Resolved,4
TCK-003736,CUST-002962,2023-02-03,Feature Request,Low,16.9,Resolved,3
TCK-003737,CUST-002963,2023-12-24,Feature Request,Medium,9.5,Closed,5
TCK-003738,CUST-002964,2024-09-02,Login,Medium,9.5,Resolved,4
TCK-003739,CUST-002964,2024-03-15,Technical,Low,4.3,Closed,3
TCK-003740,CUST-002964,2024-05-31,Technical,Medium,8.5,Resolved,5
TCK-003741,CUST-002966,2023-02-19,Performance,Low,13.8,Escalated,1
TCK-003742,CUST-002968,2022-07-27,Billing,Medium,15.5,Closed,4
TCK-003743,CUST-002968,2022-11-19,Billing,High,10.5,Resolved,1
TCK-003744,CUST-002969,2023-08-29,Login,High,20.7,Resolved,4
TCK-003745,CUST-002969,2024-12-01,Feature Request,Low,20.4,Resolved,4
TCK-003746,CUST-002970,2023-10-11,Integration,Low,2.5,Resolved,4
TCK-003747,CUST-002971,2023-01-31,Billing,Medium,4.4,Closed,3
TCK-003748,CUST-002971,2022-10-02,Billing,Medium,4.3,Resolved,2
TCK-003749,CUST-002972,2022-08-29,Security,Medium,23.2,Pending,2
TCK-003750,CUST-002974,2023-05-23,Billing,Medium,15.2,Resolved,4
TCK-003751,CUST-002975,2024-08-23,Feature Request,Low,1.1,Resolved,5
TCK-003752,CUST-002976,2024-07-17,Billing,Low,5.0,Closed,3
TCK-003753,CUST-002976,2024-05-09,Technical,Medium,0.5,Resolved,4
TCK-003754,CUST-002977,2023-11-20,Technical,Critical,16.6,Resolved,4
TCK-003755,CUST-002977,2023-11-12,Technical,Medium,4.7,Resolved,5
TCK-003756,CUST-002979,2023-10-24,Technical,Critical,2.3,Resolved,5
TCK-003757,CUST-002981,2024-02-08,Billing,Critical,19.3,Resolved,5
TCK-003758,CUST-002981,2023-09-26,Login,Critical,9.7,Resolved,5
TCK-003759,CUST-002981,2024-11-20,Security,Medium,24.6,Resolved,4
TCK-003760,CUST-002983,2024-09-11,Billing,Low,19.1,Resolved,2
TCK-003761,CUST-002983,2024-07-29,Performance,Medium,78.1,Resolved,4
TCK-003762,CUST-002984,2023-12-22,Performance,Medium,15.2,Pending,1
TCK-003763,CUST-002986,2022-11-21,Integration,Low,18.0,Pending,1
TCK-003764,CUST-002986,2022-06-27,Billing,Low,43.1,Closed,2
TCK-003765,CUST-002986,2022-12-14,Login,Low,53.3,Closed,1
TCK-003766,CUST-002987,2022-04-18,Billing,Medium,4.9,Closed,5
TCK-003767,CUST-002987,2022-08-20,Technical,Low,45.3,Closed,1
TCK-003768,CUST-002987,2022-04-26,Technical,Medium,2.4,Pending,3
TCK-003769,CUST-002987,2022-12-10,Billing,Medium,6.8,Pending,2
TCK-003770,CUST-002989,2023-10-29,Login,High,132.8,Closed,3
TCK-003771,CUST-002989,2023-05-07,Performance,Low,28.2,Resolved,2
TCK-003772,CUST-002990,2024-05-31,Technical,Low,4.5,Resolved,5
TCK-003773,CUST-002991,2024-03-18,Billing,Critical,5.9,Resolved,4
TCK-003774,CUST-002991,2024-07-19,Billing,Medium,7.7,Closed,4
TCK-003775,CUST-002991,2023-06-23,Security,Medium,9.8,Resolved,5
TCK-003776,CUST-002991,2023-06-18,Feature Request,Medium,0.5,Resolved,1
TCK-003777,CUST-002991,29/11/2022,Billing,Medium,16.6,Resolved,5
TCK-003778,CUST-002994,2024-01-24,Login,Low,42.7,Resolved,2
TCK-003779,CUST-002994,2023-11-19,Integration,Low,17.3,Closed,2
TCK-003780,CUST-002994,2023-12-14,Technical,Low,3.3,Resolved,3
TCK-003781,CUST-002995,2023-06-07,Technical,Medium,69.5,Resolved,2
TCK-003782,CUST-002995,2023-06-15,Feature Request,Low,70.3,Closed,2
TCK-003783,CUST-002996,2024-01-03,Integration,Low,6.7,Resolved,4
TCK-003784,CUST-002997,2024-02-07,Technical,Low,5.0,Resolved,5
TCK-003785,CUST-002998,2024-06-27,Login,Low,14.2,Closed,2
TCK-003786,CUST-002998,2024-06-23,Technical,Low,16.4,Resolved,2
TCK-003787,CUST-002998,2024-06-16,Login,Low,45.9,Resolved,1
TCK-003788,CUST-002998,2024-06-26,Billing,Medium,1.8,Pending,2
TCK-003789,CUST-003000,2024-07-04,Login,Low,6.4,Resolved,3
TCK-003790,CUST-003001,2024-07-15,Billing,Medium,2.9,Resolved,5
TCK-003791,CUST-003002,2022-10-25,Security,Low,1.4,Resolved,2
TCK-003792,CUST-003007,2024-03-21,Technical,High,6.1,Resolved,2
TCK-003793,CUST-003007,2024-09-06,Technical,High,0.5,Resolved,5
TCK-003794,CUST-003009,2023-12-17,Billing,Medium,17.9,Resolved,5
TCK-003795,CUST-003011,2024-09-21,Integration,High,26.1,Resolved,5
TCK-003796,CUST-003011,2023-04-27,Security,Low,1.1,Resolved,5
TCK-003797,CUST-003014,2022-11-23,Login,Medium,28.4,Resolved,1
TCK-003798,CUST-003014,2022-12-17,Technical,Medium,32.9,Resolved,2
TCK-003799,CUST-003015,2023-03-03,Technical,High,30.7,Pending,1
TCK-003800,CUST-003018,2022-03-15,Technical,Medium,6.7,Resolved,5
TCK-003801,CUST-003018,2022-02-05,Technical,High,19.6,Closed,3
TCK-003802,CUST-003018,2022-04-29,Security,Medium,36.9,Resolved,1
TCK-003803,CUST-003018,21/03/2022,Billing,Low,13.0,Pending,2
TCK-003804,CUST-003018,2022-05-06,Integration,High,54.7,Resolved,5
TCK-003805,CUST-003019,2024-05-20,Technical,Medium,6.2,Resolved,5
TCK-003806,CUST-003019,2024-06-04,Billing,High,28.0,Resolved,4
TCK-003807,CUST-003020,2024-05-12,Integration,Low,20.1,Closed,4
TCK-003808,CUST-003020,2024-09-05,Performance,Low,35.9,Resolved,3
TCK-003809,CUST-003021,2023-05-18,Feature Request,Low,17.4,Resolved,3
TCK-003810,CUST-003022,2024-06-23,Billing,Low,12.1,Resolved,1
TCK-003811,CUST-003023,2023-08-31,Billing,Medium,5.5,Closed,3
TCK-003812,CUST-003023,2023-07-19,Technical,Medium,22.8,Resolved,1
TCK-003813,CUST-003024,2024-05-22,Security,Low,20.6,Resolved,2
TCK-003814,CUST-003024,2024-06-16,Feature Request,Low,9.9,Closed,1
TCK-003815,CUST-003024,2024-05-24,Technical,Medium,1.1,Pending,1
TCK-003816,CUST-003025,2024-08-26,Billing,Medium,3.4,Closed,3
TCK-003817,CUST-003025,2024-09-10,Technical,Low,6.7,Escalated,3
TCK-003818,CUST-003025,22/08/2024,Login,Low,0.5,Escalated,1
TCK-003819,CUST-003026,2024-05-25,Technical,Medium,2.1,Resolved,3
TCK-003820,CUST-003027,2023-03-28,Billing,Medium,11.8,Resolved,4
TCK-003821,CUST-003027,2022-04-25,Performance,High,21.3,Resolved,4
TCK-003822,CUST-003027,2024-02-16,Billing,Low,3.9,Resolved,5
TCK-003823,CUST-003029,2024-04-14,Login,Medium,20.3,Pending,2
TCK-003824,CUST-003031,2024-04-12,Billing,High,8.7,Closed,3
TCK-003825,CUST-003031,2023-07-05,Feature Request,Critical,4.2,Resolved,4
TCK-003826,CUST-003031,2023-04-18,Technical,Low,0.9,Resolved,5
TCK-003827,CUST-003032,2022-11-21,Technical,Medium,3.0,Escalated,1
TCK-003828,CUST-003032,2023-04-30,Technical,Medium,29.2,Resolved,4
TCK-003829,CUST-003036,2024-04-29,Login,High,8.8,Closed,3
TCK-003830,CUST-003038,2023-12-18,Integration,Low,4.1,Resolved,2
TCK-003831,CUST-003038,2024-09-29,Technical,Medium,46.2,Closed,5
TCK-003832,CUST-003039,2024-01-13,Billing,High,9.4,Resolved,2
TCK-003833,CUST-003039,2023-11-02,Technical,Medium,11.1,Resolved,2
TCK-003834,CUST-003039,2024-01-27,Login,High,4.8,Pending,2
TCK-003835,CUST-003040,2023-08-19,Technical,Low,27.5,Resolved,3
TCK-003836,CUST-003040,2022-10-05,Feature Request,Medium,20.5,Closed,5
TCK-003837,CUST-003041,2024-08-03,Technical,High,2.0,Closed,4
TCK-003838,CUST-003041,2024-06-10,Login,Low,6.4,Resolved,2
TCK-003839,CUST-003041,2024-10-02,Performance,Low,1.4,Closed,4
TCK-003840,CUST-003042,2023-09-29,Technical,Low,27.1,Resolved,5
TCK-003841,CUST-003042,2024-10-10,Technical,Medium,2.7,Resolved,5
TCK-003842,CUST-003043,2024-08-17,Billing,Medium,1.7,Closed,2
TCK-003843,CUST-003045,2024-07-11,Technical,Medium,54.7,Resolved,2
TCK-003844,CUST-003046,2023-10-14,Integration,High,51.6,Resolved,5
TCK-003845,CUST-003046,2024-01-17,Technical,Medium,3.1,Resolved,3
TCK-003846,CUST-003048,11/11/2024,Technical,Low,13.3,Resolved,4
TCK-003847,CUST-003048,2024-06-06,Performance,Medium,2.5,Resolved,5
TCK-003848,CUST-003049,2024-08-29,Security,Medium,0.5,Resolved,3
TCK-003849,CUST-003050,23/12/2023,Billing,High,48.7,Resolved,4
TCK-003850,CUST-003051,2024-09-25,Billing,Medium,3.7,Closed,4
TCK-003851,CUST-003052,2022-11-09,Technical,High,4.9,Resolved,5
TCK-003852,CUST-003052,2022-08-10,Performance,Critical,2.4,Closed,5
TCK-003853,CUST-003052,2022-05-07,Technical,Low,12.5,Resolved,2
TCK-003854,CUST-003053,2024-04-10,Billing,Low,55.2,Resolved,1
TCK-003855,CUST-003053,2024-04-10,Technical,Medium,33.2,Resolved,2
TCK-003856,CUST-003054,2024-02-06,Technical,Low,3.9,Closed,1
TCK-003857,CUST-003055,2022-10-08,Billing,Medium,1.3,Closed,4
TCK-003858,CUST-003056,2023-04-17,Billing,High,41.2,Closed,2
TCK-003859,CUST-003056,2023-04-15,Technical,High,87.8,Resolved,2
TCK-003860,CUST-003056,2023-04-18,Integration,High,39.4,Resolved,2
TCK-003861,CUST-003061,2023-10-03,Technical,High,60.6,Resolved,1
TCK-003862,CUST-003061,2022-08-29,Login,Medium,1.6,Resolved,3
TCK-003863,CUST-003062,2024-04-08,Technical,High,40.9,Resolved,2
TCK-003864,CUST-003063,2024-12-11,Technical,Low,21.6,Resolved,4
TCK-003865,CUST-003064,2022-11-24,Billing,Medium,49.7,Resolved,3
TCK-003866,CUST-003065,2023-10-07,Performance,Low,0.5,Resolved,1
TCK-003867,CUST-003067,2024-08-27,Billing,Medium,141.9,Resolved,4
TCK-003868,CUST-003067,2024-09-28,Login,Medium,34.4,Closed,4
TCK-003869,CUST-003067,2024-08-22,Technical,Medium,2.0,Resolved,1
TCK-003870,CUST-003067,2024-08-11,Feature Request,Low,12.0,Resolved,2
TCK-003871,CUST-003068,2024-11-01,Technical,Medium,15.8,Resolved,5
TCK-003872,CUST-003068,2024-12-03,Technical,Medium,14.5,Resolved,3
TCK-003873,CUST-003070,2024-02-07,Technical,Medium,29.3,Closed,4
TCK-003874,CUST-003072,2024-01-06,Technical,Low,2.4,Resolved,3
TCK-003875,CUST-003072,2023-11-23,Technical,Low,16.8,Resolved,4
TCK-003876,CUST-003073,2023-09-09,Security,Low,45.6,Resolved,3
TCK-003877,CUST-003077,2023-09-13,Technical,Medium,48.5,Resolved,3
TCK-003878,CUST-003077,2023-11-03,Technical,High,143.2,Resolved,1
TCK-003879,CUST-003077,2023-09-12,Billing,Medium,48.2,Closed,1
TCK-003880,CUST-003077,2023-11-02,Technical,High,48.0,Closed,1
TCK-003881,CUST-003077,2023-10-18,Technical,Low,31.5,Resolved,2
TCK-003882,CUST-003077,2023-09-30,Login,Low,21.6,Closed,3
TCK-003883,CUST-003079,2023-09-16,Performance,Medium,3.8,Resolved,3
TCK-003884,CUST-003080,2023-07-25,Technical,Medium,42.7,Resolved,2
TCK-003885,CUST-003080,2024-11-03,Billing,Medium,21.7,Resolved,2
TCK-003886,CUST-003080,2024-03-04,Security,Low,35.0,Resolved,5
TCK-003887,CUST-003080,2024-09-08,Technical,Critical,27.2,Closed,1
TCK-003888,CUST-003081,2024-10-09,Billing,High,14.4,Resolved,4
TCK-003889,CUST-003081,2022-11-17,Technical,Low,42.3,Resolved,3
TCK-003890,CUST-003082,2024-07-20,Integration,Medium,4.8,Closed,3
TCK-003891,CUST-003083,2024-08-07,Performance,Medium,34.4,Resolved,4
TCK-003892,CUST-003083,2024-07-28,Integration,Medium,65.1,Resolved,2
TCK-003893,CUST-003083,2024-07-05,Login,Low,37.7,Resolved,3
TCK-003894,CUST-003083,2024-07-20,Performance,High,27.2,Closed,3
TCK-003895,CUST-003084,2024-08-05,Performance,Low,44.3,Resolved,3
TCK-003896,CUST-003085,11/01/2023,Login,Medium,5.7,Resolved,4
TCK-003897,CUST-003085,2023-07-27,Performance,Critical,26.0,Resolved,2
TCK-003898,CUST-003087,2023-08-14,Integration,Critical,33.2,Resolved,1
TCK-003899,CUST-003087,2023-07-23,Performance,Low,2.4,Resolved,3
TCK-003900,CUST-003088,2022-06-28,Technical,Low,4.3,Resolved,5
TCK-003901,CUST-003088,2023-12-16,Billing,Critical,38.7,Resolved,2
TCK-003902,CUST-003089,2023-04-14,Login,Medium,23.0,Pending,2
TCK-003903,CUST-003091,2023-11-20,Technical,Critical,2.6,Closed,5
TCK-003904,CUST-003092,2023-10-04,Technical,Low,6.7,Resolved,5
TCK-003905,CUST-003093,2023-06-26,Technical,Medium,6.1,Resolved,4
TCK-003906,CUST-003094,2024-08-19,Billing,High,48.4,Resolved,5
TCK-003907,CUST-003095,2024-05-24,Billing,Medium,7.7,Resolved,2
TCK-003908,CUST-003096,30/03/2024,Integration,Low,114.1,Resolved,3
TCK-003909,CUST-003098,2024-09-26,Billing,Medium,6.1,Resolved,4
TCK-003910,CUST-003099,2023-11-28,Billing,Critical,10.8,Resolved,3
TCK-003911,CUST-003102,2023-06-30,Security,Low,10.1,Resolved,5
TCK-003912,CUST-003103,03/10/2024,Feature Request,Medium,7.1,Pending,2
TCK-003913,CUST-003103,2024-09-05,Billing,Medium,32.6,Resolved,2
TCK-003914,CUST-003104,2023-12-13,Feature Request,High,80.1,Resolved,5
TCK-003915,CUST-003105,2024-03-18,Login,Medium,3.9,Resolved,2
TCK-003916,CUST-003105,2024-03-23,Billing,Medium,28.7,Closed,2
TCK-003917,CUST-003105,2023-10-16,Login,Medium,3.5,Pending,3
TCK-003918,CUST-003107,2023-03-10,Security,Low,58.1,Resolved,5
TCK-003919,CUST-003107,2023-11-18,Technical,Medium,7.8,Closed,4
TCK-003920,CUST-003107,2023-12-07,Technical,High,17.1,Resolved,2
TCK-003921,CUST-003107,2023-11-13,Login,Low,5.3,Escalated,1
TCK-003922,CUST-003108,2024-07-28,Login,Low,6.9,Resolved,5
TCK-003923,CUST-003108,2023-09-02,Feature Request,High,17.4,Resolved,4
TCK-003924,CUST-003110,2022-09-04,Login,Low,53.8,Resolved,1
TCK-003925,CUST-003110,2022-05-18,Feature Request,Medium,33.4,Pending,3
TCK-003926,CUST-003110,2022-08-15,Feature Request,Critical,26.8,Pending,1
TCK-003927,CUST-003113,2024-10-13,Feature Request,Medium,21.2,Resolved,5
TCK-003928,CUST-003115,2023-01-02,Performance,Medium,0.9,Resolved,4
TCK-003929,CUST-003115,2022-12-29,Technical,Low,7.6,Closed,4
TCK-003930,CUST-003116,2024-12-20,Login,Low,7.0,Resolved,4
TCK-003931,CUST-003117,2024-05-07,Billing,Medium,6.6,Resolved,5
TCK-003932,CUST-003117,2023-02-19,Billing,Critical,5.8,Resolved,3
TCK-003933,CUST-003117,15/12/2022,Performance,High,48.4,Resolved,5
TCK-003934,CUST-003117,2024-03-17,Login,Low,8.1,Resolved,5
TCK-003935,CUST-003119,2023-09-04,Billing,Medium,1.9,Closed,4
TCK-003936,CUST-003119,2024-11-09,Billing,High,21.7,Resolved,5
TCK-003937,CUST-003122,2024-02-06,Technical,Medium,23.3,Resolved,4
TCK-003938,CUST-003122,26/04/2024,Technical,Low,22.2,Escalated,2
TCK-003939,CUST-003122,2023-07-23,Login,Medium,5.9,Resolved,1
TCK-003940,CUST-003122,2023-09-09,Technical,Medium,22.9,Closed,2
TCK-003941,CUST-003124,2024-08-18,Technical,Low,4.8,Closed,4
TCK-003942,CUST-003124,2024-07-31,Integration,Medium,5.7,Resolved,5
TCK-003943,CUST-003124,2024-08-21,Feature Request,Medium,4.0,Resolved,4
TCK-003944,CUST-003125,2024-03-29,Billing,Medium,3.0,Resolved,2
TCK-003945,CUST-003125,2023-08-20,Technical,Medium,0.5,Resolved,2
TCK-003946,CUST-003127,2024-05-04,Technical,Low,15.5,Closed,5
TCK-003947,CUST-003128,2024-09-02,Technical,Critical,9.5,Resolved,4
TCK-003948,CUST-003129,2024-03-10,Technical,Low,2.1,Resolved,5
TCK-003949,CUST-003129,2023-09-25,Billing,Low,0.5,Resolved,4
TCK-003950,CUST-003130,2023-01-21,Login,Medium,65.3,Resolved,4
TCK-003951,CUST-003131,2023-05-22,Technical,Low,6.2,Closed,1
TCK-003952,CUST-003131,2023-03-18,Technical,Low,23.6,Resolved,1
TCK-003953,CUST-003132,2024-04-15,Billing,Medium,15.5,Resolved,2
TCK-003954,CUST-003132,2024-01-25,Technical,Medium,1.7,Resolved,3
TCK-003955,CUST-003133,2023-10-13,Billing,High,22.4,Resolved,2
TCK-003956,CUST-003133,2023-07-27,Technical,High,39.7,Resolved,1
TCK-003957,CUST-003137,2023-12-31,Billing,High,19.3,Resolved,4
TCK-003958,CUST-003137,2024-01-05,Security,Medium,6.9,Closed,4
TCK-003959,CUST-003138,2024-10-18,Technical,Low,10.9,Closed,1
TCK-003960,CUST-003139,2023-03-03,Technical,Low,5.2,Resolved,3
TCK-003961,CUST-003139,2023-08-02,Performance,High,56.0,Resolved,1
TCK-003962,CUST-003139,2023-01-01,Login,Critical,134.9,Pending,2
TCK-003963,CUST-003140,2024-07-04,Technical,Low,16.2,Resolved,4
TCK-003964,CUST-003140,2024-09-07,Technical,Low,0.5,Closed,3
TCK-003965,CUST-003140,2024-03-12,Billing,Medium,12.7,Resolved,3
TCK-003966,CUST-003140,2024-06-30,Billing,Medium,2.1,Resolved,4
TCK-003967,CUST-003141,2024-08-22,Performance,Low,2.0,Resolved,3
TCK-003968,CUST-003143,2023-04-01,Billing,Low,65.7,Pending,1
TCK-003969,CUST-003143,2023-04-03,Performance,Low,15.1,Escalated,2
TCK-003970,CUST-003143,2023-03-31,Technical,Low,17.4,Resolved,2
TCK-003971,CUST-003143,2023-05-09,Security,Medium,75.2,Resolved,2
TCK-003972,CUST-003143,2023-03-21,Billing,Low,5.1,Resolved,1
TCK-003973,CUST-003145,2024-03-23,Billing,Low,18.0,Closed,2
TCK-003974,CUST-003145,2024-01-13,Login,Medium,5.9,Resolved,5
TCK-003975,CUST-003145,2024-03-30,Login,Medium,3.2,Resolved,3
TCK-003976,CUST-003146,2024-01-08,Technical,Medium,0.6,Closed,4
TCK-003977,CUST-003148,2024-12-18,Technical,Low,0.6,Resolved,4
TCK-003978,CUST-003149,2024-11-14,Technical,Medium,4.8,Resolved,2
TCK-003979,CUST-003149,2024-07-15,Technical,Medium,34.1,Resolved,3
TCK-003980,CUST-003149,27/08/2024,Technical,Medium,4.1,Closed,5
TCK-003981,CUST-003150,2024-04-30,Technical,Medium,22.1,Resolved,5
TCK-003982,CUST-003151,2024-03-01,Integration,High,7.9,Resolved,5
TCK-003983,CUST-003152,2024-07-20,Integration,Critical,36.7,Resolved,5
TCK-003984,CUST-003152,2024-06-16,Billing,Medium,15.9,Resolved,4
TCK-003985,CUST-003153,2024-01-13,Technical,Medium,1.7,Resolved,3
TCK-003986,CUST-003154,2024-10-28,Login,Low,1.7,Closed,3
TCK-003987,CUST-003155,2023-10-19,Integration,Medium,19.9,Resolved,4
TCK-003988,CUST-003157,2024-11-06,Technical,Low,6.8,Closed,4
TCK-003989,CUST-003159,2024-07-11,Technical,High,45.9,Resolved,4
TCK-003990,CUST-003159,2023-04-05,Technical,High,14.1,Resolved,1
TCK-003991,CUST-003161,2023-08-16,Login,Low,55.2,Resolved,2
TCK-003992,CUST-003162,2023-05-31,Billing,Medium,15.7,Resolved,4
TCK-003993,CUST-003163,2024-06-05,Feature Request,High,109.9,Resolved,5
TCK-003994,CUST-003165,2023-11-15,Billing,Low,19.2,Pending,1
TCK-003995,CUST-003165,2023-07-13,Billing,Critical,10.9,Resolved,2
TCK-003996,CUST-003165,11/01/2023,Billing,Low,9.2,Resolved,1
TCK-003997,CUST-003166,2024-06-26,Security,Medium,16.3,Closed,2
TCK-003998,CUST-003166,2024-07-08,Integration,Medium,2.5,Resolved,5
TCK-003999,CUST-003166,2023-03-05,Billing,Medium,8.9,Resolved,4
TCK-004000,CUST-003169,2024-12-04,Billing,Medium,28.8,Closed,4
TCK-004001,CUST-003170,2024-11-24,Technical,High,33.4,Closed,4
TCK-004002,CUST-003171,2024-05-01,Billing,Low,4.7,Resolved,4
TCK-004003,CUST-003172,2023-08-16,Login,High,13.7,Resolved,1
TCK-004004,CUST-003173,2024-01-27,Technical,High,45.0,Escalated,2
TCK-004005,CUST-003173,15/01/2024,Technical,Low,0.9,Pending,2
TCK-004006,CUST-003173,25/02/2024,Technical,Low,48.0,Resolved,1
TCK-004007,CUST-003174,2024-11-27,Billing,High,20.0,Resolved,4
TCK-004008,CUST-003174,2023-02-06,Login,Low,18.4,Closed,4
TCK-004009,CUST-003174,29/08/2023,Login,Low,12.7,Resolved,3
TCK-004010,CUST-003174,2024-06-26,Technical,Low,11.6,Resolved,3
TCK-004011,CUST-003175,2022-09-08,Login,High,63.7,Resolved,4
TCK-004012,CUST-003176,2023-09-05,Performance,Medium,8.4,Closed,4
TCK-004013,CUST-003177,2024-11-18,Integration,Medium,12.3,Closed,3
TCK-004014,CUST-003178,2024-05-23,Billing,Low,2.9,Resolved,3
TCK-004015,CUST-003178,2024-05-21,Billing,Low,7.0,Resolved,4
TCK-004016,CUST-003179,2024-01-11,Login,Low,85.5,Pending,3
TCK-004017,CUST-003179,2023-11-19,Billing,Medium,36.2,Escalated,3
TCK-004018,CUST-003179,2023-10-30,Login,Medium,19.7,Resolved,2
TCK-004019,CUST-003179,2023-12-01,Billing,Low,5.6,Resolved,2
TCK-004020,CUST-003180,2024-11-14,Technical,High,64.6,Resolved,2
TCK-004021,CUST-003180,2023-11-18,Performance,Medium,28.1,Resolved,2
TCK-004022,CUST-003182,2023-12-29,Billing,Medium,26.7,Closed,1
TCK-004023,CUST-003182,2024-01-24,Integration,Low,43.3,Escalated,1
TCK-004024,CUST-003185,2022-12-06,Login,High,2.0,Escalated,1
TCK-004025,CUST-003185,2022-12-13,Performance,High,28.4,Resolved,3
TCK-004026,CUST-003186,12/05/2024,Technical,Medium,13.3,Escalated,2
TCK-004027,CUST-003187,24/03/2023,Technical,Low,11.9,Closed,1
TCK-004028,CUST-003188,2024-05-15,Login,Low,7.3,Resolved,3
TCK-004029,CUST-003190,2023-04-05,Performance,High,3.5,Closed,2
TCK-004030,CUST-003190,2023-03-26,Performance,Medium,32.7,Pending,2
TCK-004031,CUST-003191,2022-09-09,Billing,Low,3.8,Resolved,3
TCK-004032,CUST-003191,2022-05-05,Billing,Medium,5.8,Resolved,1
TCK-004033,CUST-003192,2022-11-17,Performance,Medium,2.0,Resolved,4
TCK-004034,CUST-003193,2022-10-27,Technical,Medium,2.8,Resolved,1
TCK-004035,CUST-003194,2024-09-18,Technical,Low,6.6,Closed,3
TCK-004036,CUST-003194,2024-11-02,Performance,Low,10.7,Resolved,4
TCK-004037,CUST-003194,2024-08-17,Technical,Medium,3.3,Resolved,1
TCK-004038,CUST-003195,2024-09-05,Technical,High,64.0,Closed,3
TCK-004039,CUST-003197,2022-10-13,Billing,Medium,17.4,Closed,1
TCK-004040,CUST-003197,2022-09-01,Login,High,13.0,Escalated,1
TCK-004041,CUST-003197,2023-02-08,Technical,High,203.6,Resolved,4
TCK-004042,CUST-003197,2022-12-21,Technical,Low,32.7,Resolved,2
TCK-004043,CUST-003197,2022-10-02,Technical,Low,1.5,Resolved,2
TCK-004044,CUST-003198,2024-06-12,Technical,Medium,0.5,Resolved,3
TCK-004045,CUST-003198,2024-09-05,Technical,Low,17.9,Resolved,5
TCK-004046,CUST-003199,2024-05-25,Technical,Medium,10.4,Resolved,4
TCK-004047,CUST-003201,2023-09-25,Login,Critical,3.4,Resolved,4
TCK-004048,CUST-003203,2023-12-11,Technical,Low,1.6,Closed,4
TCK-004049,CUST-003204,2024-07-02,Integration,Low,2.2,Resolved,4
TCK-004050,CUST-003207,2024-02-02,Technical,Medium,16.0,Resolved,1
TCK-004051,CUST-003209,2024-09-15,Technical,High,3.2,Resolved,4
TCK-004052,CUST-003209,2024-02-01,Login,Low,6.8,Resolved,2
TCK-004053,CUST-003210,2023-08-09,Feature Request,Low,13.1,Resolved,4
TCK-004054,CUST-003211,2024-02-09,Technical,Low,64.7,Resolved,1
TCK-004055,CUST-003211,2024-06-28,Login,Low,27.8,Resolved,1
TCK-004056,CUST-003211,2024-05-12,Billing,Medium,53.4,Resolved,3
TCK-004057,CUST-003211,2024-06-04,Billing,Medium,81.6,Pending,3
TCK-004058,CUST-003211,2024-05-02,Login,Critical,37.7,Resolved,3
TCK-004059,CUST-003212,2024-06-15,Performance,Low,3.1,Closed,4
TCK-004060,CUST-003212,2024-06-07,Login,Medium,4.0,Resolved,4
TCK-004061,CUST-003214,2022-02-19,Billing,Low,3.0,Closed,4
TCK-004062,CUST-003214,16/02/2022,Technical,High,30.6,Resolved,3
TCK-004063,CUST-003214,2022-03-06,Login,Medium,67.4,Escalated,1
TCK-004064,CUST-003214,2022-03-05,Technical,Low,13.9,Resolved,1
TCK-004065,CUST-003215,2023-11-15,Technical,Medium,15.0,Resolved,4
TCK-004066,CUST-003215,2024-11-02,Billing,High,88.0,Resolved,3
TCK-004067,CUST-003217,2024-09-09,Technical,Medium,2.5,Closed,4
TCK-004068,CUST-003218,2024-08-09,Technical,Medium,999.9,Resolved,4
TCK-004069,CUST-003220,2024-01-01,Technical,Low,10.8,Resolved,5
TCK-004070,CUST-003222,2024-06-24,Technical,High,1.2,Resolved,3
TCK-004071,CUST-003222,2024-05-15,Security,Low,30.5,Closed,5
TCK-004072,CUST-003223,2023-12-15,Integration,Low,7.4,Escalated,1
TCK-004073,CUST-003226,2024-05-21,Billing,Critical,4.0,Resolved,3
TCK-004074,CUST-003226,2022-12-02,Integration,Medium,13.5,Escalated,1
TCK-004075,CUST-003226,2023-11-30,Integration,High,5.5,Escalated,1
TCK-004076,CUST-003226,2023-10-21,Technical,Low,50.9,Resolved,4
TCK-004077,CUST-003227,2024-07-29,Billing,Low,3.1,Closed,3
TCK-004078,CUST-003228,2024-07-31,Technical,Critical,39.6,Resolved,2
TCK-004079,CUST-003228,2024-03-10,Billing,High,41.0,Resolved,1
TCK-004080,CUST-003229,2023-03-01,Billing,Low,32.9,Resolved,1
TCK-004081,CUST-003230,2024-07-25,Technical,Low,1.2,Closed,1
TCK-004082,CUST-003231,2024-07-08,Billing,High,8.3,Resolved,1
TCK-004083,CUST-003232,2024-09-24,Billing,Low,19.6,Resolved,4
TCK-004084,CUST-003232,2023-07-01,Login,High,33.4,Resolved,5
TCK-004085,CUST-003233,2022-06-11,Integration,Low,43.7,Pending,2
TCK-004086,CUST-003233,2022-12-30,Billing,Medium,7.9,Closed,1
TCK-004087,CUST-003235,2024-07-28,Performance,High,17.7,Resolved,5
TCK-004088,CUST-003235,2024-05-25,Billing,Low,6.2,Resolved,2
TCK-004089,CUST-003235,2024-08-26,Billing,Medium,1.7,Resolved,4
TCK-004090,CUST-003236,2022-06-16,Billing,Low,36.7,Escalated,2
TCK-004091,CUST-003237,2024-07-17,Feature Request,Low,2.9,Resolved,2
TCK-004092,CUST-003238,2024-08-17,Technical,High,14.4,Resolved,4
TCK-004093,CUST-003239,2024-07-11,Login,Medium,20.7,Closed,1
TCK-004094,CUST-003242,2024-04-28,Billing,Low,32.9,Closed,1
TCK-004095,CUST-003243,2024-08-02,Login,Low,27.9,Resolved,5
TCK-004096,CUST-003243,2024-09-18,Integration,High,4.6,Resolved,3
TCK-004097,CUST-003243,2024-05-13,Technical,Medium,36.2,Resolved,5
TCK-004098,CUST-003245,2024-09-24,Billing,Low,13.7,Resolved,4
TCK-004099,CUST-003245,13/11/2023,Login,Medium,14.4,Resolved,4
TCK-004100,CUST-003247,2024-08-30,Technical,Medium,5.4,Resolved,3
TCK-004101,CUST-003248,2023-01-12,Login,Medium,33.8,Resolved,4
TCK-004102,CUST-003249,2024-07-21,Login,Low,31.5,Pending,3
TCK-004103,CUST-003250,2024-07-23,Billing,Medium,1.6,Resolved,5
TCK-004104,CUST-003250,2024-03-16,Feature Request,Low,1.2,Closed,4
TCK-004105,CUST-003253,2023-11-06,Technical,Medium,26.0,Resolved,4
TCK-004106,CUST-003254,2022-11-01,Technical,Medium,1.8,Escalated,2
TCK-004107,CUST-003254,2022-02-01,Billing,Low,42.8,Resolved,1
TCK-004108,CUST-003254,2022-12-07,Technical,High,19.4,Resolved,3
TCK-004109,CUST-003255,2023-10-09,Technical,Medium,6.1,Closed,4
TCK-004110,CUST-003256,2024-06-28,Integration,Medium,18.5,Resolved,1
TCK-004111,CUST-003257,2023-12-07,Integration,Medium,5.1,Closed,2
TCK-004112,CUST-003258,2024-03-29,Integration,Low,10.3,Resolved,3
TCK-004113,CUST-003259,2023-09-16,Feature Request,Medium,11.4,Resolved,3
TCK-004114,CUST-003261,2024-06-16,Integration,Low,2.6,Resolved,5
TCK-004115,CUST-003264,2024-06-07,Technical,Medium,12.9,Closed,2
TCK-004116,CUST-003264,2023-07-20,Technical,Critical,4.2,Closed,5
TCK-004117,CUST-003265,2024-03-01,Login,Low,8.5,Resolved,3
TCK-004118,CUST-003265,2024-10-29,Technical,Low,23.6,Resolved,3
TCK-004119,CUST-003266,05/10/2024,Login,Low,4.4,Resolved,3
TCK-004120,CUST-003268,2024-10-06,Technical,Medium,4.8,Resolved,5
TCK-004121,CUST-003269,2023-08-20,Feature Request,Low,7.8,Closed,3
TCK-004122,CUST-003269,2024-07-02,Login,Low,85.0,Resolved,4
TCK-004123,CUST-003270,2023-05-14,Integration,Low,15.2,Resolved,3
TCK-004124,CUST-003271,2023-11-14,Billing,Medium,1.0,Resolved,1
TCK-004125,CUST-003273,2023-05-20,Billing,Medium,34.1,Resolved,5
TCK-004126,CUST-003273,2023-01-04,Integration,Medium,2.8,Closed,3
TCK-004127,CUST-003273,2024-12-02,Integration,Low,29.4,Resolved,5
TCK-004128,CUST-003273,2023-08-11,Performance,Low,12.4,Closed,4
TCK-004129,CUST-003275,2023-07-15,Technical,Low,61.9,Resolved,3
TCK-004130,CUST-003275,2024-08-18,Technical,Medium,13.7,Resolved,2
TCK-004131,CUST-003276,2024-06-18,Billing,Low,22.9,Resolved,3
TCK-004132,CUST-003276,2024-08-26,Technical,Medium,85.0,Resolved,1
TCK-004133,CUST-003277,2023-03-18,Performance,Medium,30.9,Escalated,2
TCK-004134,CUST-003277,2023-01-20,Billing,High,32.3,Pending,1
TCK-004135,CUST-003277,2023-02-10,Billing,Low,4.4,Resolved,2
TCK-004136,CUST-003277,2023-02-03,Technical,High,25.9,Resolved,1
TCK-004137,CUST-003277,23/02/2023,Billing,Medium,6.5,Resolved,3
TCK-004138,CUST-003278,2023-06-25,Performance,High,73.9,Resolved,1
TCK-004139,CUST-003278,2023-04-17,Billing,High,13.4,Closed,5
TCK-004140,CUST-003278,2022-12-18,Technical,Low,39.3,Pending,3
TCK-004141,CUST-003278,2023-03-12,Performance,Low,0.5,Closed,1
TCK-004142,CUST-003279,2022-10-18,Security,High,42.6,Resolved,4
TCK-004143,CUST-003279,06/04/2023,Technical,Low,9.5,Resolved,5
TCK-004144,CUST-003281,2023-02-04,Login,Low,13.5,Escalated,1
TCK-004145,CUST-003281,2023-04-06,Technical,High,15.1,Resolved,1
TCK-004146,CUST-003282,2024-05-05,Performance,Low,4.4,Resolved,4
TCK-004147,CUST-003282,2024-11-12,Technical,Low,13.8,Resolved,4
TCK-004148,CUST-003282,2024-03-06,Login,Low,2.7,Resolved,5
TCK-004149,CUST-003284,2024-03-20,Billing,Low,4.4,Resolved,2
TCK-004150,CUST-003284,2024-10-15,Technical,High,3.6,Resolved,5
TCK-004151,CUST-003286,2023-04-02,Login,Medium,18.7,Closed,4
TCK-004152,CUST-003287,2022-07-08,Billing,Low,10.2,Closed,2
TCK-004153,CUST-003287,2022-07-19,Technical,Medium,10.6,Resolved,1
TCK-004154,CUST-003287,2022-08-03,Integration,Medium,12.6,Closed,3
TCK-004155,CUST-003288,2024-06-19,Login,High,2.4,Pending,1
TCK-004156,CUST-003288,2024-07-17,Technical,High,76.0,Closed,4
TCK-004157,CUST-003289,2022-11-18,Integration,Medium,63.2,Resolved,3
TCK-004158,CUST-003289,2023-01-06,Technical,Medium,5.0,Resolved,3
TCK-004159,CUST-003293,2024-04-24,Technical,Medium,15.0,Resolved,5
TCK-004160,CUST-003295,2023-11-18,Integration,Medium,4.6,Resolved,3
TCK-004161,CUST-003295,2023-06-01,Performance,Low,23.6,Resolved,3
TCK-004162,CUST-003295,2024-12-11,Technical,Low,4.5,Resolved,3
TCK-004163,CUST-003296,2023-09-29,Technical,High,145.6,Resolved,4
TCK-004164,CUST-003296,2024-02-06,Technical,Low,11.7,Closed,1
TCK-004165,CUST-003298,2023-12-16,Integration,Medium,24.8,Resolved,5
TCK-004166,CUST-003298,2024-02-25,Technical,Critical,33.0,Resolved,4
TCK-004167,CUST-003299,2024-07-09,Technical,High,17.8,Resolved,3
TCK-004168,CUST-003300,2023-09-12,Billing,Low,17.3,Resolved,5
TCK-004169,CUST-003300,2023-10-17,Integration,Low,50.5,Closed,4
TCK-004170,CUST-003301,2024-04-27,Feature Request,Low,10.7,Resolved,4
TCK-004171,CUST-003307,2024-10-22,Performance,Critical,22.7,Resolved,5
TCK-004172,CUST-003311,2024-01-24,Performance,Medium,6.8,Resolved,5
TCK-004173,CUST-003313,19/07/2024,Security,Low,3.8,Resolved,3
TCK-004174,CUST-003313,2024-10-02,Technical,Low,27.2,Closed,1
TCK-004175,CUST-003314,2024-09-19,Security,Low,2.3,Resolved,2
TCK-004176,CUST-003314,2024-03-16,Technical,Medium,9.4,Resolved,5
TCK-004177,CUST-003315,2024-11-16,Billing,Medium,5.5,Closed,5
TCK-004178,CUST-003321,2024-07-04,Technical,Medium,6.1,Closed,2
TCK-004179,CUST-003321,2024-07-01,Technical,Low,5.5,Pending,1
TCK-004180,CUST-003321,2024-06-28,Integration,Medium,17.5,Closed,2
TCK-004181,CUST-003324,2023-11-14,Login,Critical,16.0,Resolved,4
TCK-004182,CUST-003326,2023-12-10,Integration,Low,9.9,Pending,1
TCK-004183,CUST-003326,2024-08-05,Billing,Low,5.9,Resolved,2
TCK-004184,CUST-003326,2023-12-26,Technical,Medium,40.7,Resolved,4
TCK-004185,CUST-003327,2024-05-09,Feature Request,Medium,11.5,Closed,4
TCK-004186,CUST-003327,2024-01-20,Billing,Medium,31.8,Resolved,3
TCK-004187,CUST-003327,2023-06-11,Performance,Medium,7.5,Resolved,5
TCK-004188,CUST-003328,2024-07-13,Billing,Low,13.4,Resolved,4
TCK-004189,CUST-003330,2024-08-22,Technical,Critical,5.8,Resolved,3
TCK-004190,CUST-003330,2024-08-11,Feature Request,High,78.9,Resolved,1
TCK-004191,CUST-003330,2024-06-23,Integration,Medium,26.2,Resolved,2
TCK-004192,CUST-003331,2023-03-09,Technical,Low,2.7,Escalated,2
TCK-004193,CUST-003331,2023-01-19,Login,Low,19.6,Resolved,1
TCK-004194,CUST-003331,2023-04-05,Technical,Low,20.2,Closed,2
TCK-004195,CUST-003332,2022-12-28,Billing,Medium,8.7,Resolved,1
TCK-004196,CUST-003332,2022-07-25,Performance,Medium,4.5,Resolved,1
TCK-004197,CUST-003332,2022-09-16,Technical,Low,32.8,Resolved,1
TCK-004198,CUST-003334,2022-09-27,Billing,Medium,15.0,Resolved,2
TCK-004199,CUST-003335,2024-05-19,Technical,Medium,75.2,Pending,1
TCK-004200,CUST-003336,2023-06-05,Technical,Low,0.5,Resolved,1
TCK-004201,CUST-003336,2023-06-23,Integration,Low,12.9,Resolved,3
TCK-004202,CUST-003337,2024-03-01,Billing,Medium,6.1,Resolved,5
TCK-004203,CUST-003339,2024-05-17,Technical,Medium,8.9,Closed,2
TCK-004204,CUST-003339,2024-02-22,Performance,Low,16.1,Closed,1
TCK-004205,CUST-003339,2024-06-26,Billing,Medium,59.2,Resolved,3
TCK-004206,CUST-003339,2024-07-09,Billing,Medium,28.0,Resolved,1
TCK-004207,CUST-003339,2024-07-30,Performance,High,4.9,Resolved,3
TCK-004208,CUST-003341,2022-11-03,Billing,Low,15.5,Resolved,3
TCK-004209,CUST-003342,2024-05-21,Performance,Critical,31.2,Resolved,4
TCK-004210,CUST-003343,2023-07-26,Technical,Low,19.9,Closed,2
TCK-004211,CUST-003343,2023-05-03,Login,Medium,40.1,Escalated,2
TCK-004212,CUST-003345,2024-06-09,Technical,Medium,17.0,Resolved,3
TCK-004213,CUST-003346,2022-05-06,Integration,High,42.2,Resolved,3
TCK-004214,CUST-003346,2022-04-14,Integration,Low,102.2,Pending,1
TCK-004215,CUST-003346,25/08/2022,Login,Low,17.9,Escalated,1
TCK-004216,CUST-003346,2022-07-06,Integration,Low,87.2,Closed,3
TCK-004217,CUST-003347,2024-08-02,Technical,Medium,15.2,Resolved,4
TCK-004218,CUST-003348,2024-10-28,Technical,High,29.9,Resolved,2
TCK-004219,CUST-003352,2024-11-09,Billing,Low,8.0,Resolved,5
TCK-004220,CUST-003353,2023-11-05,Integration,Critical,16.5,Resolved,4
TCK-004221,CUST-003353,2024-11-11,Technical,Medium,3.8,Resolved,4
TCK-004222,CUST-003353,2022-12-08,Login,Low,80.0,Closed,5
TCK-004223,CUST-003354,2024-03-20,Feature Request,Low,7.1,Closed,3
TCK-004224,CUST-003356,2024-03-25,Technical,Low,9.5,Resolved,1
TCK-004225,CUST-003358,2024-10-08,Technical,Low,0.5,Closed,4
TCK-004226,CUST-003358,2024-12-25,Login,High,0.9,Resolved,4
TCK-004227,CUST-003358,2023-03-16,Integration,Low,11.2,Resolved,4
TCK-004228,CUST-003359,2023-10-19,Billing,Medium,27.9,Pending,1
TCK-004229,CUST-003360,2022-07-09,Technical,Medium,3.2,Resolved,1
TCK-004230,CUST-003360,2022-07-06,Integration,Medium,8.7,Pending,1
TCK-004231,CUST-003360,2022-07-08,Performance,Medium,37.0,Resolved,2
TCK-004232,CUST-003360,2022-07-04,Technical,Low,17.8,Resolved,2
TCK-004233,CUST-003361,2023-11-08,Integration,Low,2.5,Resolved,1
TCK-004234,CUST-003361,2023-09-27,Integration,Medium,1.7,Resolved,5
TCK-004235,CUST-003363,2023-03-20,Technical,Medium,0.8,Closed,2
TCK-004236,CUST-003365,2023-08-28,Login,Medium,45.3,Pending,1
TCK-004237,CUST-003365,2023-06-26,Login,Low,25.7,Resolved,4
TCK-004238,CUST-003365,2023-06-18,Billing,Medium,53.8,Resolved,3
TCK-004239,CUST-003365,2023-02-04,Performance,High,4.5,Escalated,2
TCK-004240,CUST-003365,2023-02-03,Technical,Low,43.2,Resolved,2
TCK-004241,CUST-003365,2023-03-27,Technical,Medium,7.2,Resolved,1
TCK-004242,CUST-003366,2024-09-27,Technical,Medium,49.0,Resolved,3
TCK-004243,CUST-003366,2024-08-06,Performance,Medium,3.3,Resolved,4
TCK-004244,CUST-003366,2024-07-03,Technical,Low,4.4,Closed,4
TCK-004245,CUST-003367,2024-06-05,Technical,Medium,12.3,Resolved,4
TCK-004246,CUST-003367,2023-08-12,Technical,Low,5.5,Resolved,5
TCK-004247,CUST-003370,2023-03-02,Billing,Medium,23.7,Pending,1
TCK-004248,CUST-003370,2022-12-09,Technical,High,18.2,Escalated,2
TCK-004249,CUST-003371,2022-12-03,Technical,Medium,8.5,Resolved,1
TCK-004250,CUST-003372,2023-06-17,Performance,Medium,27.3,Closed,1
TCK-004251,CUST-003372,14/04/2023,Billing,Low,35.1,Resolved,3
TCK-004252,CUST-003372,2023-07-10,Login,Critical,11.1,Resolved,2
TCK-004253,CUST-003372,28/01/2023,Billing,Low,11.4,Resolved,1
TCK-004254,CUST-003373,2024-05-11,Technical,Medium,7.0,Closed,1
TCK-004255,CUST-003375,2024-11-30,Login,Low,10.6,Resolved,4
TCK-004256,CUST-003376,2023-03-10,Billing,Medium,31.8,Resolved,3
TCK-004257,CUST-003376,2024-08-22,Integration,High,45.4,Closed,5
TCK-004258,CUST-003377,2023-09-12,Billing,Medium,41.0,Closed,4
TCK-004259,CUST-003377,2022-05-25,Login,Medium,8.2,Resolved,4
TCK-004260,CUST-003379,2024-03-08,Billing,Medium,23.7,Closed,4
TCK-004261,CUST-003380,2024-03-06,Billing,High,15.7,Resolved,2
TCK-004262,CUST-003380,2024-05-04,Billing,Low,12.0,Resolved,2
TCK-004263,CUST-003381,2024-06-22,Billing,Low,42.9,Resolved,3
TCK-004264,CUST-003381,2024-07-13,Integration,Critical,83.4,Resolved,1
TCK-004265,CUST-003381,2024-06-20,Performance,High,21.1,Resolved,1
TCK-004266,CUST-003382,2023-09-11,Performance,Low,10.6,Resolved,3
TCK-004267,CUST-003382,2023-01-17,Billing,Medium,2.3,Pending,2
TCK-004268,CUST-003386,2023-11-04,Performance,Low,5.5,Resolved,4
TCK-004269,CUST-003387,2023-03-20,Security,Low,0.5,Closed,2
TCK-004270,CUST-003387,2023-10-06,Billing,Medium,5.4,Resolved,4
TCK-004271,CUST-003389,2024-04-24,Performance,Low,13.3,Closed,4
TCK-004272,CUST-003391,2024-06-17,Feature Request,Medium,12.3,Resolved,5
TCK-004273,CUST-003393,2023-05-15,Technical,Medium,17.3,Resolved,5
TCK-004274,CUST-003393,2023-06-25,Login,Low,22.6,Pending,1
TCK-004275,CUST-003394,2024-09-08,Performance,Medium,19.2,Resolved,5
TCK-004276,CUST-003394,2024-09-13,Billing,Medium,35.7,Closed,5
TCK-004277,CUST-003395,2022-10-24,Feature Request,Critical,6.9,Resolved,4
TCK-004278,CUST-003397,2024-05-13,Technical,Low,4.7,Resolved,4
TCK-004279,CUST-003400,2024-03-02,Billing,High,10.4,Closed,1
TCK-004280,CUST-003400,2024-01-19,Technical,Medium,19.5,Closed,1
TCK-004281,CUST-003400,2024-02-13,Billing,Medium,0.5,Resolved,5
TCK-004282,CUST-003400,2024-03-01,Login,Medium,10.8,Pending,2
TCK-004283,CUST-003401,2024-06-03,Performance,Low,1.6,Closed,1
TCK-004284,CUST-003403,2024-03-19,Technical,Low,8.4,Resolved,4
TCK-004285,CUST-003403,2024-05-06,Performance,Medium,0.5,Resolved,5
TCK-004286,CUST-003405,2024-10-27,Integration,Medium,6.0,Resolved,3
TCK-004287,CUST-003408,2024-04-26,Technical,High,0.5,Resolved,4
TCK-004288,CUST-003409,2024-11-09,Login,Medium,7.0,Pending,1
TCK-004289,CUST-003410,2024-09-10,Technical,Low,30.6,Closed,4
TCK-004290,CUST-003411,2024-07-09,Technical,Medium,37.5,Escalated,2
TCK-004291,CUST-003411,2024-07-09,Performance,High,13.1,Closed,2
TCK-004292,CUST-003412,2023-12-13,Feature Request,Medium,20.3,Escalated,1
TCK-004293,CUST-003412,2023-12-06,Billing,Medium,5.0,Resolved,1
TCK-004294,CUST-003413,2022-05-16,Feature Request,Medium,20.4,Resolved,1
TCK-004295,CUST-003413,2022-04-26,Performance,Low,54.2,Pending,1
TCK-004296,CUST-003413,2022-09-04,Integration,Medium,13.9,Escalated,1
TCK-004297,CUST-003415,2024-05-14,Billing,Medium,17.2,Resolved,5
TCK-004298,CUST-003415,2024-04-22,Login,Medium,10.5,Resolved,4
TCK-004299,CUST-003415,2024-03-20,Technical,Medium,12.1,Resolved,3
TCK-004300,CUST-003415,2024-09-26,Integration,Medium,38.2,Closed,5
TCK-004301,CUST-003419,2024-10-11,Technical,High,52.7,Resolved,3
TCK-004302,CUST-003422,2024-01-14,Security,Medium,0.5,Resolved,3
TCK-004303,CUST-003424,2023-10-23,Technical,High,35.7,Closed,4
TCK-004304,CUST-003425,2024-08-03,Technical,Low,38.8,Closed,4
TCK-004305,CUST-003428,2024-07-08,Performance,Low,2.6,Resolved,1
TCK-004306,CUST-003428,2024-12-23,Billing,High,5.0,Resolved,2
TCK-004307,CUST-003430,2022-04-25,Login,Medium,0.5,Closed,5
TCK-004308,CUST-003431,2024-03-04,Integration,Medium,64.8,Resolved,2
TCK-004309,CUST-003431,2024-04-24,Login,High,42.9,Pending,1
TCK-004310,CUST-003432,2024-08-31,Performance,Medium,14.3,Resolved,5
TCK-004311,CUST-003434,2024-07-08,Technical,Medium,18.9,Resolved,4
TCK-004312,CUST-003435,2023-04-04,Technical,Low,50.4,Resolved,1
TCK-004313,CUST-003435,2023-06-08,Performance,Critical,1.0,Closed,1
TCK-004314,CUST-003435,2023-02-06,Billing,Low,62.8,Resolved,3
TCK-004315,CUST-003436,2024-03-17,Technical,Low,4.2,Resolved,2
TCK-004316,CUST-003436,2024-02-17,Technical,Critical,78.0,Closed,1
TCK-004317,CUST-003436,2024-03-20,Technical,Medium,7.8,Resolved,4
TCK-004318,CUST-003437,2023-09-06,Feature Request,High,0.5,Closed,5
TCK-004319,CUST-003438,2024-01-19,Security,Low,34.3,Closed,2
TCK-004320,CUST-003438,2024-08-23,Integration,Low,26.6,Resolved,1
TCK-004321,CUST-003438,2024-01-14,Technical,Medium,6.8,Resolved,2
TCK-004322,CUST-003438,2023-12-20,Integration,Medium,35.3,Escalated,2
TCK-004323,CUST-003439,2024-05-15,Performance,Low,5.1,Resolved,3
TCK-004324,CUST-003439,2023-09-10,Technical,Low,68.4,Resolved,3
TCK-004325,CUST-003441,2023-08-09,Technical,Low,2.1,Escalated,3
TCK-004326,CUST-003442,2022-10-21,Performance,Medium,5.2,Pending,2
TCK-004327,CUST-003445,2024-04-20,Technical,Critical,26.8,Resolved,2
TCK-004328,CUST-003445,2024-11-05,Login,Medium,12.3,Closed,4
TCK-004329,CUST-003446,2023-08-25,Login,Low,11.2,Resolved,5
TCK-004330,CUST-003446,2024-04-02,Technical,Medium,7.3,Resolved,3
TCK-004331,CUST-003446,2024-01-07,Feature Request,Medium,21.9,Closed,5
TCK-004332,CUST-003449,2023-03-13,Technical,Medium,8.8,Resolved,2
TCK-004333,CUST-003450,2022-09-26,Billing,Low,27.3,Resolved,3
TCK-004334,CUST-003450,2024-03-01,Billing,High,10.7,Resolved,2
TCK-004335,CUST-003451,2023-07-01,Feature Request,Low,4.8,Closed,3
TCK-004336,CUST-003451,2024-05-04,Login,Medium,25.8,Resolved,3
TCK-004337,CUST-003451,2023-09-30,Performance,Low,7.6,Resolved,5
TCK-004338,CUST-003451,2024-11-10,Billing,Medium,3.7,Resolved,4
TCK-004339,CUST-003452,2024-02-07,Billing,Medium,41.0,Resolved,1
TCK-004340,CUST-003452,2024-06-27,Billing,Low,91.9,Pending,2
TCK-004341,CUST-003453,2024-07-13,Technical,Low,22.8,Escalated,2
TCK-004342,CUST-003453,2024-08-09,Login,High,27.2,Escalated,2
TCK-004343,CUST-003454,2024-07-06,Technical,Medium,4.1,Resolved,4
TCK-004344,CUST-003456,2023-08-02,Technical,Medium,10.3,Resolved,3
TCK-004345,CUST-003457,2024-07-28,Performance,High,39.3,Resolved,2
TCK-004346,CUST-003458,2024-06-09,Technical,High,5.1,Resolved,3
TCK-004347,CUST-003458,2024-05-24,Integration,High,141.6,Resolved,2
TCK-004348,CUST-003458,2024-06-06,Technical,Low,47.2,Closed,1
TCK-004349,CUST-003458,2024-07-20,Technical,Low,1.4,Resolved,1
TCK-004350,CUST-003462,2023-11-25,Technical,Medium,73.1,Closed,3
TCK-004351,CUST-003462,2023-12-22,Technical,Low,77.2,Resolved,1
TCK-004352,CUST-003462,2024-01-11,Login,Medium,6.5,Resolved,2
TCK-004353,CUST-003464,2024-08-01,Technical,Low,10.2,Resolved,5
TCK-004354,CUST-003465,2024-10-23,Technical,Medium,16.7,Resolved,4
TCK-004355,CUST-003466,2024-01-07,Performance,Low,7.6,Closed,1
TCK-004356,CUST-003466,2023-12-24,Login,Medium,19.1,Resolved,3
TCK-004357,CUST-003467,2023-08-24,Billing,Medium,2.6,Resolved,5
TCK-004358,CUST-003467,2024-08-08,Billing,Critical,74.8,Resolved,5
TCK-004359,CUST-003468,2023-10-30,Billing,Medium,22.2,Resolved,1
TCK-004360,CUST-003469,2024-10-19,Feature Request,Low,7.3,Resolved,4
TCK-004361,CUST-003470,2024-02-13,Technical,Low,4.4,Closed,4
TCK-004362,CUST-003471,2024-10-11,Security,Low,6.1,Closed,4
TCK-004363,CUST-003472,2023-03-31,Billing,Low,37.7,Resolved,3
TCK-004364,CUST-003472,2023-07-04,Security,Low,33.5,Closed,5
TCK-004365,CUST-003473,2024-12-09,Billing,Low,11.2,Resolved,5
TCK-004366,CUST-003474,2024-09-11,Billing,Medium,48.2,Resolved,5
TCK-004367,CUST-003474,2023-09-01,Performance,Low,7.0,Resolved,5
TCK-004368,CUST-003475,2024-06-12,Performance,Low,2.1,Closed,4
TCK-004369,CUST-003475,2022-07-18,Integration,High,5.4,Resolved,2
TCK-004370,CUST-003476,2024-06-08,Technical,Medium,18.3,Resolved,5
TCK-004371,CUST-003477,2024-04-17,Feature Request,Low,55.1,Closed,5
TCK-004372,CUST-003478,2024-04-16,Technical,Medium,40.4,Resolved,1
TCK-004373,CUST-003478,2024-03-19,Billing,Low,17.7,Resolved,2
TCK-004374,CUST-003479,30/08/2023,Integration,Low,5.4,Resolved,5
TCK-004375,CUST-003483,2024-09-12,Login,Medium,23.7,Resolved,3
TCK-004376,CUST-003483,2024-07-16,Integration,Low,19.0,Resolved,1
TCK-004377,CUST-003485,2024-04-25,Technical,Medium,2.9,Resolved,5
TCK-004378,CUST-003486,2022-10-09,Billing,Medium,2.4,Closed,4
TCK-004379,CUST-003486,2024-07-16,Technical,Medium,9.4,Resolved,1
TCK-004380,CUST-003486,2024-05-13,Technical,Medium,7.9,Closed,4
TCK-004381,CUST-003486,2024-07-19,Technical,Medium,2.1,Resolved,3
TCK-004382,CUST-003489,2023-06-09,Technical,Medium,17.3,Resolved,1
TCK-004383,CUST-003490,2024-05-18,Login,Low,25.1,Resolved,5
TCK-004384,CUST-003492,2024-03-16,Billing,Low,12.4,Resolved,2
TCK-004385,CUST-003492,2023-11-26,Technical,Critical,1.5,Resolved,5
TCK-004386,CUST-003493,2023-05-07,Billing,Medium,5.1,Resolved,3
TCK-004387,CUST-003493,2023-05-31,Performance,Medium,4.9,Resolved,1
TCK-004388,CUST-003494,2024-03-29,Technical,Critical,70.3,Resolved,4
TCK-004389,CUST-003495,2023-09-18,Login,Low,5.2,Resolved,3
TCK-004390,CUST-003495,2023-11-10,Technical,Low,23.9,Resolved,5
TCK-004391,CUST-003495,2024-05-18,Billing,Low,2.6,Resolved,5
TCK-004392,CUST-003496,2024-05-09,Technical,Medium,9.9,Closed,4
TCK-004393,CUST-003497,2023-10-21,Technical,Low,8.6,Resolved,3
TCK-004394,CUST-003497,2024-10-18,Technical,Medium,9.0,Resolved,3
TCK-004395,CUST-003498,2024-08-04,Technical,Low,11.4,Resolved,5
TCK-004396,CUST-003498,2024-11-25,Technical,Medium,18.9,Closed,4
TCK-004397,CUST-003501,2023-11-12,Login,Low,46.8,Resolved,2
TCK-004398,CUST-003501,2023-12-09,Feature Request,Medium,3.8,Resolved,4
TCK-004399,CUST-003501,2023-06-23,Performance,Medium,4.3,Resolved,4
TCK-004400,CUST-003502,2024-04-23,Login,High,8.6,Resolved,2
TCK-004401,CUST-003502,2024-04-12,Login,Medium,67.7,Resolved,2
TCK-004402,CUST-003502,2024-04-14,Login,Low,9.1,Resolved,3
TCK-004403,CUST-003504,2024-10-14,Login,Medium,11.5,Resolved,4
TCK-004404,CUST-003505,2022-12-15,Feature Request,Low,80.9,Resolved,1
TCK-004405,CUST-003505,2023-05-27,Technical,Low,25.1,Resolved,4
TCK-004406,CUST-003505,2024-05-17,Feature Request,Low,54.0,Resolved,3
TCK-004407,CUST-003505,2022-11-05,Technical,Critical,51.2,Escalated,1
TCK-004408,CUST-003506,2024-01-21,Performance,Medium,3.6,Resolved,5
TCK-004409,CUST-003507,2024-08-14,Billing,High,7.1,Resolved,4
TCK-004410,CUST-003508,2022-09-07,Technical,Medium,30.5,Resolved,1
TCK-004411,CUST-003508,2023-09-10,Login,Low,15.5,Closed,2
TCK-004412,CUST-003508,2023-02-12,Performance,Medium,18.0,Closed,3
TCK-004413,CUST-003508,2023-01-22,Technical,Medium,25.0,Pending,2
TCK-004414,CUST-003508,2022-10-27,Performance,High,90.0,Resolved,2
TCK-004415,CUST-003509,2024-04-01,Security,Low,6.4,Resolved,4
TCK-004416,CUST-003510,2024-08-31,Billing,Medium,36.9,Resolved,2
TCK-004417,CUST-003511,2023-08-28,Technical,Low,18.0,Resolved,3
TCK-004418,CUST-003511,2024-04-10,Technical,Medium,5.7,Resolved,4
TCK-004419,CUST-003513,2024-09-06,Billing,Critical,21.9,Resolved,3
TCK-004420,CUST-003513,2024-08-10,Billing,Low,10.9,Resolved,5
TCK-004421,CUST-003516,2024-05-13,Technical,Low,23.9,Resolved,4
TCK-004422,CUST-003516,2024-03-27,Feature Request,Medium,43.6,Resolved,1
TCK-004423,CUST-003517,2023-08-09,Billing,High,14.4,Resolved,1
TCK-004424,CUST-003517,2024-02-03,Billing,Medium,18.5,Resolved,3
TCK-004425,CUST-003517,2023-05-21,Technical,Low,11.8,Resolved,5
TCK-004426,CUST-003518,2022-05-22,Technical,Low,101.2,Closed,3
TCK-004427,CUST-003518,2022-02-25,Feature Request,Medium,25.6,Escalated,1
TCK-004428,CUST-003519,2024-06-14,Billing,Medium,2.7,Closed,3
TCK-004429,CUST-003519,2024-05-05,Login,Low,39.2,Resolved,1
TCK-004430,CUST-003519,2024-06-09,Billing,Critical,45.5,Escalated,1
TCK-004431,CUST-003521,2023-03-30,Performance,Low,25.7,Closed,4
TCK-004432,CUST-003521,2023-04-15,Technical,High,51.3,Closed,1
TCK-004433,CUST-003523,2023-11-25,Technical,Low,20.9,Resolved,3
TCK-004434,CUST-003524,2022-07-26,Login,Medium,110.0,Closed,2
TCK-004435,CUST-003525,2024-02-04,Billing,Low,4.2,Resolved,5
TCK-004436,CUST-003527,2024-04-20,Login,Low,5.0,Resolved,4
TCK-004437,CUST-003528,2024-07-12,Billing,High,31.1,Closed,2
TCK-004438,CUST-003528,2024-07-17,Feature Request,Medium,12.0,Pending,1
TCK-004439,CUST-003528,2024-04-29,Login,Medium,8.5,Resolved,5
TCK-004440,CUST-003529,2024-06-14,Login,Medium,55.1,Resolved,5
TCK-004441,CUST-003529,2023-12-10,Performance,Low,3.2,Closed,3
TCK-004442,CUST-003530,2024-09-27,Login,Low,10.4,Closed,2
TCK-004443,CUST-003530,2024-04-11,Billing,High,1.0,Resolved,2
TCK-004444,CUST-003531,2023-01-25,Billing,Medium,52.0,Resolved,3
TCK-004445,CUST-003533,2023-01-31,Integration,High,1.7,Resolved,4
TCK-004446,CUST-003533,2023-03-18,Billing,Low,35.0,Closed,4
TCK-004447,CUST-003535,2022-10-29,Integration,Low,18.1,Resolved,5
TCK-004448,CUST-003536,2024-07-27,Technical,High,0.5,Resolved,4
TCK-004449,CUST-003537,2024-04-21,Feature Request,Low,4.5,Resolved,2
TCK-004450,CUST-003537,2024-01-28,Technical,Medium,22.1,Resolved,2
TCK-004451,CUST-003542,2024-07-12,Security,Critical,14.3,Resolved,4
TCK-004452,CUST-003542,2024-09-20,Security,Critical,31.2,Resolved,5
TCK-004453,CUST-003543,2024-06-18,Technical,Medium,3.2,Resolved,5
TCK-004454,CUST-003545,2023-01-31,Feature Request,Low,0.5,Resolved,4
TCK-004455,CUST-003545,2024-09-15,Performance,Medium,68.6,Resolved,1
TCK-004456,CUST-003546,2022-09-08,Technical,Medium,36.7,Resolved,2
TCK-004457,CUST-003547,2024-07-31,Technical,Medium,5.4,Resolved,1
TCK-004458,CUST-003547,2024-08-11,Technical,Low,24.9,Resolved,1
TCK-004459,CUST-003548,2023-05-01,Login,Low,5.6,Resolved,2
TCK-004460,CUST-003549,2023-06-27,Billing,Medium,42.4,Closed,5
TCK-004461,CUST-003550,2024-03-15,Technical,Medium,19.8,Resolved,2
TCK-004462,CUST-003550,2024-03-01,Technical,High,19.2,Resolved,2
TCK-004463,CUST-003550,2024-03-24,Technical,High,12.8,Resolved,1
TCK-004464,CUST-003550,2024-02-27,Technical,High,42.2,Resolved,2
TCK-004465,CUST-003550,2024-02-18,Login,High,25.2,Resolved,2
TCK-004466,CUST-003551,2024-04-26,Feature Request,Critical,5.5,Resolved,4
TCK-004467,CUST-003551,2024-03-17,Technical,Medium,58.4,Closed,1
TCK-004468,CUST-003551,2024-09-05,Security,Low,21.7,Escalated,3
TCK-004469,CUST-003552,2024-05-28,Security,Medium,12.0,Resolved,3
TCK-004470,CUST-003552,2024-03-25,Technical,Low,8.3,Resolved,4
TCK-004471,CUST-003554,2024-09-05,Login,Medium,11.9,Closed,5
TCK-004472,CUST-003556,2023-03-10,Integration,Critical,8.7,Resolved,4
TCK-004473,CUST-003557,2024-01-10,Technical,Critical,23.1,Resolved,5
TCK-004474,CUST-003558,2024-05-16,Security,Medium,8.2,Resolved,3
TCK-004475,CUST-003558,2024-04-04,Login,Low,8.8,Resolved,4
TCK-004476,CUST-003558,2024-07-15,Performance,Medium,20.1,Resolved,3
TCK-004477,CUST-003559,2024-08-25,Billing,Low,0.7,Resolved,3
TCK-004478,CUST-003560,2022-04-26,Security,High,82.1,Resolved,5
TCK-004479,CUST-003560,2022-09-19,Performance,Medium,34.2,Resolved,5
TCK-004480,CUST-003562,2023-02-26,Billing,High,25.1,Closed,4
TCK-004481,CUST-003564,2023-12-20,Feature Request,Critical,14.3,Closed,3
TCK-004482,CUST-003565,2024-03-05,Login,Low,4.4,Closed,3
TCK-004483,CUST-003565,2024-02-09,Billing,Medium,9.1,Resolved,4
TCK-004484,CUST-003565,2024-01-14,Technical,Low,24.5,Resolved,4
TCK-004485,CUST-003566,2024-10-08,Performance,Medium,6.3,Closed,3
TCK-004486,CUST-003569,2023-02-17,Technical,Critical,147.7,Closed,5
TCK-004487,CUST-003569,2024-11-01,Login,Medium,1.1,Resolved,3
TCK-004488,CUST-003572,2024-07-07,Technical,Medium,0.5,Resolved,1
TCK-004489,CUST-003572,2024-07-08,Performance,Low,21.7,Resolved,5
TCK-004490,CUST-003573,2023-12-02,Login,Critical,26.2,Closed,1
TCK-004491,CUST-003573,2023-03-02,Performance,Low,64.2,Resolved,1
TCK-004492,CUST-003573,2023-02-08,Technical,Medium,1.6,Resolved,2
TCK-004493,CUST-003574,2023-08-15,Performance,Low,12.8,Resolved,4
TCK-004494,CUST-003575,2024-05-15,Integration,Medium,1.3,Resolved,2
TCK-004495,CUST-003576,20/03/2024,Billing,Medium,3.7,Resolved,3
TCK-004496,CUST-003577,2024-02-24,Performance,Low,20.1,Escalated,1
TCK-004497,CUST-003583,2023-06-27,Performance,High,34.6,Closed,5
TCK-004498,CUST-003586,2022-09-17,Technical,Medium,7.9,Pending,1
TCK-004499,CUST-003586,2022-08-30,Performance,Low,44.2,Resolved,1
TCK-004500,CUST-003587,2024-03-01,Integration,Low,26.9,Closed,1
TCK-004501,CUST-003587,2023-12-24,Login,Low,37.0,Closed,1
TCK-004502,CUST-003588,2024-10-09,Billing,Medium,24.8,Resolved,4
TCK-004503,CUST-003588,2024-11-15,Login,Low,0.6,Resolved,4
TCK-004504,CUST-003591,2024-03-23,Technical,High,11.8,Resolved,5
TCK-004505,CUST-003591,2024-08-14,Feature Request,Medium,1.4,Resolved,2
TCK-004506,CUST-003594,2022-10-24,Integration,Medium,12.5,Resolved,1
TCK-004507,CUST-003595,2024-10-07,Login,Medium,0.5,Resolved,5
TCK-004508,CUST-003595,2024-07-24,Performance,Medium,3.7,Resolved,2
TCK-004509,CUST-003595,2024-10-20,Performance,Medium,20.9,Resolved,4
TCK-004510,CUST-003596,2022-12-12,Technical,Low,22.8,Resolved,3
TCK-004511,CUST-003598,2023-04-28,Login,Medium,8.2,Resolved,2
TCK-004512,CUST-003599,2022-12-15,Integration,Low,3.0,Closed,3
TCK-004513,CUST-003600,2024-08-28,Integration,Medium,42.7,Resolved,2
TCK-004514,CUST-003600,2024-09-08,Technical,Medium,45.0,Resolved,1
TCK-004515,CUST-003601,2024-12-04,Billing,Medium,2.3,Closed,5
TCK-004516,CUST-003602,2024-07-06,Technical,Low,63.6,Resolved,4
TCK-004517,CUST-003602,2023-08-08,Billing,Low,20.3,Resolved,3
TCK-004518,CUST-003603,2022-09-01,Technical,Critical,20.3,Resolved,1
TCK-004519,CUST-003603,2024-10-15,Performance,Low,8.1,Resolved,5
TCK-004520,CUST-003603,2024-03-08,Technical,Low,7.1,Resolved,5
TCK-004521,CUST-003605,2024-07-31,Login,High,25.2,Resolved,5
TCK-004522,CUST-003607,2022-05-26,Integration,High,6.7,Escalated,2
TCK-004523,CUST-003607,2022-06-01,Login,High,6.0,Escalated,2
TCK-004524,CUST-003607,2022-05-31,Technical,Medium,20.5,Resolved,2
TCK-004525,CUST-003607,13/06/2022,Billing,Low,33.5,Closed,1
TCK-004526,CUST-003609,2024-02-22,Integration,Medium,6.1,Resolved,4
TCK-004527,CUST-003610,2024-07-10,Login,Low,8.7,Resolved,3
TCK-004528,CUST-003610,2023-05-29,Performance,Low,6.5,Resolved,4
TCK-004529,CUST-003612,2024-10-07,Billing,Medium,3.2,Resolved,4
TCK-004530,CUST-003612,2024-05-04,Integration,Medium,3.4,Resolved,4
TCK-004531,CUST-003613,2024-06-13,Technical,Low,7.0,Resolved,4
TCK-004532,CUST-003614,2023-10-24,Technical,Medium,2.8,Resolved,4
TCK-004533,CUST-003616,2023-07-14,Technical,Medium,51.8,Escalated,1
TCK-004534,CUST-003616,2022-11-27,Technical,Medium,18.6,Resolved,2
TCK-004535,CUST-003616,2022-09-24,Performance,Critical,22.3,Resolved,3
TCK-004536,CUST-003616,2022-04-23,Technical,Medium,24.2,Resolved,1
TCK-004537,CUST-003616,2022-09-24,Billing,Medium,12.9,Resolved,5
TCK-004538,CUST-003617,2024-08-06,Technical,Medium,17.3,Resolved,2
TCK-004539,CUST-003619,2023-10-30,Performance,Low,7.7,Resolved,5
TCK-004540,CUST-003619,2024-07-20,Technical,Medium,10.5,Resolved,4
TCK-004541,CUST-003621,2024-03-11,Integration,High,5.4,Resolved,1
TCK-004542,CUST-003621,2024-01-30,Performance,Low,56.7,Pending,2
TCK-004543,CUST-003621,2024-06-19,Technical,Low,4.6,Resolved,1
TCK-004544,CUST-003621,2023-12-08,Login,Medium,4.5,Escalated,1
TCK-004545,CUST-003622,2024-10-19,Integration,Medium,24.9,Resolved,1
TCK-004546,CUST-003625,2023-03-05,Billing,High,17.7,Resolved,3
TCK-004547,CUST-003629,2022-04-09,Security,Medium,7.5,Resolved,1
TCK-004548,CUST-003629,2022-05-12,Technical,Low,15.7,Resolved,2
TCK-004549,CUST-003629,2022-04-14,Login,Medium,75.8,Escalated,1
TCK-004550,CUST-003631,2024-03-08,Billing,High,15.4,Closed,1
TCK-004551,CUST-003631,2023-11-01,Billing,Medium,77.9,Closed,2
TCK-004552,CUST-003633,2023-12-26,Performance,High,40.5,Resolved,2
TCK-004553,CUST-003634,2024-06-07,Integration,Medium,18.5,Escalated,3
TCK-004554,CUST-003634,2024-03-24,Billing,Medium,26.9,Resolved,1
TCK-004555,CUST-003635,2024-05-20,Technical,Medium,7.9,Resolved,5
TCK-004556,CUST-003636,2024-07-23,Billing,High,3.9,Resolved,3
TCK-004557,CUST-003636,2024-04-02,Security,Medium,4.6,Resolved,4
TCK-004558,CUST-003637,2023-11-23,Login,Critical,45.2,Resolved,2
TCK-004559,CUST-003637,2023-12-27,Technical,High,2.8,Resolved,1
TCK-004560,CUST-003638,2023-06-22,Integration,Medium,1.0,Resolved,4
TCK-004561,CUST-003638,2024-07-14,Performance,Medium,19.9,Resolved,4
TCK-004562,CUST-003639,2022-06-11,Technical,Low,5.9,Escalated,2
TCK-004563,CUST-003639,2024-01-18,Technical,Critical,57.5,Resolved,2
TCK-004564,CUST-003640,2024-04-06,Technical,Low,4.6,Closed,5
TCK-004565,CUST-003641,2024-02-26,Login,Medium,0.8,Resolved,5
TCK-004566,CUST-003644,2024-08-22,Technical,Medium,22.5,Resolved,5
TCK-004567,CUST-003646,2023-11-28,Technical,Medium,0.5,Resolved,4
TCK-004568,CUST-003647,2024-08-31,Performance,High,47.9,Resolved,3
TCK-004569,CUST-003647,2024-12-12,Performance,Critical,4.5,Resolved,4
TCK-004570,CUST-003648,2024-02-22,Login,Low,34.2,Resolved,1
TCK-004571,CUST-003648,2024-03-17,Technical,Medium,72.6,Resolved,1
TCK-004572,CUST-003648,2024-03-13,Login,High,31.3,Resolved,1
TCK-004573,CUST-003649,2024-04-18,Technical,Medium,21.5,Closed,5
TCK-004574,CUST-003649,2024-10-31,Performance,High,65.2,Resolved,4
TCK-004575,CUST-003650,2024-01-02,Integration,Low,23.8,Closed,5
TCK-004576,CUST-003650,2023-04-26,Login,Medium,4.9,Closed,3
TCK-004577,CUST-003650,2024-04-24,Technical,Low,1.2,Resolved,1
TCK-004578,CUST-003651,2024-04-01,Billing,Low,34.7,Closed,2
TCK-004579,CUST-003651,2024-05-15,Technical,High,73.7,Closed,2
TCK-004580,CUST-003651,2024-04-02,Billing,Low,28.0,Resolved,3
TCK-004581,CUST-003651,2024-05-11,Performance,High,25.4,Escalated,1
TCK-004582,CUST-003651,2024-03-25,Technical,Medium,8.0,Resolved,4
TCK-004583,CUST-003651,2024-04-07,Security,High,133.9,Closed,2
TCK-004584,CUST-003652,2024-04-06,Technical,Medium,13.6,Closed,1
TCK-004585,CUST-003653,2023-12-22,Technical,Medium,0.5,Resolved,5
TCK-004586,CUST-003654,2024-08-21,Technical,Critical,3.6,Closed,1
TCK-004587,CUST-003658,2024-07-18,Login,Low,21.7,Resolved,5
TCK-004588,CUST-003658,2024-09-06,Billing,Low,22.5,Resolved,4
TCK-004589,CUST-003658,2024-12-06,Billing,Low,3.6,Resolved,4
TCK-004590,CUST-003658,2024-11-17,Integration,Medium,10.4,Closed,3
TCK-004591,CUST-003659,2024-10-30,Integration,Low,1.8,Resolved,1
TCK-004592,CUST-003659,2024-05-31,Integration,Critical,109.4,Resolved,1
TCK-004593,CUST-003659,2024-05-03,Billing,High,35.0,Pending,1
TCK-004594,CUST-003659,2024-09-22,Billing,Low,14.1,Pending,2
TCK-004595,CUST-003660,2024-07-14,Billing,Low,8.2,Resolved,5
TCK-004596,CUST-003661,2024-05-07,Feature Request,Low,26.7,Resolved,3
TCK-004597,CUST-003663,2023-02-06,Login,Medium,11.5,Resolved,1
TCK-004598,CUST-003663,2024-03-21,Technical,Low,12.6,Escalated,2
TCK-004599,CUST-003664,2023-04-15,Billing,Medium,3.3,Escalated,2
TCK-004600,CUST-003664,2023-04-24,Technical,Medium,7.3,Resolved,1
TCK-004601,CUST-003665,2023-07-07,Login,Medium,59.6,Resolved,4
TCK-004602,CUST-003665,2024-02-06,Performance,Low,7.4,Resolved,3
TCK-004603,CUST-003667,2024-01-09,Login,Critical,37.2,Closed,1
TCK-004604,CUST-003667,2023-10-26,Billing,Medium,76.1,Pending,2
TCK-004605,CUST-003667,2023-12-22,Technical,Medium,3.9,Resolved,1
TCK-004606,CUST-003670,2023-03-10,Billing,High,118.9,Pending,1
TCK-004607,CUST-003670,2023-01-30,Login,High,42.6,Resolved,2
TCK-004608,CUST-003671,2022-03-02,Performance,Low,33.1,Resolved,2
TCK-004609,CUST-003671,2022-03-21,Technical,High,26.0,Resolved,2
TCK-004610,CUST-003671,2022-09-06,Performance,Medium,13.6,Closed,2
TCK-004611,CUST-003673,2023-06-04,Security,High,97.9,Resolved,4
TCK-004612,CUST-003673,2023-08-31,Feature Request,Medium,6.6,Escalated,3
TCK-004613,CUST-003674,2024-10-17,Login,High,63.5,Closed,2
TCK-004614,CUST-003675,13/10/2024,Technical,Medium,91.8,Resolved,2
TCK-004615,CUST-003675,2024-08-13,Login,Medium,7.2,Escalated,1
TCK-004616,CUST-003677,2023-12-23,Technical,Low,2.7,Resolved,4
TCK-004617,CUST-003677,2023-12-08,Billing,Low,4.3,Resolved,3
TCK-004618,CUST-003678,2023-02-13,Billing,Critical,65.6,Resolved,4
TCK-004619,CUST-003679,2022-10-14,Performance,High,14.4,Resolved,1
TCK-004620,CUST-003680,2023-03-13,Performance,Medium,14.8,Resolved,2
TCK-004621,CUST-003680,2023-05-14,Technical,Medium,2.6,Closed,2
TCK-004622,CUST-003680,2023-06-10,Performance,Critical,4.2,Resolved,3
TCK-004623,CUST-003680,2023-08-25,Integration,Medium,27.8,Closed,2
TCK-004624,CUST-003682,2023-03-10,Technical,Low,10.1,Closed,3
TCK-004625,CUST-003683,2024-11-02,Billing,Medium,20.5,Resolved,3
TCK-004626,CUST-003683,2024-08-26,Technical,Low,28.4,Resolved,5
TCK-004627,CUST-003684,2024-04-30,Feature Request,High,8.5,Closed,4
TCK-004628,CUST-003684,2023-07-08,Billing,Medium,12.2,Closed,4
TCK-004629,CUST-003684,2022-06-11,Feature Request,Low,3.3,Resolved,5
TCK-004630,CUST-003686,2024-05-19,Login,Low,12.1,Resolved,3
TCK-004631,CUST-003686,2023-05-12,Technical,High,8.7,Closed,1
TCK-004632,CUST-003686,2024-07-25,Login,Low,29.4,Resolved,3
TCK-004633,CUST-003686,2024-07-29,Login,Medium,38.6,Escalated,3
TCK-004634,CUST-003687,2023-02-07,Technical,Medium,26.8,Resolved,1
TCK-004635,CUST-003687,2023-11-08,Login,High,132.8,Pending,2
TCK-004636,CUST-003688,2023-06-03,Integration,Low,9.6,Escalated,2
TCK-004637,CUST-003690,2024-10-06,Login,High,1.5,Closed,4
TCK-004638,CUST-003692,2024-07-06,Billing,Medium,9.8,Resolved,5
TCK-004639,CUST-003692,2024-11-28,Technical,Medium,0.5,Resolved,3
TCK-004640,CUST-003693,2022-11-23,Performance,High,0.9,Closed,1
TCK-004641,CUST-003694,2024-06-29,Technical,High,120.7,Resolved,1
TCK-004642,CUST-003694,2024-07-14,Billing,High,138.6,Resolved,2
TCK-004643,CUST-003695,2024-08-10,Performance,Medium,19.4,Resolved,4
TCK-004644,CUST-003696,2022-05-29,Integration,Medium,13.7,Resolved,2
TCK-004645,CUST-003696,2022-07-18,Technical,High,130.0,Resolved,1
TCK-004646,CUST-003696,2022-06-14,Login,High,20.0,Resolved,4
TCK-004647,CUST-003697,2024-10-12,Feature Request,Medium,13.4,Resolved,4
TCK-004648,CUST-003699,2024-04-07,Login,High,20.9,Resolved,4
TCK-004649,CUST-003699,2023-11-04,Performance,Critical,4.6,Closed,4
TCK-004650,CUST-003699,2024-03-31,Billing,Medium,9.5,Resolved,2
TCK-004651,CUST-003699,24/11/2024,Billing,Low,26.2,Resolved,3
TCK-004652,CUST-003700,2024-01-21,Integration,High,51.2,Escalated,1
TCK-004653,CUST-003700,2024-01-07,Technical,Medium,44.8,Closed,1
TCK-004654,CUST-003702,2024-06-23,Billing,Low,33.4,Closed,1
TCK-004655,CUST-003702,2024-04-09,Performance,Medium,39.2,Resolved,3
TCK-004656,CUST-003703,2023-07-09,Integration,Low,9.1,Resolved,3
TCK-004657,CUST-003704,2024-10-10,Security,Low,3.9,Resolved,3
TCK-004658,CUST-003708,2023-06-28,Billing,Medium,0.9,Resolved,5
TCK-004659,CUST-003711,2023-10-10,Feature Request,Medium,11.3,Resolved,4
TCK-004660,CUST-003712,2024-04-28,Technical,Low,38.1,Closed,2
TCK-004661,CUST-003712,2024-03-22,Technical,Medium,40.6,Resolved,1
TCK-004662,CUST-003712,2023-12-10,Technical,Low,52.9,Resolved,1
TCK-004663,CUST-003714,2024-02-28,Billing,High,17.3,Resolved,1
TCK-004664,CUST-003715,2024-04-29,Technical,Medium,10.3,Resolved,5
TCK-004665,CUST-003717,2024-05-09,Integration,High,52.2,Closed,5
TCK-004666,CUST-003718,2022-12-06,Billing,Low,3.3,Closed,4
TCK-004667,CUST-003719,2024-04-15,Technical,Low,7.6,Closed,2
TCK-004668,CUST-003719,2024-05-14,Performance,Medium,5.5,Resolved,5
TCK-004669,CUST-003720,2023-05-31,Billing,Medium,63.4,Closed,4
TCK-004670,CUST-003721,2022-08-26,Login,Medium,46.7,Resolved,4
TCK-004671,CUST-003721,2023-12-11,Billing,High,15.5,Resolved,4
TCK-004672,CUST-003721,2024-09-19,Feature Request,Critical,26.7,Resolved,5
TCK-004673,CUST-003722,2023-07-11,Billing,Low,16.5,Resolved,5
TCK-004674,CUST-003723,2023-10-24,Performance,Low,3.4,Resolved,5
TCK-004675,CUST-003724,2024-05-29,Integration,Low,3.6,Closed,4
TCK-004676,CUST-003726,2024-02-12,Technical,High,23.1,Resolved,3
TCK-004677,CUST-003726,2024-07-12,Billing,Medium,15.7,Resolved,1
TCK-004678,CUST-003727,2024-01-18,Login,Medium,66.3,Pending,2
TCK-004679,CUST-003727,2024-01-21,Login,Medium,42.8,Closed,1
TCK-004680,CUST-003728,2024-07-12,Feature Request,Critical,14.0,Resolved,3
TCK-004681,CUST-003728,2023-05-08,Technical,Low,9.0,Closed,1
TCK-004682,CUST-003729,2023-07-08,Performance,Medium,35.1,Resolved,4
TCK-004683,CUST-003730,2024-06-26,Technical,Medium,5.4,Resolved,3
TCK-004684,CUST-003730,2024-07-23,Technical,Medium,30.7,Pending,2
TCK-004685,CUST-003730,2024-07-27,Integration,Low,16.6,Resolved,1
TCK-004686,CUST-003731,2023-10-09,Security,Low,8.9,Resolved,2
TCK-004687,CUST-003732,2024-01-16,Performance,Medium,60.8,Resolved,5
TCK-004688,CUST-003733,2023-02-02,Technical,Low,24.9,Resolved,3
TCK-004689,CUST-003733,2023-08-07,Billing,Medium,15.0,Escalated,2
TCK-004690,CUST-003734,2024-02-07,Billing,Medium,33.0,Pending,1
TCK-004691,CUST-003734,2024-03-02,Login,Medium,2.5,Resolved,1
TCK-004692,CUST-003734,2024-02-29,Billing,Medium,6.4,Resolved,2
TCK-004693,CUST-003735,2024-07-31,Feature Request,Low,10.3,Resolved,3
TCK-004694,CUST-003735,21/05/2024,Technical,Medium,19.2,Resolved,2
TCK-004695,CUST-003735,2024-05-05,Performance,Low,18.5,Resolved,1
TCK-004696,CUST-003736,2024-05-30,Login,Medium,0.7,Resolved,4
TCK-004697,CUST-003737,2023-11-19,Technical,Medium,11.5,Resolved,1
TCK-004698,CUST-003745,2022-10-18,Integration,Low,35.6,Closed,2
TCK-004699,CUST-003745,2023-04-28,Technical,Medium,36.6,Pending,3
TCK-004700,CUST-003746,2024-12-16,Technical,Medium,3.2,Closed,5
TCK-004701,CUST-003747,14/02/2024,Integration,High,21.8,Resolved,2
TCK-004702,CUST-003747,2024-02-11,Billing,Medium,0.5,Resolved,5
TCK-004703,CUST-003747,2024-09-23,Technical,Low,23.6,Closed,4
TCK-004704,CUST-003748,2023-12-06,Feature Request,Low,34.6,Resolved,4
TCK-004705,CUST-003749,2024-05-06,Billing,High,2.4,Closed,3
TCK-004706,CUST-003750,2022-12-28,Billing,Low,12.5,Pending,2
TCK-004707,CUST-003750,2023-06-29,Billing,Medium,19.9,Closed,3
TCK-004708,CUST-003752,2024-07-04,Security,Low,8.0,Closed,5
TCK-004709,CUST-003753,2024-07-29,Technical,Medium,20.5,Resolved,3
TCK-004710,CUST-003754,2024-05-10,Performance,High,9.4,Resolved,3
TCK-004711,CUST-003755,2024-09-24,Billing,Medium,3.3,Resolved,4
TCK-004712,CUST-003758,2024-02-08,Technical,Medium,40.3,Resolved,5
TCK-004713,CUST-003760,2024-06-12,Billing,Low,2.7,Resolved,3
TCK-004714,CUST-003761,2023-08-04,Billing,Critical,38.5,Closed,2
TCK-004715,CUST-003762,2022-03-28,Login,Low,5.4,Closed,4
TCK-004716,CUST-003763,2024-07-29,Feature Request,Medium,1.3,Resolved,4
TCK-004717,CUST-003764,2023-05-10,Performance,High,6.5,Resolved,2
TCK-004718,CUST-003765,2023-09-07,Billing,Medium,34.6,Resolved,4
TCK-004719,CUST-003765,2024-06-10,Billing,Low,38.5,Closed,4
TCK-004720,CUST-003766,2024-11-23,Billing,Low,1.9,Closed,5
TCK-004721,CUST-003766,2024-03-28,Technical,Low,6.2,Resolved,2
TCK-004722,CUST-003768,2024-08-22,Performance,High,15.1,Closed,4
TCK-004723,CUST-003768,2024-02-27,Integration,Medium,0.5,Resolved,2
TCK-004724,CUST-003768,2024-02-02,Technical,Low,11.6,Resolved,4
TCK-004725,CUST-003770,2024-05-11,Login,Critical,1.9,Resolved,4
TCK-004726,CUST-003771,16/10/2024,Feature Request,High,0.5,Resolved,5
TCK-004727,CUST-003772,2024-12-14,Technical,High,3.2,Closed,4
TCK-004728,CUST-003772,2023-07-23,Technical,High,20.1,Closed,3
TCK-004729,CUST-003772,2024-09-23,Technical,Medium,2.6,Resolved,5
TCK-004730,CUST-003774,2024-04-23,Integration,Medium,7.7,Resolved,2
TCK-004731,CUST-003775,2024-03-18,Performance,High,5.7,Closed,2
TCK-004732,CUST-003775,2024-01-19,Technical,High,4.5,Closed,1
TCK-004733,CUST-003776,2024-06-28,Login,Medium,10.9,Resolved,5
TCK-004734,CUST-003776,2024-01-26,Login,Low,3.8,Resolved,4
TCK-004735,CUST-003777,2023-08-01,Technical,Low,42.6,Closed,1
TCK-004736,CUST-003777,2023-11-27,Performance,Critical,190.0,Resolved,2
TCK-004737,CUST-003781,2024-06-01,Technical,Medium,2.3,Closed,4
TCK-004738,CUST-003782,14/07/2024,Billing,Low,44.7,Closed,2
TCK-004739,CUST-003782,2024-08-22,Login,Medium,12.9,Resolved,4
TCK-004740,CUST-003782,2024-10-11,Login,High,48.6,Escalated,1
TCK-004741,CUST-003784,2022-09-14,Billing,Critical,58.0,Escalated,2
TCK-004742,CUST-003785,2024-02-25,Billing,Low,42.2,Pending,1
TCK-004743,CUST-003785,2023-05-31,Feature Request,High,34.9,Closed,2
TCK-004744,CUST-003786,2024-12-11,Login,Low,1.9,Resolved,4
TCK-004745,CUST-003786,2023-09-24,Billing,Medium,17.6,Resolved,4
TCK-004746,CUST-003787,2022-09-18,Performance,High,8.3,Resolved,2
TCK-004747,CUST-003787,2022-09-24,Technical,Low,44.6,Resolved,2
TCK-004748,CUST-003787,2024-01-21,Login,Low,26.0,Escalated,1
TCK-004749,CUST-003788,2024-08-08,Integration,Medium,5.5,Resolved,4
TCK-004750,CUST-003789,2024-04-21,Login,High,23.1,Pending,1
TCK-004751,CUST-003790,21/06/2023,Performance,High,34.3,Resolved,5
TCK-004752,CUST-003792,2023-09-06,Security,Medium,18.0,Resolved,5
TCK-004753,CUST-003793,2024-10-24,Technical,Critical,0.5,Closed,2
TCK-004754,CUST-003794,2024-03-07,Technical,Low,11.6,Resolved,5
TCK-004755,CUST-003795,2024-10-13,Performance,Low,5.5,Resolved,3
TCK-004756,CUST-003797,2023-09-19,Login,Low,4.4,Pending,2
TCK-004757,CUST-003797,2023-10-14,Login,Medium,12.4,Resolved,1
TCK-004758,CUST-003799,2023-05-17,Login,Low,8.5,Closed,5
TCK-004759,CUST-003800,2024-01-23,Technical,Critical,111.0,Resolved,3
TCK-004760,CUST-003800,2024-11-29,Technical,Low,50.7,Closed,5
TCK-004761,CUST-003801,06/12/2023,Performance,Low,22.7,Resolved,4
TCK-004762,CUST-003805,2024-04-16,Login,Low,4.4,Resolved,5
TCK-004763,CUST-003805,2023-08-06,Technical,High,1.3,Resolved,3
TCK-004764,CUST-003806,2023-06-18,Security,Low,15.4,Resolved,4
TCK-004765,CUST-003807,2023-12-14,Billing,Low,45.9,Closed,4
TCK-004766,CUST-003809,2024-02-25,Feature Request,Low,24.4,Closed,1
TCK-004767,CUST-003809,2024-03-18,Billing,Medium,63.5,Resolved,2
TCK-004768,CUST-003810,2024-03-28,Performance,High,10.6,Closed,2
TCK-004769,CUST-003810,2023-09-17,Technical,Medium,40.8,Pending,1
TCK-004770,CUST-003810,2022-09-24,Integration,Low,1.6,Pending,3
TCK-004771,CUST-003812,2022-08-01,Login,High,0.5,Resolved,3
TCK-004772,CUST-003812,2022-08-07,Security,Medium,99.1,Resolved,1
TCK-004773,CUST-003812,2022-07-18,Login,High,104.4,Resolved,2
TCK-004774,CUST-003813,2024-07-01,Technical,Low,25.2,Escalated,2
TCK-004775,CUST-003813,2024-07-22,Billing,High,93.9,Closed,3
TCK-004776,CUST-003813,2024-10-09,Performance,Medium,28.1,Closed,1
TCK-004777,CUST-003813,2024-10-23,Technical,Medium,5.5,Resolved,5
TCK-004778,CUST-003813,2024-10-03,Performance,Medium,30.4,Resolved,3
TCK-004779,CUST-003813,2024-08-13,Billing,Low,53.7,Resolved,2
TCK-004780,CUST-003814,2024-02-09,Technical,High,33.8,Closed,5
TCK-004781,CUST-003816,2022-11-15,Performance,Low,11.9,Pending,2
TCK-004782,CUST-003816,2022-06-01,Billing,Low,16.0,Resolved,4
TCK-004783,CUST-003816,2022-11-16,Billing,Medium,14.5,Resolved,2
TCK-004784,CUST-003819,2024-03-30,Performance,Critical,2.4,Resolved,3
TCK-004785,CUST-003819,2024-02-10,Login,Low,2.0,Resolved,2
TCK-004786,CUST-003820,2024-09-19,Technical,High,34.6,Resolved,5
TCK-004787,CUST-003821,2024-01-25,Feature Request,Medium,40.8,Resolved,4
TCK-004788,CUST-003821,2024-05-04,Technical,High,36.6,Pending,1
TCK-004789,CUST-003821,2023-06-16,Performance,Medium,17.5,Escalated,1
TCK-004790,CUST-003821,2023-08-29,Billing,Low,4.7,Resolved,2
TCK-004791,CUST-003821,2024-05-21,Technical,High,48.1,Resolved,3
TCK-004792,CUST-003825,2022-09-13,Billing,High,1.1,Resolved,3
TCK-004793,CUST-003826,2024-05-12,Integration,Medium,0.5,Resolved,2
TCK-004794,CUST-003826,2023-12-09,Technical,Low,3.3,Resolved,2
TCK-004795,CUST-003827,2023-01-01,Billing,Low,13.3,Closed,4
TCK-004796,CUST-003827,2022-08-05,Technical,Low,14.2,Resolved,2
TCK-004797,CUST-003828,2024-02-11,Billing,Critical,7.7,Resolved,4
TCK-004798,CUST-003828,2023-07-28,Billing,Low,28.5,Resolved,5
TCK-004799,CUST-003832,2024-09-08,Billing,Low,7.4,Resolved,3
TCK-004800,CUST-003832,2024-10-25,Integration,Medium,15.5,Resolved,4
TCK-004801,CUST-003832,2024-03-04,Technical,Low,10.2,Closed,5
TCK-004802,CUST-003833,2024-08-20,Technical,Medium,2.1,Closed,1
TCK-004803,CUST-003833,2024-07-25,Integration,Medium,13.0,Resolved,1
TCK-004804,CUST-003834,2023-09-22,Login,Medium,2.9,Resolved,5
TCK-004805,CUST-003834,2023-11-22,Billing,Medium,35.0,Closed,3
TCK-004806,CUST-003834,2024-05-10,Login,Low,9.8,Closed,5
TCK-004807,CUST-003835,2023-12-18,Login,Low,6.2,Closed,5
TCK-004808,CUST-003837,2024-04-09,Technical,Medium,38.3,Resolved,5
TCK-004809,CUST-003837,2023-12-24,Technical,Low,7.5,Resolved,5
TCK-004810,CUST-003837,2023-12-25,Technical,Low,17.8,Closed,3
TCK-004811,CUST-003838,2024-07-07,Billing,Medium,17.2,Resolved,1
TCK-004812,CUST-003840,2024-06-30,Login,Medium,3.3,Resolved,5
TCK-004813,CUST-003841,2024-07-16,Login,Low,37.5,Resolved,4
TCK-004814,CUST-003842,2024-08-02,Technical,Critical,33.0,Closed,1
TCK-004815,CUST-003842,2024-06-18,Billing,Medium,20.2,Escalated,2
TCK-004816,CUST-003843,2023-03-14,Billing,Medium,10.5,Closed,2
TCK-004817,CUST-003845,2024-09-05,Integration,Medium,49.3,Pending,1
TCK-004818,CUST-003847,2024-08-05,Performance,Low,50.4,Closed,4
TCK-004819,CUST-003847,2023-06-26,Technical,Medium,11.4,Resolved,4
TCK-004820,CUST-003848,2023-09-22,Feature Request,Medium,106.3,Escalated,2
TCK-004821,CUST-003848,2024-02-13,Technical,Medium,9.3,Resolved,2
TCK-004822,CUST-003849,2023-12-27,Security,Low,1.5,Resolved,2
TCK-004823,CUST-003850,2023-03-14,Billing,Medium,15.3,Resolved,1
TCK-004824,CUST-003851,2024-04-24,Integration,Low,28.0,Resolved,2
TCK-004825,CUST-003851,2024-03-02,Performance,Medium,7.2,Resolved,3
TCK-004826,CUST-003852,2022-11-22,Performance,Medium,45.2,Resolved,5
TCK-004827,CUST-003852,2023-01-10,Billing,Medium,13.6,Resolved,5
TCK-004828,CUST-003853,2023-09-19,Technical,High,63.6,Closed,4
TCK-004829,CUST-003853,2023-06-19,Billing,Low,12.9,Resolved,1
TCK-004830,CUST-003854,2023-10-27,Billing,Low,17.3,Closed,5
TCK-004831,CUST-003855,2024-06-10,Billing,Medium,3.6,Pending,1
TCK-004832,CUST-003857,2023-07-24,Billing,Medium,25.2,Resolved,3
TCK-004833,CUST-003857,2023-05-10,Technical,Medium,20.0,Resolved,3
TCK-004834,CUST-003858,2023-06-07,Login,Medium,19.1,Closed,3
TCK-004835,CUST-003858,2023-05-18,Technical,Low,39.6,Closed,5
TCK-004836,CUST-003859,2024-06-29,Technical,Medium,6.6,Resolved,4
TCK-004837,CUST-003860,2022-07-19,Billing,Medium,21.9,Pending,1
TCK-004838,CUST-003860,2022-08-17,Feature Request,Low,65.0,Escalated,2
TCK-004839,CUST-003864,2023-06-01,Login,Medium,16.5,Resolved,3
TCK-004840,CUST-003864,2023-05-29,Login,Low,3.2,Escalated,1
TCK-004841,CUST-003864,2023-08-27,Technical,Medium,37.0,Resolved,3
TCK-004842,CUST-003864,2023-04-21,Performance,High,15.2,Pending,3
TCK-004843,CUST-003864,2023-06-29,Login,Low,9.2,Resolved,1
TCK-004844,CUST-003865,2023-10-20,Technical,Medium,10.9,Resolved,4
TCK-004845,CUST-003865,2024-11-25,Billing,Low,11.2,Resolved,4
TCK-004846,CUST-003866,2024-08-14,Technical,Medium,8.1,Closed,4
TCK-004847,CUST-003867,2024-05-06,Performance,Low,20.7,Resolved,5
TCK-004848,CUST-003867,2023-10-08,Login,Medium,10.1,Resolved,3
TCK-004849,CUST-003870,2022-07-19,Technical,Low,5.6,Resolved,5
TCK-004850,CUST-003872,2024-05-27,Performance,Low,3.1,Closed,3
TCK-004851,CUST-003873,2023-04-19,Integration,Low,0.5,Escalated,1
TCK-004852,CUST-003873,2022-11-06,Billing,Medium,5.7,Resolved,2
TCK-004853,CUST-003873,2023-06-05,Billing,Low,23.4,Resolved,3
TCK-004854,CUST-003874,2024-12-02,Performance,Medium,40.2,Resolved,5
TCK-004855,CUST-003876,2023-06-09,Login,Medium,25.0,Resolved,5
TCK-004856,CUST-003876,2024-08-25,Billing,Medium,11.1,Resolved,4
TCK-004857,CUST-003878,2023-03-25,Technical,Low,58.8,Resolved,2
TCK-004858,CUST-003878,2023-03-08,Performance,Medium,12.2,Closed,2
TCK-004859,CUST-003878,2023-02-13,Billing,Medium,20.3,Escalated,2
TCK-004860,CUST-003878,2023-01-07,Login,High,15.5,Escalated,2
TCK-004861,CUST-003879,2024-07-16,Technical,High,18.0,Resolved,4
TCK-004862,CUST-003880,2022-10-16,Technical,Medium,10.5,Resolved,2
TCK-004863,CUST-003880,2022-11-30,Technical,Low,26.0,Resolved,5
TCK-004864,CUST-003881,2023-02-10,Login,Medium,13.0,Resolved,5
TCK-004865,CUST-003881,2023-12-07,Login,Medium,29.4,Closed,1
TCK-004866,CUST-003882,2024-09-11,Integration,Medium,19.8,Resolved,5
TCK-004867,CUST-003883,2024-11-09,Technical,Medium,19.3,Resolved,5
TCK-004868,CUST-003883,2024-03-29,Feature Request,Medium,14.2,Resolved,3
TCK-004869,CUST-003885,2024-02-12,Login,High,7.0,Resolved,4
TCK-004870,CUST-003887,2024-08-07,Feature Request,High,8.8,Resolved,4
TCK-004871,CUST-003888,2022-07-18,Billing,Medium,43.7,Resolved,2
TCK-004872,CUST-003888,2022-06-16,Integration,Medium,6.0,Closed,1
TCK-004873,CUST-003888,2022-05-16,Technical,Low,36.7,Escalated,2
TCK-004874,CUST-003888,2022-08-17,Billing,Medium,16.8,Pending,1
TCK-004875,CUST-003889,02/07/2024,Login,Low,17.7,Resolved,3
TCK-004876,CUST-003889,2024-11-08,Technical,Medium,5.4,Resolved,3
TCK-004877,CUST-003889,2024-05-21,Technical,Medium,20.1,Closed,2
TCK-004878,CUST-003892,2024-08-09,Billing,Low,5.4,Resolved,4
TCK-004879,CUST-003893,2024-04-14,Login,High,26.4,Resolved,4
TCK-004880,CUST-003894,2023-08-19,Technical,Medium,20.0,Resolved,3
TCK-004881,CUST-003894,2023-12-03,Billing,Low,33.4,Resolved,1
TCK-004882,CUST-003894,2022-09-29,Integration,High,71.0,Pending,1
TCK-004883,CUST-003897,2024-02-21,Feature Request,Medium,6.0,Resolved,5
TCK-004884,CUST-003897,2024-03-27,Technical,High,15.0,Pending,1
TCK-004885,CUST-003899,2024-01-21,Integration,Critical,14.8,Resolved,5
TCK-004886,CUST-003901,2022-02-15,Technical,Medium,23.4,Resolved,5
TCK-004887,CUST-003901,2022-11-04,Feature Request,High,27.8,Resolved,4
TCK-004888,CUST-003902,2024-08-15,Performance,Low,14.4,Resolved,5
TCK-004889,CUST-003904,2024-06-07,Technical,High,10.3,Closed,4
TCK-004890,CUST-003905,2023-11-24,Technical,Medium,11.9,Resolved,3
TCK-004891,CUST-003905,2024-11-11,Feature Request,Medium,22.7,Escalated,2
TCK-004892,CUST-003908,2023-10-15,Technical,Medium,16.2,Closed,1
TCK-004893,CUST-003908,2023-09-02,Feature Request,Medium,12.5,Resolved,1
TCK-004894,CUST-003909,2024-01-22,Login,Low,15.2,Closed,4
TCK-004895,CUST-003909,2023-10-02,Billing,Low,0.5,Resolved,4
TCK-004896,CUST-003911,2024-05-01,Billing,Medium,17.9,Resolved,2
TCK-004897,CUST-003911,2024-09-04,Technical,Low,10.3,Resolved,2
TCK-004898,CUST-003913,2024-09-15,Login,High,22.0,Resolved,3
TCK-004899,CUST-003913,2023-07-09,Feature Request,Medium,42.0,Closed,3
TCK-004900,CUST-003914,2022-12-18,Billing,Medium,25.5,Resolved,2
TCK-004901,CUST-003914,2022-12-17,Login,Low,4.0,Escalated,1
TCK-004902,CUST-003914,2023-12-20,Feature Request,Low,42.1,Escalated,3
TCK-004903,CUST-003915,2024-07-28,Technical,High,16.1,Resolved,4
TCK-004904,CUST-003916,2024-05-07,Integration,Medium,1.1,Resolved,5
TCK-004905,CUST-003917,2023-08-26,Billing,Critical,33.6,Escalated,1
TCK-004906,CUST-003918,2022-08-04,Feature Request,Medium,2.7,Resolved,1
TCK-004907,CUST-003918,2023-01-09,Technical,Low,7.7,Escalated,2
TCK-004908,CUST-003919,2024-04-25,Technical,Medium,3.4,Resolved,5
TCK-004909,CUST-003920,2022-10-05,Feature Request,High,4.6,Resolved,5
TCK-004910,CUST-003920,2022-06-05,Technical,Medium,9.5,Resolved,5
TCK-004911,CUST-003921,2024-08-22,Technical,High,18.1,Resolved,3
TCK-004912,CUST-003921,2024-09-28,Billing,Critical,4.9,Resolved,4
TCK-004913,CUST-003922,2023-10-07,Billing,Medium,4.8,Closed,4
TCK-004914,CUST-003924,2023-08-25,Technical,Low,7.5,Closed,5
TCK-004915,CUST-003924,2024-02-02,Feature Request,Low,38.3,Resolved,2
TCK-004916,CUST-003925,2024-10-14,Performance,Low,33.9,Escalated,1
TCK-004917,CUST-003926,2023-11-20,Performance,Medium,4.4,Resolved,5
TCK-004918,CUST-003926,2024-12-07,Technical,Medium,15.1,Closed,3
TCK-004919,CUST-003926,2024-03-09,Performance,Medium,29.6,Resolved,4
TCK-004920,CUST-003926,2024-08-07,Login,Medium,15.4,Resolved,1
TCK-004921,CUST-003926,2023-08-10,Technical,High,33.7,Resolved,4
TCK-004922,CUST-003927,2022-09-06,Login,Critical,11.5,Resolved,3
TCK-004923,CUST-003927,2022-09-09,Technical,Medium,5.8,Resolved,4
TCK-004924,CUST-003928,2023-10-12,Technical,Low,9.5,Resolved,3
TCK-004925,CUST-003928,2023-09-28,Security,Medium,16.3,Resolved,1
TCK-004926,CUST-003928,2023-09-26,Technical,High,12.9,Resolved,2
TCK-004927,CUST-003928,2023-11-04,Billing,Medium,20.1,Pending,3
TCK-004928,CUST-003930,2024-03-23,Performance,Low,2.4,Resolved,2
TCK-004929,CUST-003932,2024-04-02,Performance,High,39.4,Resolved,1
TCK-004930,CUST-003932,2024-06-19,Billing,Low,24.6,Closed,1
TCK-004931,CUST-003932,2024-07-27,Performance,Medium,78.3,Pending,2
TCK-004932,CUST-003932,2023-12-30,Login,Low,10.8,Closed,4
TCK-004933,CUST-003932,2024-03-22,Technical,High,13.3,Closed,1
TCK-004934,CUST-003935,2023-11-25,Integration,Low,9.2,Resolved,4
TCK-004935,CUST-003936,2024-03-11,Integration,Medium,53.0,Resolved,3
TCK-004936,CUST-003936,2024-02-23,Technical,Critical,60.1,Closed,1
TCK-004937,CUST-003938,2024-07-17,Technical,High,7.2,Resolved,5
TCK-004938,CUST-003940,2022-12-09,Technical,Medium,1.9,Resolved,4
TCK-004939,CUST-003940,2024-03-24,Technical,Low,4.8,Resolved,3
TCK-004940,CUST-003942,2024-06-19,Technical,Low,2.2,Resolved,1
TCK-004941,CUST-003944,2024-08-10,Technical,Medium,12.8,Closed,4
TCK-004942,CUST-003944,2023-07-27,Technical,Low,19.7,Closed,4
TCK-004943,CUST-003946,2022-03-23,Integration,Critical,39.2,Closed,4
TCK-004944,CUST-003946,2023-06-15,Technical,Critical,25.8,Resolved,3
TCK-004945,CUST-003947,2024-08-28,Technical,Medium,5.9,Resolved,1
TCK-004946,CUST-003948,2022-08-18,Technical,Low,20.6,Escalated,1
TCK-004947,CUST-003948,2023-02-25,Technical,Low,37.4,Escalated,2
TCK-004948,CUST-003948,17/09/2022,Technical,High,105.5,Pending,1
TCK-004949,CUST-003949,2023-10-24,Performance,Low,2.6,Pending,2
TCK-004950,CUST-003949,2024-03-23,Login,High,25.9,Escalated,2
TCK-004951,CUST-003949,2024-04-29,Billing,Medium,11.3,Resolved,2
TCK-004952,CUST-003950,2023-06-11,Technical,Medium,0.5,Resolved,5
TCK-004953,CUST-003951,2024-12-22,Billing,Medium,17.2,Resolved,4
TCK-004954,CUST-003951,2024-04-11,Login,Medium,25.1,Resolved,5
TCK-004955,CUST-003952,28/02/2023,Technical,Medium,1.1,Closed,2
TCK-004956,CUST-003953,2024-05-26,Technical,Medium,20.0,Resolved,2
TCK-004957,CUST-003953,2024-05-03,Billing,Low,12.0,Resolved,3
TCK-004958,CUST-003953,2024-06-08,Login,Medium,15.4,Closed,1
TCK-004959,CUST-003954,2022-12-06,Integration,Medium,31.1,Resolved,3
TCK-004960,CUST-003955,2024-09-17,Performance,Low,4.8,Resolved,5
TCK-004961,CUST-003955,2024-12-05,Technical,Medium,18.9,Resolved,4
TCK-004962,CUST-003957,2023-07-27,Security,Medium,1.8,Closed,2
TCK-004963,CUST-003957,2024-02-26,Technical,Medium,3.1,Resolved,5
TCK-004964,CUST-003957,2023-06-09,Billing,Medium,18.0,Resolved,2
TCK-004965,CUST-003957,2024-08-09,Performance,High,44.2,Resolved,5
TCK-004966,CUST-003958,2024-03-29,Billing,High,45.2,Resolved,3
TCK-004967,CUST-003959,2024-11-15,Feature Request,High,21.0,Resolved,5
TCK-004968,CUST-003960,2024-06-06,Technical,High,12.2,Escalated,2
TCK-004969,CUST-003960,2024-08-05,Billing,Low,2.4,Closed,1
TCK-004970,CUST-003960,29/09/2024,Security,Medium,25.8,Resolved,5
TCK-004971,CUST-003960,2024-08-23,Performance,Medium,42.8,Resolved,1
TCK-004972,CUST-003962,2024-11-18,Technical,Medium,4.3,Resolved,5
TCK-004973,CUST-003963,2024-06-28,Technical,Medium,17.7,Closed,3
TCK-004974,CUST-003963,09/07/2024,Technical,High,33.6,Closed,2
TCK-004975,CUST-003963,2024-08-04,Technical,Low,48.7,Resolved,1
TCK-004976,CUST-003963,2024-06-22,Billing,Medium,13.4,Pending,1
TCK-004977,CUST-003964,2024-01-11,Billing,Low,19.2,Resolved,5
TCK-004978,CUST-003964,2024-11-18,Integration,Low,6.8,Resolved,4
TCK-004979,CUST-003967,2024-02-16,Billing,Medium,14.7,Resolved,3
TCK-004980,CUST-003967,2024-01-16,Technical,Critical,9.8,Resolved,2
TCK-004981,CUST-003967,2024-01-19,Performance,Medium,24.9,Resolved,1
TCK-004982,CUST-003967,2023-12-07,Performance,Medium,12.1,Resolved,1
TCK-004983,CUST-003967,2024-03-10,Performance,Low,17.1,Resolved,1
TCK-004984,CUST-003968,2024-03-03,Technical,Low,2.6,Closed,2
TCK-004985,CUST-003969,2024-01-06,Technical,High,43.3,Escalated,2
TCK-004986,CUST-003969,2024-01-16,Technical,Medium,0.8,Closed,1
TCK-004987,CUST-003969,2023-10-27,Billing,Low,56.8,Resolved,4
TCK-004988,CUST-003969,2023-10-10,Integration,Low,20.4,Escalated,1
TCK-004989,CUST-003970,2022-12-18,Billing,Low,9.5,Resolved,3
TCK-004990,CUST-003972,2023-04-30,Login,Low,5.7,Resolved,2
TCK-004991,CUST-003973,2023-07-20,Login,Medium,2.3,Escalated,1
TCK-004992,CUST-003976,2024-04-15,Technical,Medium,23.6,Closed,3
TCK-004993,CUST-003976,2024-03-18,Performance,High,0.7,Closed,5
TCK-004994,CUST-003976,2023-08-19,Login,Medium,11.5,Resolved,4
TCK-004995,CUST-003977,2023-09-28,Performance,Low,6.9,Resolved,4
TCK-004996,CUST-003977,2024-09-12,Integration,Low,50.3,Resolved,4
TCK-004997,CUST-003979,2024-11-03,Technical,Critical,15.9,Resolved,2
TCK-004998,CUST-003980,2024-04-27,Billing,Medium,40.8,Closed,4
TCK-004999,CUST-003981,2024-06-22,Technical,Low,13.9,Resolved,5
TCK-005000,CUST-003983,04/01/2023,Login,High,3.5,Resolved,5
TCK-005001,CUST-003984,2023-01-31,Billing,Medium,84.4,Resolved,1
TCK-005002,CUST-003984,2022-11-23,Billing,Low,10.5,Resolved,2
TCK-005003,CUST-003984,2022-09-09,Feature Request,Low,11.2,Resolved,4
TCK-005004,CUST-003987,2024-06-24,Technical,High,71.4,Resolved,5
TCK-005005,CUST-003987,2024-07-05,Billing,Medium,8.1,Resolved,3
TCK-005006,CUST-003990,2024-05-09,Technical,Medium,18.2,Resolved,4
TCK-005007,CUST-003991,2022-09-14,Performance,Medium,19.5,Resolved,4
TCK-005008,CUST-003991,2024-03-09,Technical,Medium,22.9,Closed,5
TCK-005009,CUST-003991,2024-09-22,Login,Low,5.9,Resolved,4
TCK-005010,CUST-003992,2024-09-09,Login,Low,21.3,Resolved,5
TCK-005011,CUST-003992,2024-04-20,Technical,Critical,1.7,Closed,2
TCK-005012,CUST-003992,2024-10-25,Technical,Medium,9.7,Closed,3
TCK-005013,CUST-003992,2023-07-23,Billing,Critical,9.8,Closed,4
TCK-005014,CUST-003993,2023-01-23,Technical,Medium,0.5,Resolved,4
TCK-005015,CUST-003994,2023-10-26,Billing,Low,999.9,Resolved,3
TCK-005016,CUST-003995,2023-07-24,Technical,Medium,25.2,Escalated,2
TCK-005017,CUST-003996,2023-04-01,Technical,Medium,2.1,Resolved,2
TCK-005018,CUST-003998,2023-07-23,Login,Medium,21.7,Resolved,4
TCK-005019,CUST-003999,2022-03-19,Performance,Medium,46.6,Resolved,1
TCK-005020,CUST-004000,2024-10-20,Performance,Medium,39.1,Closed,4
TCK-005021,CUST-004000,2024-02-06,Login,Low,7.1,Resolved,4
TCK-005022,CUST-004001,2023-03-21,Security,Medium,5.1,Resolved,5
TCK-005023,CUST-004001,2024-09-21,Login,Medium,1.8,Resolved,4
TCK-005024,CUST-004001,2024-03-22,Login,Critical,12.3,Resolved,5
TCK-005025,CUST-004003,2024-04-03,Billing,High,0.5,Resolved,2
TCK-005026,CUST-004004,2022-12-15,Billing,High,6.0,Pending,3
TCK-005027,CUST-004004,2022-11-03,Technical,High,41.2,Escalated,1
TCK-005028,CUST-004004,2022-12-16,Integration,Medium,20.0,Resolved,1
TCK-005029,CUST-004008,2024-08-31,Billing,Medium,9.5,Resolved,4
TCK-005030,CUST-004009,2023-10-02,Performance,Low,4.5,Closed,3
TCK-005031,CUST-004009,2023-12-17,Technical,Low,13.3,Closed,3
TCK-005032,CUST-004010,2024-06-29,Technical,High,6.4,Resolved,2
TCK-005033,CUST-004012,2023-03-25,Integration,Medium,25.9,Resolved,2
TCK-005034,CUST-004012,2023-05-27,Technical,High,6.3,Closed,1
TCK-005035,CUST-004012,2023-06-09,Technical,Low,0.5,Pending,1
TCK-005036,CUST-004012,2023-02-18,Integration,Critical,43.0,Pending,1
TCK-005037,CUST-004013,2024-07-13,Login,Low,21.5,Closed,2
TCK-005038,CUST-004013,2024-07-09,Login,Medium,0.7,Escalated,1
TCK-005039,CUST-004013,2024-07-01,Login,Critical,56.9,Closed,1
TCK-005040,CUST-004015,2023-08-16,Login,Low,7.3,Resolved,3
TCK-005041,CUST-004015,2023-04-30,Billing,Medium,15.9,Resolved,2
TCK-005042,CUST-004015,2024-03-27,Technical,Low,28.8,Resolved,2
TCK-005043,CUST-004017,2024-01-11,Technical,Low,1.6,Resolved,5
TCK-005044,CUST-004020,2024-10-04,Technical,Medium,20.6,Resolved,4
TCK-005045,CUST-004020,2024-08-13,Performance,Low,10.3,Escalated,1
TCK-005046,CUST-004020,2024-07-20,Technical,Medium,38.8,Closed,3
TCK-005047,CUST-004021,2024-04-09,Billing,Low,78.3,Resolved,4
TCK-005048,CUST-004022,2024-07-05,Billing,Medium,4.5,Resolved,2
TCK-005049,CUST-004023,2024-10-18,Login,Medium,0.7,Closed,2
TCK-005050,CUST-004025,2024-04-07,Billing,High,53.9,Resolved,4
TCK-005051,CUST-004026,2023-07-09,Security,Medium,41.8,Closed,4
TCK-005052,CUST-004027,2023-11-12,Technical,Low,41.7,Closed,5
TCK-005053,CUST-004029,2024-05-27,Technical,Medium,0.8,Closed,3
TCK-005054,CUST-004029,2024-09-27,Technical,Medium,19.7,Resolved,4
TCK-005055,CUST-004029,2023-12-09,Integration,Critical,49.4,Resolved,3
TCK-005056,CUST-004030,2023-11-10,Technical,Low,1.1,Closed,4
TCK-005057,CUST-004031,2023-07-30,Performance,Medium,1.8,Pending,1
TCK-005058,CUST-004032,2023-01-10,Integration,Medium,32.9,Closed,4
TCK-005059,CUST-004033,2023-09-09,Integration,Low,34.7,Resolved,3
TCK-005060,CUST-004034,2024-07-04,Performance,Medium,1.0,Resolved,4
TCK-005061,CUST-004036,2024-04-13,Login,High,64.7,Resolved,2
TCK-005062,CUST-004036,2023-10-25,Feature Request,Low,19.7,Resolved,2
TCK-005063,CUST-004037,2023-11-26,Billing,Low,18.4,Closed,1
TCK-005064,CUST-004037,2023-11-26,Integration,Medium,4.7,Resolved,4
TCK-005065,CUST-004038,2022-10-16,Security,Medium,3.1,Closed,3
TCK-005066,CUST-004038,2023-06-21,Performance,Medium,8.0,Closed,5
TCK-005067,CUST-004039,2024-02-08,Billing,High,4.2,Resolved,1
TCK-005068,CUST-004039,07/05/2024,Integration,Low,0.9,Resolved,4
TCK-005069,CUST-004039,02/04/2024,Technical,Medium,12.7,Resolved,1
TCK-005070,CUST-004041,2022-10-13,Integration,High,7.2,Resolved,4
TCK-005071,CUST-004041,2023-01-10,Login,Low,9.8,Resolved,5
TCK-005072,CUST-004042,2023-02-04,Integration,Low,10.0,Resolved,3
TCK-005073,CUST-004042,2024-06-23,Feature Request,Medium,0.5,Resolved,5
TCK-005074,CUST-004043,2024-06-21,Billing,High,70.1,Closed,3
TCK-005075,CUST-004044,2024-10-20,Performance,Low,2.5,Resolved,5
TCK-005076,CUST-004045,2024-05-10,Login,Medium,53.4,Resolved,1
TCK-005077,CUST-004045,2023-12-26,Login,Low,0.8,Resolved,3
TCK-005078,CUST-004045,2024-06-14,Technical,High,27.7,Closed,1
TCK-005079,CUST-004046,2023-10-17,Security,Medium,5.5,Resolved,3
TCK-005080,CUST-004048,2023-11-28,Billing,High,61.0,Resolved,2
TCK-005081,CUST-004050,2023-10-11,Technical,Medium,23.1,Resolved,5
TCK-005082,CUST-004050,2023-05-19,Login,Low,6.7,Resolved,3
TCK-005083,CUST-004051,2024-05-12,Technical,Medium,3.7,Resolved,1
TCK-005084,CUST-004051,2024-04-10,Technical,Low,23.6,Resolved,4
TCK-005085,CUST-004051,2024-03-28,Login,Low,0.5,Resolved,4
TCK-005086,CUST-004051,2024-05-07,Billing,Medium,14.3,Escalated,1
TCK-005087,CUST-004053,2023-01-02,Security,Low,55.6,Closed,3
TCK-005088,CUST-004053,2024-06-17,Login,Low,0.5,Resolved,4
TCK-005089,CUST-004055,2023-05-09,Billing,High,8.4,Resolved,3
TCK-005090,CUST-004055,2023-05-17,Login,Medium,111.1,Resolved,4
TCK-005091,CUST-004058,2024-11-26,Billing,High,55.4,Resolved,5
TCK-005092,CUST-004059,2023-06-03,Integration,Low,9.9,Resolved,1
TCK-005093,CUST-004059,2023-11-30,Technical,Low,47.1,Resolved,1
TCK-005094,CUST-004060,2023-07-09,Login,Medium,20.7,Resolved,2
TCK-005095,CUST-004060,2023-11-17,Technical,Medium,5.0,Resolved,4
TCK-005096,CUST-004060,04/09/2023,Billing,Medium,39.0,Resolved,1
TCK-005097,CUST-004060,2023-04-11,Login,Medium,52.5,Escalated,2
TCK-005098,CUST-004060,2024-05-03,Integration,Medium,10.8,Resolved,4
TCK-005099,CUST-004061,2024-09-13,Billing,Critical,6.9,Resolved,5
TCK-005100,CUST-004062,2023-01-06,Performance,Low,2.4,Resolved,1
TCK-005101,CUST-004064,2023-06-24,Technical,High,62.8,Resolved,4
TCK-005102,CUST-004065,2024-08-23,Billing,Medium,42.2,Resolved,4
TCK-005103,CUST-004066,2023-12-29,Technical,Low,0.5,Escalated,3
TCK-005104,CUST-004068,2024-08-27,Billing,Low,7.9,Resolved,5
TCK-005105,CUST-004068,2023-06-22,Billing,Critical,0.5,Resolved,4
TCK-005106,CUST-004069,2023-09-15,Technical,Low,2.7,Closed,3
TCK-005107,CUST-004070,2024-06-12,Performance,Low,1.7,Resolved,2
TCK-005108,CUST-004072,2024-07-19,Technical,Medium,0.9,Resolved,3
TCK-005109,CUST-004074,2023-10-25,Technical,Low,4.8,Resolved,2
TCK-005110,CUST-004074,2023-10-30,Performance,Low,130.1,Resolved,1
TCK-005111,CUST-004074,2023-12-25,Security,Low,11.7,Closed,2
TCK-005112,CUST-004076,2024-11-27,Billing,High,0.7,Resolved,3
TCK-005113,CUST-004076,2024-09-17,Technical,Low,3.9,Resolved,4
TCK-005114,CUST-004077,2024-05-19,Performance,Medium,92.2,Closed,5
TCK-005115,CUST-004078,2023-08-03,Billing,Low,9.8,Pending,1
TCK-005116,CUST-004078,2023-08-10,Technical,Low,23.8,Resolved,3
TCK-005117,CUST-004078,2023-04-28,Feature Request,Medium,43.8,Escalated,2
TCK-005118,CUST-004080,2024-07-15,Integration,Medium,3.0,Resolved,4
TCK-005119,CUST-004080,2024-02-27,Integration,Medium,9.4,Resolved,5
TCK-005120,CUST-004081,2023-12-27,Technical,Low,48.0,Resolved,5
TCK-005121,CUST-004081,2023-12-27,Security,Low,24.9,Resolved,5
TCK-005122,CUST-004081,2023-08-16,Login,Medium,20.1,Resolved,4
TCK-005123,CUST-004083,2024-10-03,Integration,Medium,18.8,Resolved,2
TCK-005124,CUST-004083,2024-05-22,Billing,Low,41.1,Resolved,1
TCK-005125,CUST-004083,2024-05-13,Billing,Medium,4.2,Resolved,4
TCK-005126,CUST-004084,2024-10-11,Billing,Low,10.6,Closed,5
TCK-005127,CUST-004084,2024-03-27,Integration,High,54.3,Escalated,1
TCK-005128,CUST-004084,20/07/2023,Technical,Low,24.6,Resolved,2
TCK-005129,CUST-004084,2023-06-07,Technical,High,140.5,Escalated,3
TCK-005130,CUST-004085,2024-01-01,Login,Low,8.0,Closed,5
TCK-005131,CUST-004086,2024-04-29,Feature Request,Medium,17.1,Resolved,4
TCK-005132,CUST-004086,2022-09-28,Performance,Low,6.3,Resolved,2
TCK-005133,CUST-004086,2024-01-03,Technical,Medium,15.6,Resolved,5
TCK-005134,CUST-004088,2024-11-13,Technical,Medium,2.9,Resolved,4
TCK-005135,CUST-004090,2024-06-23,Login,Low,56.1,Resolved,5
TCK-005136,CUST-004092,2024-10-20,Technical,High,41.5,Closed,5
TCK-005137,CUST-004093,2024-02-08,Technical,Medium,14.1,Resolved,3
TCK-005138,CUST-004094,2024-08-07,Billing,High,4.5,Resolved,4
TCK-005139,CUST-004095,2024-05-20,Performance,Medium,92.1,Resolved,1
TCK-005140,CUST-004095,2024-09-15,Billing,Low,0.5,Resolved,3
TCK-005141,CUST-004095,2024-10-22,Integration,Medium,8.4,Resolved,1
TCK-005142,CUST-004095,2024-06-03,Billing,Medium,22.4,Pending,1
TCK-005143,CUST-004097,2023-02-16,Technical,Medium,17.4,Escalated,2
TCK-005144,CUST-004098,2023-07-05,Billing,Low,8.4,Closed,5
TCK-005145,CUST-004099,2023-01-24,Billing,Medium,7.8,Resolved,3
TCK-005146,CUST-004099,2023-09-26,Technical,High,0.5,Escalated,2
TCK-005147,CUST-004101,2024-01-22,Technical,High,10.8,Resolved,5
TCK-005148,CUST-004103,2023-06-09,Login,Medium,29.8,Closed,3
TCK-005149,CUST-004105,2022-12-22,Technical,Low,14.7,Resolved,3
TCK-005150,CUST-004105,2023-07-25,Login,Low,5.3,Resolved,4
TCK-005151,CUST-004106,2023-04-11,Billing,Critical,64.7,Resolved,2
TCK-005152,CUST-004107,2024-07-30,Security,Medium,15.5,Resolved,5
TCK-005153,CUST-004108,24/02/2023,Feature Request,High,10.5,Resolved,5
TCK-005154,CUST-004108,2023-12-14,Technical,High,2.8,Closed,4
TCK-005155,CUST-004109,2024-08-12,Technical,Low,39.8,Pending,2
TCK-005156,CUST-004109,2024-06-13,Performance,Medium,19.4,Resolved,1
TCK-005157,CUST-004109,2024-08-15,Login,Medium,3.9,Escalated,2
TCK-005158,CUST-004109,2024-09-30,Performance,High,15.9,Resolved,2
TCK-005159,CUST-004112,2024-01-11,Technical,High,115.7,Resolved,3
TCK-005160,CUST-004112,2023-08-29,Integration,Medium,21.3,Resolved,4
TCK-005161,CUST-004113,2024-07-12,Performance,Critical,6.5,Closed,3
TCK-005162,CUST-004113,2024-10-01,Billing,Medium,25.2,Resolved,4
TCK-005163,CUST-004113,2024-10-28,Billing,Low,10.2,Resolved,3
TCK-005164,CUST-004115,2023-02-13,Security,Medium,15.9,Closed,3
TCK-005165,CUST-004115,2023-07-01,Billing,High,44.5,Resolved,5
TCK-005166,CUST-004116,2024-09-02,Integration,Low,15.4,Resolved,4
TCK-005167,CUST-004117,2022-04-08,Feature Request,Low,3.9,Resolved,4
TCK-005168,CUST-004119,2022-05-24,Billing,Medium,15.2,Resolved,4
TCK-005169,CUST-004120,2024-07-30,Billing,Low,18.4,Resolved,5
TCK-005170,CUST-004121,2024-10-01,Technical,Medium,36.6,Resolved,3
TCK-005171,CUST-004121,2024-10-24,Security,Low,11.0,Resolved,4
TCK-005172,CUST-004121,2024-08-21,Billing,Medium,20.0,Resolved,2
TCK-005173,CUST-004121,2024-03-20,Technical,Medium,18.6,Resolved,1
TCK-005174,CUST-004122,2023-01-31,Technical,Critical,20.1,Closed,3
TCK-005175,CUST-004122,2023-02-06,Technical,Medium,63.1,Resolved,2
TCK-005176,CUST-004122,2022-12-31,Billing,High,3.1,Resolved,1
TCK-005177,CUST-004123,2024-06-22,Billing,Medium,22.3,Resolved,5
TCK-005178,CUST-004127,2024-07-28,Billing,High,13.4,Resolved,3
TCK-005179,CUST-004127,2024-05-30,Billing,Medium,3.4,Resolved,5
TCK-005180,CUST-004127,2024-10-07,Login,Low,40.5,Resolved,5
TCK-005181,CUST-004127,2024-09-17,Billing,Medium,4.3,Resolved,4
TCK-005182,CUST-004127,2024-10-18,Login,Low,0.9,Closed,2
TCK-005183,CUST-004128,2023-05-23,Integration,Low,22.6,Resolved,5
TCK-005184,CUST-004129,2022-06-20,Login,High,10.3,Escalated,1
TCK-005185,CUST-004129,2022-07-13,Login,High,2.7,Resolved,2
TCK-005186,CUST-004131,2024-04-17,Login,High,22.6,Resolved,5
TCK-005187,CUST-004131,2023-11-29,Technical,Medium,2.3,Closed,4
TCK-005188,CUST-004131,2024-03-07,Feature Request,Low,54.3,Resolved,5
TCK-005189,CUST-004133,2022-09-02,Security,Medium,12.9,Resolved,2
TCK-005190,CUST-004133,2024-11-12,Billing,High,15.1,Resolved,4
TCK-005191,CUST-004135,2022-06-30,Login,Medium,6.8,Escalated,1
TCK-005192,CUST-004136,2022-09-02,Technical,Medium,37.2,Resolved,4
TCK-005193,CUST-004137,2022-12-22,Technical,Low,5.7,Resolved,2
TCK-005194,CUST-004137,2023-06-15,Integration,Medium,69.7,Resolved,3
TCK-005195,CUST-004137,2023-05-08,Login,Low,0.5,Pending,1
TCK-005196,CUST-004137,2023-01-06,Login,Low,20.8,Resolved,5
TCK-005197,CUST-004137,2022-12-11,Login,Medium,15.4,Pending,3
TCK-005198,CUST-004138,2024-02-20,Login,High,100.3,Resolved,5
TCK-005199,CUST-004138,2024-11-11,Billing,Medium,15.2,Resolved,3
TCK-005200,CUST-004140,2024-09-24,Billing,Low,3.0,Closed,1
TCK-005201,CUST-004142,2023-12-24,Security,High,9.8,Resolved,1
TCK-005202,CUST-004142,2024-02-22,Integration,Low,11.0,Resolved,5
TCK-005203,CUST-004142,2024-02-06,Performance,Low,25.4,Resolved,1
TCK-005204,CUST-004142,2023-09-20,Technical,High,18.6,Resolved,1
TCK-005205,CUST-004146,2024-04-13,Login,Low,3.8,Resolved,4
TCK-005206,CUST-004148,2024-07-18,Billing,Medium,0.5,Resolved,3
TCK-005207,CUST-004149,2024-09-26,Feature Request,Critical,7.0,Resolved,3
TCK-005208,CUST-004150,2023-05-06,Integration,Medium,54.3,Resolved,2
TCK-005209,CUST-004150,2023-07-01,Technical,Low,10.6,Closed,4
TCK-005210,CUST-004150,2023-10-07,Login,Medium,10.4,Pending,3
TCK-005211,CUST-004150,2023-05-19,Billing,Low,29.8,Resolved,1
TCK-005212,CUST-004150,2023-11-09,Login,Medium,5.8,Resolved,1
TCK-005213,CUST-004150,2023-10-03,Login,Medium,3.9,Resolved,1
TCK-005214,CUST-004151,2023-05-21,Billing,Medium,35.3,Closed,2
TCK-005215,CUST-004151,2024-04-18,Technical,Low,35.5,Resolved,2
TCK-005216,CUST-004154,2023-11-15,Billing,Low,23.0,Resolved,1
TCK-005217,CUST-004154,30/07/2023,Performance,Low,2.2,Closed,5
TCK-005218,CUST-004157,2023-11-19,Technical,Medium,3.0,Resolved,3
TCK-005219,CUST-004158,2024-05-02,Performance,Low,45.6,Resolved,4
TCK-005220,CUST-004158,2024-11-25,Feature Request,Low,22.3,Resolved,2
TCK-005221,CUST-004159,2024-10-24,Technical,Medium,4.1,Closed,5
TCK-005222,CUST-004160,2024-09-08,Technical,Low,14.2,Closed,4
TCK-005223,CUST-004160,2023-08-04,Performance,Low,4.5,Escalated,1
TCK-005224,CUST-004162,2024-08-07,Performance,Medium,29.1,Closed,1
TCK-005225,CUST-004163,2024-01-03,Integration,Low,35.1,Resolved,4
TCK-005226,CUST-004164,2022-11-18,Technical,High,44.2,Resolved,1
TCK-005227,CUST-004164,2023-01-20,Performance,Medium,64.3,Pending,3
TCK-005228,CUST-004167,2024-03-06,Login,Medium,8.5,Closed,4
TCK-005229,CUST-004167,2024-03-12,Feature Request,Low,17.4,Closed,3
TCK-005230,CUST-004167,2023-11-12,Login,Medium,2.6,Closed,2
TCK-005231,CUST-004167,2023-12-14,Technical,Low,1.7,Resolved,3
TCK-005232,CUST-004168,2023-04-15,Technical,High,66.8,Pending,1
TCK-005233,CUST-004169,2024-06-15,Feature Request,High,18.8,Resolved,4
TCK-005234,CUST-004170,2023-04-12,Integration,High,56.1,Resolved,2
TCK-005235,CUST-004170,2022-05-06,Technical,High,14.7,Pending,3
TCK-005236,CUST-004173,2024-06-26,Technical,Medium,4.7,Resolved,5
TCK-005237,CUST-004173,2024-08-24,Security,Low,3.9,Resolved,4
TCK-005238,CUST-004173,2024-05-06,Technical,Low,6.4,Resolved,4
TCK-005239,CUST-004175,2023-10-29,Technical,High,8.8,Closed,2
TCK-005240,CUST-004175,2023-08-16,Performance,Low,38.4,Pending,1
TCK-005241,CUST-004175,2023-12-17,Integration,Low,42.8,Resolved,2
TCK-005242,CUST-004176,2022-09-30,Technical,Medium,4.1,Resolved,3
TCK-005243,CUST-004176,2022-07-01,Technical,Low,8.0,Resolved,1
TCK-005244,CUST-004176,2024-09-13,Performance,Low,23.6,Resolved,3
TCK-005245,CUST-004176,2024-12-01,Performance,Medium,2.0,Closed,5
TCK-005246,CUST-004180,2023-02-10,Technical,Low,13.2,Escalated,3
TCK-005247,CUST-004180,2023-02-13,Login,High,5.4,Resolved,2
TCK-005248,CUST-004180,2022-11-29,Technical,Low,13.7,Closed,1
TCK-005249,CUST-004184,26/07/2023,Security,Medium,3.6,Resolved,2
TCK-005250,CUST-004184,2023-07-23,Security,Low,1.4,Resolved,4
TCK-005251,CUST-004185,2024-06-22,Feature Request,Critical,4.6,Resolved,5
TCK-005252,CUST-004185,2024-01-20,Login,Medium,0.9,Closed,4
TCK-005253,CUST-004186,2023-05-29,Performance,High,26.1,Resolved,1
TCK-005254,CUST-004186,2024-04-27,Billing,Low,29.7,Resolved,2
TCK-005255,CUST-004187,2023-08-03,Login,Medium,87.1,Closed,1
TCK-005256,CUST-004187,2023-11-03,Login,Medium,15.5,Resolved,2
TCK-005257,CUST-004187,2023-11-04,Login,Low,13.9,Closed,3
TCK-005258,CUST-004187,2023-03-22,Technical,Low,5.0,Resolved,2
TCK-005259,CUST-004188,2023-03-14,Login,Critical,162.3,Resolved,4
TCK-005260,CUST-004188,2023-10-21,Feature Request,Medium,6.8,Resolved,3
TCK-005261,CUST-004189,2022-05-01,Billing,Low,28.1,Resolved,4
TCK-005262,CUST-004190,2024-07-05,Billing,Medium,1.1,Closed,5
TCK-005263,CUST-004190,2024-07-16,Technical,Critical,5.5,Resolved,3
TCK-005264,CUST-004190,2024-05-21,Billing,Medium,1.6,Resolved,4
TCK-005265,CUST-004191,2023-10-08,Login,Low,18.6,Closed,1
TCK-005266,CUST-004191,2023-11-22,Technical,Medium,32.8,Pending,1
TCK-005267,CUST-004192,2023-07-11,Performance,Low,4.5,Closed,2
TCK-005268,CUST-004192,2023-07-20,Technical,High,38.2,Resolved,4
TCK-005269,CUST-004193,2023-08-10,Technical,Low,22.6,Resolved,4
TCK-005270,CUST-004193,2024-10-25,Integration,Low,2.6,Pending,1
TCK-005271,CUST-004193,2024-08-28,Performance,Low,7.2,Pending,2
TCK-005272,CUST-004193,2024-04-24,Performance,Medium,36.6,Resolved,2
TCK-005273,CUST-004195,2024-11-08,Integration,Critical,86.2,Closed,1
TCK-005274,CUST-004195,2023-10-07,Technical,High,6.6,Pending,2
TCK-005275,CUST-004196,2024-08-20,Billing,Medium,0.6,Closed,5
TCK-005276,CUST-004196,2024-03-03,Login,Medium,22.3,Closed,1
TCK-005277,CUST-004196,2024-08-27,Technical,Critical,5.7,Closed,4
TCK-005278,CUST-004197,2024-01-23,Performance,Critical,6.4,Closed,5
TCK-005279,CUST-004198,2024-08-06,Billing,Low,24.2,Resolved,4
TCK-005280,CUST-004200,2023-10-02,Security,High,15.9,Closed,4
TCK-005281,CUST-004201,2022-12-03,Billing,Medium,60.5,Resolved,5
TCK-005282,CUST-004201,2022-11-04,Technical,High,7.4,Resolved,5
TCK-005283,CUST-004202,2023-04-08,Technical,Medium,8.9,Closed,4
TCK-005284,CUST-004203,2024-06-24,Billing,Medium,3.2,Resolved,3
TCK-005285,CUST-004207,2024-02-11,Performance,Medium,5.9,Resolved,5
TCK-005286,CUST-004208,2024-04-14,Billing,Low,18.1,Closed,1
TCK-005287,CUST-004208,2024-05-20,Billing,Low,11.7,Escalated,1
TCK-005288,CUST-004208,2024-04-18,Technical,Medium,15.3,Resolved,3
TCK-005289,CUST-004208,2024-06-05,Integration,Medium,51.2,Closed,4
TCK-005290,CUST-004208,2024-03-31,Integration,High,54.5,Escalated,1
TCK-005291,CUST-004208,2024-05-15,Billing,Medium,11.8,Resolved,1
TCK-005292,CUST-004211,2024-06-28,Billing,Low,40.5,Closed,4
TCK-005293,CUST-004212,2023-01-21,Technical,Low,6.2,Resolved,3
TCK-005294,CUST-004213,2024-06-27,Technical,Low,42.8,Resolved,3
TCK-005295,CUST-004214,2024-10-07,Technical,Low,16.0,Escalated,1
TCK-005296,CUST-004214,2024-09-25,Technical,Medium,2.9,Resolved,2
TCK-005297,CUST-004214,2024-08-06,Performance,Medium,21.3,Resolved,3
TCK-005298,CUST-004215,2022-10-28,Technical,Medium,25.5,Resolved,1
TCK-005299,CUST-004215,2023-01-31,Login,Low,48.7,Resolved,5
TCK-005300,CUST-004216,2024-08-20,Performance,Low,8.4,Resolved,4
TCK-005301,CUST-004216,2024-09-26,Login,High,61.4,Resolved,4
TCK-005302,CUST-004217,2024-09-16,Billing,High,15.1,Resolved,2
TCK-005303,CUST-004218,2024-11-11,Billing,Low,31.4,Resolved,5
TCK-005304,CUST-004220,2024-12-04,Performance,Medium,9.4,Resolved,4
TCK-005305,CUST-004221,2023-03-01,Performance,Medium,23.0,Resolved,3
TCK-005306,CUST-004221,2023-01-23,Technical,Low,6.2,Closed,1
TCK-005307,CUST-004221,2023-07-11,Technical,High,7.4,Pending,2
TCK-005308,CUST-004221,2022-12-28,Integration,Medium,6.9,Pending,1
TCK-005309,CUST-004221,2022-12-16,Security,High,1.2,Pending,1
TCK-005310,CUST-004223,2024-11-12,Billing,Medium,61.2,Closed,3
TCK-005311,CUST-004226,2024-02-25,Billing,High,63.6,Resolved,5
TCK-005312,CUST-004227,2023-10-05,Login,Medium,33.6,Closed,1
TCK-005313,CUST-004228,2023-05-01,Billing,Medium,44.0,Resolved,4
TCK-005314,CUST-004229,2023-10-24,Feature Request,Medium,0.5,Closed,1
TCK-005315,CUST-004229,2023-06-03,Performance,Low,4.5,Resolved,5
TCK-005316,CUST-004230,2024-07-15,Billing,Low,21.3,Resolved,3
TCK-005317,CUST-004231,2023-01-16,Technical,Low,1.7,Resolved,2
TCK-005318,CUST-004231,2022-12-13,Performance,Low,11.4,Pending,1
TCK-005319,CUST-004234,04/08/2023,Login,Medium,2.8,Closed,2
TCK-005320,CUST-004234,2023-05-03,Technical,Low,16.0,Resolved,4
TCK-005321,CUST-004235,2024-08-16,Integration,Critical,36.4,Closed,5
TCK-005322,CUST-004236,2024-05-27,Technical,Medium,10.5,Resolved,4
TCK-005323,CUST-004236,2024-08-09,Technical,High,9.0,Resolved,2
TCK-005324,CUST-004237,2024-05-14,Technical,Low,30.5,Resolved,5
TCK-005325,CUST-004240,2023-10-26,Technical,Low,61.5,Resolved,1
TCK-005326,CUST-004243,2024-04-07,Technical,High,50.7,Closed,2
TCK-005327,CUST-004244,2024-04-03,Billing,Low,2.5,Pending,1
TCK-005328,CUST-004244,2024-04-30,Performance,Low,75.5,Resolved,1
TCK-005329,CUST-004244,2024-03-29,Technical,High,28.7,Escalated,3
TCK-005330,CUST-004245,2023-10-30,Performance,Medium,42.1,Resolved,2
TCK-005331,CUST-004245,2023-11-23,Performance,Medium,0.8,Resolved,3
TCK-005332,CUST-004247,2022-05-02,Technical,Medium,75.8,Escalated,3
TCK-005333,CUST-004247,2022-04-22,Integration,High,46.4,Resolved,1
TCK-005334,CUST-004250,2024-08-29,Billing,Critical,21.7,Resolved,5
TCK-005335,CUST-004251,2024-05-08,Performance,Low,13.3,Resolved,2
TCK-005336,CUST-004251,2024-05-24,Technical,Low,2.6,Resolved,1
TCK-005337,CUST-004252,2024-04-24,Integration,Medium,1.4,Closed,5
TCK-005338,CUST-004255,2024-07-06,Technical,High,15.8,Resolved,4
TCK-005339,CUST-004256,2024-06-20,Integration,Critical,32.3,Escalated,2
TCK-005340,CUST-004258,2024-04-07,Technical,Medium,3.7,Resolved,5
TCK-005341,CUST-004258,2024-11-13,Billing,Low,2.8,Closed,4
TCK-005342,CUST-004259,2022-12-20,Login,High,112.6,Resolved,5
TCK-005343,CUST-004261,2024-03-01,Integration,Medium,31.8,Resolved,4
TCK-005344,CUST-004264,2023-05-04,Technical,High,4.3,Resolved,3
TCK-005345,CUST-004267,2022-09-14,Login,High,6.2,Resolved,3
TCK-005346,CUST-004269,2024-06-29,Integration,Low,107.0,Escalated,1
TCK-005347,CUST-004269,2024-06-30,Integration,Medium,43.3,Resolved,1
TCK-005348,CUST-004269,2024-06-03,Login,Medium,14.5,Resolved,2
TCK-005349,CUST-004270,2024-08-16,Security,Medium,1.2,Closed,3
TCK-005350,CUST-004270,04/09/2024,Technical,High,51.4,Closed,4
TCK-005351,CUST-004270,2024-07-21,Technical,Low,34.5,Resolved,3
TCK-005352,CUST-004271,2024-03-16,Performance,High,67.1,Pending,2
TCK-005353,CUST-004271,2023-02-02,Billing,Medium,37.2,Pending,2
TCK-005354,CUST-004271,2023-09-23,Technical,High,0.8,Resolved,3
TCK-005355,CUST-004272,2022-11-12,Performance,Medium,28.2,Pending,3
TCK-005356,CUST-004272,2023-10-06,Performance,Low,24.7,Resolved,2
TCK-005357,CUST-004274,2024-10-31,Performance,Medium,7.1,Resolved,4
TCK-005358,CUST-004274,2024-11-09,Billing,Medium,14.3,Resolved,5
TCK-005359,CUST-004275,2023-12-14,Technical,Low,52.7,Escalated,1
TCK-005360,CUST-004275,2023-04-30,Technical,High,24.1,Closed,2
TCK-005361,CUST-004276,2022-11-09,Technical,High,0.9,Resolved,1
TCK-005362,CUST-004276,2022-10-17,Performance,Medium,169.8,Resolved,1
TCK-005363,CUST-004277,2024-10-07,Performance,Medium,57.4,Resolved,4
TCK-005364,CUST-004277,2024-08-24,Technical,Low,4.8,Resolved,4
TCK-005365,CUST-004278,2024-07-15,Technical,Medium,2.2,Resolved,5
TCK-005366,CUST-004279,2024-03-01,Login,Low,51.6,Closed,2
TCK-005367,CUST-004279,2024-02-26,Login,Low,11.8,Escalated,1
TCK-005368,CUST-004279,2024-02-14,Login,Low,46.8,Resolved,2
TCK-005369,CUST-004279,2024-02-22,Billing,High,43.3,Resolved,4
TCK-005370,CUST-004280,2023-07-01,Login,Low,10.0,Resolved,2
TCK-005371,CUST-004280,2023-06-06,Technical,Low,2.2,Resolved,1
TCK-005372,CUST-004280,2023-06-04,Technical,High,124.0,Resolved,2
TCK-005373,CUST-004282,2024-05-31,Performance,Medium,14.7,Resolved,3
TCK-005374,CUST-004282,2023-11-18,Technical,Medium,4.2,Resolved,3
TCK-005375,CUST-004283,2024-09-25,Integration,Low,9.5,Closed,2
TCK-005376,CUST-004283,2023-06-29,Technical,High,61.0,Resolved,4
TCK-005377,CUST-004284,2023-11-17,Performance,Medium,97.0,Pending,1
TCK-005378,CUST-004284,2023-11-14,Feature Request,Medium,42.3,Closed,5
TCK-005379,CUST-004284,2023-10-14,Integration,Medium,8.6,Resolved,4
TCK-005380,CUST-004285,2024-04-07,Technical,High,67.6,Resolved,3
TCK-005381,CUST-004286,2024-08-22,Technical,Medium,11.6,Resolved,3
TCK-005382,CUST-004287,2024-10-03,Technical,Medium,51.3,Resolved,5
TCK-005383,CUST-004287,2022-10-11,Billing,High,10.8,Resolved,3
TCK-005384,CUST-004287,2024-04-03,Integration,Medium,13.3,Resolved,3
TCK-005385,CUST-004288,2024-12-01,Technical,Medium,14.4,Resolved,4
TCK-005386,CUST-004289,2024-02-03,Technical,Low,0.5,Resolved,2
TCK-005387,CUST-004291,2024-06-15,Billing,Critical,1.1,Resolved,5
TCK-005388,CUST-004292,2024-04-11,Technical,Medium,3.0,Escalated,1
TCK-005389,CUST-004292,2023-10-02,Login,Low,18.0,Resolved,2
TCK-005390,CUST-004294,2024-02-07,Security,Medium,5.3,Resolved,4
TCK-005391,CUST-004295,2022-05-04,Billing,Medium,3.8,Resolved,4
TCK-005392,CUST-004296,2024-03-16,Performance,Low,13.4,Resolved,2
TCK-005393,CUST-004297,12/10/2024,Login,Medium,34.9,Closed,1
TCK-005394,CUST-004297,2024-07-21,Feature Request,Critical,0.5,Resolved,1
TCK-005395,CUST-004298,2023-01-01,Billing,High,7.6,Resolved,5
TCK-005396,CUST-004298,2023-10-24,Billing,Medium,1.4,Closed,5
TCK-005397,CUST-004298,2023-05-22,Performance,Medium,6.3,Resolved,4
TCK-005398,CUST-004299,2024-03-29,Technical,High,18.0,Closed,3
TCK-005399,CUST-004299,2024-04-10,Performance,Low,71.8,Resolved,1
TCK-005400,CUST-004301,2023-08-20,Technical,High,38.8,Resolved,4
TCK-005401,CUST-004301,2023-06-13,Technical,Low,38.0,Closed,2
TCK-005402,CUST-004301,2023-05-23,Integration,Medium,9.4,Resolved,1
TCK-005403,CUST-004303,2023-10-04,Login,Low,29.3,Escalated,1
TCK-005404,CUST-004308,2024-02-26,Billing,Medium,2.5,Closed,5
TCK-005405,CUST-004309,2024-08-27,Billing,Low,56.4,Closed,5
TCK-005406,CUST-004311,2024-02-28,Billing,Low,1.0,Resolved,3
TCK-005407,CUST-004312,2023-06-16,Technical,Medium,31.4,Escalated,3
TCK-005408,CUST-004312,2023-06-05,Security,High,0.5,Resolved,1
TCK-005409,CUST-004313,2024-06-07,Performance,Low,27.1,Escalated,1
TCK-005410,CUST-004313,2024-05-29,Technical,Medium,18.1,Resolved,1
TCK-005411,CUST-004313,2024-05-27,Technical,Low,1.1,Resolved,3
TCK-005412,CUST-004313,2024-05-18,Billing,Medium,56.8,Pending,1
TCK-005413,CUST-004313,2024-06-10,Billing,High,54.4,Resolved,1
TCK-005414,CUST-004314,2023-07-25,Technical,Medium,9.8,Escalated,2
TCK-005415,CUST-004314,2024-07-20,Feature Request,Low,36.5,Closed,1
TCK-005416,CUST-004315,2022-05-31,Integration,Medium,2.5,Resolved,4
TCK-005417,CUST-004315,2022-12-30,Feature Request,Medium,0.5,Resolved,1
TCK-005418,CUST-004316,2024-10-03,Technical,High,17.6,Resolved,3
TCK-005419,CUST-004317,2024-09-01,Login,High,5.0,Closed,1
TCK-005420,CUST-004317,2023-12-11,Login,Medium,43.7,Closed,3
TCK-005421,CUST-004318,2023-06-28,Technical,Medium,8.7,Resolved,4
TCK-005422,CUST-004321,2024-01-24,Login,Medium,14.8,Closed,2
TCK-005423,CUST-004322,2024-07-04,Security,Medium,10.2,Resolved,3
TCK-005424,CUST-004322,2023-12-05,Billing,Low,1.4,Resolved,4
TCK-005425,CUST-004324,2023-04-10,Technical,Medium,6.5,Resolved,4
TCK-005426,CUST-004324,2023-08-05,Technical,Low,10.2,Resolved,4
TCK-005427,CUST-004324,2022-07-06,Login,Medium,12.5,Resolved,3
TCK-005428,CUST-004325,2023-11-13,Technical,Low,14.4,Resolved,1
TCK-005429,CUST-004325,2023-04-18,Technical,Medium,27.3,Closed,2
TCK-005430,CUST-004325,2023-04-28,Integration,Medium,10.0,Resolved,3
TCK-005431,CUST-004327,2024-04-13,Performance,Critical,36.3,Resolved,4
TCK-005432,CUST-004328,2024-02-25,Security,High,27.7,Closed,3
TCK-005433,CUST-004328,2022-07-13,Login,Medium,7.3,Resolved,1
TCK-005434,CUST-004329,2024-05-19,Technical,Low,15.8,Escalated,1
TCK-005435,CUST-004330,2024-02-13,Technical,Low,20.4,Resolved,5
TCK-005436,CUST-004332,2023-06-17,Integration,Low,7.9,Pending,1
TCK-005437,CUST-004332,2023-07-11,Integration,Critical,75.2,Escalated,1
TCK-005438,CUST-004333,2024-03-29,Performance,Medium,10.4,Resolved,4
TCK-005439,CUST-004335,2024-04-19,Login,Low,20.0,Resolved,5
TCK-005440,CUST-004335,2023-07-17,Billing,Low,15.0,Resolved,1
TCK-005441,CUST-004335,2024-05-04,Technical,High,82.8,Resolved,2
TCK-005442,CUST-004336,2024-05-19,Feature Request,High,18.9,Closed,4
TCK-005443,CUST-004336,2024-05-25,Integration,Critical,14.9,Pending,2
TCK-005444,CUST-004336,2024-05-17,Technical,Medium,25.2,Pending,1
TCK-005445,CUST-004336,2024-05-12,Login,High,28.0,Resolved,1
TCK-005446,CUST-004337,2023-11-18,Billing,High,18.0,Resolved,1
TCK-005447,CUST-004338,2023-12-12,Login,Medium,14.3,Resolved,5
TCK-005448,CUST-004338,2024-06-20,Login,Low,3.1,Closed,4
TCK-005449,CUST-004338,2024-03-07,Technical,High,44.4,Resolved,4
TCK-005450,CUST-004339,2023-12-28,Performance,Low,1.2,Resolved,3
TCK-005451,CUST-004341,2023-11-27,Performance,Medium,23.4,Resolved,5
TCK-005452,CUST-004341,2023-10-19,Technical,Medium,11.2,Resolved,5
TCK-005453,CUST-004341,2023-06-08,Performance,High,1.6,Resolved,5
TCK-005454,CUST-004341,2024-03-18,Integration,High,22.0,Resolved,5
TCK-005455,CUST-004342,2023-09-02,Integration,Medium,49.1,Resolved,1
TCK-005456,CUST-004342,2023-09-30,Technical,Medium,37.5,Closed,1
TCK-005457,CUST-004342,2023-10-23,Technical,Low,18.6,Pending,1
TCK-005458,CUST-004342,2023-09-10,Feature Request,Low,4.3,Resolved,1
TCK-005459,CUST-004343,2024-07-04,Integration,Low,15.6,Resolved,3
TCK-005460,CUST-004343,2023-09-07,Integration,Low,3.5,Closed,5
TCK-005461,CUST-004345,2024-10-02,Integration,Critical,12.0,Resolved,2
TCK-005462,CUST-004347,2024-09-24,Technical,Low,5.2,Resolved,5
TCK-005463,CUST-004348,2024-10-27,Integration,High,2.8,Escalated,3
TCK-005464,CUST-004348,2023-10-23,Performance,Low,17.8,Pending,2
TCK-005465,CUST-004348,10/02/2024,Performance,High,35.6,Resolved,4
TCK-005466,CUST-004349,2024-09-05,Performance,Medium,42.4,Resolved,4
TCK-005467,CUST-004350,2024-01-26,Billing,Medium,0.5,Resolved,3
TCK-005468,CUST-004350,2023-11-28,Billing,Medium,29.1,Resolved,5
TCK-005469,CUST-004350,2024-05-18,Technical,Critical,50.2,Resolved,4
TCK-005470,CUST-004351,2022-03-27,Technical,Low,22.1,Resolved,4
TCK-005471,CUST-004352,28/09/2024,Technical,Medium,8.1,Resolved,5
TCK-005472,CUST-004353,2024-05-11,Technical,Low,2.2,Resolved,5
TCK-005473,CUST-004354,2024-03-21,Security,Medium,5.2,Closed,5
TCK-005474,CUST-004355,2024-06-20,Login,Low,11.4,Resolved,3
TCK-005475,CUST-004355,2024-01-15,Performance,Medium,14.8,Resolved,3
TCK-005476,CUST-004357,2024-05-21,Technical,Medium,4.7,Resolved,2
TCK-005477,CUST-004357,2024-03-28,Technical,Low,14.5,Resolved,1
TCK-005478,CUST-004357,26/04/2024,Technical,Medium,7.3,Resolved,2
TCK-005479,CUST-004357,2024-03-31,Billing,High,47.3,Pending,1
TCK-005480,CUST-004359,2024-07-21,Billing,Low,15.7,Resolved,3
TCK-005481,CUST-004360,2023-11-28,Technical,Low,1.1,Resolved,3
TCK-005482,CUST-004363,2023-10-31,Technical,High,15.6,Closed,5
TCK-005483,CUST-004366,2022-06-10,Technical,Low,3.1,Resolved,5
TCK-005484,CUST-004367,2023-11-11,Technical,Critical,62.0,Pending,1
TCK-005485,CUST-004369,2024-10-25,Security,Medium,13.7,Resolved,4
TCK-005486,CUST-004370,2024-08-01,Login,High,15.7,Resolved,3
TCK-005487,CUST-004371,2023-09-22,Login,High,18.2,Closed,2
TCK-005488,CUST-004371,2022-09-06,Performance,Medium,16.1,Escalated,2
TCK-005489,CUST-004372,2022-12-11,Technical,Medium,21.7,Resolved,3
TCK-005490,CUST-004373,2024-04-13,Login,Low,8.7,Resolved,1
TCK-005491,CUST-004374,2023-11-09,Performance,Critical,60.0,Resolved,5
TCK-005492,CUST-004374,2023-08-22,Login,High,29.6,Resolved,4
TCK-005493,CUST-004376,2024-01-04,Technical,High,8.7,Resolved,1
TCK-005494,CUST-004377,24/05/2023,Billing,Critical,1.4,Resolved,4
TCK-005495,CUST-004378,18/01/2023,Billing,Low,37.3,Escalated,2
TCK-005496,CUST-004380,2024-06-18,Billing,Medium,24.5,Resolved,1
TCK-005497,CUST-004380,2024-07-16,Security,Medium,9.0,Resolved,4
TCK-005498,CUST-004381,2024-10-21,Feature Request,Low,1.8,Resolved,4
TCK-005499,CUST-004381,2023-11-11,Security,Medium,10.2,Resolved,5
TCK-005500,CUST-004383,2024-08-22,Technical,Low,46.6,Resolved,1
TCK-005501,CUST-004383,2024-05-17,Billing,Medium,9.9,Resolved,2
TCK-005502,CUST-004383,2024-09-30,Technical,Medium,31.3,Pending,1
TCK-005503,CUST-004385,2024-06-26,Technical,Medium,10.6,Closed,3
TCK-005504,CUST-004386,2024-05-01,Billing,Medium,4.8,Resolved,1
TCK-005505,CUST-004386,2024-05-20,Integration,Medium,69.6,Resolved,3
TCK-005506,CUST-004386,17/06/2024,Billing,Low,3.4,Resolved,1
TCK-005507,CUST-004387,2024-03-02,Technical,Critical,43.3,Resolved,4
TCK-005508,CUST-004388,2024-07-21,Integration,Low,9.6,Resolved,5
TCK-005509,CUST-004389,2024-09-20,Billing,Low,20.6,Resolved,3
TCK-005510,CUST-004389,2023-11-28,Billing,Low,39.9,Resolved,2
TCK-005511,CUST-004390,2023-11-02,Technical,Critical,4.8,Resolved,3
TCK-005512,CUST-004392,2024-11-10,Performance,Medium,7.2,Resolved,4
TCK-005513,CUST-004392,2024-07-04,Login,Low,13.3,Resolved,4
TCK-005514,CUST-004392,2024-07-15,Feature Request,Medium,1.1,Resolved,5
TCK-005515,CUST-004393,2023-08-12,Performance,Medium,26.8,Closed,3
TCK-005516,CUST-004394,2024-03-21,Technical,Low,34.6,Resolved,4
TCK-005517,CUST-004394,2024-06-21,Feature Request,High,70.0,Resolved,4
TCK-005518,CUST-004398,2023-06-13,Technical,Medium,17.5,Resolved,1
TCK-005519,CUST-004399,2023-12-01,Performance,Medium,10.3,Resolved,2
TCK-005520,CUST-004399,2024-09-01,Feature Request,Medium,20.9,Resolved,2
TCK-005521,CUST-004399,2023-07-21,Integration,Low,6.9,Pending,1
TCK-005522,CUST-004400,2022-03-18,Technical,Low,5.3,Resolved,1
TCK-005523,CUST-004400,2022-03-29,Technical,High,117.2,Resolved,1
TCK-005524,CUST-004402,2023-04-28,Technical,Low,7.4,Pending,1
TCK-005525,CUST-004402,2023-06-02,Billing,High,17.3,Closed,1
TCK-005526,CUST-004402,2023-06-01,Technical,Medium,74.9,Resolved,3
TCK-005527,CUST-004402,2023-04-27,Technical,High,62.4,Resolved,1
TCK-005528,CUST-004404,2023-04-15,Technical,Medium,6.9,Resolved,3
TCK-005529,CUST-004404,2022-10-12,Feature Request,Medium,16.7,Resolved,3
TCK-005530,CUST-004405,2023-02-12,Technical,Medium,1.8,Resolved,4
TCK-005531,CUST-004405,2022-10-30,Technical,Low,13.9,Resolved,3
TCK-005532,CUST-004406,2022-05-27,Billing,Low,19.8,Resolved,4
TCK-005533,CUST-004407,2023-02-09,Integration,High,69.4,Closed,5
TCK-005534,CUST-004409,2023-09-30,Performance,Medium,53.0,Resolved,5
TCK-005535,CUST-004409,2023-11-26,Technical,Medium,23.5,Resolved,4
TCK-005536,CUST-004410,2024-10-26,Login,Medium,2.9,Resolved,5
TCK-005537,CUST-004411,2023-01-04,Billing,Low,6.4,Closed,3
TCK-005538,CUST-004411,2022-11-27,Login,High,8.0,Resolved,3
TCK-005539,CUST-004411,2022-07-28,Login,Low,19.9,Resolved,3
TCK-005540,CUST-004412,2024-01-01,Billing,Critical,33.1,Resolved,4
TCK-005541,CUST-004412,2023-11-13,Technical,Medium,18.8,Resolved,4
TCK-005542,CUST-004412,2023-11-17,Login,Medium,18.3,Closed,4
TCK-005543,CUST-004414,2024-01-25,Feature Request,Low,45.7,Resolved,5
TCK-005544,CUST-004416,2024-06-16,Integration,Low,26.2,Resolved,3
TCK-005545,CUST-004416,2024-07-17,Technical,Low,2.6,Resolved,4
TCK-005546,CUST-004417,2022-07-07,Login,Medium,11.3,Escalated,1
TCK-005547,CUST-004417,2022-07-27,Performance,Low,3.9,Closed,1
TCK-005548,CUST-004417,2022-07-15,Technical,Low,18.6,Closed,1
TCK-005549,CUST-004418,2023-11-14,Integration,Low,30.5,Closed,2
TCK-005550,CUST-004419,2023-06-28,Security,Low,5.3,Resolved,4
TCK-005551,CUST-004420,2023-12-04,Technical,Medium,14.2,Resolved,4
TCK-005552,CUST-004420,2022-09-29,Billing,Medium,22.6,Resolved,3
TCK-005553,CUST-004420,2024-01-12,Feature Request,High,11.9,Closed,1
TCK-005554,CUST-004421,2023-08-05,Performance,Medium,62.2,Resolved,3
TCK-005555,CUST-004421,2023-11-22,Technical,Medium,14.0,Escalated,2
TCK-005556,CUST-004422,2022-11-04,Technical,Medium,19.0,Resolved,2
TCK-005557,CUST-004423,2023-04-15,Billing,Low,28.7,Closed,2
TCK-005558,CUST-004423,2023-06-26,Login,Low,22.5,Escalated,3
TCK-005559,CUST-004423,2023-05-31,Login,Medium,152.4,Resolved,4
TCK-005560,CUST-004427,2023-07-29,Integration,Low,1.1,Resolved,3
TCK-005561,CUST-004429,2023-10-19,Integration,Medium,1.8,Resolved,3
TCK-005562,CUST-004430,2023-12-14,Technical,Low,74.5,Resolved,2
TCK-005563,CUST-004431,2023-02-22,Technical,Medium,10.2,Closed,4
TCK-005564,CUST-004431,2024-10-14,Performance,Medium,17.9,Resolved,3
TCK-005565,CUST-004432,2023-09-30,Billing,Medium,6.8,Resolved,4
TCK-005566,CUST-004432,2022-12-13,Technical,High,14.9,Resolved,2
TCK-005567,CUST-004433,2024-05-25,Technical,Low,55.6,Resolved,3
TCK-005568,CUST-004433,2024-03-06,Billing,Medium,10.4,Resolved,3
TCK-005569,CUST-004434,2023-12-18,Feature Request,Low,5.1,Resolved,4
TCK-005570,CUST-004434,2023-01-12,Billing,Medium,7.5,Resolved,1
TCK-005571,CUST-004435,2024-06-06,Integration,Low,4.9,Closed,5
TCK-005572,CUST-004435,2024-06-20,Integration,High,12.7,Closed,3
TCK-005573,CUST-004436,2023-03-16,Login,Medium,105.3,Resolved,2
TCK-005574,CUST-004436,2023-03-22,Technical,High,11.5,Resolved,4
TCK-005575,CUST-004437,2023-11-12,Billing,Critical,27.7,Closed,5
TCK-005576,CUST-004438,2024-05-27,Billing,Low,3.2,Resolved,5
TCK-005577,CUST-004439,2024-05-01,Billing,High,0.5,Resolved,4
TCK-005578,CUST-004439,2024-07-25,Technical,Medium,0.5,Closed,4
TCK-005579,CUST-004441,2023-08-28,Security,Low,49.9,Resolved,3
TCK-005580,CUST-004441,2023-09-15,Integration,Low,31.2,Resolved,2
TCK-005581,CUST-004442,2022-07-24,Technical,High,23.3,Resolved,1
TCK-005582,CUST-004442,2022-05-12,Integration,Medium,5.0,Resolved,5
TCK-005583,CUST-004443,2024-04-25,Performance,High,10.4,Resolved,2
TCK-005584,CUST-004444,2023-06-11,Billing,Medium,13.5,Closed,3
TCK-005585,CUST-004444,2023-07-02,Technical,Critical,6.4,Pending,1
TCK-005586,CUST-004444,2024-01-06,Login,Medium,42.1,Pending,2
TCK-005587,CUST-004444,2023-08-15,Technical,Low,20.4,Resolved,1
TCK-005588,CUST-004446,2023-10-06,Integration,High,17.6,Pending,1
TCK-005589,CUST-004447,2023-10-06,Integration,Medium,24.5,Resolved,4
TCK-005590,CUST-004448,2022-09-16,Billing,Low,12.3,Resolved,2
TCK-005591,CUST-004449,2024-10-12,Billing,Low,15.3,Closed,1
TCK-005592,CUST-004449,2024-02-08,Login,Medium,2.7,Resolved,3
TCK-005593,CUST-004449,2023-11-05,Login,Low,1.5,Resolved,2
TCK-005594,CUST-004449,2024-03-30,Security,Medium,65.0,Pending,1
TCK-005595,CUST-004449,2024-02-28,Login,Low,13.7,Closed,3
TCK-005596,CUST-004449,2023-08-07,Performance,Critical,177.8,Resolved,1
TCK-005597,CUST-004451,2024-09-26,Technical,Low,15.2,Resolved,5
TCK-005598,CUST-004452,2023-01-17,Security,Low,34.8,Closed,2
TCK-005599,CUST-004452,2022-11-17,Login,High,58.6,Resolved,2
TCK-005600,CUST-004453,2024-04-08,Integration,Medium,12.4,Resolved,2
TCK-005601,CUST-004453,2024-10-14,Technical,Low,28.4,Resolved,3
TCK-005602,CUST-004455,2024-12-07,Technical,Low,12.0,Closed,5
TCK-005603,CUST-004456,2024-01-20,Technical,Medium,14.4,Resolved,4
TCK-005604,CUST-004457,2024-02-06,Login,Medium,20.4,Resolved,5
TCK-005605,CUST-004461,2023-09-12,Technical,Low,35.1,Resolved,4
TCK-005606,CUST-004462,2022-08-13,Billing,Medium,20.1,Resolved,5
TCK-005607,CUST-004464,2023-12-27,Integration,Low,40.8,Escalated,2
TCK-005608,CUST-004464,2023-01-10,Technical,Medium,21.0,Resolved,1
TCK-005609,CUST-004464,2023-03-28,Billing,Critical,5.5,Closed,2
TCK-005610,CUST-004464,2023-01-21,Integration,Low,2.0,Closed,2
TCK-005611,CUST-004464,2023-12-13,Billing,Medium,1.0,Resolved,1
TCK-005612,CUST-004465,2024-10-06,Billing,Low,9.1,Resolved,4
TCK-005613,CUST-004466,2023-03-13,Technical,Low,7.6,Resolved,3
TCK-005614,CUST-004466,2022-04-08,Performance,Low,6.4,Resolved,5
TCK-005615,CUST-004468,2024-05-12,Technical,Low,16.0,Resolved,2
TCK-005616,CUST-004468,2024-04-30,Security,Low,23.7,Resolved,2
TCK-005617,CUST-004471,2024-02-01,Technical,Low,1.5,Closed,4
TCK-005618,CUST-004471,2024-10-17,Login,Medium,34.3,Resolved,1
TCK-005619,CUST-004471,2024-08-15,Billing,Medium,6.3,Resolved,4
TCK-005620,CUST-004471,2024-03-02,Feature Request,Medium,7.3,Closed,3
TCK-005621,CUST-004472,2023-08-17,Billing,Medium,11.8,Resolved,3
TCK-005622,CUST-004473,2024-07-20,Security,High,6.1,Resolved,4
TCK-005623,CUST-004474,2024-02-03,Performance,Medium,2.4,Closed,5
TCK-005624,CUST-004476,2024-08-07,Performance,Medium,15.6,Resolved,2
TCK-005625,CUST-004477,2023-11-19,Integration,Medium,3.8,Closed,4
TCK-005626,CUST-004477,2024-12-13,Security,Medium,3.6,Closed,5
TCK-005627,CUST-004478,02/10/2022,Billing,Medium,24.9,Closed,5
TCK-005628,CUST-004478,2022-07-04,Technical,High,1.1,Resolved,3
TCK-005629,CUST-004478,2022-11-29,Integration,Medium,7.4,Escalated,1
TCK-005630,CUST-004478,2022-09-23,Login,Low,3.6,Resolved,2
TCK-005631,CUST-004479,2023-12-29,Login,Medium,3.4,Resolved,5
TCK-005632,CUST-004479,2024-07-23,Billing,Medium,1.7,Resolved,3
TCK-005633,CUST-004480,2024-06-26,Feature Request,Low,30.8,Closed,3
TCK-005634,CUST-004481,2023-12-14,Billing,Critical,3.7,Resolved,5
TCK-005635,CUST-004482,2023-08-31,Performance,Medium,3.2,Closed,2
TCK-005636,CUST-004482,2024-04-30,Technical,Medium,7.3,Closed,3
TCK-005637,CUST-004483,2022-11-02,Billing,Medium,2.0,Resolved,3
TCK-005638,CUST-004487,2024-07-29,Login,High,10.7,Resolved,4
TCK-005639,CUST-004490,2024-10-03,Integration,Low,4.7,Resolved,1
TCK-005640,CUST-004491,2023-09-23,Login,Medium,5.6,Resolved,1
TCK-005641,CUST-004492,2023-06-17,Login,Critical,5.1,Closed,4
TCK-005642,CUST-004492,2024-03-30,Security,Low,8.0,Closed,5
TCK-005643,CUST-004493,2024-11-15,Technical,Low,19.3,Resolved,4
TCK-005644,CUST-004494,2024-10-17,Technical,Medium,19.3,Resolved,5
TCK-005645,CUST-004495,2024-10-04,Billing,Medium,1.0,Closed,5
TCK-005646,CUST-004495,2024-12-11,Performance,Low,15.4,Closed,4
TCK-005647,CUST-004497,2024-09-10,Technical,Low,5.8,Resolved,4
TCK-005648,CUST-004498,2023-08-28,Technical,Low,14.5,Pending,1
TCK-005649,CUST-004499,27/01/2023,Integration,Low,7.6,Closed,2
TCK-005650,CUST-004499,2022-12-19,Technical,Medium,17.3,Escalated,3
TCK-005651,CUST-004500,2024-06-19,Performance,Low,29.5,Resolved,1
TCK-005652,CUST-004501,2024-07-18,Integration,Medium,10.8,Resolved,5
TCK-005653,CUST-004502,2024-11-08,Performance,Low,22.8,Resolved,5
TCK-005654,CUST-004506,2024-06-28,Login,Medium,2.0,Resolved,5
TCK-005655,CUST-004507,2024-05-26,Integration,Low,10.4,Resolved,1
TCK-005656,CUST-004509,2022-04-28,Security,Low,11.3,Resolved,1
TCK-005657,CUST-004509,2023-12-31,Billing,Medium,14.3,Closed,3
TCK-005658,CUST-004509,2023-05-16,Feature Request,Low,5.8,Closed,2
TCK-005659,CUST-004510,2022-06-16,Billing,Low,1.9,Resolved,4
TCK-005660,CUST-004510,2022-06-30,Login,Low,7.9,Resolved,1
TCK-005661,CUST-004510,2022-06-18,Login,Low,5.1,Closed,3
TCK-005662,CUST-004511,10/08/2024,Technical,Low,3.4,Resolved,4
TCK-005663,CUST-004512,25/07/2024,Technical,Low,7.6,Resolved,3
TCK-005664,CUST-004512,2024-08-13,Technical,Medium,4.2,Resolved,4
TCK-005665,CUST-004513,2023-12-05,Feature Request,Medium,16.3,Escalated,2
TCK-005666,CUST-004515,2024-01-02,Technical,Low,9.0,Resolved,3
TCK-005667,CUST-004515,2023-12-06,Login,Medium,12.6,Resolved,3
TCK-005668,CUST-004515,2024-04-12,Technical,Medium,22.7,Resolved,1
TCK-005669,CUST-004517,2023-08-14,Integration,Critical,53.0,Resolved,1
TCK-005670,CUST-004518,2024-05-02,Integration,Low,6.9,Pending,1
TCK-005671,CUST-004518,2024-06-15,Login,Medium,37.5,Resolved,3
TCK-005672,CUST-004518,2024-06-01,Feature Request,High,10.0,Pending,3
TCK-005673,CUST-004519,2024-03-11,Integration,High,3.7,Resolved,4
TCK-005674,CUST-004520,2022-08-28,Technical,Medium,23.7,Escalated,1
TCK-005675,CUST-004520,2024-02-18,Technical,Medium,0.8,Resolved,3
TCK-005676,CUST-004520,2024-02-28,Technical,Critical,42.0,Closed,1
TCK-005677,CUST-004522,2024-05-15,Feature Request,Medium,51.6,Resolved,5
TCK-005678,CUST-004522,2024-07-29,Billing,Medium,5.4,Resolved,4
TCK-005679,CUST-004522,2023-12-28,Billing,Medium,3.1,Resolved,3
TCK-005680,CUST-004523,23/07/2023,Technical,High,76.2,Resolved,4
TCK-005681,CUST-004523,2022-09-23,Technical,Medium,30.9,Resolved,4
TCK-005682,CUST-004523,2023-12-15,Login,High,68.0,Resolved,3
TCK-005683,CUST-004523,2023-06-15,Integration,Low,54.9,Closed,1
TCK-005684,CUST-004524,2024-03-26,Performance,Medium,4.2,Resolved,5
TCK-005685,CUST-004524,2024-09-05,Login,Medium,12.8,Resolved,5
TCK-005686,CUST-004524,2024-06-08,Billing,Critical,15.1,Resolved,5
TCK-005687,CUST-004527,2023-07-16,Performance,Low,18.2,Resolved,5
TCK-005688,CUST-004528,2022-10-19,Billing,Medium,15.0,Resolved,3
TCK-005689,CUST-004530,2023-02-28,Integration,Medium,3.9,Closed,5
TCK-005690,CUST-004531,2024-02-06,Performance,Low,19.1,Resolved,4
TCK-005691,CUST-004531,2024-03-20,Login,Medium,16.3,Closed,3
TCK-005692,CUST-004533,2023-09-03,Performance,Medium,108.2,Resolved,3
TCK-005693,CUST-004537,2023-09-30,Technical,Low,7.4,Resolved,2
TCK-005694,CUST-004537,2023-10-12,Performance,Low,21.7,Resolved,3
TCK-005695,CUST-004538,2024-03-20,Billing,Low,45.1,Resolved,4
TCK-005696,CUST-004538,2022-06-16,Billing,High,11.2,Resolved,4
TCK-005697,CUST-004539,2024-05-06,Technical,Low,26.0,Resolved,5
TCK-005698,CUST-004539,2023-02-12,Technical,Medium,2.8,Resolved,4
TCK-005699,CUST-004541,2023-02-26,Login,Medium,5.1,Resolved,1
TCK-005700,CUST-004542,2022-12-15,Billing,Low,0.5,Pending,1
TCK-005701,CUST-004542,2023-02-18,Security,Low,31.7,Escalated,3
TCK-005702,CUST-004544,2024-12-06,Performance,Low,8.8,Resolved,4
TCK-005703,CUST-004545,2023-07-04,Technical,Low,6.4,Resolved,2
TCK-005704,CUST-004546,2024-03-18,Billing,Medium,0.5,Resolved,5
TCK-005705,CUST-004549,2023-10-14,Integration,Medium,4.0,Resolved,2
TCK-005706,CUST-004549,2024-01-09,Technical,Low,26.7,Escalated,2
TCK-005707,CUST-004550,2023-01-14,Technical,Medium,1.7,Resolved,4
TCK-005708,CUST-004550,2022-09-19,Technical,Medium,3.3,Closed,5
TCK-005709,CUST-004552,2023-09-25,Login,Medium,12.7,Resolved,5
TCK-005710,CUST-004552,02/12/2023,Integration,Medium,3.4,Resolved,5
TCK-005711,CUST-004552,2023-05-26,Technical,Low,21.7,Resolved,5
TCK-005712,CUST-004553,2022-12-18,Billing,High,39.0,Resolved,2
TCK-005713,CUST-004553,2022-11-14,Feature Request,Medium,23.2,Closed,1
TCK-005714,CUST-004553,2022-12-21,Technical,High,5.0,Resolved,2
TCK-005715,CUST-004554,2024-04-14,Technical,Low,7.7,Closed,5
TCK-005716,CUST-004554,2023-10-12,Integration,Medium,12.5,Resolved,4
TCK-005717,CUST-004555,2023-07-01,Technical,Medium,1.1,Resolved,5
TCK-005718,CUST-004556,2023-10-13,Billing,Critical,16.9,Resolved,1
TCK-005719,CUST-004556,2024-10-01,Security,Medium,7.7,Closed,1
TCK-005720,CUST-004557,2024-10-04,Integration,High,9.4,Closed,2
TCK-005721,CUST-004557,2024-06-14,Performance,Medium,0.5,Resolved,5
TCK-005722,CUST-004558,2022-02-09,Billing,High,3.9,Resolved,3
TCK-005723,CUST-004558,2022-01-17,Billing,Low,75.1,Resolved,2
TCK-005724,CUST-004558,2022-09-29,Technical,Medium,5.8,Pending,1
TCK-005725,CUST-004558,2022-08-30,Technical,Low,3.4,Resolved,4
TCK-005726,CUST-004560,2024-10-09,Feature Request,High,165.5,Resolved,3
TCK-005727,CUST-004560,2024-04-15,Technical,High,31.9,Resolved,2
TCK-005728,CUST-004560,2023-08-28,Billing,Low,2.4,Escalated,3
TCK-005729,CUST-004561,2024-06-29,Technical,Medium,0.8,Closed,4
TCK-005730,CUST-004562,2023-09-18,Technical,Medium,5.4,Resolved,2
TCK-005731,CUST-004563,2023-12-20,Technical,Low,21.0,Resolved,4
TCK-005732,CUST-004563,2023-08-08,Billing,High,2.5,Pending,2
TCK-005733,CUST-004563,2023-11-15,Technical,Medium,78.8,Escalated,1
TCK-005734,CUST-004563,30/07/2023,Billing,High,11.7,Resolved,3
TCK-005735,CUST-004563,2022-05-17,Billing,Medium,33.8,Pending,1
TCK-005736,CUST-004563,2023-03-15,Integration,Low,1.9,Escalated,2
TCK-005737,CUST-004564,2024-05-29,Billing,Medium,3.7,Resolved,4
TCK-005738,CUST-004566,2024-06-02,Performance,Medium,10.1,Resolved,4
TCK-005739,CUST-004567,2024-02-05,Billing,Medium,3.3,Pending,3
TCK-005740,CUST-004568,2024-01-07,Technical,Low,41.0,Resolved,1
TCK-005741,CUST-004568,2024-05-03,Security,Critical,22.9,Closed,4
TCK-005742,CUST-004569,2023-10-16,Feature Request,Low,4.8,Escalated,1
TCK-005743,CUST-004569,2024-07-22,Login,Medium,7.1,Resolved,1
TCK-005744,CUST-004569,2024-01-25,Technical,Medium,62.6,Closed,1
TCK-005745,CUST-004571,2022-12-12,Performance,Medium,29.8,Closed,2
TCK-005746,CUST-004571,2023-08-07,Feature Request,High,8.9,Resolved,1
TCK-005747,CUST-004571,2023-08-29,Technical,Medium,24.9,Resolved,1
TCK-005748,CUST-004573,2024-08-24,Integration,Low,13.9,Resolved,5
TCK-005749,CUST-004574,2023-04-24,Performance,Low,2.9,Resolved,2
TCK-005750,CUST-004574,2023-11-16,Technical,Medium,11.9,Resolved,2
TCK-005751,CUST-004574,2023-09-08,Billing,Medium,13.5,Resolved,5
TCK-005752,CUST-004575,2022-12-21,Performance,Medium,3.0,Resolved,4
TCK-005753,CUST-004576,2024-07-17,Feature Request,Medium,0.6,Resolved,3
TCK-005754,CUST-004577,2023-09-17,Billing,High,18.0,Resolved,1
TCK-005755,CUST-004578,2024-07-03,Login,Low,3.9,Resolved,5
TCK-005756,CUST-004579,2024-06-30,Technical,High,3.6,Closed,3
TCK-005757,CUST-004579,2024-06-16,Billing,Low,2.0,Resolved,4
TCK-005758,CUST-004580,2023-08-19,Technical,Medium,21.1,Resolved,4
TCK-005759,CUST-004581,2023-05-16,Feature Request,Medium,999.9,Closed,5
TCK-005760,CUST-004582,2024-01-04,Integration,Critical,0.5,Resolved,4
TCK-005761,CUST-004583,2023-07-02,Integration,Low,1.0,Resolved,4
TCK-005762,CUST-004583,2023-06-17,Billing,High,14.0,Closed,1
TCK-005763,CUST-004584,2023-12-08,Technical,Medium,15.1,Resolved,5
TCK-005764,CUST-004585,2024-07-04,Performance,High,108.8,Resolved,3
TCK-005765,CUST-004586,2022-11-26,Login,Medium,0.5,Closed,1
TCK-005766,CUST-004586,2022-06-13,Login,Low,17.2,Resolved,3
TCK-005767,CUST-004588,2024-12-14,Billing,Low,26.4,Resolved,3
TCK-005768,CUST-004588,2024-03-02,Technical,High,26.1,Resolved,3
TCK-005769,CUST-004589,2024-06-04,Feature Request,Medium,32.8,Escalated,3
TCK-005770,CUST-004589,2023-01-18,Technical,High,40.2,Escalated,2
TCK-005771,CUST-004589,2023-10-04,Technical,Medium,42.2,Resolved,3
TCK-005772,CUST-004590,2024-08-27,Security,High,13.0,Resolved,4
TCK-005773,CUST-004590,2023-08-09,Integration,Medium,3.1,Resolved,2
TCK-005774,CUST-004590,2024-08-30,Performance,High,34.0,Resolved,3
TCK-005775,CUST-004591,2022-05-28,Billing,Critical,38.4,Closed,1
TCK-005776,CUST-004592,2024-10-23,Technical,High,4.9,Resolved,3
TCK-005777,CUST-004592,2023-12-13,Performance,Low,27.3,Resolved,5
TCK-005778,CUST-004594,2024-08-29,Technical,Medium,1.5,Closed,3
TCK-005779,CUST-004595,2024-10-23,Performance,Medium,38.6,Resolved,5
TCK-005780,CUST-004595,2023-11-21,Technical,Medium,13.4,Resolved,3
TCK-005781,CUST-004597,2024-01-02,Billing,High,2.4,Resolved,5
TCK-005782,CUST-004597,2024-11-16,Technical,High,51.9,Resolved,5
TCK-005783,CUST-004598,2024-11-02,Login,High,54.4,Resolved,4
TCK-005784,CUST-004598,2023-05-29,Billing,Low,2.6,Resolved,5
TCK-005785,CUST-004599,2022-11-04,Technical,Low,0.5,Resolved,1
TCK-005786,CUST-004599,2022-10-29,Billing,Low,36.2,Escalated,2
TCK-005787,CUST-004599,2022-09-11,Security,Medium,8.0,Pending,3
TCK-005788,CUST-004600,2022-12-20,Technical,High,54.6,Resolved,2
TCK-005789,CUST-004600,2023-01-15,Login,Medium,22.7,Resolved,3
TCK-005790,CUST-004600,2023-08-03,Login,Medium,7.3,Resolved,4
TCK-005791,CUST-004601,2023-10-08,Billing,Medium,52.9,Resolved,4
TCK-005792,CUST-004602,2024-04-19,Performance,Medium,31.1,Resolved,4
TCK-005793,CUST-004602,2024-06-28,Performance,Low,27.1,Resolved,2
TCK-005794,CUST-004603,2024-08-07,Technical,Low,22.9,Resolved,5
TCK-005795,CUST-004604,2023-05-25,Performance,Low,0.7,Closed,4
TCK-005796,CUST-004604,2023-08-06,Performance,Low,5.6,Resolved,3
TCK-005797,CUST-004605,2023-08-12,Login,Medium,12.0,Resolved,5
TCK-005798,CUST-004606,2023-10-27,Security,Medium,9.7,Resolved,1
TCK-005799,CUST-004608,2024-06-11,Billing,Medium,34.4,Resolved,2
TCK-005800,CUST-004609,2024-05-09,Performance,Low,2.4,Escalated,3
TCK-005801,CUST-004609,2024-02-07,Feature Request,Medium,29.5,Resolved,1
TCK-005802,CUST-004609,2024-05-07,Feature Request,Medium,18.5,Pending,3
TCK-005803,CUST-004609,2024-06-14,Technical,High,101.0,Pending,2
TCK-005804,CUST-004609,2024-07-17,Technical,High,0.5,Resolved,3
TCK-005805,CUST-004610,2024-07-11,Technical,Low,42.8,Closed,3
TCK-005806,CUST-004610,2024-08-10,Billing,High,18.9,Closed,5
TCK-005807,CUST-004610,2023-08-02,Performance,Medium,8.8,Resolved,4
TCK-005808,CUST-004612,2024-06-03,Technical,Medium,31.1,Resolved,1
TCK-005809,CUST-004612,2024-06-02,Integration,Medium,7.4,Closed,3
TCK-005810,CUST-004613,2024-02-05,Technical,Low,0.7,Resolved,2
TCK-005811,CUST-004613,2024-01-29,Security,Low,17.4,Resolved,2
TCK-005812,CUST-004614,2023-10-29,Feature Request,Medium,21.0,Resolved,3
TCK-005813,CUST-004614,2023-09-27,Integration,Medium,3.8,Closed,2
TCK-005814,CUST-004615,2022-08-11,Technical,Critical,57.1,Resolved,1
TCK-005815,CUST-004616,2023-06-11,Feature Request,High,11.3,Closed,4
TCK-005816,CUST-004617,2022-07-14,Technical,Low,73.5,Pending,2
TCK-005817,CUST-004617,2022-03-02,Feature Request,Medium,4.6,Escalated,1
TCK-005818,CUST-004620,2023-08-26,Performance,Low,31.5,Resolved,1
TCK-005819,CUST-004620,2023-08-07,Performance,Low,56.1,Escalated,1
TCK-005820,CUST-004621,2023-11-07,Feature Request,Medium,2.0,Resolved,1
TCK-005821,CUST-004621,2024-12-08,Technical,Low,7.6,Resolved,4
TCK-005822,CUST-004624,2022-04-04,Login,Medium,11.7,Closed,2
TCK-005823,CUST-004624,2022-04-05,Technical,Medium,74.5,Pending,2
TCK-005824,CUST-004624,2022-03-22,Integration,Medium,17.4,Resolved,2
TCK-005825,CUST-004625,2024-10-15,Technical,Low,15.1,Closed,5
TCK-005826,CUST-004625,2024-05-15,Technical,High,93.2,Resolved,4
TCK-005827,CUST-004627,2024-10-07,Integration,Medium,15.3,Resolved,5
TCK-005828,CUST-004627,2024-07-01,Login,Medium,0.5,Resolved,5
TCK-005829,CUST-004627,2024-06-05,Login,Low,2.6,Resolved,3
TCK-005830,CUST-004629,2024-07-05,Technical,Low,1.3,Resolved,5
TCK-005831,CUST-004629,2022-10-29,Technical,Medium,10.4,Closed,3
TCK-005832,CUST-004636,2022-10-11,Billing,Medium,29.7,Pending,1
TCK-005833,CUST-004637,2023-02-24,Technical,Low,27.8,Closed,1
TCK-005834,CUST-004638,2024-02-20,Technical,Medium,24.4,Resolved,2
TCK-005835,CUST-004639,2024-01-02,Billing,Low,12.4,Closed,5
TCK-005836,CUST-004641,2024-09-11,Login,High,32.5,Resolved,3
TCK-005837,CUST-004641,2023-12-27,Billing,Low,23.3,Resolved,3
TCK-005838,CUST-004643,2024-07-04,Billing,Medium,28.4,Closed,5
TCK-005839,CUST-004644,2024-10-17,Login,Critical,27.2,Resolved,2
TCK-005840,CUST-004645,2023-05-01,Performance,High,21.9,Resolved,3
TCK-005841,CUST-004646,2023-08-03,Technical,Medium,19.5,Closed,1
TCK-005842,CUST-004646,2023-05-05,Integration,Medium,23.4,Closed,3
TCK-005843,CUST-004647,2023-02-19,Performance,Medium,4.6,Resolved,5
TCK-005844,CUST-004647,2024-02-24,Technical,High,16.2,Resolved,5
TCK-005845,CUST-004648,2023-04-24,Technical,High,79.9,Resolved,3
TCK-005846,CUST-004648,2023-06-03,Technical,Medium,15.6,Resolved,3
TCK-005847,CUST-004649,2024-11-14,Login,Medium,12.6,Resolved,5
TCK-005848,CUST-004650,2024-01-07,Technical,Low,10.4,Resolved,5
TCK-005849,CUST-004652,2024-09-05,Billing,Low,13.5,Resolved,4
TCK-005850,CUST-004656,2024-06-14,Technical,High,38.8,Closed,3
TCK-005851,CUST-004656,2024-10-20,Billing,Medium,31.6,Resolved,2
TCK-005852,CUST-004658,2023-05-08,Performance,Medium,8.8,Resolved,2
TCK-005853,CUST-004658,2024-07-26,Integration,Medium,6.9,Resolved,5
TCK-005854,CUST-004659,2024-06-01,Technical,Medium,9.3,Resolved,3
TCK-005855,CUST-004659,2023-12-17,Billing,High,8.9,Resolved,5
TCK-005856,CUST-004659,2023-09-14,Login,High,14.7,Closed,4
TCK-005857,CUST-004661,2023-10-15,Technical,High,0.8,Closed,2
TCK-005858,CUST-004662,2023-12-07,Performance,Medium,7.0,Resolved,5
TCK-005859,CUST-004662,2024-10-13,Performance,Low,15.4,Closed,3
TCK-005860,CUST-004664,2023-11-24,Technical,High,25.4,Resolved,2
TCK-005861,CUST-004664,2024-11-16,Technical,Medium,17.7,Closed,1
TCK-005862,CUST-004666,2024-08-08,Technical,Medium,11.6,Pending,2
TCK-005863,CUST-004666,2024-06-17,Performance,Critical,89.8,Resolved,1
TCK-005864,CUST-004667,2023-10-02,Technical,High,0.5,Resolved,5
TCK-005865,CUST-004667,2023-07-14,Technical,Medium,1.7,Resolved,4
TCK-005866,CUST-004668,2024-09-25,Technical,Medium,9.0,Resolved,4
TCK-005867,CUST-004668,2024-10-10,Integration,Low,2.7,Closed,4
TCK-005868,CUST-004669,2024-06-02,Security,Medium,13.9,Resolved,1
TCK-005869,CUST-004670,2023-06-04,Performance,Medium,21.0,Resolved,1
TCK-005870,CUST-004670,2023-11-02,Integration,Medium,7.3,Pending,2
TCK-005871,CUST-004671,2024-06-25,Login,Medium,6.6,Closed,4
TCK-005872,CUST-004674,2024-07-31,Technical,Low,1.2,Closed,1
TCK-005873,CUST-004675,2024-04-09,Billing,Critical,36.3,Resolved,2
TCK-005874,CUST-004675,2024-05-04,Billing,Medium,5.9,Resolved,1
TCK-005875,CUST-004675,2024-04-25,Technical,Critical,5.3,Closed,1
TCK-005876,CUST-004675,2024-03-20,Technical,Low,14.1,Resolved,2
TCK-005877,CUST-004675,2024-04-17,Security,Medium,4.4,Resolved,3
TCK-005878,CUST-004675,2024-05-24,Technical,Low,5.6,Closed,3
TCK-005879,CUST-004676,2024-09-24,Feature Request,Critical,34.0,Resolved,4
TCK-005880,CUST-004678,2024-09-16,Technical,Medium,85.0,Resolved,1
TCK-005881,CUST-004679,2023-06-02,Billing,High,28.8,Resolved,3
TCK-005882,CUST-004680,2024-02-28,Performance,High,24.6,Pending,2
TCK-005883,CUST-004680,2024-05-30,Technical,Medium,8.0,Resolved,1
TCK-005884,CUST-004681,2024-06-18,Billing,High,8.1,Resolved,2
TCK-005885,CUST-004681,2024-05-19,Performance,Medium,8.6,Resolved,4
TCK-005886,CUST-004682,2023-10-24,Integration,Low,23.8,Resolved,3
TCK-005887,CUST-004683,2024-09-13,Security,Medium,1.5,Resolved,4
TCK-005888,CUST-004684,2023-06-18,Technical,High,1.8,Pending,2
TCK-005889,CUST-004684,2023-01-26,Performance,Medium,33.9,Resolved,4
TCK-005890,CUST-004685,2023-11-07,Integration,Low,14.3,Resolved,3
TCK-005891,CUST-004686,2022-11-08,Feature Request,Low,10.3,Resolved,3
TCK-005892,CUST-004686,2022-12-19,Technical,Medium,54.9,Resolved,3
TCK-005893,CUST-004688,2024-01-30,Integration,Medium,3.5,Closed,1
TCK-005894,CUST-004690,2023-05-30,Login,Low,2.7,Escalated,2
TCK-005895,CUST-004690,2023-02-10,Performance,Medium,9.3,Closed,1
TCK-005896,CUST-004690,2023-04-10,Performance,Medium,84.3,Resolved,1
TCK-005897,CUST-004691,2024-09-11,Billing,Low,31.5,Resolved,3
TCK-005898,CUST-004692,2024-04-22,Login,Medium,9.1,Resolved,3
TCK-005899,CUST-004692,2024-06-09,Login,Critical,3.1,Resolved,3
TCK-005900,CUST-004693,2024-08-21,Integration,High,12.0,Resolved,5
TCK-005901,CUST-004694,2023-01-12,Technical,Low,9.2,Closed,1
TCK-005902,CUST-004694,2023-04-16,Technical,Medium,27.2,Resolved,3
TCK-005903,CUST-004694,2022-12-20,Performance,Low,3.6,Escalated,2
TCK-005904,CUST-004694,2022-10-27,Technical,Medium,20.2,Resolved,2
TCK-005905,CUST-004695,2023-12-01,Technical,Medium,2.1,Resolved,5
TCK-005906,CUST-004697,2022-12-08,Login,Medium,7.7,Resolved,1
TCK-005907,CUST-004698,2024-06-07,Integration,High,14.4,Resolved,2
TCK-005908,CUST-004698,2024-06-03,Technical,Medium,3.5,Escalated,3
TCK-005909,CUST-004698,2024-06-03,Technical,High,6.9,Resolved,2
TCK-005910,CUST-004699,2024-05-08,Technical,High,1.1,Closed,4
TCK-005911,CUST-004699,2024-10-07,Integration,Low,1.6,Resolved,1
TCK-005912,CUST-004702,2023-04-17,Performance,High,24.5,Resolved,2
TCK-005913,CUST-004703,2023-02-03,Billing,Low,13.9,Resolved,2
TCK-005914,CUST-004703,2024-08-24,Integration,Medium,74.4,Closed,3
TCK-005915,CUST-004704,2022-02-04,Technical,Low,14.4,Closed,4
TCK-005916,CUST-004704,2023-03-22,Security,Low,1.6,Resolved,5
TCK-005917,CUST-004704,2022-04-11,Login,High,4.2,Closed,4
TCK-005918,CUST-004705,2024-11-04,Integration,Low,4.1,Resolved,2
TCK-005919,CUST-004706,15/05/2022,Login,Low,10.7,Resolved,1
TCK-005920,CUST-004706,2022-08-02,Technical,Low,70.0,Closed,3
TCK-005921,CUST-004706,17/09/2022,Performance,Low,24.7,Escalated,2
TCK-005922,CUST-004707,2024-04-23,Technical,High,27.9,Closed,4
TCK-005923,CUST-004708,2023-12-14,Billing,Medium,14.5,Resolved,1
TCK-005924,CUST-004710,2024-08-09,Integration,Medium,1.1,Closed,3
TCK-005925,CUST-004710,2023-11-18,Technical,Low,4.2,Closed,4
TCK-005926,CUST-004712,2024-08-31,Billing,Low,17.9,Closed,2
TCK-005927,CUST-004713,2024-04-13,Technical,Low,5.7,Resolved,4
TCK-005928,CUST-004714,2024-05-22,Integration,High,41.9,Resolved,5
TCK-005929,CUST-004714,2024-09-18,Login,Low,14.1,Closed,5
TCK-005930,CUST-004714,2024-10-02,Technical,High,75.7,Closed,2
TCK-005931,CUST-004716,2022-08-18,Login,Low,10.5,Resolved,4
TCK-005932,CUST-004718,2024-06-23,Billing,Low,17.2,Resolved,1
TCK-005933,CUST-004718,2024-08-03,Billing,Critical,16.5,Closed,5
TCK-005934,CUST-004718,2024-08-05,Technical,Medium,39.9,Escalated,1
TCK-005935,CUST-004719,2024-07-28,Performance,Medium,30.9,Resolved,5
TCK-005936,CUST-004719,2024-01-14,Technical,Critical,42.9,Resolved,5
TCK-005937,CUST-004722,2022-11-07,Performance,Low,10.8,Resolved,4
TCK-005938,CUST-004722,2022-10-08,Feature Request,High,16.5,Resolved,4
TCK-005939,CUST-004724,2024-03-29,Technical,High,8.5,Resolved,3
TCK-005940,CUST-004724,2023-02-21,Performance,Critical,5.8,Resolved,2
TCK-005941,CUST-004725,2023-01-29,Performance,Low,16.4,Closed,4
TCK-005942,CUST-004726,2023-02-07,Billing,Low,6.2,Escalated,1
TCK-005943,CUST-004727,2022-11-19,Feature Request,High,5.3,Pending,1
TCK-005944,CUST-004727,2023-01-01,Security,High,10.9,Resolved,2
TCK-005945,CUST-004729,2024-02-29,Performance,Medium,4.2,Closed,2
TCK-005946,CUST-004730,2023-11-08,Performance,Medium,16.6,Resolved,3
TCK-005947,CUST-004730,2024-06-13,Login,Low,6.9,Resolved,2
TCK-005948,CUST-004730,2024-08-26,Integration,High,3.3,Resolved,5
TCK-005949,CUST-004730,2022-09-30,Performance,Low,5.3,Resolved,2
TCK-005950,CUST-004731,2023-06-22,Billing,Low,3.7,Resolved,1
TCK-005951,CUST-004731,2023-04-21,Billing,Critical,4.5,Resolved,5
TCK-005952,CUST-004733,2023-02-18,Integration,Low,1.4,Closed,4
TCK-005953,CUST-004734,2024-06-03,Billing,High,23.6,Resolved,4
TCK-005954,CUST-004734,2024-08-25,Login,Low,20.7,Resolved,5
TCK-005955,CUST-004735,2022-06-29,Performance,Low,67.0,Resolved,4
TCK-005956,CUST-004736,2024-06-21,Login,Critical,79.8,Closed,4
TCK-005957,CUST-004737,2022-09-02,Technical,High,1.3,Resolved,4
TCK-005958,CUST-004737,2023-01-05,Technical,Low,37.0,Resolved,4
TCK-005959,CUST-004737,2022-12-28,Billing,Medium,1.6,Closed,5
TCK-005960,CUST-004739,2024-08-29,Billing,Medium,0.5,Resolved,3
TCK-005961,CUST-004740,2023-04-09,Integration,Medium,14.7,Closed,4
TCK-005962,CUST-004740,2023-08-23,Technical,Low,7.0,Resolved,5
TCK-005963,CUST-004742,2024-10-22,Login,High,50.7,Resolved,1
TCK-005964,CUST-004742,2023-08-27,Technical,Medium,7.0,Resolved,5
TCK-005965,CUST-004743,2022-09-15,Integration,High,1.0,Resolved,5
TCK-005966,CUST-004744,2024-01-24,Billing,Low,34.6,Resolved,1
TCK-005967,CUST-004744,2024-01-18,Billing,Low,35.8,Resolved,2
TCK-005968,CUST-004744,31/01/2024,Login,High,67.7,Closed,1
TCK-005969,CUST-004744,2024-01-22,Technical,High,27.4,Resolved,3
TCK-005970,CUST-004744,2024-01-23,Login,High,60.8,Closed,2
TCK-005971,CUST-004744,2024-01-19,Technical,High,27.0,Pending,1
TCK-005972,CUST-004744,2024-02-04,Login,Low,18.6,Resolved,3
TCK-005973,CUST-004745,2023-08-14,Billing,Medium,27.6,Resolved,5
TCK-005974,CUST-004745,2022-07-25,Login,Low,3.5,Closed,1
TCK-005975,CUST-004745,2022-04-10,Performance,Low,56.5,Closed,5
TCK-005976,CUST-004747,2023-09-12,Login,Low,10.0,Resolved,3
TCK-005977,CUST-004747,2023-04-27,Technical,Medium,7.0,Resolved,2
TCK-005978,CUST-004748,2023-11-01,Login,High,5.4,Resolved,4
TCK-005979,CUST-004749,2024-03-11,Login,Low,0.5,Resolved,1
TCK-005980,CUST-004750,2024-05-27,Billing,Low,23.4,Pending,1
TCK-005981,CUST-004750,2024-04-12,Feature Request,Medium,2.1,Resolved,1
TCK-005982,CUST-004750,2024-01-14,Billing,Critical,17.0,Closed,3
TCK-005983,CUST-004750,2023-12-26,Billing,Low,15.8,Pending,1
TCK-005984,CUST-004750,2024-07-09,Technical,Low,67.3,Closed,3
TCK-005985,CUST-004750,2024-05-25,Technical,Medium,18.5,Resolved,1
TCK-005986,CUST-004752,2023-06-09,Technical,High,33.0,Closed,5
TCK-005987,CUST-004753,2024-06-24,Integration,Low,19.5,Closed,5
TCK-005988,CUST-004754,2024-03-05,Login,High,125.7,Resolved,1
TCK-005989,CUST-004754,2023-09-27,Feature Request,Medium,2.4,Resolved,1
TCK-005990,CUST-004755,2024-03-14,Technical,Medium,7.0,Resolved,4
TCK-005991,CUST-004757,2024-02-14,Billing,Low,20.2,Resolved,5
TCK-005992,CUST-004758,2023-08-14,Performance,Low,8.1,Escalated,1
TCK-005993,CUST-004759,2023-08-19,Login,High,4.8,Resolved,3
TCK-005994,CUST-004759,2023-06-18,Login,Low,18.1,Pending,1
TCK-005995,CUST-004764,2024-08-17,Billing,Critical,33.9,Resolved,3
TCK-005996,CUST-004765,2024-08-27,Performance,High,19.5,Closed,4
TCK-005997,CUST-004766,2024-08-29,Technical,High,0.5,Resolved,4
TCK-005998,CUST-004766,2024-05-31,Integration,High,28.3,Resolved,2
TCK-005999,CUST-004767,2024-07-12,Technical,Medium,7.8,Pending,1
TCK-006000,CUST-004767,2024-07-30,Performance,Critical,100.5,Pending,1
TCK-006001,CUST-004769,2024-11-07,Billing,Medium,11.7,Resolved,4
TCK-006002,CUST-004771,2024-02-21,Login,Medium,1.1,Resolved,4
TCK-006003,CUST-004771,2023-12-31,Technical,Low,8.2,Resolved,4
TCK-006004,CUST-004771,2024-11-08,Performance,Medium,4.2,Resolved,4
TCK-006005,CUST-004772,2024-11-13,Integration,Low,3.8,Resolved,5
TCK-006006,CUST-004772,2024-10-21,Feature Request,Low,0.5,Closed,4
TCK-006007,CUST-004773,2022-11-23,Feature Request,Medium,24.9,Escalated,1
TCK-006008,CUST-004773,2023-04-08,Technical,Medium,18.3,Resolved,1
TCK-006009,CUST-004773,2022-07-09,Technical,High,55.6,Resolved,3
TCK-006010,CUST-004774,2023-06-05,Integration,Medium,13.7,Closed,3
TCK-006011,CUST-004774,2024-06-01,Security,Low,4.1,Resolved,3
TCK-006012,CUST-004774,06/10/2024,Login,Low,18.2,Closed,3
TCK-006013,CUST-004774,2024-07-13,Login,Low,9.1,Closed,4
TCK-006014,CUST-004775,2024-07-23,Technical,Medium,31.1,Resolved,5
TCK-006015,CUST-004776,2024-01-18,Integration,Medium,2.3,Escalated,1
TCK-006016,CUST-004776,2024-02-13,Performance,Medium,17.1,Escalated,2
TCK-006017,CUST-004778,2024-08-09,Security,Low,34.6,Pending,2
TCK-006018,CUST-004778,2024-05-22,Technical,Low,69.8,Closed,1
TCK-006019,CUST-004778,2024-04-14,Technical,High,116.4,Resolved,3
TCK-006020,CUST-004778,2024-04-30,Performance,Low,14.8,Resolved,3
TCK-006021,CUST-004778,2024-04-19,Technical,High,59.7,Resolved,1
TCK-006022,CUST-004778,2023-12-31,Security,High,126.1,Resolved,2
TCK-006023,CUST-004780,2024-11-14,Integration,Medium,17.5,Closed,1
TCK-006024,CUST-004780,2024-10-30,Technical,Medium,5.7,Resolved,5
TCK-006025,CUST-004781,2023-10-22,Technical,Medium,4.0,Resolved,3
TCK-006026,CUST-004783,2024-04-25,Technical,Critical,0.5,Resolved,5
TCK-006027,CUST-004784,2022-10-29,Billing,Medium,31.0,Resolved,5
TCK-006028,CUST-004784,2023-05-17,Technical,Medium,19.0,Closed,2
TCK-006029,CUST-004785,2024-02-15,Technical,Low,12.8,Closed,5
TCK-006030,CUST-004786,2023-12-06,Integration,Low,9.0,Resolved,3
TCK-006031,CUST-004786,2023-12-02,Login,Medium,4.8,Resolved,4
TCK-006032,CUST-004786,2023-11-26,Integration,Low,18.0,Escalated,1
TCK-006033,CUST-004787,07/01/2024,Billing,Medium,21.6,Closed,3
TCK-006034,CUST-004791,2024-04-15,Billing,Low,9.8,Pending,2
TCK-006035,CUST-004791,2024-03-12,Login,High,12.2,Closed,1
TCK-006036,CUST-004794,2023-07-01,Billing,High,3.9,Escalated,2
TCK-006037,CUST-004796,2023-07-16,Login,Low,36.9,Resolved,4
TCK-006038,CUST-004796,2023-05-27,Billing,Low,24.8,Closed,2
TCK-006039,CUST-004796,2023-06-28,Technical,Medium,17.6,Closed,4
TCK-006040,CUST-004798,2022-09-23,Feature Request,Medium,33.2,Resolved,2
TCK-006041,CUST-004798,2024-09-30,Feature Request,Medium,13.6,Resolved,3
TCK-006042,CUST-004798,2023-05-16,Performance,Medium,16.3,Resolved,4
TCK-006043,CUST-004798,2023-11-21,Performance,High,67.4,Resolved,4
TCK-006044,CUST-004798,2023-02-06,Billing,Low,11.4,Closed,4
TCK-006045,CUST-004801,2023-01-18,Technical,Medium,1.7,Closed,3
TCK-006046,CUST-004802,2022-06-09,Billing,Medium,11.0,Closed,1
TCK-006047,CUST-004802,2022-07-23,Integration,Low,19.6,Resolved,3
TCK-006048,CUST-004804,2024-07-27,Technical,High,6.1,Resolved,3
TCK-006049,CUST-004804,2024-11-18,Security,Low,9.7,Resolved,5
TCK-006050,CUST-004804,2024-09-12,Technical,Critical,49.2,Resolved,5
TCK-006051,CUST-004805,2024-11-28,Technical,Critical,11.6,Resolved,3
TCK-006052,CUST-004807,2022-11-27,Technical,Low,1.9,Pending,1
TCK-006053,CUST-004811,2023-12-31,Billing,Medium,7.7,Closed,2
TCK-006054,CUST-004811,2023-08-17,Technical,Medium,15.0,Pending,2
TCK-006055,CUST-004812,2024-10-11,Billing,Critical,11.7,Resolved,4
TCK-006056,CUST-004812,2023-11-06,Login,Medium,8.4,Resolved,4
TCK-006057,CUST-004812,2024-01-12,Login,Low,9.8,Closed,1
TCK-006058,CUST-004813,2024-01-09,Technical,High,3.2,Resolved,4
TCK-006059,CUST-004815,2022-08-24,Login,High,48.2,Closed,2
TCK-006060,CUST-004816,2023-11-23,Performance,Medium,19.1,Resolved,3
TCK-006061,CUST-004816,2023-08-28,Billing,Low,0.5,Closed,1
TCK-006062,CUST-004816,2023-12-26,Login,Critical,27.9,Closed,2
TCK-006063,CUST-004817,2024-12-14,Login,Medium,9.1,Closed,4
TCK-006064,CUST-004817,2023-07-14,Login,High,20.0,Resolved,5
TCK-006065,CUST-004818,2024-08-29,Technical,Low,12.8,Closed,2
TCK-006066,CUST-004819,2024-01-17,Technical,Medium,0.6,Resolved,4
TCK-006067,CUST-004819,2022-11-26,Security,Medium,7.4,Closed,5
TCK-006068,CUST-004819,02/10/2024,Technical,Low,30.2,Closed,4
TCK-006069,CUST-004819,22/05/2024,Billing,High,12.0,Closed,5
TCK-006070,CUST-004822,2023-05-28,Technical,High,5.8,Resolved,5
TCK-006071,CUST-004824,2024-06-08,Login,Critical,13.4,Resolved,4
TCK-006072,CUST-004824,2024-08-12,Login,Low,5.4,Resolved,3
TCK-006073,CUST-004825,2024-09-15,Billing,Critical,8.2,Resolved,5
TCK-006074,CUST-004826,2024-03-08,Billing,Medium,13.4,Resolved,2
TCK-006075,CUST-004827,2023-07-08,Billing,Low,0.5,Resolved,4
TCK-006076,CUST-004827,2023-11-26,Login,Medium,8.4,Resolved,5
TCK-006077,CUST-004827,2024-01-24,Integration,Low,43.0,Resolved,5
TCK-006078,CUST-004828,2023-02-18,Login,Low,2.0,Resolved,1
TCK-006079,CUST-004828,2024-10-01,Billing,Low,16.0,Resolved,4
TCK-006080,CUST-004830,2024-12-03,Integration,Medium,0.5,Resolved,4
TCK-006081,CUST-004830,2024-03-04,Feature Request,Low,23.5,Resolved,3
TCK-006082,CUST-004831,2023-12-30,Security,Low,6.3,Resolved,4
TCK-006083,CUST-004831,2023-12-17,Technical,Medium,0.5,Resolved,4
TCK-006084,CUST-004831,2024-08-04,Feature Request,Low,19.3,Resolved,4
TCK-006085,CUST-004833,2023-06-02,Login,High,4.8,Escalated,1
TCK-006086,CUST-004834,2023-01-26,Integration,High,46.4,Resolved,2
TCK-006087,CUST-004834,2023-01-18,Technical,Medium,23.9,Pending,1
TCK-006088,CUST-004835,2023-08-26,Feature Request,Medium,6.9,Pending,2
TCK-006089,CUST-004835,2023-08-29,Security,High,17.7,Resolved,2
TCK-006090,CUST-004835,2023-08-27,Billing,Medium,17.6,Pending,2
TCK-006091,CUST-004835,2023-09-12,Integration,Medium,58.0,Resolved,1
TCK-006092,CUST-004836,2022-12-16,Login,Low,7.2,Closed,5
TCK-006093,CUST-004837,2023-03-24,Integration,Medium,3.4,Closed,4
TCK-006094,CUST-004838,2023-12-17,Login,High,9.2,Closed,1
TCK-006095,CUST-004839,2023-05-19,Integration,Medium,0.5,Resolved,1
TCK-006096,CUST-004839,2023-06-15,Feature Request,Medium,49.7,Resolved,2
TCK-006097,CUST-004841,2024-05-30,Technical,Low,11.1,Closed,1
TCK-006098,CUST-004841,2024-05-10,Performance,Low,0.9,Escalated,2
TCK-006099,CUST-004841,2024-05-24,Technical,Low,30.1,Resolved,5
TCK-006100,CUST-004842,2023-09-01,Technical,High,2.8,Escalated,2
TCK-006101,CUST-004842,2023-08-31,Billing,Medium,18.3,Resolved,2
TCK-006102,CUST-004843,2024-03-22,Technical,Low,3.9,Closed,3
TCK-006103,CUST-004843,2024-03-18,Technical,Medium,33.3,Closed,4
TCK-006104,CUST-004843,2024-03-30,Technical,Low,1.5,Closed,2
TCK-006105,CUST-004843,2024-03-27,Technical,Medium,60.1,Closed,2
TCK-006106,CUST-004843,2024-03-28,Integration,Low,24.4,Resolved,1
TCK-006107,CUST-004844,2023-08-03,Billing,Medium,32.6,Closed,5
TCK-006108,CUST-004845,19/03/2024,Technical,Medium,13.7,Resolved,4
TCK-006109,CUST-004846,2023-02-11,Performance,Medium,15.8,Resolved,3
TCK-006110,CUST-004848,2024-03-07,Technical,Medium,5.0,Resolved,5
TCK-006111,CUST-004849,2024-06-27,Billing,High,13.8,Resolved,5
TCK-006112,CUST-004849,2022-11-08,Login,High,9.7,Resolved,4
TCK-006113,CUST-004850,2024-08-28,Security,Low,41.0,Resolved,5
TCK-006114,CUST-004850,2024-03-03,Integration,Medium,38.2,Resolved,2
TCK-006115,CUST-004852,2023-04-09,Login,High,97.4,Closed,5
TCK-006116,CUST-004852,2024-01-07,Login,Medium,10.2,Closed,5
TCK-006117,CUST-004855,2023-10-18,Billing,High,52.5,Pending,1
TCK-006118,CUST-004855,2023-10-10,Technical,High,5.8,Resolved,2
TCK-006119,CUST-004855,2023-10-15,Technical,High,160.6,Closed,3
TCK-006120,CUST-004856,2024-05-24,Billing,Medium,16.6,Resolved,4
TCK-006121,CUST-004856,2024-08-12,Billing,High,6.8,Resolved,3
TCK-006122,CUST-004858,2024-06-03,Integration,Low,2.6,Closed,5
TCK-006123,CUST-004860,2023-12-06,Login,Critical,9.3,Closed,1
TCK-006124,CUST-004861,2023-08-01,Security,Low,6.2,Closed,2
TCK-006125,CUST-004861,2023-09-09,Performance,High,108.9,Pending,2
TCK-006126,CUST-004861,2023-10-02,Login,Medium,18.6,Resolved,5
TCK-006127,CUST-004862,2024-08-11,Login,Critical,104.1,Closed,1
TCK-006128,CUST-004862,2024-07-30,Integration,Low,4.5,Pending,2
TCK-006129,CUST-004862,2024-03-15,Technical,Low,10.4,Resolved,1
TCK-006130,CUST-004864,2022-10-29,Billing,Low,0.5,Closed,5
TCK-006131,CUST-004864,2024-07-04,Technical,Medium,6.2,Resolved,4
TCK-006132,CUST-004864,2023-10-28,Login,Medium,15.9,Resolved,5
TCK-006133,CUST-004864,2024-05-03,Billing,High,25.8,Resolved,5
TCK-006134,CUST-004866,2023-01-10,Technical,High,4.2,Resolved,4
TCK-006135,CUST-004868,2022-03-13,Billing,High,5.4,Resolved,3
TCK-006136,CUST-004870,2024-09-23,Integration,Medium,2.1,Resolved,4
TCK-006137,CUST-004870,2023-12-13,Integration,High,9.6,Resolved,3
TCK-006138,CUST-004871,2024-02-23,Performance,Critical,12.7,Resolved,5
TCK-006139,CUST-004872,2022-08-06,Billing,High,23.1,Closed,4
TCK-006140,CUST-004873,2023-10-01,Performance,Medium,22.5,Closed,4
TCK-006141,CUST-004873,2024-09-25,Billing,High,10.8,Resolved,4
TCK-006142,CUST-004876,08/09/2023,Performance,High,4.8,Resolved,4
TCK-006143,CUST-004876,2024-04-24,Billing,High,20.8,Resolved,4
TCK-006144,CUST-004877,2024-08-07,Billing,High,8.4,Resolved,5
TCK-006145,CUST-004881,2024-10-21,Performance,Critical,53.4,Resolved,3
TCK-006146,CUST-004881,2024-08-01,Technical,Medium,2.9,Resolved,3
TCK-006147,CUST-004883,2024-02-23,Technical,Low,5.5,Resolved,2
TCK-006148,CUST-004884,2023-10-05,Billing,Low,21.8,Closed,1
TCK-006149,CUST-004884,2023-11-21,Billing,Medium,31.7,Resolved,2
TCK-006150,CUST-004884,2023-10-25,Integration,High,33.3,Closed,2
TCK-006151,CUST-004885,2023-06-01,Login,Low,9.1,Escalated,1
TCK-006152,CUST-004885,2023-05-06,Billing,High,46.9,Resolved,4
TCK-006153,CUST-004886,2023-10-13,Technical,Medium,16.5,Closed,1
TCK-006154,CUST-004886,2024-02-06,Login,Medium,2.2,Escalated,1
TCK-006155,CUST-004886,2024-01-11,Performance,Low,42.4,Resolved,1
TCK-006156,CUST-004886,2024-02-24,Billing,Low,29.9,Pending,1
TCK-006157,CUST-004888,2023-04-28,Login,Low,3.3,Resolved,1
TCK-006158,CUST-004888,2024-10-12,Billing,Medium,3.5,Closed,3
TCK-006159,CUST-004888,2024-01-03,Technical,High,6.5,Resolved,1
TCK-006160,CUST-004888,2023-03-30,Integration,Medium,8.7,Resolved,1
TCK-006161,CUST-004888,2023-12-01,Login,High,5.2,Closed,4
TCK-006162,CUST-004888,2023-05-10,Integration,Low,44.6,Resolved,4
TCK-006163,CUST-004889,2024-07-11,Security,Medium,48.9,Resolved,5
TCK-006164,CUST-004889,2024-07-13,Performance,Medium,16.4,Resolved,2
TCK-006165,CUST-004889,2024-07-01,Login,High,73.4,Resolved,1
TCK-006166,CUST-004889,2024-07-13,Login,High,43.0,Closed,2
TCK-006167,CUST-004889,2024-07-05,Feature Request,Medium,16.8,Resolved,3
TCK-006168,CUST-004889,2024-06-29,Login,Medium,56.7,Resolved,1
TCK-006169,CUST-004889,2024-07-03,Security,Medium,30.1,Escalated,1
TCK-006170,CUST-004890,29/12/2022,Billing,Low,0.5,Resolved,5
TCK-006171,CUST-004891,2023-10-03,Technical,Medium,66.2,Closed,2
TCK-006172,CUST-004891,2023-04-21,Login,Low,11.0,Escalated,1
TCK-006173,CUST-004892,2023-12-25,Security,Medium,47.7,Closed,2
TCK-006174,CUST-004892,2023-12-13,Technical,High,21.1,Closed,1
TCK-006175,CUST-004894,2024-08-10,Billing,Medium,9.5,Resolved,3
TCK-006176,CUST-004894,2024-02-15,Billing,Medium,24.7,Escalated,2
TCK-006177,CUST-004894,2024-06-28,Billing,Medium,12.4,Pending,1
TCK-006178,CUST-004895,2023-05-08,Billing,Critical,117.4,Closed,2
TCK-006179,CUST-004896,2024-09-02,Login,Low,27.5,Resolved,4
TCK-006180,CUST-004897,2023-10-27,Billing,Low,42.6,Resolved,2
TCK-006181,CUST-004897,2023-09-13,Integration,Low,1.4,Pending,2
TCK-006182,CUST-004899,2023-10-13,Integration,Low,5.9,Resolved,3
TCK-006183,CUST-004899,2024-06-30,Login,Low,24.0,Resolved,4
TCK-006184,CUST-004900,2024-10-01,Performance,Critical,13.2,Resolved,2
TCK-006185,CUST-004900,2024-11-06,Technical,High,4.5,Resolved,4
TCK-006186,CUST-004900,2024-10-30,Performance,Critical,71.6,Resolved,1
TCK-006187,CUST-004901,2023-12-06,Security,High,16.9,Resolved,3
TCK-006188,CUST-004902,2024-03-24,Billing,High,25.0,Closed,2
TCK-006189,CUST-004902,2023-10-08,Login,High,8.7,Closed,1
TCK-006190,CUST-004902,2024-07-30,Login,Low,26.8,Escalated,1
TCK-006191,CUST-004907,2024-04-29,Billing,Low,15.7,Resolved,2
TCK-006192,CUST-004907,2024-09-02,Billing,Critical,42.6,Resolved,3
TCK-006193,CUST-004907,2024-05-02,Technical,High,8.6,Closed,5
TCK-006194,CUST-004908,2024-04-21,Performance,Medium,13.4,Resolved,4
TCK-006195,CUST-004910,2024-07-10,Technical,Medium,8.2,Resolved,2
TCK-006196,CUST-004911,2023-03-27,Billing,Low,12.7,Closed,1
TCK-006197,CUST-004912,2024-07-18,Billing,Medium,35.5,Resolved,1
TCK-006198,CUST-004913,2024-03-02,Billing,Low,1.9,Resolved,3
TCK-006199,CUST-004914,2023-12-03,Integration,High,82.4,Closed,4
TCK-006200,CUST-004914,2024-10-09,Technical,Medium,23.7,Resolved,4
TCK-006201,CUST-004915,2024-06-28,Technical,Low,13.6,Resolved,5
TCK-006202,CUST-004916,2024-01-02,Technical,Medium,16.0,Escalated,1
TCK-006203,CUST-004916,2024-03-09,Billing,Low,11.1,Resolved,1
TCK-006204,CUST-004916,2023-12-18,Performance,Medium,44.8,Resolved,2
TCK-006205,CUST-004917,2024-11-10,Security,Low,6.6,Resolved,4
TCK-006206,CUST-004919,2024-10-05,Technical,Low,24.9,Closed,4
TCK-006207,CUST-004919,2024-02-21,Billing,Medium,1.6,Closed,3
TCK-006208,CUST-004921,2023-02-02,Billing,Medium,0.5,Closed,3
TCK-006209,CUST-004922,2024-08-21,Billing,High,40.3,Escalated,2
TCK-006210,CUST-004922,2024-05-10,Billing,Low,69.3,Escalated,3
TCK-006211,CUST-004923,2024-09-19,Feature Request,Medium,3.0,Resolved,3
TCK-006212,CUST-004924,2022-06-17,Security,Medium,33.0,Resolved,1
TCK-006213,CUST-004924,2022-09-11,Billing,Low,14.2,Resolved,3
TCK-006214,CUST-004924,2022-12-17,Technical,Medium,8.8,Resolved,3
TCK-006215,CUST-004924,2022-12-14,Integration,Low,7.9,Resolved,2
TCK-006216,CUST-004927,2024-01-01,Billing,Low,10.7,Resolved,2
TCK-006217,CUST-004929,2024-07-17,Login,High,87.8,Pending,2
TCK-006218,CUST-004929,2024-06-26,Billing,Low,40.2,Pending,2
TCK-006219,CUST-004930,2023-02-16,Technical,Low,3.2,Closed,1
TCK-006220,CUST-004930,2023-12-27,Performance,Medium,1.9,Resolved,3
TCK-006221,CUST-004930,2023-09-06,Login,Medium,3.7,Resolved,5
TCK-006222,CUST-004931,2024-12-03,Login,High,42.9,Resolved,1
TCK-006223,CUST-004932,2022-10-20,Performance,Low,17.2,Resolved,3
TCK-006224,CUST-004933,2024-07-13,Billing,Critical,65.5,Resolved,2
TCK-006225,CUST-004934,2022-10-26,Technical,Medium,11.8,Pending,2
TCK-006226,CUST-004934,2023-12-21,Security,Low,19.3,Pending,1
TCK-006227,CUST-004936,2024-03-16,Integration,Low,101.9,Pending,1
TCK-006228,CUST-004937,2024-09-10,Technical,Medium,39.1,Resolved,1
TCK-006229,CUST-004937,2024-07-09,Billing,Critical,17.2,Closed,2
TCK-006230,CUST-004937,2024-10-03,Login,Low,4.8,Escalated,1
TCK-006231,CUST-004938,2022-07-22,Technical,High,77.1,Resolved,3
TCK-006232,CUST-004938,2022-07-28,Feature Request,Low,30.8,Resolved,1
TCK-006233,CUST-004939,2024-08-29,Security,Low,2.6,Resolved,5
TCK-006234,CUST-004939,2024-06-18,Login,High,87.0,Resolved,4
TCK-006235,CUST-004940,2023-07-01,Billing,Medium,0.5,Resolved,5
TCK-006236,CUST-004941,2024-11-30,Billing,Low,0.5,Resolved,5
TCK-006237,CUST-004942,2022-08-14,Login,Critical,41.1,Resolved,1
TCK-006238,CUST-004943,2024-05-26,Technical,Medium,21.2,Resolved,2
TCK-006239,CUST-004943,2024-06-12,Performance,Medium,10.2,Closed,1
TCK-006240,CUST-004943,2024-04-22,Technical,Critical,29.3,Resolved,1
TCK-006241,CUST-004944,2024-11-29,Technical,Low,25.4,Resolved,4
TCK-006242,CUST-004944,2024-09-21,Billing,High,41.5,Closed,5
TCK-006243,CUST-004944,2024-03-11,Feature Request,Low,28.3,Resolved,5
TCK-006244,CUST-004945,2023-06-27,Technical,Medium,12.2,Resolved,2
TCK-006245,CUST-004945,2023-01-24,Technical,High,35.7,Closed,5
TCK-006246,CUST-004947,15/10/2022,Technical,Medium,0.7,Resolved,1
TCK-006247,CUST-004948,2023-03-31,Billing,Low,15.4,Resolved,5
TCK-006248,CUST-004948,2024-04-10,Integration,Low,30.1,Resolved,4
TCK-006249,CUST-004949,2023-04-24,Billing,Low,9.8,Resolved,5
TCK-006250,CUST-004949,2024-06-03,Performance,High,21.8,Closed,3
TCK-006251,CUST-004955,2023-08-25,Billing,Low,73.7,Resolved,4
TCK-006252,CUST-004958,2023-07-30,Feature Request,High,3.2,Resolved,1
TCK-006253,CUST-004958,2023-05-07,Login,Medium,6.7,Resolved,2
TCK-006254,CUST-004959,2024-11-27,Integration,Critical,30.3,Resolved,5
TCK-006255,CUST-004959,2024-06-01,Login,Low,22.1,Resolved,3
TCK-006256,CUST-004960,2022-03-07,Integration,Low,3.7,Resolved,5
TCK-006257,CUST-004961,2022-12-04,Billing,Low,41.8,Escalated,2
TCK-006258,CUST-004961,2022-07-02,Feature Request,Low,20.9,Resolved,3
TCK-006259,CUST-004963,2023-07-19,Feature Request,Medium,20.7,Resolved,4
TCK-006260,CUST-004963,2023-04-26,Login,Medium,28.0,Closed,4
TCK-006261,CUST-004963,2023-03-14,Security,Low,30.5,Resolved,1
TCK-006262,CUST-004964,2024-11-28,Feature Request,Medium,13.8,Resolved,5
TCK-006263,CUST-004966,2024-01-15,Technical,Medium,13.0,Closed,1
TCK-006264,CUST-004966,2024-01-07,Security,High,166.5,Escalated,3
TCK-006265,CUST-004966,2024-01-01,Performance,Medium,0.5,Resolved,2
TCK-006266,CUST-004968,2024-10-26,Billing,Low,7.7,Resolved,5
TCK-006267,CUST-004969,2024-11-26,Performance,Low,3.2,Resolved,3
TCK-006268,CUST-004970,2023-01-10,Technical,Medium,49.2,Closed,1
TCK-006269,CUST-004971,2024-08-20,Login,Medium,5.1,Resolved,3
TCK-006270,CUST-004971,2024-06-06,Technical,Medium,0.5,Resolved,2
TCK-006271,CUST-004972,2022-12-10,Integration,Critical,9.7,Resolved,2
TCK-006272,CUST-004972,2023-05-21,Security,Medium,9.7,Closed,4
TCK-006273,CUST-004972,2022-11-30,Billing,Low,23.8,Escalated,1
TCK-006274,CUST-004972,2023-03-24,Technical,High,5.8,Escalated,1
TCK-006275,CUST-004972,2024-05-30,Technical,Low,20.8,Escalated,2
TCK-006276,CUST-004972,2023-03-20,Integration,Medium,2.1,Resolved,5
TCK-006277,CUST-004973,2023-01-18,Billing,Medium,9.2,Resolved,5
TCK-006278,CUST-004973,2024-03-23,Performance,Medium,24.0,Resolved,5
TCK-006279,CUST-004976,2022-11-09,Technical,High,0.9,Closed,4
TCK-006280,CUST-004976,2022-12-18,Billing,Low,21.7,Resolved,5
TCK-006281,CUST-004978,2023-06-17,Performance,Low,0.6,Resolved,5
TCK-006282,CUST-004978,2023-07-24,Login,Low,35.0,Resolved,4
TCK-006283,CUST-004980,2024-10-17,Integration,Low,4.8,Resolved,5
TCK-006284,CUST-004981,2024-06-24,Billing,High,7.1,Resolved,2
TCK-006285,CUST-004981,2024-06-11,Performance,Medium,47.9,Resolved,3
TCK-006286,CUST-004983,2024-10-27,Login,High,58.0,Resolved,4
TCK-006287,CUST-004983,2024-07-30,Integration,Medium,3.9,Resolved,4
TCK-006288,CUST-004983,2024-11-29,Technical,Medium,13.6,Resolved,4
TCK-006289,CUST-004984,2023-12-16,Technical,Low,2.4,Closed,3
TCK-006290,CUST-004985,2023-11-26,Technical,High,1.1,Escalated,2
TCK-006291,CUST-004985,2023-11-09,Technical,High,25.9,Resolved,1
TCK-006292,CUST-004988,2023-03-09,Technical,Medium,1.0,Resolved,4
TCK-006293,CUST-004989,2024-05-09,Feature Request,Medium,24.2,Resolved,4
TCK-006294,CUST-004989,2023-10-24,Integration,High,22.3,Resolved,5
TCK-006295,CUST-004989,2024-09-14,Billing,Medium,15.7,Resolved,4
TCK-006296,CUST-004990,2023-07-26,Feature Request,Medium,7.7,Closed,4
TCK-006297,CUST-004991,2023-10-02,Technical,Low,5.4,Resolved,1
TCK-006298,CUST-004991,2023-09-07,Billing,Low,10.4,Pending,3
TCK-006299,CUST-004991,11/08/2023,Performance,High,33.8,Resolved,2
TCK-006300,CUST-004991,2023-05-30,Integration,High,46.2,Closed,1
TCK-006301,CUST-004991,2023-07-20,Integration,Medium,11.6,Closed,2
TCK-006302,CUST-004992,2024-04-25,Performance,Medium,5.6,Resolved,3
TCK-006303,CUST-004992,2024-11-07,Integration,Medium,18.8,Resolved,2
TCK-006304,CUST-004993,2024-11-28,Login,High,22.7,Resolved,3
TCK-006305,CUST-004993,2024-10-06,Login,Low,20.1,Resolved,4
TCK-006306,CUST-004995,2024-06-07,Technical,Medium,29.0,Resolved,4
TCK-006307,CUST-004996,2022-06-18,Technical,Low,12.1,Resolved,2
TCK-006308,CUST-004997,2024-10-02,Integration,Low,1.2,Resolved,4
TCK-006309,CUST-004999,2024-11-27,Billing,Medium,1.8,Resolved,2
TCK-006310,CUST-005001,2024-08-03,Billing,Medium,20.0,Closed,2
TCK-006311,CUST-005001,2024-10-17,Security,Low,2.1,Closed,5
TCK-006312,CUST-005001,2022-06-24,Integration,High,141.9,Closed,2
TCK-006313,CUST-005002,2022-10-22,Integration,Low,6.0,Resolved,2
TCK-006314,CUST-005002,2022-11-04,Integration,Low,31.3,Closed,1
TCK-006315,CUST-005002,2022-11-20,Login,Low,17.6,Resolved,1
TCK-006316,CUST-005002,2022-10-21,Technical,Low,38.0,Escalated,1
TCK-006317,CUST-005002,2022-11-14,Integration,Low,14.3,Escalated,1
TCK-006318,CUST-005003,2024-08-15,Technical,Critical,26.0,Resolved,4
TCK-006319,CUST-005003,2023-06-29,Login,Low,1.4,Resolved,3
TCK-006320,CUST-005003,2024-08-23,Technical,Medium,0.9,Resolved,4
TCK-006321,CUST-005004,2024-11-13,Integration,Medium,14.7,Resolved,2
TCK-006322,CUST-005005,2023-04-28,Billing,Low,21.5,Resolved,5
TCK-006323,CUST-005005,2023-11-01,Technical,High,58.1,Resolved,5
TCK-006324,CUST-005006,2023-03-26,Billing,Low,13.4,Escalated,1
TCK-006325,CUST-005006,2023-01-25,Technical,Medium,11.0,Escalated,2
TCK-006326,CUST-005010,2024-08-18,Technical,Medium,37.9,Resolved,3
TCK-006327,CUST-005010,2024-10-07,Technical,Low,19.4,Closed,1
TCK-006328,CUST-005011,2024-07-14,Integration,Medium,8.9,Resolved,5
TCK-006329,CUST-005011,2024-07-03,Billing,High,66.3,Resolved,4
TCK-006330,CUST-005011,2024-12-11,Technical,Medium,13.9,Closed,4
TCK-006331,CUST-005014,2024-05-20,Technical,Low,25.7,Resolved,2
TCK-006332,CUST-005014,2024-03-13,Billing,High,38.4,Escalated,1
TCK-006333,CUST-005014,2023-03-22,Performance,Medium,0.5,Closed,2
TCK-006334,CUST-005017,2022-06-19,Technical,Low,23.4,Resolved,1
TCK-006335,CUST-005017,2022-07-10,Integration,Medium,48.7,Escalated,2
TCK-006336,CUST-005017,2022-07-05,Performance,High,24.0,Resolved,3
TCK-006337,CUST-005018,2023-11-28,Technical,Medium,32.2,Closed,4
TCK-006338,CUST-005020,2024-09-24,Integration,Low,16.2,Resolved,4
TCK-006339,CUST-005021,2024-06-02,Login,Medium,3.3,Resolved,5
TCK-006340,CUST-005022,2024-03-21,Login,Low,0.5,Closed,1
TCK-006341,CUST-005022,2024-03-06,Login,Low,65.4,Closed,3
TCK-006342,CUST-005022,2024-05-25,Feature Request,Low,82.3,Closed,2
TCK-006343,CUST-005023,2024-07-03,Billing,Medium,18.4,Resolved,3
TCK-006344,CUST-005023,2024-06-05,Billing,Medium,12.7,Resolved,3
TCK-006345,CUST-005024,2022-09-02,Security,High,14.4,Resolved,5
TCK-006346,CUST-005024,2024-07-23,Technical,Low,11.1,Resolved,2
TCK-006347,CUST-005025,2022-08-23,Login,High,21.2,Closed,1
TCK-006348,CUST-005025,2022-08-19,Billing,Medium,49.8,Resolved,1
TCK-006349,CUST-005025,2022-10-13,Performance,Medium,33.7,Escalated,1
TCK-006350,CUST-005025,2022-10-27,Billing,Medium,32.5,Resolved,2
TCK-006351,CUST-005026,2024-08-15,Technical,Low,13.9,Resolved,3
TCK-006352,CUST-005026,2024-04-14,Integration,Low,1.1,Resolved,2
TCK-006353,CUST-005027,2024-05-25,Billing,High,25.9,Resolved,3
TCK-006354,CUST-005028,2024-03-27,Feature Request,Medium,13.8,Resolved,4
TCK-006355,CUST-005028,2023-06-23,Performance,Medium,10.8,Closed,4
TCK-006356,CUST-005030,2024-06-21,Technical,Low,2.9,Resolved,1
TCK-006357,CUST-005030,2024-07-27,Technical,Medium,23.2,Resolved,4
TCK-006358,CUST-005030,2024-07-06,Billing,Medium,24.0,Resolved,2
TCK-006359,CUST-005030,2024-06-21,Technical,Critical,8.4,Resolved,2
TCK-006360,CUST-005032,2024-03-20,Billing,Medium,30.7,Resolved,2
TCK-006361,CUST-005033,2024-07-18,Billing,Low,8.3,Resolved,3
TCK-006362,CUST-005033,2024-10-01,Technical,Low,8.2,Resolved,1
TCK-006363,CUST-005036,2024-06-13,Performance,Low,43.2,Pending,2
TCK-006364,CUST-005038,2022-08-05,Billing,Medium,5.0,Resolved,5
TCK-006365,CUST-005039,2024-09-28,Feature Request,High,17.0,Resolved,5
TCK-006366,CUST-005041,2023-01-14,Technical,Low,7.7,Closed,1
TCK-006367,CUST-005042,2024-07-01,Billing,Low,31.6,Resolved,4
TCK-006368,CUST-005043,2024-01-08,Technical,Medium,10.0,Resolved,4
TCK-006369,CUST-005045,2023-07-29,Performance,Medium,22.4,Closed,2
TCK-006370,CUST-005047,2023-08-25,Performance,Medium,41.5,Closed,3
TCK-006371,CUST-005048,2024-04-01,Billing,Medium,56.8,Resolved,1
TCK-006372,CUST-005050,2024-05-31,Login,Medium,1.0,Closed,5
TCK-006373,CUST-005051,2023-07-06,Performance,Medium,14.2,Resolved,1
TCK-006374,CUST-005052,2023-11-20,Technical,Medium,7.0,Pending,3
TCK-006375,CUST-005053,2024-02-01,Integration,Medium,52.6,Closed,3
TCK-006376,CUST-005053,2023-08-23,Billing,Medium,21.1,Resolved,4
TCK-006377,CUST-005055,2024-06-04,Billing,Medium,26.3,Resolved,3
TCK-006378,CUST-005056,2023-06-19,Security,High,0.5,Escalated,1
TCK-006379,CUST-005056,2023-06-09,Login,Medium,5.8,Resolved,2
TCK-006380,CUST-005057,2023-11-08,Performance,Low,2.0,Resolved,1
TCK-006381,CUST-005057,2023-08-19,Technical,Medium,1.5,Resolved,1
TCK-006382,CUST-005057,2023-07-18,Login,Medium,7.8,Escalated,2
TCK-006383,CUST-005059,2024-02-20,Login,Medium,13.1,Resolved,1
TCK-006384,CUST-005059,2024-04-25,Billing,Medium,37.5,Resolved,1
TCK-006385,CUST-005060,2024-10-11,Technical,High,26.6,Resolved,5
TCK-006386,CUST-005060,2024-05-27,Login,Medium,28.2,Resolved,4
TCK-006387,CUST-005061,28/05/2022,Performance,Low,7.0,Resolved,3
TCK-006388,CUST-005061,2024-04-17,Technical,Low,29.3,Escalated,1
TCK-006389,CUST-005062,2024-03-14,Billing,Medium,46.6,Resolved,4
TCK-006390,CUST-005063,2024-11-10,Billing,High,39.8,Resolved,2
TCK-006391,CUST-005063,2023-05-08,Billing,Low,4.4,Resolved,3
TCK-006392,CUST-005065,2023-09-08,Security,Medium,45.9,Resolved,5
TCK-006393,CUST-005065,2023-12-20,Login,High,22.0,Resolved,3
TCK-006394,CUST-005066,2024-12-16,Technical,High,27.6,Resolved,4
TCK-006395,CUST-005066,2024-12-06,Technical,Low,24.3,Resolved,1
TCK-006396,CUST-005067,2023-10-17,Billing,High,19.7,Resolved,3
TCK-006397,CUST-005068,2024-06-27,Performance,Low,10.7,Resolved,5
TCK-006398,CUST-005068,2024-02-17,Technical,Low,4.8,Resolved,4
TCK-006399,CUST-005068,2023-06-12,Technical,Medium,18.6,Closed,5
TCK-006400,CUST-005069,2022-11-27,Feature Request,Low,3.0,Resolved,4
TCK-006401,CUST-005070,2022-08-27,Billing,Medium,41.6,Pending,2
TCK-006402,CUST-005071,2024-03-13,Technical,Low,55.5,Resolved,1
TCK-006403,CUST-005071,2024-02-22,Technical,Medium,40.2,Escalated,3
TCK-006404,CUST-005071,2024-04-23,Technical,Medium,22.5,Resolved,2
TCK-006405,CUST-005073,2023-07-28,Login,High,101.7,Closed,5
TCK-006406,CUST-005073,2023-10-21,Billing,Critical,3.9,Closed,4
TCK-006407,CUST-005073,2024-08-12,Technical,Low,50.5,Resolved,4
TCK-006408,CUST-005073,2023-07-06,Feature Request,Medium,7.6,Closed,3
TCK-006409,CUST-005074,2024-06-28,Technical,Low,18.2,Resolved,3
TCK-006410,CUST-005075,2024-02-15,Performance,Low,1.8,Closed,4
TCK-006411,CUST-005075,2024-02-05,Login,High,1.4,Closed,3
TCK-006412,CUST-005076,2024-07-25,Feature Request,Critical,1.1,Closed,5
TCK-006413,CUST-005076,2023-04-14,Billing,Low,39.7,Resolved,4
TCK-006414,CUST-005077,2024-05-02,Technical,Critical,3.5,Resolved,5
TCK-006415,CUST-005077,2024-06-29,Login,Low,14.1,Resolved,5
TCK-006416,CUST-005077,2023-05-23,Security,Low,20.3,Resolved,2
TCK-006417,CUST-005079,2023-06-19,Technical,Low,1.3,Resolved,3
TCK-006418,CUST-005080,2023-12-19,Login,Critical,0.7,Closed,3
TCK-006419,CUST-005080,2024-05-22,Login,Low,35.1,Closed,1
TCK-006420,CUST-005080,2024-01-27,Technical,High,9.5,Closed,4
TCK-006421,CUST-005080,2023-08-31,Billing,Medium,36.5,Resolved,1
TCK-006422,CUST-005080,2023-11-28,Technical,Medium,0.8,Resolved,2
TCK-006423,CUST-005082,2024-12-03,Billing,Low,4.4,Resolved,5
TCK-006424,CUST-005083,2022-04-22,Feature Request,Low,41.9,Resolved,2
TCK-006425,CUST-005083,2022-03-24,Technical,High,15.9,Resolved,1
TCK-006426,CUST-005084,2024-07-31,Integration,High,18.4,Resolved,4
TCK-006427,CUST-005085,2023-09-03,Technical,Medium,15.4,Resolved,4
TCK-006428,CUST-005085,2024-02-15,Feature Request,Critical,11.7,Closed,3
TCK-006429,CUST-005086,2024-05-19,Feature Request,Medium,47.9,Resolved,3
TCK-006430,CUST-005087,2024-01-04,Technical,Low,41.7,Escalated,3
TCK-006431,CUST-005088,2024-07-29,Technical,High,29.9,Resolved,5
TCK-006432,CUST-005089,2022-07-25,Technical,Low,5.6,Closed,3
TCK-006433,CUST-005089,2023-03-26,Billing,High,39.2,Resolved,4
TCK-006434,CUST-005089,2024-07-21,Security,Medium,33.2,Resolved,2
TCK-006435,CUST-005091,2024-03-24,Performance,Medium,11.6,Closed,5
TCK-006436,CUST-005092,2023-07-14,Integration,Medium,10.6,Resolved,3
TCK-006437,CUST-005093,2023-06-17,Feature Request,High,41.4,Resolved,5
TCK-006438,CUST-005093,2023-11-18,Login,Low,43.8,Resolved,4
TCK-006439,CUST-005093,2023-06-23,Feature Request,Critical,83.1,Resolved,4
TCK-006440,CUST-005093,2024-11-24,Login,High,48.7,Resolved,2
TCK-006441,CUST-005094,2023-06-30,Login,High,56.8,Resolved,3
TCK-006442,CUST-005095,2022-12-23,Technical,Low,3.0,Resolved,1
TCK-006443,CUST-005095,2022-12-28,Login,Low,23.3,Pending,3
TCK-006444,CUST-005095,2022-12-21,Technical,High,35.6,Resolved,4
TCK-006445,CUST-005096,10/03/2024,Performance,Medium,9.9,Resolved,2
TCK-006446,CUST-005099,2024-02-24,Technical,Low,8.4,Resolved,4
TCK-006447,CUST-005099,2024-07-25,Technical,High,8.9,Pending,2
TCK-006448,CUST-005099,2023-11-30,Technical,Low,1.0,Escalated,1
TCK-006449,CUST-005101,2023-08-23,Login,Low,16.8,Closed,3
TCK-006450,CUST-005101,2023-10-12,Feature Request,Medium,6.3,Pending,1
TCK-006451,CUST-005104,2024-05-11,Performance,High,11.2,Resolved,4
TCK-006452,CUST-005104,2024-03-19,Technical,Medium,7.6,Closed,4
TCK-006453,CUST-005105,2023-04-03,Billing,Medium,39.2,Resolved,5
TCK-006454,CUST-005106,2024-05-11,Performance,Low,19.5,Resolved,3
TCK-006455,CUST-005109,2024-12-06,Technical,Medium,4.9,Closed,4
TCK-006456,CUST-005111,2024-10-26,Technical,Medium,15.1,Resolved,5
TCK-006457,CUST-005111,2024-07-19,Feature Request,Medium,0.5,Resolved,3
TCK-006458,CUST-005111,2024-09-27,Technical,Low,3.8,Resolved,5
TCK-006459,CUST-005111,2024-08-17,Billing,Low,22.7,Resolved,3
TCK-006460,CUST-005113,2024-06-29,Technical,Medium,12.3,Resolved,2
TCK-006461,CUST-005114,2024-03-17,Feature Request,Medium,23.2,Resolved,4
TCK-006462,CUST-005115,2022-09-09,Technical,High,39.6,Resolved,1
TCK-006463,CUST-005115,2022-08-06,Billing,High,33.0,Closed,5
TCK-006464,CUST-005115,2022-03-08,Billing,High,2.1,Resolved,2
TCK-006465,CUST-005115,2022-03-26,Performance,Low,33.9,Resolved,1
TCK-006466,CUST-005117,2024-09-01,Login,Low,5.5,Closed,3
TCK-006467,CUST-005117,2024-06-21,Technical,Low,6.7,Resolved,4
TCK-006468,CUST-005118,2024-05-01,Integration,Medium,0.5,Closed,4
TCK-006469,CUST-005119,2023-11-22,Technical,Medium,6.5,Resolved,3
TCK-006470,CUST-005120,2024-02-17,Technical,Low,83.0,Resolved,5
TCK-006471,CUST-005120,2024-01-04,Integration,Medium,17.6,Resolved,1
TCK-006472,CUST-005120,2022-09-22,Feature Request,Medium,3.8,Resolved,3
TCK-006473,CUST-005120,2024-01-29,Performance,Medium,46.5,Resolved,2
TCK-006474,CUST-005120,2023-05-29,Integration,Critical,5.9,Resolved,2
TCK-006475,CUST-005120,2022-07-20,Technical,High,3.0,Resolved,1
TCK-006476,CUST-005121,11/10/2023,Technical,High,55.2,Resolved,1
TCK-006477,CUST-005121,2024-02-16,Technical,Critical,64.7,Pending,1
TCK-006478,CUST-005124,2023-02-20,Integration,Low,65.7,Pending,1
TCK-006479,CUST-005125,2023-06-24,Technical,Low,37.3,Closed,4
TCK-006480,CUST-005126,2023-12-17,Integration,Medium,28.4,Resolved,2
TCK-006481,CUST-005127,2024-09-05,Technical,Medium,23.0,Closed,1
TCK-006482,CUST-005127,2024-03-05,Technical,Critical,112.5,Resolved,1
TCK-006483,CUST-005127,2024-01-31,Performance,Low,4.6,Resolved,3
TCK-006484,CUST-005128,2024-11-19,Technical,High,44.5,Closed,4
TCK-006485,CUST-005129,2022-12-12,Technical,Medium,19.2,Resolved,4
TCK-006486,CUST-005131,2023-10-27,Performance,Low,7.7,Resolved,3
TCK-006487,CUST-005131,2023-07-04,Technical,High,121.4,Resolved,2
TCK-006488,CUST-005132,2023-02-10,Technical,Medium,6.6,Resolved,3
TCK-006489,CUST-005132,2024-05-02,Technical,Low,23.0,Resolved,1
TCK-006490,CUST-005133,2022-07-21,Performance,Medium,21.6,Resolved,3
TCK-006491,CUST-005134,2024-10-24,Billing,Medium,8.0,Resolved,1
TCK-006492,CUST-005134,2024-02-12,Integration,Medium,99.6,Resolved,2
TCK-006493,CUST-005134,2024-08-14,Integration,Low,9.5,Resolved,1
TCK-006494,CUST-005136,2023-09-06,Performance,High,40.4,Resolved,5
TCK-006495,CUST-005137,2024-09-22,Performance,Medium,20.5,Resolved,1
TCK-006496,CUST-005137,2024-08-22,Security,Low,9.8,Closed,1
TCK-006497,CUST-005138,2024-01-30,Technical,Medium,14.9,Resolved,1
TCK-006498,CUST-005138,2023-03-06,Technical,Medium,57.7,Resolved,2
TCK-006499,CUST-005140,2023-08-29,Performance,Medium,15.8,Resolved,4
TCK-006500,CUST-005140,2022-12-28,Technical,Low,21.6,Resolved,2
TCK-006501,CUST-005142,2024-07-28,Performance,Medium,32.7,Resolved,5
TCK-006502,CUST-005143,2023-10-21,Technical,Low,1.5,Resolved,4
TCK-006503,CUST-005143,2024-08-27,Technical,Medium,52.4,Closed,4
TCK-006504,CUST-005144,2024-03-01,Performance,Low,0.5,Closed,3
TCK-006505,CUST-005144,2024-05-10,Security,Medium,54.2,Closed,3
TCK-006506,CUST-005144,2024-02-17,Login,Medium,13.8,Resolved,2
TCK-006507,CUST-005147,2024-07-28,Technical,Low,33.8,Pending,1
TCK-006508,CUST-005149,2023-12-28,Login,Low,7.8,Resolved,2
TCK-006509,CUST-005149,2023-10-24,Billing,Medium,44.5,Resolved,1
TCK-006510,CUST-005149,2024-02-04,Billing,High,5.0,Closed,2
TCK-006511,CUST-005150,2023-11-04,Technical,Medium,18.3,Resolved,3
TCK-006512,CUST-005150,2024-02-29,Technical,Low,7.6,Resolved,3
TCK-006513,CUST-005150,2023-10-04,Feature Request,High,13.0,Resolved,2
TCK-006514,CUST-005152,2023-05-02,Technical,Medium,45.1,Escalated,2
TCK-006515,CUST-005153,2023-04-17,Performance,Critical,26.5,Resolved,4
TCK-006516,CUST-005156,2024-06-22,Technical,Low,9.2,Resolved,4
TCK-006517,CUST-005157,2023-10-19,Technical,Medium,2.3,Resolved,3
TCK-006518,CUST-005158,2023-12-18,Login,Medium,0.6,Escalated,1
TCK-006519,CUST-005158,2024-09-19,Technical,Medium,3.2,Closed,5
TCK-006520,CUST-005160,2022-11-22,Integration,Medium,70.6,Resolved,3
TCK-006521,CUST-005160,2022-02-06,Integration,Medium,12.3,Closed,3
TCK-006522,CUST-005161,2024-09-22,Performance,Low,4.4,Resolved,3
TCK-006523,CUST-005163,2022-11-07,Login,Medium,1.6,Resolved,5
TCK-006524,CUST-005164,2023-12-06,Technical,Medium,39.6,Pending,1
TCK-006525,CUST-005165,2023-03-05,Login,Medium,7.1,Resolved,3
TCK-006526,CUST-005168,2024-09-28,Security,Low,0.8,Closed,4
TCK-006527,CUST-005171,2024-07-13,Technical,Low,13.1,Resolved,4
TCK-006528,CUST-005173,2024-11-21,Technical,High,50.7,Resolved,5
TCK-006529,CUST-005174,2024-08-14,Technical,Medium,3.7,Resolved,4
TCK-006530,CUST-005176,2023-08-12,Performance,High,2.0,Resolved,5
TCK-006531,CUST-005176,2023-12-18,Login,High,14.6,Closed,4
TCK-006532,CUST-005176,2023-07-29,Integration,Medium,15.7,Resolved,1
TCK-006533,CUST-005177,2024-07-10,Integration,High,53.9,Pending,2
TCK-006534,CUST-005178,2024-04-14,Billing,Medium,43.7,Closed,1
TCK-006535,CUST-005178,2024-05-23,Technical,Low,0.5,Resolved,2
TCK-006536,CUST-005178,2024-02-03,Performance,Medium,41.0,Resolved,1
TCK-006537,CUST-005179,2023-04-05,Billing,High,10.9,Resolved,3
TCK-006538,CUST-005180,2022-10-30,Feature Request,Low,16.1,Resolved,3
TCK-006539,CUST-005180,2022-10-25,Security,Medium,10.5,Resolved,4
TCK-006540,CUST-005181,2023-07-03,Feature Request,Medium,13.9,Resolved,2
TCK-006541,CUST-005181,2023-12-04,Performance,Medium,43.9,Closed,4
TCK-006542,CUST-005182,2024-03-04,Billing,Medium,1.9,Resolved,3
TCK-006543,CUST-005184,2022-06-30,Technical,Critical,46.1,Resolved,2
TCK-006544,CUST-005186,2024-04-17,Login,High,37.8,Resolved,5
TCK-006545,CUST-005187,2022-03-12,Technical,Medium,3.7,Escalated,3
TCK-006546,CUST-005187,2022-03-04,Technical,Low,24.8,Resolved,2
TCK-006547,CUST-005187,2022-03-01,Billing,Low,0.7,Resolved,1
TCK-006548,CUST-005188,2024-01-05,Integration,High,102.9,Resolved,2
TCK-006549,CUST-005188,2023-12-10,Billing,High,10.8,Resolved,3
TCK-006550,CUST-005190,2024-02-29,Login,Medium,6.2,Closed,4
TCK-006551,CUST-005191,2024-12-11,Performance,High,14.9,Resolved,2
TCK-006552,CUST-005191,2023-05-26,Technical,Medium,0.7,Closed,5
TCK-006553,CUST-005191,2024-04-12,Technical,Low,5.4,Resolved,4
TCK-006554,CUST-005193,2024-02-15,Technical,Medium,3.5,Closed,5
TCK-006555,CUST-005193,2022-11-04,Login,Medium,16.8,Resolved,4
TCK-006556,CUST-005193,2022-05-10,Performance,Medium,5.3,Resolved,3
TCK-006557,CUST-005194,2024-04-01,Login,High,17.6,Resolved,5
TCK-006558,CUST-005195,2024-03-28,Technical,Medium,39.6,Escalated,1
TCK-006559,CUST-005195,2023-06-06,Login,Low,5.4,Resolved,1
TCK-006560,CUST-005195,2023-12-27,Feature Request,Medium,17.8,Resolved,5
TCK-006561,CUST-005196,2022-04-19,Billing,Medium,32.1,Resolved,1
TCK-006562,CUST-005198,2023-05-26,Billing,High,13.6,Resolved,3
TCK-006563,CUST-005199,03/09/2023,Technical,Medium,40.9,Resolved,2
TCK-006564,CUST-005199,2023-09-07,Billing,Critical,24.6,Escalated,2
TCK-006565,CUST-005199,2023-09-09,Technical,High,10.3,Resolved,1
TCK-006566,CUST-005199,2023-09-07,Billing,Low,161.1,Resolved,1
TCK-006567,CUST-005199,2023-08-31,Performance,Medium,35.0,Resolved,3
TCK-006568,CUST-005202,2024-01-08,Billing,High,88.5,Closed,5
TCK-006569,CUST-005202,2024-06-19,Feature Request,Critical,5.8,Closed,4
TCK-006570,CUST-005204,2024-07-28,Billing,Critical,3.0,Resolved,3
TCK-006571,CUST-005204,2024-09-02,Billing,Low,36.8,Pending,1
TCK-006572,CUST-005205,2022-12-23,Billing,Low,21.8,Resolved,4
TCK-006573,CUST-005205,2024-01-26,Login,Low,26.5,Resolved,3
TCK-006574,CUST-005205,2023-02-03,Feature Request,Medium,36.0,Resolved,4
TCK-006575,CUST-005207,2023-10-23,Technical,Low,17.5,Escalated,1
TCK-006576,CUST-005210,2023-02-08,Technical,Low,13.8,Resolved,4
TCK-006577,CUST-005211,2024-05-29,Technical,Critical,39.2,Resolved,4
TCK-006578,CUST-005212,2022-05-26,Login,High,71.4,Resolved,2
TCK-006579,CUST-005212,2023-12-30,Technical,High,59.7,Resolved,1
TCK-006580,CUST-005213,2023-10-19,Technical,Low,23.4,Resolved,5
TCK-006581,CUST-005218,2023-04-09,Technical,Low,29.7,Resolved,2
TCK-006582,CUST-005219,10/01/2024,Billing,High,47.8,Resolved,4
TCK-006583,CUST-005220,2024-12-14,Billing,Low,22.5,Resolved,3
TCK-006584,CUST-005220,2024-06-04,Security,Critical,50.4,Resolved,4
TCK-006585,CUST-005221,2023-10-27,Technical,Medium,29.5,Resolved,1
TCK-006586,CUST-005224,2023-02-04,Technical,Critical,7.3,Closed,3
TCK-006587,CUST-005225,2024-01-28,Integration,Medium,18.5,Resolved,4
TCK-006588,CUST-005226,2024-06-27,Technical,Medium,30.9,Resolved,5
TCK-006589,CUST-005226,2022-12-28,Login,Medium,26.0,Closed,3
TCK-006590,CUST-005226,2023-11-04,Technical,Low,16.0,Resolved,5
TCK-006591,CUST-005227,2024-10-27,Technical,High,29.2,Closed,3
TCK-006592,CUST-005229,2024-05-03,Security,Medium,1.0,Closed,4
TCK-006593,CUST-005230,2024-07-13,Technical,Low,18.7,Resolved,1
TCK-006594,CUST-005230,2024-07-26,Technical,Medium,58.0,Escalated,1
TCK-006595,CUST-005232,2023-09-02,Login,Medium,52.9,Closed,2
TCK-006596,CUST-005232,2023-08-22,Billing,Low,4.2,Pending,1
TCK-006597,CUST-005233,2024-08-23,Technical,Low,1.8,Resolved,5
TCK-006598,CUST-005233,2024-03-01,Performance,High,15.4,Resolved,4
TCK-006599,CUST-005234,2024-07-03,Performance,High,36.5,Resolved,4
TCK-006600,CUST-005235,2024-09-01,Technical,High,24.6,Closed,3
TCK-006601,CUST-005235,2024-04-28,Technical,Medium,39.5,Escalated,3
TCK-006602,CUST-005235,2024-09-29,Login,Low,25.5,Pending,2
TCK-006603,CUST-005238,2023-07-25,Feature Request,Medium,4.8,Resolved,2
TCK-006604,CUST-005238,2023-09-10,Billing,Medium,3.9,Resolved,1
TCK-006605,CUST-005238,2023-08-06,Login,Low,0.8,Pending,2
TCK-006606,CUST-005239,2024-03-30,Performance,Medium,4.3,Resolved,3
TCK-006607,CUST-005242,2023-05-23,Technical,Critical,31.6,Resolved,1
TCK-006608,CUST-005243,2024-11-02,Technical,Low,7.0,Resolved,3
TCK-006609,CUST-005246,2024-07-25,Technical,Low,9.4,Closed,2
TCK-006610,CUST-005246,2024-08-06,Technical,Medium,11.8,Closed,4
TCK-006611,CUST-005247,26/09/2023,Login,Medium,3.8,Resolved,4
TCK-006612,CUST-005249,2023-08-09,Security,Low,12.3,Resolved,4
TCK-006613,CUST-005249,2023-02-27,Login,Medium,20.3,Closed,5
TCK-006614,CUST-005250,2023-02-02,Technical,Low,0.5,Closed,3
TCK-006615,CUST-005250,2024-09-18,Integration,High,18.0,Resolved,4
TCK-006616,CUST-005250,2023-06-08,Technical,High,39.3,Resolved,2
TCK-006617,CUST-005251,2022-06-01,Technical,High,13.6,Resolved,5
TCK-006618,CUST-005252,2024-05-30,Integration,High,68.5,Resolved,1
TCK-006619,CUST-005252,2023-10-04,Performance,High,4.0,Resolved,1
TCK-006620,CUST-005252,2024-11-08,Billing,Medium,8.2,Resolved,5
TCK-006621,CUST-005254,2022-11-05,Performance,Low,7.6,Resolved,5
TCK-006622,CUST-005257,2024-05-23,Performance,Medium,7.9,Closed,4
TCK-006623,CUST-005257,2024-04-04,Technical,Low,9.4,Resolved,2
TCK-006624,CUST-005258,2023-07-24,Billing,High,49.7,Closed,4
TCK-006625,CUST-005260,2022-08-09,Technical,High,30.8,Resolved,5
TCK-006626,CUST-005261,2023-10-26,Technical,Medium,14.6,Escalated,1
TCK-006627,CUST-005261,2024-11-21,Feature Request,Medium,15.9,Resolved,1
TCK-006628,CUST-005261,09/08/2024,Billing,Medium,142.5,Resolved,2
TCK-006629,CUST-005262,2024-09-09,Technical,Low,2.8,Resolved,3
TCK-006630,CUST-005264,2023-09-30,Security,Low,6.8,Resolved,1
TCK-006631,CUST-005265,2024-08-02,Billing,Medium,0.5,Resolved,5
TCK-006632,CUST-005266,2024-10-06,Login,Medium,6.1,Resolved,4
TCK-006633,CUST-005267,2023-05-02,Performance,Medium,36.1,Escalated,1
TCK-006634,CUST-005267,2023-10-02,Billing,Medium,25.1,Pending,1
TCK-006635,CUST-005268,2024-01-17,Technical,Low,6.2,Escalated,1
TCK-006636,CUST-005268,2024-01-07,Login,Critical,19.6,Resolved,2
TCK-006637,CUST-005268,2023-11-09,Login,Medium,7.4,Resolved,3
TCK-006638,CUST-005270,2024-06-03,Technical,Medium,12.0,Resolved,3
TCK-006639,CUST-005271,2024-01-07,Billing,High,31.3,Resolved,1
TCK-006640,CUST-005271,2023-12-29,Billing,Medium,15.7,Closed,3
TCK-006641,CUST-005272,2023-07-25,Login,High,4.1,Closed,5
TCK-006642,CUST-005273,2024-09-02,Technical,Medium,1.7,Resolved,4
TCK-006643,CUST-005274,2024-04-26,Performance,Medium,7.6,Resolved,5
TCK-006644,CUST-005275,2024-03-16,Performance,Low,2.7,Closed,5
TCK-006645,CUST-005276,2024-02-07,Feature Request,High,94.3,Resolved,1
TCK-006646,CUST-005277,07/10/2024,Login,Low,21.8,Closed,2
TCK-006647,CUST-005278,2024-09-17,Technical,Medium,2.6,Resolved,3
TCK-006648,CUST-005278,2024-08-22,Performance,Medium,26.2,Pending,1
TCK-006649,CUST-005278,2024-09-02,Technical,Medium,31.2,Resolved,1
TCK-006650,CUST-005278,2024-05-12,Technical,High,60.8,Resolved,1
TCK-006651,CUST-005278,06/05/2024,Login,Medium,54.7,Resolved,2
TCK-006652,CUST-005278,2024-07-28,Technical,Medium,7.2,Resolved,3
TCK-006653,CUST-005278,2024-05-19,Technical,Low,36.7,Resolved,5
TCK-006654,CUST-005279,2024-10-26,Integration,Medium,15.8,Closed,5
TCK-006655,CUST-005280,2024-05-16,Billing,Low,10.5,Closed,5
TCK-006656,CUST-005280,2024-05-16,Billing,High,160.6,Resolved,2
TCK-006657,CUST-005281,2024-04-16,Technical,Low,37.4,Resolved,2
TCK-006658,CUST-005282,2023-11-22,Performance,Low,0.7,Resolved,5
TCK-006659,CUST-005283,2024-03-15,Billing,Medium,16.6,Resolved,2
TCK-006660,CUST-005283,2024-03-20,Performance,Low,13.9,Resolved,1
TCK-006661,CUST-005283,2024-03-10,Billing,Low,19.1,Resolved,3
TCK-006662,CUST-005284,2023-06-19,Security,Medium,1.7,Resolved,3
TCK-006663,CUST-005286,2024-06-04,Technical,Medium,10.9,Resolved,4
TCK-006664,CUST-005291,2024-12-17,Technical,Medium,27.4,Pending,1
TCK-006665,CUST-005292,2024-09-21,Technical,Medium,14.8,Resolved,4
TCK-006666,CUST-005293,2023-10-14,Technical,High,13.1,Resolved,4
TCK-006667,CUST-005295,2023-07-08,Performance,Critical,12.8,Escalated,1
TCK-006668,CUST-005295,2023-08-09,Technical,Low,10.7,Resolved,5
TCK-006669,CUST-005295,2023-09-18,Integration,High,194.5,Escalated,1
TCK-006670,CUST-005296,2023-05-17,Login,Low,4.5,Resolved,3
TCK-006671,CUST-005296,16/05/2023,Integration,Low,16.3,Resolved,2
TCK-006672,CUST-005296,2023-03-19,Technical,Critical,11.6,Resolved,3
TCK-006673,CUST-005298,2024-06-05,Feature Request,Low,8.4,Escalated,2
TCK-006674,CUST-005298,2024-06-08,Security,Low,4.9,Escalated,3
TCK-006675,CUST-005299,2024-09-28,Technical,High,86.2,Resolved,4
TCK-006676,CUST-005300,2024-10-25,Performance,Medium,2.1,Resolved,3
TCK-006677,CUST-005301,2023-09-15,Login,Low,96.9,Resolved,3
TCK-006678,CUST-005303,2023-05-31,Billing,High,55.4,Escalated,1
TCK-006679,CUST-005303,2023-06-08,Technical,Critical,104.8,Resolved,2
TCK-006680,CUST-005305,2024-06-25,Technical,Medium,24.1,Resolved,4
TCK-006681,CUST-005305,2022-12-02,Billing,High,8.8,Closed,4
TCK-006682,CUST-005306,2024-02-19,Login,Low,1.5,Resolved,1
TCK-006683,CUST-005306,2023-12-21,Technical,Medium,18.3,Closed,4
TCK-006684,CUST-005306,2024-02-07,Performance,High,11.6,Escalated,1
TCK-006685,CUST-005308,2023-03-15,Integration,Medium,7.4,Resolved,5
TCK-006686,CUST-005309,2023-11-29,Technical,Low,3.4,Resolved,4
TCK-006687,CUST-005311,2022-10-02,Login,Critical,97.0,Resolved,5
TCK-006688,CUST-005313,2023-11-05,Login,Medium,10.4,Pending,1
TCK-006689,CUST-005314,2023-10-21,Billing,Medium,29.1,Resolved,3
TCK-006690,CUST-005314,2023-10-23,Login,High,49.6,Closed,5
TCK-006691,CUST-005315,2022-05-12,Billing,Medium,5.4,Resolved,5
TCK-006692,CUST-005316,2024-05-29,Feature Request,Medium,29.3,Closed,5
TCK-006693,CUST-005316,2024-08-14,Billing,Medium,13.8,Resolved,2
TCK-006694,CUST-005317,2023-07-29,Integration,Low,18.1,Resolved,4
TCK-006695,CUST-005318,2022-05-14,Billing,High,123.7,Pending,1
TCK-006696,CUST-005320,2024-11-14,Billing,Medium,2.9,Closed,4
TCK-006697,CUST-005321,2023-12-11,Technical,Low,1.2,Pending,2
TCK-006698,CUST-005321,2023-11-30,Integration,Low,17.1,Resolved,1
TCK-006699,CUST-005323,2024-09-27,Integration,Medium,17.2,Resolved,5
TCK-006700,CUST-005323,2023-09-27,Login,Low,11.1,Closed,2
TCK-006701,CUST-005323,2023-08-23,Performance,Low,33.6,Resolved,3
TCK-006702,CUST-005325,2024-07-31,Performance,Low,0.5,Resolved,3
TCK-006703,CUST-005325,2023-11-18,Performance,High,8.6,Resolved,3
TCK-006704,CUST-005325,2024-08-28,Technical,Medium,12.7,Closed,5
TCK-006705,CUST-005326,2024-01-21,Performance,Medium,21.4,Resolved,4
TCK-006706,CUST-005326,2024-02-16,Feature Request,Low,10.1,Closed,5
TCK-006707,CUST-005328,2024-08-21,Billing,Medium,1.2,Resolved,4
TCK-006708,CUST-005329,2024-04-19,Technical,Low,0.9,Resolved,4
TCK-006709,CUST-005329,2024-04-07,Login,Medium,0.6,Resolved,5
TCK-006710,CUST-005329,20/09/2024,Technical,Medium,14.3,Resolved,3
TCK-006711,CUST-005329,2024-07-26,Security,Low,46.3,Resolved,3
TCK-006712,CUST-005330,2024-09-17,Billing,Medium,17.4,Closed,3
TCK-006713,CUST-005331,2024-01-16,Technical,Low,7.7,Resolved,2
TCK-006714,CUST-005331,2024-04-22,Integration,Medium,6.9,Closed,3
TCK-006715,CUST-005334,2022-12-07,Technical,Low,101.0,Resolved,3
TCK-006716,CUST-005334,2022-12-13,Integration,Low,13.1,Pending,3
TCK-006717,CUST-005335,2024-07-10,Login,Medium,5.4,Closed,4
TCK-006718,CUST-005335,2024-08-16,Technical,Medium,38.3,Closed,4
TCK-006719,CUST-005335,2023-05-18,Billing,Medium,0.6,Resolved,5
TCK-006720,CUST-005336,2024-02-06,Feature Request,Medium,3.2,Closed,5
TCK-006721,CUST-005337,2024-04-14,Login,High,6.6,Closed,4
TCK-006722,CUST-005337,2024-10-29,Billing,Medium,14.5,Resolved,3
TCK-006723,CUST-005338,2024-10-08,Technical,High,9.1,Resolved,4
TCK-006724,CUST-005339,2024-12-19,Performance,Medium,41.7,Resolved,1
TCK-006725,CUST-005339,2024-08-21,Technical,Low,55.0,Escalated,3
TCK-006726,CUST-005340,2024-09-07,Technical,Medium,38.5,Resolved,4
TCK-006727,CUST-005340,2024-11-16,Technical,High,19.4,Resolved,4
TCK-006728,CUST-005341,2024-01-10,Performance,Medium,70.8,Resolved,3
TCK-006729,CUST-005342,2023-04-09,Login,Low,4.1,Closed,4
TCK-006730,CUST-005342,2023-02-24,Login,Low,27.2,Resolved,3
TCK-006731,CUST-005344,2024-08-12,Technical,High,25.6,Closed,3
TCK-006732,CUST-005344,2024-07-16,Technical,Medium,11.2,Resolved,1
TCK-006733,CUST-005344,2024-10-23,Technical,Medium,4.8,Resolved,4
TCK-006734,CUST-005345,2024-11-09,Performance,Medium,26.1,Resolved,5
TCK-006735,CUST-005346,2024-04-30,Technical,Low,2.8,Resolved,4
TCK-006736,CUST-005347,2022-06-24,Integration,Medium,46.8,Resolved,2
TCK-006737,CUST-005347,2022-07-19,Login,Low,7.0,Resolved,3
TCK-006738,CUST-005347,2022-07-12,Technical,Medium,4.5,Escalated,2
TCK-006739,CUST-005348,2024-02-08,Billing,High,37.2,Resolved,4
TCK-006740,CUST-005348,2024-07-22,Login,Medium,19.7,Resolved,4
TCK-006741,CUST-005348,2022-05-10,Billing,Medium,7.9,Resolved,5
TCK-006742,CUST-005349,2023-11-21,Performance,Medium,26.7,Pending,3
TCK-006743,CUST-005349,2024-02-14,Integration,High,43.7,Resolved,3
TCK-006744,CUST-005351,2024-07-05,Billing,Medium,39.3,Closed,2
TCK-006745,CUST-005354,2024-05-29,Billing,Low,1.1,Resolved,2
TCK-006746,CUST-005354,2024-08-25,Performance,Medium,0.5,Resolved,3
TCK-006747,CUST-005356,2024-01-28,Feature Request,Low,11.1,Escalated,1
TCK-006748,CUST-005356,2023-08-15,Performance,Low,6.9,Resolved,2
TCK-006749,CUST-005356,2023-06-03,Integration,Medium,20.2,Resolved,3
TCK-006750,CUST-005356,2023-04-23,Login,Medium,0.7,Pending,1
TCK-006751,CUST-005357,2024-11-21,Billing,Low,14.3,Resolved,3
TCK-006752,CUST-005358,2023-04-16,Technical,Low,20.6,Resolved,2
TCK-006753,CUST-005358,2023-07-03,Performance,Medium,24.0,Escalated,2
TCK-006754,CUST-005359,2024-09-15,Integration,Medium,21.9,Resolved,3
TCK-006755,CUST-005360,2022-06-09,Technical,High,27.9,Resolved,2
TCK-006756,CUST-005361,2023-09-19,Login,Low,26.6,Closed,1
TCK-006757,CUST-005362,2024-06-20,Performance,Medium,19.1,Resolved,4
TCK-006758,CUST-005365,2024-03-20,Technical,Medium,10.5,Resolved,4
TCK-006759,CUST-005366,2023-03-05,Technical,Critical,13.0,Closed,1
TCK-006760,CUST-005366,2023-05-30,Technical,Medium,0.5,Resolved,2
TCK-006761,CUST-005367,2024-07-30,Login,Low,32.3,Closed,3
TCK-006762,CUST-005367,2024-09-24,Billing,Medium,5.6,Closed,5
TCK-006763,CUST-005368,2024-09-20,Integration,Low,17.3,Closed,5
TCK-006764,CUST-005368,2024-08-18,Technical,Low,44.1,Resolved,4
TCK-006765,CUST-005369,2024-02-17,Integration,Medium,9.0,Resolved,4
TCK-006766,CUST-005373,2024-06-03,Login,Low,22.2,Resolved,4
TCK-006767,CUST-005373,2024-11-18,Login,Critical,32.4,Resolved,3
TCK-006768,CUST-005373,2023-12-22,Login,High,1.0,Resolved,4
TCK-006769,CUST-005374,2024-08-04,Performance,Medium,2.7,Resolved,2
TCK-006770,CUST-005375,2023-05-27,Login,Low,129.1,Resolved,3
TCK-006771,CUST-005375,2023-10-20,Technical,Medium,18.2,Resolved,2
TCK-006772,CUST-005375,2023-12-17,Billing,High,3.8,Resolved,2
TCK-006773,CUST-005377,2022-08-03,Billing,Medium,5.9,Closed,2
TCK-006774,CUST-005377,2022-08-02,Technical,Medium,7.9,Resolved,1
TCK-006775,CUST-005378,12/10/2023,Billing,Low,2.1,Resolved,4
TCK-006776,CUST-005378,2024-12-15,Feature Request,Low,2.1,Resolved,4
TCK-006777,CUST-005378,2023-05-31,Billing,High,27.5,Resolved,4
TCK-006778,CUST-005380,2024-08-11,Feature Request,Medium,4.0,Resolved,1
TCK-006779,CUST-005382,2024-03-30,Security,Medium,47.3,Resolved,5
TCK-006780,CUST-005384,2024-01-31,Login,Low,37.3,Resolved,2
TCK-006781,CUST-005386,2022-12-01,Billing,Low,0.5,Resolved,1
TCK-006782,CUST-005386,2023-01-26,Technical,Medium,47.2,Resolved,4
TCK-006783,CUST-005386,2023-04-09,Billing,Medium,47.5,Pending,1
TCK-006784,CUST-005386,2023-03-29,Performance,Medium,5.7,Pending,1
TCK-006785,CUST-005387,2023-09-25,Integration,Low,25.9,Resolved,4
TCK-006786,CUST-005392,2024-02-14,Technical,Medium,5.0,Resolved,3
TCK-006787,CUST-005392,03/12/2023,Billing,Medium,8.9,Resolved,2
TCK-006788,CUST-005392,2024-01-12,Technical,Medium,16.1,Pending,1
TCK-006789,CUST-005392,2024-01-03,Billing,Low,11.1,Closed,3
TCK-006790,CUST-005393,2024-10-08,Integration,Low,38.4,Resolved,3
TCK-006791,CUST-005393,2024-06-24,Billing,Medium,2.3,Resolved,3
TCK-006792,CUST-005394,2023-09-10,Integration,High,31.3,Resolved,4
TCK-006793,CUST-005395,2024-05-05,Technical,Medium,9.8,Resolved,4
TCK-006794,CUST-005397,2024-08-20,Performance,Medium,5.6,Resolved,5
TCK-006795,CUST-005399,2024-04-02,Security,Medium,0.5,Closed,5
TCK-006796,CUST-005399,2024-02-28,Technical,Medium,14.2,Resolved,3
TCK-006797,CUST-005400,2024-02-10,Technical,Medium,20.3,Resolved,1
TCK-006798,CUST-005401,2024-02-12,Technical,Low,17.1,Closed,4
TCK-006799,CUST-005401,2024-06-18,Billing,Low,9.0,Resolved,3
TCK-006800,CUST-005402,2024-01-28,Integration,Low,5.1,Resolved,4
TCK-006801,CUST-005404,2024-03-22,Login,Low,27.6,Resolved,5
TCK-006802,CUST-005406,2023-10-23,Technical,Medium,4.5,Resolved,2
TCK-006803,CUST-005407,2024-04-30,Technical,Medium,4.6,Resolved,1
TCK-006804,CUST-005407,2024-01-22,Technical,Medium,10.5,Resolved,5
TCK-006805,CUST-005410,2024-03-23,Performance,Low,3.1,Closed,4
TCK-006806,CUST-005411,2023-07-29,Login,Medium,28.8,Closed,5
TCK-006807,CUST-005415,2023-09-07,Security,Low,11.6,Resolved,5
TCK-006808,CUST-005421,2024-07-23,Login,High,11.9,Closed,1
TCK-006809,CUST-005421,2024-07-02,Technical,Medium,14.2,Closed,2
TCK-006810,CUST-005421,2024-06-24,Technical,Medium,87.7,Closed,2
TCK-006811,CUST-005423,2022-04-26,Technical,Low,8.9,Closed,5
TCK-006812,CUST-005426,2023-07-06,Billing,High,11.2,Resolved,3
TCK-006813,CUST-005426,2023-11-18,Billing,Low,34.3,Resolved,2
TCK-006814,CUST-005426,2023-08-03,Billing,Low,18.2,Pending,2
TCK-006815,CUST-005430,2023-08-23,Technical,Low,5.6,Pending,1
TCK-006816,CUST-005430,2023-09-11,Integration,Critical,30.8,Resolved,2
TCK-006817,CUST-005431,2024-08-02,Billing,Medium,3.2,Closed,2
TCK-006818,CUST-005432,2023-11-07,Login,High,3.2,Resolved,3
TCK-006819,CUST-005433,2023-12-04,Feature Request,High,1.0,Closed,1
TCK-006820,CUST-005434,2024-01-20,Login,Critical,10.2,Resolved,2
TCK-006821,CUST-005435,2023-10-25,Performance,Medium,20.8,Closed,2
TCK-006822,CUST-005437,2023-12-12,Technical,Medium,14.6,Resolved,5
TCK-006823,CUST-005437,2024-07-19,Technical,High,26.1,Resolved,5
TCK-006824,CUST-005437,2024-10-23,Billing,Low,7.2,Resolved,5
TCK-006825,CUST-005438,2023-07-02,Feature Request,Medium,19.0,Resolved,5
TCK-006826,CUST-005441,2024-08-11,Technical,Low,44.1,Closed,4
TCK-006827,CUST-005441,2024-12-14,Billing,Medium,27.0,Resolved,5
TCK-006828,CUST-005442,2022-12-24,Billing,Medium,1.7,Closed,2
TCK-006829,CUST-005443,2022-10-09,Technical,Medium,4.8,Escalated,1
TCK-006830,CUST-005443,2023-02-25,Billing,Medium,2.6,Resolved,3
TCK-006831,CUST-005444,2022-09-24,Billing,Low,3.0,Resolved,4
TCK-006832,CUST-005444,2024-07-24,Technical,Critical,6.6,Closed,4
TCK-006833,CUST-005444,2022-08-07,Login,Medium,73.2,Resolved,2
TCK-006834,CUST-005445,01/11/2024,Billing,Low,12.3,Closed,3
TCK-006835,CUST-005446,2024-04-23,Technical,Low,4.7,Resolved,5
TCK-006836,CUST-005448,2024-05-12,Billing,Low,5.6,Resolved,3
TCK-006837,CUST-005448,2023-04-10,Technical,Medium,5.3,Resolved,5
TCK-006838,CUST-005449,2023-07-31,Billing,Medium,14.5,Resolved,2
TCK-006839,CUST-005449,2024-05-28,Technical,Critical,58.6,Resolved,5
TCK-006840,CUST-005449,2023-05-30,Billing,Medium,4.4,Resolved,3
TCK-006841,CUST-005450,2024-09-21,Billing,Medium,17.7,Resolved,4
TCK-006842,CUST-005452,2024-04-18,Technical,Low,78.0,Resolved,4
TCK-006843,CUST-005453,2023-05-04,Technical,Low,6.0,Resolved,4
TCK-006844,CUST-005455,2023-09-13,Billing,High,2.6,Closed,3
TCK-006845,CUST-005455,2022-12-10,Performance,Low,33.5,Resolved,2
TCK-006846,CUST-005456,2024-09-03,Login,Medium,0.5,Closed,4
TCK-006847,CUST-005456,2024-07-11,Technical,Critical,6.7,Resolved,1
TCK-006848,CUST-005462,2023-10-04,Billing,Low,3.5,Resolved,3
TCK-006849,CUST-005463,2023-05-31,Performance,High,0.8,Closed,2
TCK-006850,CUST-005463,2023-05-11,Technical,Low,15.2,Resolved,2
TCK-006851,CUST-005463,2023-02-21,Login,Critical,4.4,Resolved,1
TCK-006852,CUST-005464,2023-10-31,Technical,Medium,4.6,Resolved,3
TCK-006853,CUST-005465,2022-09-18,Technical,Low,21.3,Resolved,5
TCK-006854,CUST-005467,2022-12-19,Performance,Medium,15.3,Closed,4
TCK-006855,CUST-005468,10/09/2024,Technical,Medium,20.0,Closed,4
TCK-006856,CUST-005468,2023-09-30,Login,Medium,1.7,Resolved,3
TCK-006857,CUST-005469,2024-10-14,Performance,Low,3.2,Closed,3
TCK-006858,CUST-005471,2024-08-24,Login,Medium,9.0,Closed,4
TCK-006859,CUST-005471,2024-05-01,Technical,Medium,6.0,Resolved,3
TCK-006860,CUST-005472,2023-01-03,Technical,Low,45.0,Resolved,3
TCK-006861,CUST-005473,2024-07-15,Technical,Medium,5.2,Pending,2
TCK-006862,CUST-005475,2024-05-12,Integration,Medium,1.4,Resolved,5
TCK-006863,CUST-005476,2024-07-05,Billing,Medium,2.5,Resolved,4
TCK-006864,CUST-005476,2024-09-14,Billing,Low,14.1,Resolved,5
TCK-006865,CUST-005477,2024-04-20,Billing,Medium,7.9,Resolved,2
TCK-006866,CUST-005477,2024-05-04,Login,Medium,40.8,Resolved,4
TCK-006867,CUST-005477,2024-01-17,Performance,High,8.3,Resolved,2
TCK-006868,CUST-005478,2024-05-15,Security,Low,3.9,Resolved,2
TCK-006869,CUST-005478,2022-11-19,Billing,Medium,4.3,Closed,4
TCK-006870,CUST-005481,2023-03-20,Integration,Medium,20.8,Closed,3
TCK-006871,CUST-005482,02/05/2024,Technical,Low,1.1,Closed,2
TCK-006872,CUST-005484,2024-03-24,Billing,Medium,10.0,Resolved,2
TCK-006873,CUST-005484,2024-05-08,Billing,Medium,22.1,Pending,1
TCK-006874,CUST-005485,2023-01-23,Login,High,77.5,Resolved,3
TCK-006875,CUST-005486,2023-06-02,Login,Low,15.4,Resolved,4
TCK-006876,CUST-005487,2022-09-15,Technical,Low,4.3,Resolved,1
TCK-006877,CUST-005488,2024-09-20,Billing,Medium,1.1,Resolved,1
TCK-006878,CUST-005488,2024-09-16,Technical,Medium,16.5,Closed,3
TCK-006879,CUST-005489,2024-08-03,Technical,Medium,1.8,Resolved,5
TCK-006880,CUST-005489,2024-05-29,Login,Medium,0.9,Closed,4
TCK-006881,CUST-005489,2024-08-09,Billing,Medium,2.8,Resolved,2
TCK-006882,CUST-005490,2024-07-30,Feature Request,Low,41.2,Closed,4
TCK-006883,CUST-005490,2024-10-25,Billing,Medium,22.1,Closed,4
TCK-006884,CUST-005490,2024-06-30,Billing,High,12.3,Closed,1
TCK-006885,CUST-005490,2024-07-01,Login,High,66.3,Resolved,4
TCK-006886,CUST-005491,2022-12-11,Integration,Medium,5.4,Resolved,2
TCK-006887,CUST-005491,2023-10-29,Billing,Low,36.9,Resolved,4
TCK-006888,CUST-005492,2023-02-03,Technical,Low,1.3,Resolved,2
TCK-006889,CUST-005492,2022-10-31,Technical,Critical,2.0,Pending,2
TCK-006890,CUST-005492,2023-03-23,Billing,Medium,3.3,Escalated,2
TCK-006891,CUST-005492,04/03/2023,Technical,Low,20.8,Resolved,2
TCK-006892,CUST-005493,2024-06-18,Login,Medium,7.0,Resolved,4
TCK-006893,CUST-005495,2023-08-24,Performance,Medium,13.8,Resolved,5
TCK-006894,CUST-005497,2024-01-02,Billing,Low,45.7,Pending,1
TCK-006895,CUST-005497,2024-02-07,Feature Request,High,10.1,Closed,1
TCK-006896,CUST-005497,2024-01-15,Performance,Medium,2.7,Escalated,1
TCK-006897,CUST-005498,2022-10-03,Performance,High,8.0,Closed,1
TCK-006898,CUST-005498,11/10/2022,Billing,High,16.9,Pending,1
TCK-006899,CUST-005500,2022-01-22,Performance,Low,8.1,Resolved,4
TCK-006900,CUST-005500,2022-07-15,Technical,Low,28.2,Resolved,4
TCK-006901,CUST-005500,2022-05-30,Billing,Critical,84.4,Resolved,1
TCK-006902,CUST-005502,2023-12-31,Performance,Medium,1.6,Resolved,4
TCK-006903,CUST-005504,2023-01-24,Billing,Low,3.1,Resolved,2
TCK-006904,CUST-005504,2023-01-30,Billing,Critical,109.2,Escalated,1
TCK-006905,CUST-005505,2022-10-03,Billing,Medium,31.4,Closed,2
TCK-006906,CUST-005506,2023-09-26,Billing,Low,3.3,Resolved,5
TCK-006907,CUST-005506,2023-09-10,Login,Medium,44.5,Resolved,4
TCK-006908,CUST-005507,2022-10-31,Performance,Medium,53.9,Resolved,2
TCK-006909,CUST-005507,2022-09-22,Login,Low,3.1,Closed,3
TCK-006910,CUST-005508,2023-08-27,Technical,Medium,28.0,Escalated,1
TCK-006911,CUST-005508,2023-06-30,Technical,Medium,0.9,Resolved,3
TCK-006912,CUST-005509,2023-02-02,Billing,Medium,19.3,Resolved,2
TCK-006913,CUST-005509,2022-09-21,Login,Medium,12.3,Escalated,2
TCK-006914,CUST-005511,2024-10-12,Technical,Low,31.6,Closed,3
TCK-006915,CUST-005511,2023-05-10,Technical,Low,27.1,Resolved,4
TCK-006916,CUST-005512,2024-05-18,Technical,Medium,2.9,Resolved,2
TCK-006917,CUST-005512,2024-05-13,Integration,High,10.3,Resolved,3
TCK-006918,CUST-005515,2023-12-23,Technical,Low,35.5,Resolved,5
TCK-006919,CUST-005516,2024-07-22,Login,Medium,33.6,Resolved,5
TCK-006920,CUST-005518,2024-05-14,Performance,High,7.5,Closed,4
TCK-006921,CUST-005519,2024-04-22,Performance,Medium,24.9,Resolved,2
TCK-006922,CUST-005519,2024-05-08,Billing,Low,58.6,Resolved,3
TCK-006923,CUST-005519,2024-05-02,Technical,High,6.7,Pending,3
TCK-006924,CUST-005521,2022-05-15,Technical,Low,41.2,Resolved,5
TCK-006925,CUST-005523,2024-10-03,Billing,Low,12.7,Resolved,5
TCK-006926,CUST-005524,2024-07-14,Billing,Medium,8.8,Closed,2
TCK-006927,CUST-005524,2024-06-26,Technical,Medium,3.8,Resolved,2
TCK-006928,CUST-005525,2022-10-14,Billing,Medium,42.9,Resolved,3
TCK-006929,CUST-005525,2022-10-04,Billing,Low,2.2,Pending,1
TCK-006930,CUST-005525,2022-12-16,Feature Request,Low,124.5,Escalated,1
TCK-006931,CUST-005526,2024-06-13,Performance,Low,19.0,Closed,5
TCK-006932,CUST-005529,2024-11-17,Performance,Low,51.6,Resolved,3
TCK-006933,CUST-005530,2023-09-26,Technical,Low,27.6,Resolved,1
TCK-006934,CUST-005533,2023-06-25,Performance,Medium,6.9,Pending,2
TCK-006935,CUST-005533,2023-08-24,Billing,Medium,14.1,Pending,1
TCK-006936,CUST-005534,2023-01-03,Billing,Medium,4.0,Resolved,1
TCK-006937,CUST-005534,2023-02-19,Billing,Low,1.0,Resolved,1
TCK-006938,CUST-005535,2022-12-18,Billing,Medium,6.0,Resolved,5
TCK-006939,CUST-005535,2024-09-22,Billing,Low,10.2,Closed,5
TCK-006940,CUST-005535,2023-07-23,Integration,Medium,5.3,Resolved,1
TCK-006941,CUST-005536,2022-08-06,Integration,Medium,62.7,Resolved,3
TCK-006942,CUST-005537,2023-10-06,Performance,Medium,6.1,Resolved,2
TCK-006943,CUST-005537,2023-11-23,Billing,Low,24.3,Closed,2
TCK-006944,CUST-005538,2024-11-08,Billing,Low,40.6,Resolved,5
TCK-006945,CUST-005538,2024-03-06,Feature Request,Low,24.5,Resolved,3
TCK-006946,CUST-005540,2024-07-26,Technical,Low,32.8,Resolved,2
TCK-006947,CUST-005540,2024-08-18,Feature Request,Critical,108.2,Pending,2
TCK-006948,CUST-005540,2024-09-06,Billing,High,42.5,Pending,2
TCK-006949,CUST-005541,2024-05-09,Technical,Low,4.3,Resolved,2
TCK-006950,CUST-005541,2024-09-04,Integration,Low,0.5,Resolved,3
TCK-006951,CUST-005541,2024-03-04,Login,Low,31.5,Closed,1
TCK-006952,CUST-005542,2024-11-01,Performance,High,44.1,Closed,5
TCK-006953,CUST-005544,2023-08-28,Billing,Medium,9.1,Escalated,3
TCK-006954,CUST-005545,2024-06-16,Technical,High,6.6,Pending,1
TCK-006955,CUST-005545,2024-09-10,Billing,Medium,31.4,Resolved,2
TCK-006956,CUST-005545,2024-12-15,Technical,Medium,0.5,Pending,1
TCK-006957,CUST-005545,2024-06-21,Performance,Medium,5.4,Closed,2
TCK-006958,CUST-005546,2022-11-14,Technical,Low,63.4,Resolved,3
TCK-006959,CUST-005548,2024-11-20,Feature Request,High,1.4,Resolved,5
TCK-006960,CUST-005548,2024-01-18,Integration,Medium,3.4,Resolved,5
TCK-006961,CUST-005549,2024-10-09,Performance,Medium,1.4,Resolved,4
TCK-006962,CUST-005549,2024-07-25,Performance,Medium,76.6,Resolved,5
TCK-006963,CUST-005551,2024-12-14,Login,Medium,35.3,Resolved,4
TCK-006964,CUST-005552,2022-11-13,Technical,Low,13.6,Resolved,4
TCK-006965,CUST-005553,2023-01-18,Login,Low,5.1,Resolved,4
TCK-006966,CUST-005553,2022-11-22,Login,Medium,0.5,Resolved,4
TCK-006967,CUST-005555,2024-01-10,Integration,Medium,5.1,Closed,4
TCK-006968,CUST-005555,2024-06-16,Technical,High,35.0,Resolved,2
TCK-006969,CUST-005555,2024-04-23,Performance,Low,3.1,Resolved,1
TCK-006970,CUST-005556,2023-12-27,Login,High,6.9,Resolved,2
TCK-006971,CUST-005558,2022-11-28,Technical,Low,13.0,Resolved,2
TCK-006972,CUST-005558,2022-10-30,Technical,High,5.4,Resolved,1
TCK-006973,CUST-005562,2023-07-10,Technical,Low,6.6,Resolved,1
TCK-006974,CUST-005562,2023-09-28,Feature Request,High,27.6,Resolved,2
TCK-006975,CUST-005562,2023-07-26,Performance,Medium,30.0,Resolved,1
TCK-006976,CUST-005562,2023-10-11,Billing,High,63.4,Resolved,3
TCK-006977,CUST-005563,2023-02-19,Technical,Medium,3.0,Resolved,3
TCK-006978,CUST-005564,2023-07-04,Technical,Low,17.6,Resolved,4
TCK-006979,CUST-005567,2023-10-29,Billing,Medium,0.8,Resolved,3
TCK-006980,CUST-005567,2023-11-23,Technical,High,20.7,Resolved,3
TCK-006981,CUST-005568,2022-06-02,Technical,Low,29.5,Escalated,1
TCK-006982,CUST-005568,2022-11-23,Technical,Low,17.9,Escalated,2
TCK-006983,CUST-005568,2023-02-12,Billing,Medium,0.6,Closed,1
TCK-006984,CUST-005568,2023-04-25,Billing,Low,66.3,Resolved,4
TCK-006985,CUST-005572,2024-08-09,Login,Medium,1.3,Resolved,3
TCK-006986,CUST-005572,2023-06-25,Technical,Medium,2.4,Resolved,5
TCK-006987,CUST-005573,2024-06-24,Login,Low,16.8,Closed,3
TCK-006988,CUST-005574,2022-04-29,Billing,Medium,32.0,Closed,3
TCK-006989,CUST-005577,2024-04-19,Integration,Low,2.3,Resolved,3
TCK-006990,CUST-005579,2024-07-10,Technical,Medium,3.8,Resolved,4
TCK-006991,CUST-005579,2024-03-23,Login,High,20.5,Resolved,5
TCK-006992,CUST-005580,2024-11-26,Technical,High,1.2,Resolved,3
TCK-006993,CUST-005581,2024-09-24,Technical,Medium,3.8,Closed,1
TCK-006994,CUST-005581,2024-02-06,Technical,Medium,1.9,Resolved,2
TCK-006995,CUST-005582,2024-09-24,Performance,Low,12.7,Resolved,4
TCK-006996,CUST-005583,2024-11-18,Feature Request,Medium,18.5,Resolved,2
TCK-006997,CUST-005584,2023-02-12,Technical,High,20.5,Resolved,3
TCK-006998,CUST-005585,2023-05-28,Technical,Low,16.5,Closed,5
TCK-006999,CUST-005587,2024-02-21,Login,Critical,98.7,Pending,2
TCK-007000,CUST-005587,2024-04-04,Performance,Low,65.2,Resolved,1
TCK-007001,CUST-005589,2024-11-05,Technical,Low,3.7,Resolved,5
TCK-007002,CUST-005589,2024-12-07,Login,Medium,11.8,Resolved,5
TCK-007003,CUST-005591,2024-11-14,Billing,Low,8.2,Resolved,5
TCK-007004,CUST-005592,2024-03-04,Feature Request,Critical,15.8,Resolved,2
TCK-007005,CUST-005592,2023-10-16,Technical,Low,16.6,Resolved,1
TCK-007006,CUST-005592,2023-11-26,Billing,High,58.9,Pending,2
TCK-007007,CUST-005592,2023-07-29,Performance,Medium,16.7,Closed,3
TCK-007008,CUST-005596,2024-01-01,Technical,Low,2.3,Resolved,4
TCK-007009,CUST-005596,2022-11-14,Login,High,8.3,Resolved,2
TCK-007010,CUST-005597,2022-05-15,Billing,Medium,3.5,Escalated,1
TCK-007011,CUST-005597,2023-08-24,Billing,Medium,18.9,Closed,3
TCK-007012,CUST-005598,2024-01-25,Security,Medium,5.0,Closed,3
TCK-007013,CUST-005598,2024-02-18,Technical,Medium,18.3,Resolved,3
TCK-007014,CUST-005598,2024-03-20,Technical,Medium,3.1,Closed,2
TCK-007015,CUST-005599,2024-07-23,Technical,Low,16.7,Resolved,4
TCK-007016,CUST-005599,2024-09-10,Login,Low,2.7,Resolved,5
TCK-007017,CUST-005600,2024-11-30,Technical,High,27.6,Escalated,2
TCK-007018,CUST-005601,2023-10-18,Integration,Medium,0.5,Resolved,1
TCK-007019,CUST-005603,2023-11-19,Login,High,18.0,Escalated,1
TCK-007020,CUST-005603,2024-01-06,Security,Medium,6.6,Resolved,2
TCK-007021,CUST-005603,2023-09-25,Integration,Medium,66.6,Resolved,2
TCK-007022,CUST-005605,2022-02-15,Integration,Low,9.9,Resolved,5
TCK-007023,CUST-005605,2023-02-09,Billing,Low,2.8,Resolved,3
TCK-007024,CUST-005606,2023-12-25,Login,Medium,16.8,Closed,4
TCK-007025,CUST-005606,2024-02-01,Billing,Low,83.7,Resolved,2
TCK-007026,CUST-005607,2023-05-02,Login,Low,27.1,Closed,4
TCK-007027,CUST-005607,2023-08-17,Technical,Low,31.6,Resolved,1
TCK-007028,CUST-005608,2024-07-27,Login,Medium,17.0,Resolved,1
TCK-007029,CUST-005611,2024-10-07,Integration,Medium,4.2,Closed,5
TCK-007030,CUST-005612,2024-10-12,Performance,Low,2.5,Resolved,3
TCK-007031,CUST-005613,2024-01-19,Security,Low,10.9,Resolved,5
TCK-007032,CUST-005613,2024-01-29,Billing,Low,0.5,Resolved,3
TCK-007033,CUST-005614,2023-09-29,Login,Low,8.7,Closed,4
TCK-007034,CUST-005615,2023-02-09,Feature Request,Low,15.3,Closed,2
TCK-007035,CUST-005615,2023-12-15,Billing,Low,7.2,Resolved,2
TCK-007036,CUST-005616,2023-10-21,Security,Medium,14.8,Resolved,4
TCK-007037,CUST-005617,2023-07-30,Performance,Medium,37.6,Closed,3
TCK-007038,CUST-005618,2023-03-28,Billing,High,136.3,Resolved,3
TCK-007039,CUST-005618,2023-05-07,Billing,High,81.0,Resolved,1
TCK-007040,CUST-005618,2023-04-06,Billing,Medium,1.3,Pending,1
TCK-007041,CUST-005618,2023-05-04,Login,High,68.3,Resolved,2
TCK-007042,CUST-005622,2023-12-26,Technical,Medium,9.5,Closed,3
TCK-007043,CUST-005622,2023-04-25,Billing,Medium,8.7,Resolved,4
TCK-007044,CUST-005622,2023-02-25,Technical,Low,2.4,Pending,1
TCK-007045,CUST-005622,2024-01-15,Technical,Low,3.6,Closed,1
TCK-007046,CUST-005623,2023-11-20,Billing,Medium,33.1,Resolved,4
TCK-007047,CUST-005623,2024-06-14,Security,Medium,10.4,Resolved,2
TCK-007048,CUST-005623,2024-04-03,Technical,Low,22.8,Resolved,2
TCK-007049,CUST-005624,2024-07-13,Technical,Critical,31.5,Resolved,4
TCK-007050,CUST-005624,2024-07-27,Login,High,24.2,Resolved,4
TCK-007051,CUST-005625,2024-09-04,Technical,Low,11.9,Resolved,2
TCK-007052,CUST-005626,2024-05-01,Technical,Medium,2.5,Resolved,3
TCK-007053,CUST-005627,2023-05-24,Integration,Medium,18.2,Closed,3
TCK-007054,CUST-005627,2023-04-25,Login,Medium,4.1,Closed,4
TCK-007055,CUST-005629,2024-08-31,Technical,Medium,3.1,Resolved,2
TCK-007056,CUST-005630,2022-11-02,Performance,Low,14.4,Closed,5
TCK-007057,CUST-005632,2023-12-24,Performance,High,67.7,Resolved,4
TCK-007058,CUST-005633,2023-12-02,Performance,Low,5.6,Resolved,2
TCK-007059,CUST-005633,2023-07-03,Technical,Low,23.1,Resolved,1
TCK-007060,CUST-005633,24/10/2023,Login,High,50.3,Resolved,3
TCK-007061,CUST-005633,2023-09-22,Technical,Medium,13.7,Resolved,3
TCK-007062,CUST-005634,2024-09-09,Technical,Low,7.8,Resolved,4
TCK-007063,CUST-005634,2024-07-12,Billing,Critical,41.9,Resolved,4
TCK-007064,CUST-005635,2024-01-04,Billing,Low,15.1,Resolved,1
TCK-007065,CUST-005636,2024-01-11,Billing,Medium,10.1,Resolved,4
TCK-007066,CUST-005636,2024-04-13,Login,Low,11.1,Resolved,3
TCK-007067,CUST-005638,2024-12-03,Technical,Medium,1.7,Resolved,4
TCK-007068,CUST-005639,2022-12-28,Technical,Low,16.7,Pending,1
TCK-007069,CUST-005639,2023-07-08,Login,Medium,10.9,Closed,2
TCK-007070,CUST-005640,12/11/2023,Security,Medium,10.7,Resolved,4
TCK-007071,CUST-005642,2023-01-06,Integration,Low,2.7,Closed,5
TCK-007072,CUST-005642,2024-01-31,Technical,Medium,57.3,Closed,2
TCK-007073,CUST-005643,2024-10-02,Billing,High,7.7,Resolved,3
TCK-007074,CUST-005644,2024-03-19,Login,Medium,1.5,Resolved,3
TCK-007075,CUST-005645,2024-10-19,Technical,Medium,14.2,Closed,1
TCK-007076,CUST-005647,2024-01-28,Billing,High,25.2,Resolved,3
TCK-007077,CUST-005647,2023-12-29,Performance,Medium,11.9,Closed,5
TCK-007078,CUST-005647,2024-02-26,Security,Low,44.8,Resolved,5
TCK-007079,CUST-005648,2023-05-24,Technical,Low,13.8,Resolved,2
TCK-007080,CUST-005649,2022-03-14,Performance,High,37.2,Escalated,1
TCK-007081,CUST-005649,2022-03-10,Technical,Medium,12.1,Resolved,1
TCK-007082,CUST-005649,2022-04-05,Billing,Critical,12.5,Escalated,3
TCK-007083,CUST-005649,2022-03-23,Login,Low,70.2,Closed,3
TCK-007084,CUST-005650,2023-06-20,Integration,Medium,41.5,Resolved,1
TCK-007085,CUST-005653,29/08/2023,Performance,High,2.6,Resolved,3
TCK-007086,CUST-005654,2022-12-25,Billing,Low,7.0,Resolved,3
TCK-007087,CUST-005654,2023-04-16,Performance,Medium,18.0,Closed,2
TCK-007088,CUST-005654,2022-10-10,Technical,Medium,10.3,Resolved,2
TCK-007089,CUST-005654,2023-01-18,Login,Critical,126.7,Resolved,2
TCK-007090,CUST-005655,2023-10-29,Billing,Low,0.5,Resolved,5
TCK-007091,CUST-005656,2024-03-19,Login,Medium,24.0,Escalated,2
TCK-007092,CUST-005656,2024-08-12,Login,Medium,15.0,Pending,1
TCK-007093,CUST-005656,2024-01-01,Feature Request,Medium,1.9,Pending,1
TCK-007094,CUST-005657,2023-09-23,Feature Request,Medium,1.7,Resolved,3
TCK-007095,CUST-005657,2024-01-20,Performance,Medium,39.5,Closed,1
TCK-007096,CUST-005658,2023-04-20,Technical,Low,1.9,Resolved,2
TCK-007097,CUST-005660,2023-11-18,Billing,Medium,1.2,Resolved,4
TCK-007098,CUST-005662,2023-11-24,Billing,Medium,5.6,Resolved,4
TCK-007099,CUST-005662,2022-12-31,Performance,Medium,3.0,Resolved,4
TCK-007100,CUST-005663,2024-05-26,Technical,Low,5.0,Resolved,4
TCK-007101,CUST-005664,2023-06-19,Feature Request,High,39.6,Resolved,5
TCK-007102,CUST-005665,2023-07-24,Billing,Low,34.6,Resolved,2
TCK-007103,CUST-005665,2023-08-02,Billing,Critical,42.0,Resolved,2
TCK-007104,CUST-005667,2024-04-20,Technical,Medium,0.7,Resolved,5
TCK-007105,CUST-005667,2024-03-21,Billing,High,2.7,Resolved,4
TCK-007106,CUST-005669,2024-06-09,Performance,Critical,20.4,Resolved,4
TCK-007107,CUST-005670,2023-07-25,Performance,Medium,9.1,Closed,2
TCK-007108,CUST-005671,2024-08-06,Technical,Low,41.5,Resolved,5
TCK-007109,CUST-005674,2024-01-14,Billing,High,72.2,Resolved,3
TCK-007110,CUST-005674,2024-02-23,Billing,Medium,0.5,Resolved,1
TCK-007111,CUST-005675,2023-12-12,Feature Request,Low,29.1,Resolved,4
TCK-007112,CUST-005676,2024-02-03,Billing,Low,1.9,Closed,3
TCK-007113,CUST-005676,2024-01-03,Technical,High,12.3,Pending,3
TCK-007114,CUST-005676,2023-09-12,Technical,Critical,22.4,Closed,2
TCK-007115,CUST-005676,2023-12-04,Login,Medium,26.7,Closed,2
TCK-007116,CUST-005680,2023-07-03,Technical,Low,0.8,Resolved,4
TCK-007117,CUST-005680,2024-04-12,Feature Request,Medium,1.2,Resolved,3
TCK-007118,CUST-005681,2023-08-30,Performance,Medium,3.9,Resolved,5
TCK-007119,CUST-005682,2023-04-24,Login,Medium,44.8,Escalated,1
TCK-007120,CUST-005682,2022-07-23,Performance,Low,13.2,Pending,3
TCK-007121,CUST-005682,2024-03-17,Technical,Low,46.9,Resolved,2
TCK-007122,CUST-005683,2023-11-01,Feature Request,Medium,9.6,Escalated,2
TCK-007123,CUST-005683,2024-03-07,Login,High,125.1,Resolved,3
TCK-007124,CUST-005684,2023-04-16,Performance,Medium,9.7,Resolved,2
TCK-007125,CUST-005686,2024-04-17,Billing,Medium,1.3,Escalated,1
TCK-007126,CUST-005688,2023-10-25,Security,Medium,25.5,Resolved,4
TCK-007127,CUST-005690,2023-04-29,Billing,Low,26.0,Resolved,4
TCK-007128,CUST-005691,2023-10-11,Technical,High,5.1,Resolved,1
TCK-007129,CUST-005692,2023-07-29,Security,Medium,4.7,Closed,1
TCK-007130,CUST-005693,2023-11-05,Technical,High,14.2,Resolved,4
TCK-007131,CUST-005696,2024-03-02,Integration,Medium,15.2,Resolved,1
TCK-007132,CUST-005696,2023-12-25,Performance,Low,11.7,Closed,4
TCK-007133,CUST-005697,2024-05-09,Technical,Low,5.0,Closed,4
TCK-007134,CUST-005697,2024-05-09,Technical,Low,31.9,Closed,3
TCK-007135,CUST-005697,2024-05-29,Billing,High,187.3,Resolved,1
TCK-007136,CUST-005698,2024-09-05,Performance,High,25.3,Closed,3
TCK-007137,CUST-005699,2023-11-15,Security,Medium,17.1,Resolved,4
TCK-007138,CUST-005699,2024-01-04,Performance,Low,6.9,Closed,2
TCK-007139,CUST-005700,2023-09-12,Integration,Low,0.9,Resolved,1
TCK-007140,CUST-005701,2024-06-01,Billing,Medium,1.7,Resolved,3
TCK-007141,CUST-005702,2024-08-24,Performance,Medium,3.5,Resolved,1
TCK-007142,CUST-005703,2024-07-19,Performance,High,54.1,Resolved,1
TCK-007143,CUST-005703,2024-07-03,Billing,Medium,53.6,Resolved,2
TCK-007144,CUST-005703,2024-08-10,Security,Medium,22.9,Resolved,2
TCK-007145,CUST-005704,2022-10-06,Login,Critical,6.2,Resolved,5
TCK-007146,CUST-005705,2024-04-03,Billing,Low,1.7,Closed,5
TCK-007147,CUST-005706,2022-03-11,Performance,Medium,2.5,Resolved,5
TCK-007148,CUST-005707,2024-02-03,Billing,High,126.7,Resolved,2
TCK-007149,CUST-005708,2024-02-15,Billing,Critical,8.4,Resolved,1
TCK-007150,CUST-005708,2023-12-12,Login,Medium,26.2,Pending,2
TCK-007151,CUST-005709,2024-02-15,Login,Low,2.1,Resolved,5
TCK-007152,CUST-005709,2022-10-09,Feature Request,Low,15.9,Resolved,3
TCK-007153,CUST-005711,2024-11-20,Integration,Medium,2.8,Resolved,4
TCK-007154,CUST-005712,2022-11-22,Technical,Medium,19.3,Closed,3
TCK-007155,CUST-005712,2022-11-17,Performance,Medium,22.6,Resolved,3
TCK-007156,CUST-005712,2022-09-30,Integration,Medium,21.5,Resolved,2
TCK-007157,CUST-005713,2024-02-03,Technical,Low,10.4,Resolved,4
TCK-007158,CUST-005714,2024-10-29,Technical,Medium,11.0,Resolved,4
TCK-007159,CUST-005714,2024-11-22,Technical,Medium,12.7,Resolved,5
TCK-007160,CUST-005718,2023-12-02,Performance,Medium,7.5,Resolved,4
TCK-007161,CUST-005720,2023-07-04,Technical,High,141.1,Resolved,3
TCK-007162,CUST-005721,2024-05-07,Technical,Low,55.9,Resolved,3
TCK-007163,CUST-005723,2024-01-25,Performance,Medium,25.2,Resolved,3
TCK-007164,CUST-005724,2022-08-20,Feature Request,Medium,9.3,Closed,5
TCK-007165,CUST-005725,2024-09-19,Login,Low,4.1,Closed,1
TCK-007166,CUST-005726,2023-09-22,Login,High,33.8,Escalated,1
TCK-007167,CUST-005726,2023-12-01,Billing,Low,16.0,Resolved,1
TCK-007168,CUST-005726,2023-10-25,Login,Medium,8.6,Pending,1
TCK-007169,CUST-005728,2024-10-19,Technical,High,41.5,Resolved,5
TCK-007170,CUST-005728,2024-10-03,Integration,High,15.5,Closed,5
TCK-007171,CUST-005728,2023-05-24,Performance,Low,52.2,Closed,5
TCK-007172,CUST-005729,2023-09-13,Login,Medium,20.6,Resolved,4
TCK-007173,CUST-005729,2024-01-13,Billing,High,38.1,Closed,4
TCK-007174,CUST-005729,2023-07-13,Login,High,13.6,Closed,3
TCK-007175,CUST-005730,2024-02-20,Technical,Medium,17.8,Resolved,4
TCK-007176,CUST-005730,2022-12-09,Technical,Low,2.3,Resolved,3
TCK-007177,CUST-005731,2024-10-31,Technical,Medium,11.5,Closed,4
TCK-007178,CUST-005732,2023-09-23,Billing,Medium,2.9,Closed,1
TCK-007179,CUST-005734,2024-11-05,Technical,Medium,4.3,Resolved,1
TCK-007180,CUST-005735,2024-03-24,Technical,Low,8.2,Closed,5
TCK-007181,CUST-005735,2024-09-20,Technical,Medium,2.2,Resolved,5
TCK-007182,CUST-005735,2022-05-01,Billing,High,15.9,Closed,5
TCK-007183,CUST-005736,2024-01-23,Technical,Low,42.8,Closed,2
TCK-007184,CUST-005736,2023-01-17,Billing,Medium,4.0,Resolved,2
TCK-007185,CUST-005737,2022-07-31,Login,High,52.7,Resolved,2
TCK-007186,CUST-005739,2022-02-22,Integration,Low,29.4,Pending,2
TCK-007187,CUST-005739,2022-06-29,Billing,Medium,34.1,Resolved,1
TCK-007188,CUST-005739,2022-11-08,Performance,Low,3.9,Closed,5
TCK-007189,CUST-005740,2023-08-11,Technical,Low,12.0,Resolved,2
TCK-007190,CUST-005741,2023-12-02,Integration,High,5.6,Closed,1
TCK-007191,CUST-005742,2024-07-21,Integration,Critical,5.5,Closed,4
TCK-007192,CUST-005743,2024-06-10,Performance,Medium,1.2,Resolved,1
TCK-007193,CUST-005743,12/11/2023,Billing,Low,16.8,Closed,4
TCK-007194,CUST-005744,2024-11-14,Login,Medium,23.6,Resolved,5
TCK-007195,CUST-005745,2023-12-08,Billing,Medium,11.1,Resolved,1
TCK-007196,CUST-005745,2023-02-06,Billing,Medium,0.5,Resolved,3
TCK-007197,CUST-005746,2023-08-06,Login,High,72.5,Resolved,5
TCK-007198,CUST-005747,2023-05-02,Technical,Low,0.7,Resolved,2
TCK-007199,CUST-005747,2022-05-04,Billing,Low,12.8,Resolved,2
TCK-007200,CUST-005749,2024-07-11,Billing,Low,2.8,Closed,5
TCK-007201,CUST-005750,2022-07-24,Login,High,2.2,Resolved,5
TCK-007202,CUST-005752,2023-11-02,Technical,Medium,3.1,Closed,5
TCK-007203,CUST-005753,2024-07-02,Technical,Medium,11.8,Resolved,2
TCK-007204,CUST-005755,2024-01-17,Technical,Low,11.8,Closed,3
TCK-007205,CUST-005757,2024-08-01,Login,Medium,15.2,Resolved,2
TCK-007206,CUST-005758,2022-06-17,Billing,Medium,6.0,Resolved,5
TCK-007207,CUST-005759,2024-05-15,Billing,Low,26.8,Escalated,1
TCK-007208,CUST-005759,2023-09-15,Technical,Medium,30.5,Resolved,3
TCK-007209,CUST-005761,2023-03-13,Technical,Medium,8.0,Resolved,2
TCK-007210,CUST-005762,2022-09-02,Technical,Medium,9.1,Resolved,4
TCK-007211,CUST-005765,2024-10-03,Billing,Low,11.1,Resolved,4
TCK-007212,CUST-005766,2023-10-02,Billing,Medium,46.6,Resolved,5
TCK-007213,CUST-005766,2023-12-19,Login,Medium,9.1,Resolved,2
TCK-007214,CUST-005767,2023-08-29,Technical,Low,3.3,Resolved,5
TCK-007215,CUST-005769,2022-02-26,Billing,Low,2.0,Resolved,5
TCK-007216,CUST-005770,2024-05-23,Billing,Low,12.2,Resolved,4
TCK-007217,CUST-005771,2022-09-01,Technical,Low,14.8,Pending,2
TCK-007218,CUST-005771,2022-08-21,Billing,High,112.1,Resolved,3
TCK-007219,CUST-005772,2024-08-11,Technical,High,65.7,Pending,1
TCK-007220,CUST-005772,18/12/2023,Integration,Low,4.3,Closed,3
TCK-007221,CUST-005772,2024-09-20,Technical,Medium,22.7,Resolved,3
TCK-007222,CUST-005773,2023-09-16,Technical,Medium,14.6,Closed,5
TCK-007223,CUST-005774,2022-04-18,Performance,High,3.4,Resolved,3
TCK-007224,CUST-005774,2022-12-16,Technical,High,31.1,Resolved,2
TCK-007225,CUST-005775,2024-03-25,Performance,Medium,22.7,Resolved,4
TCK-007226,CUST-005776,2023-10-02,Technical,Medium,5.9,Resolved,3
TCK-007227,CUST-005777,2024-06-08,Security,High,3.8,Resolved,4
TCK-007228,CUST-005780,2024-08-13,Technical,High,10.7,Resolved,4
TCK-007229,CUST-005781,2023-07-07,Integration,High,1.0,Resolved,1
TCK-007230,CUST-005781,2023-01-27,Login,Medium,2.8,Closed,4
TCK-007231,CUST-005784,2023-08-31,Login,Medium,23.9,Resolved,4
TCK-007232,CUST-005784,2023-10-04,Billing,Low,38.3,Resolved,4
TCK-007233,CUST-005784,2024-10-30,Security,Medium,15.4,Resolved,5
TCK-007234,CUST-005788,30/08/2024,Billing,Medium,2.4,Resolved,3
TCK-007235,CUST-005789,2024-09-17,Billing,Medium,24.7,Resolved,2
TCK-007236,CUST-005790,2024-07-10,Performance,Low,18.6,Resolved,4
TCK-007237,CUST-005791,2024-05-30,Technical,Medium,42.0,Resolved,4
TCK-007238,CUST-005791,2023-09-03,Login,Low,22.7,Closed,2
TCK-007239,CUST-005792,2023-07-25,Technical,Medium,22.5,Closed,5
TCK-007240,CUST-005793,2022-10-09,Technical,High,58.7,Resolved,4
TCK-007241,CUST-005793,2023-06-20,Integration,Low,16.0,Resolved,3
TCK-007242,CUST-005794,2024-04-28,Login,Medium,12.0,Closed,2
TCK-007243,CUST-005794,2024-05-28,Billing,High,141.6,Closed,1
TCK-007244,CUST-005794,2024-03-12,Technical,Critical,85.8,Resolved,4
TCK-007245,CUST-005794,25/08/2024,Feature Request,Medium,27.3,Resolved,1
TCK-007246,CUST-005796,2024-07-11,Technical,High,13.4,Resolved,5
TCK-007247,CUST-005797,2024-10-06,Performance,Low,7.1,Resolved,2
TCK-007248,CUST-005798,2022-04-22,Billing,Medium,0.5,Resolved,3
TCK-007249,CUST-005799,2023-02-06,Login,Low,4.0,Resolved,1
TCK-007250,CUST-005799,2024-08-16,Technical,High,61.6,Closed,4
TCK-007251,CUST-005801,2024-12-22,Technical,Medium,9.8,Resolved,4
TCK-007252,CUST-005804,2024-08-29,Technical,Low,24.9,Resolved,4
TCK-007253,CUST-005804,2024-06-06,Technical,Low,12.0,Resolved,5
TCK-007254,CUST-005805,2023-09-08,Security,Medium,6.8,Resolved,5
TCK-007255,CUST-005806,2022-09-27,Performance,Medium,13.5,Resolved,5
TCK-007256,CUST-005806,2022-11-26,Billing,High,7.4,Closed,3
TCK-007257,CUST-005807,2022-11-09,Technical,Medium,67.9,Closed,4
TCK-007258,CUST-005807,2024-09-28,Technical,Medium,7.2,Resolved,4
TCK-007259,CUST-005807,2024-04-21,Technical,Medium,15.2,Resolved,5
TCK-007260,CUST-005808,2022-09-01,Login,Low,39.7,Resolved,1
TCK-007261,CUST-005808,2022-11-09,Technical,Medium,23.4,Closed,1
TCK-007262,CUST-005808,2022-11-13,Security,Low,56.7,Pending,2
TCK-007263,CUST-005809,2023-05-13,Billing,Low,39.0,Closed,4
TCK-007264,CUST-005809,2023-05-06,Billing,Low,60.3,Closed,4
TCK-007265,CUST-005810,2023-11-23,Integration,Medium,35.5,Resolved,1
TCK-007266,CUST-005810,2023-08-04,Technical,High,51.9,Resolved,2
TCK-007267,CUST-005810,2024-03-05,Login,Low,0.5,Resolved,2
TCK-007268,CUST-005811,2024-09-05,Integration,High,74.0,Resolved,4
TCK-007269,CUST-005811,2023-08-08,Technical,Medium,7.9,Resolved,4
TCK-007270,CUST-005812,2023-07-10,Performance,Medium,44.1,Resolved,5
TCK-007271,CUST-005814,2024-06-27,Integration,Medium,19.5,Resolved,4
TCK-007272,CUST-005814,10/08/2024,Login,High,38.8,Closed,5
TCK-007273,CUST-005814,2024-01-17,Integration,High,91.0,Resolved,4
TCK-007274,CUST-005814,2024-05-01,Login,Critical,1.7,Closed,5
TCK-007275,CUST-005816,2024-03-31,Technical,Low,10.8,Closed,5
TCK-007276,CUST-005816,2023-03-13,Billing,High,0.8,Resolved,4
TCK-007277,CUST-005816,2023-11-29,Technical,High,8.0,Resolved,4
TCK-007278,CUST-005817,2024-04-05,Technical,Low,0.5,Resolved,3
TCK-007279,CUST-005817,2024-04-27,Login,Medium,1.6,Resolved,1
TCK-007280,CUST-005818,2024-05-01,Technical,Medium,1.1,Resolved,3
TCK-007281,CUST-005820,2022-04-18,Technical,Medium,21.8,Escalated,2
TCK-007282,CUST-005822,2024-07-15,Technical,Low,59.0,Resolved,4
TCK-007283,CUST-005825,2023-12-18,Technical,Low,20.1,Closed,5
TCK-007284,CUST-005828,2023-01-29,Technical,Medium,28.2,Resolved,1
TCK-007285,CUST-005828,2023-01-25,Integration,Medium,8.7,Escalated,1
TCK-007286,CUST-005829,2023-01-15,Billing,Low,15.1,Resolved,1
TCK-007287,CUST-005830,2023-03-18,Feature Request,High,7.6,Resolved,5
TCK-007288,CUST-005830,24/11/2023,Technical,Medium,12.7,Closed,4
TCK-007289,CUST-005831,2024-06-03,Billing,Medium,35.7,Closed,5
TCK-007290,CUST-005831,2024-06-24,Login,Medium,14.2,Resolved,3
TCK-007291,CUST-005831,2024-08-05,Integration,Low,18.3,Resolved,4
TCK-007292,CUST-005831,2024-09-18,Billing,Medium,2.6,Resolved,4
TCK-007293,CUST-005831,2024-06-20,Performance,Medium,1.3,Resolved,5
TCK-007294,CUST-005832,2024-04-15,Login,High,121.0,Resolved,1
TCK-007295,CUST-005832,2024-04-27,Billing,High,3.9,Resolved,3
TCK-007296,CUST-005833,2024-03-04,Technical,Medium,47.1,Resolved,5
TCK-007297,CUST-005833,2024-05-05,Feature Request,Medium,75.2,Pending,1
TCK-007298,CUST-005838,2024-06-14,Billing,Medium,18.5,Escalated,2
TCK-007299,CUST-005838,2022-11-13,Technical,Medium,26.3,Closed,1
TCK-007300,CUST-005841,2023-09-05,Security,High,2.8,Resolved,3
TCK-007301,CUST-005841,2024-06-07,Login,Low,45.3,Resolved,4
TCK-007302,CUST-005841,2024-08-26,Technical,Low,3.2,Resolved,2
TCK-007303,CUST-005843,2024-12-02,Technical,Low,11.0,Resolved,4
TCK-007304,CUST-005844,2023-11-28,Performance,High,23.0,Closed,4
TCK-007305,CUST-005844,2024-02-11,Technical,Low,31.8,Resolved,4
TCK-007306,CUST-005844,2024-05-13,Technical,High,62.8,Resolved,3
TCK-007307,CUST-005847,2023-11-26,Security,High,48.7,Resolved,4
TCK-007308,CUST-005848,2024-03-05,Billing,High,14.3,Resolved,3
TCK-007309,CUST-005849,2023-10-27,Technical,High,43.5,Resolved,5
TCK-007310,CUST-005851,2023-03-15,Technical,Medium,30.5,Pending,1
TCK-007311,CUST-005852,2024-12-11,Billing,Low,39.9,Resolved,5
TCK-007312,CUST-005852,2023-11-09,Performance,Low,6.2,Resolved,4
TCK-007313,CUST-005852,2023-10-10,Technical,Medium,17.6,Closed,3
TCK-007314,CUST-005853,2024-10-31,Integration,Low,6.7,Resolved,3
TCK-007315,CUST-005855,2024-05-16,Login,Medium,4.6,Resolved,2
TCK-007316,CUST-005855,2024-04-24,Billing,High,31.3,Pending,2
TCK-007317,CUST-005856,2023-04-11,Technical,Medium,15.4,Resolved,3
TCK-007318,CUST-005858,2024-08-11,Billing,Medium,24.3,Resolved,1
TCK-007319,CUST-005858,01/11/2024,Integration,High,32.3,Resolved,4
TCK-007320,CUST-005859,2022-08-18,Technical,Low,52.1,Closed,4
TCK-007321,CUST-005863,2024-03-03,Integration,High,114.0,Closed,2
TCK-007322,CUST-005864,2024-12-27,Integration,Low,10.7,Resolved,3
TCK-007323,CUST-005867,2023-10-26,Billing,Low,14.9,Resolved,5
TCK-007324,CUST-005870,2024-02-11,Security,Medium,25.4,Resolved,3
TCK-007325,CUST-005871,2023-11-16,Login,Medium,29.4,Resolved,1
TCK-007326,CUST-005871,2023-12-06,Technical,Critical,28.3,Resolved,3
TCK-007327,CUST-005874,2023-01-06,Login,Medium,3.9,Closed,2
TCK-007328,CUST-005874,2023-11-22,Integration,Medium,2.2,Resolved,5
TCK-007329,CUST-005875,2024-07-11,Billing,Medium,7.0,Resolved,2
TCK-007330,CUST-005876,2023-10-31,Login,Low,4.5,Resolved,3
TCK-007331,CUST-005877,2024-10-11,Feature Request,High,2.7,Resolved,4
TCK-007332,CUST-005878,2024-11-16,Billing,High,16.8,Resolved,4
TCK-007333,CUST-005879,2024-07-01,Login,High,4.9,Pending,2
TCK-007334,CUST-005879,2024-06-09,Login,High,52.7,Resolved,1
TCK-007335,CUST-005879,2024-08-21,Technical,Low,6.3,Resolved,1
TCK-007336,CUST-005880,2024-03-13,Performance,Critical,3.4,Resolved,4
TCK-007337,CUST-005880,2024-07-29,Technical,High,37.4,Resolved,5
TCK-007338,CUST-005880,2024-12-07,Billing,Low,3.3,Resolved,5
TCK-007339,CUST-005882,2024-01-12,Billing,Low,12.8,Resolved,4
TCK-007340,CUST-005883,2022-10-29,Billing,Low,3.7,Resolved,4
TCK-007341,CUST-005886,2024-03-21,Technical,Low,9.2,Closed,4
TCK-007342,CUST-005888,2024-06-26,Performance,Critical,1.2,Closed,4
TCK-007343,CUST-005888,2024-07-03,Billing,Critical,32.8,Resolved,4
TCK-007344,CUST-005889,11/04/2023,Technical,Critical,26.7,Resolved,3
TCK-007345,CUST-005889,2023-12-06,Billing,Low,19.0,Resolved,4
TCK-007346,CUST-005890,2024-07-22,Billing,Low,6.0,Resolved,4
TCK-007347,CUST-005891,2023-08-07,Technical,Medium,28.4,Resolved,4
TCK-007348,CUST-005892,2024-09-10,Security,Low,1.6,Resolved,4
TCK-007349,CUST-005893,2024-01-15,Billing,Medium,7.2,Closed,1
TCK-007350,CUST-005894,2022-03-03,Billing,Low,116.0,Resolved,1
TCK-007351,CUST-005894,2023-01-10,Billing,Medium,6.0,Pending,1
TCK-007352,CUST-005894,2022-02-01,Technical,High,6.2,Closed,1
TCK-007353,CUST-005894,2022-07-15,Technical,Low,10.0,Resolved,3
TCK-007354,CUST-005894,2022-04-21,Technical,Low,34.7,Escalated,1
TCK-007355,CUST-005895,2023-11-16,Performance,Medium,43.1,Resolved,4
TCK-007356,CUST-005895,2024-03-23,Login,Low,17.7,Resolved,5
TCK-007357,CUST-005895,07/04/2023,Billing,Low,1.5,Closed,5
TCK-007358,CUST-005895,26/05/2023,Billing,Critical,14.6,Resolved,5
TCK-007359,CUST-005895,2024-11-19,Billing,Medium,1.1,Resolved,3
TCK-007360,CUST-005897,2022-05-17,Technical,Low,21.9,Resolved,1
TCK-007361,CUST-005897,2022-06-16,Technical,High,119.8,Resolved,1
TCK-007362,CUST-005897,2023-04-06,Billing,Medium,2.2,Closed,1
TCK-007363,CUST-005900,2024-09-07,Billing,Low,20.7,Resolved,5
TCK-007364,CUST-005900,2024-10-10,Technical,Low,48.4,Closed,5
TCK-007365,CUST-005902,2024-03-11,Login,Low,32.4,Resolved,5
TCK-007366,CUST-005902,13/03/2023,Performance,Medium,5.6,Resolved,4
TCK-007367,CUST-005903,2024-03-29,Performance,Low,26.0,Resolved,2
TCK-007368,CUST-005903,2024-08-23,Security,Medium,5.8,Resolved,2
TCK-007369,CUST-005903,2024-02-22,Billing,Critical,35.0,Resolved,2
TCK-007370,CUST-005904,2023-11-02,Technical,Medium,5.3,Resolved,5
TCK-007371,CUST-005905,2022-11-20,Billing,Critical,38.8,Resolved,3
TCK-007372,CUST-005905,2022-11-28,Technical,Critical,76.2,Resolved,3
TCK-007373,CUST-005906,2024-04-03,Technical,Medium,26.7,Resolved,2
TCK-007374,CUST-005906,2024-04-26,Integration,High,2.4,Escalated,2
TCK-007375,CUST-005906,2023-09-16,Login,Medium,22.3,Resolved,5
TCK-007376,CUST-005908,2022-12-13,Billing,High,9.8,Resolved,5
TCK-007377,CUST-005908,2023-01-06,Technical,High,39.9,Resolved,2
TCK-007378,CUST-005908,2024-03-02,Billing,Low,28.5,Resolved,2
TCK-007379,CUST-005909,2024-07-20,Technical,High,48.6,Resolved,3
TCK-007380,CUST-005910,2023-08-21,Billing,Critical,15.7,Closed,5
TCK-007381,CUST-005910,2023-09-04,Billing,Low,9.1,Resolved,5
TCK-007382,CUST-005911,2023-10-08,Billing,Low,11.5,Closed,3
TCK-007383,CUST-005912,2023-12-15,Integration,Medium,3.4,Resolved,4
TCK-007384,CUST-005912,2023-03-10,Integration,High,38.9,Closed,1
TCK-007385,CUST-005913,2024-08-11,Feature Request,High,54.0,Escalated,2
TCK-007386,CUST-005915,2023-02-26,Technical,Low,2.8,Escalated,2
TCK-007387,CUST-005915,2023-09-21,Integration,Medium,6.0,Resolved,2
TCK-007388,CUST-005916,2023-07-22,Security,Medium,45.3,Resolved,1
TCK-007389,CUST-005916,2023-08-21,Billing,Medium,19.7,Resolved,1
TCK-007390,CUST-005917,2023-04-10,Performance,Medium,2.5,Resolved,3
TCK-007391,CUST-005917,2024-04-09,Billing,Medium,53.8,Resolved,4
TCK-007392,CUST-005919,2024-04-08,Technical,Low,7.6,Resolved,2
TCK-007393,CUST-005920,2024-02-11,Technical,Low,7.6,Closed,4
TCK-007394,CUST-005921,2024-09-11,Technical,High,25.4,Resolved,5
TCK-007395,CUST-005921,2024-05-14,Login,Low,13.0,Resolved,1
TCK-007396,CUST-005922,2024-07-19,Billing,Low,1.5,Resolved,5
TCK-007397,CUST-005922,2022-05-04,Feature Request,Low,11.5,Closed,4
TCK-007398,CUST-005923,2022-11-05,Login,Low,15.6,Resolved,5
TCK-007399,CUST-005923,2024-07-04,Performance,Low,9.1,Resolved,5
TCK-007400,CUST-005924,2024-05-24,Billing,Medium,4.2,Resolved,5
TCK-007401,CUST-005924,2024-09-04,Technical,Medium,5.5,Closed,4
TCK-007402,CUST-005924,2024-09-30,Technical,Low,17.9,Closed,5
TCK-007403,CUST-005927,2024-08-30,Technical,High,5.8,Resolved,2
TCK-007404,CUST-005927,2023-08-18,Technical,Medium,12.9,Resolved,4
TCK-007405,CUST-005927,2023-10-02,Technical,High,17.4,Resolved,2
TCK-007406,CUST-005928,2024-04-30,Performance,Low,13.3,Resolved,4
TCK-007407,CUST-005928,2024-08-08,Integration,High,19.1,Resolved,2
TCK-007408,CUST-005929,2024-08-04,Integration,High,28.4,Closed,2
TCK-007409,CUST-005930,2023-08-11,Performance,Medium,14.9,Resolved,3
TCK-007410,CUST-005931,2023-09-12,Technical,Low,0.9,Resolved,1
TCK-007411,CUST-005932,2023-07-19,Technical,Low,11.4,Resolved,1
TCK-007412,CUST-005932,2023-07-28,Billing,Medium,5.3,Closed,1
TCK-007413,CUST-005932,2023-06-30,Security,Low,1.0,Closed,2
TCK-007414,CUST-005934,2023-09-20,Technical,Critical,92.7,Resolved,4
TCK-007415,CUST-005936,2024-04-26,Integration,Medium,75.8,Pending,3
TCK-007416,CUST-005938,2023-08-29,Login,High,14.0,Resolved,4
TCK-007417,CUST-005938,2024-09-30,Technical,Low,12.7,Resolved,5
TCK-007418,CUST-005939,2024-09-24,Login,High,25.7,Resolved,4
TCK-007419,CUST-005939,2024-05-08,Performance,Medium,40.5,Resolved,3
TCK-007420,CUST-005940,2023-11-27,Technical,Medium,11.8,Closed,3
TCK-007421,CUST-005943,2023-01-30,Technical,Critical,69.9,Resolved,3
TCK-007422,CUST-005944,2024-06-04,Integration,Medium,26.3,Resolved,2
TCK-007423,CUST-005944,2024-06-15,Technical,Medium,16.8,Resolved,3
TCK-007424,CUST-005945,2024-11-26,Billing,Medium,5.2,Resolved,2
TCK-007425,CUST-005946,2024-04-22,Technical,Low,23.4,Resolved,5
TCK-007426,CUST-005946,2024-09-06,Technical,Low,7.3,Resolved,3
TCK-007427,CUST-005947,2024-02-19,Technical,Low,36.4,Resolved,3
TCK-007428,CUST-005947,2024-01-15,Technical,Low,28.2,Resolved,2
TCK-007429,CUST-005947,2024-01-28,Technical,Medium,2.3,Resolved,1
TCK-007430,CUST-005948,10/09/2023,Technical,Critical,49.4,Closed,5
TCK-007431,CUST-005948,2023-08-28,Technical,High,90.6,Resolved,3
TCK-007432,CUST-005949,2024-11-01,Billing,Medium,20.5,Resolved,3
TCK-007433,CUST-005949,2024-11-10,Technical,Low,25.9,Resolved,5
TCK-007434,CUST-005950,2022-07-02,Technical,Low,1.9,Resolved,1
TCK-007435,CUST-005950,2022-07-07,Billing,Medium,42.1,Escalated,2
TCK-007436,CUST-005950,2022-06-28,Performance,Low,47.9,Escalated,1
TCK-007437,CUST-005951,2022-09-03,Technical,Low,21.4,Resolved,2
TCK-007438,CUST-005953,2024-09-23,Billing,High,10.0,Resolved,5
TCK-007439,CUST-005955,2023-04-22,Technical,Low,48.7,Resolved,2
TCK-007440,CUST-005955,2023-05-05,Feature Request,Critical,26.6,Pending,1
TCK-007441,CUST-005957,2024-11-26,Technical,Low,0.9,Resolved,2
TCK-007442,CUST-005958,2022-11-26,Integration,High,30.5,Escalated,2
TCK-007443,CUST-005958,2022-12-14,Security,Low,10.3,Resolved,1
TCK-007444,CUST-005959,2024-09-10,Billing,Low,25.4,Closed,1
TCK-007445,CUST-005959,2024-10-17,Integration,Low,13.9,Resolved,2
TCK-007446,CUST-005960,2023-05-23,Technical,Medium,2.2,Resolved,3
TCK-007447,CUST-005960,2024-05-13,Technical,Medium,13.3,Closed,2
TCK-007448,CUST-005960,2023-12-20,Technical,Low,3.5,Resolved,5
TCK-007449,CUST-005961,2023-12-28,Technical,High,35.9,Pending,2
TCK-007450,CUST-005961,2024-01-05,Technical,Critical,16.1,Resolved,2
TCK-007451,CUST-005962,2024-08-23,Technical,High,14.0,Resolved,3
TCK-007452,CUST-005964,2024-04-08,Billing,Medium,9.3,Closed,2
TCK-007453,CUST-005964,2024-09-21,Performance,Medium,27.3,Resolved,4
TCK-007454,CUST-005967,2024-07-19,Technical,High,8.9,Resolved,5
TCK-007455,CUST-005968,2023-07-12,Technical,High,52.7,Resolved,2
TCK-007456,CUST-005968,2023-10-19,Feature Request,Medium,55.7,Pending,1
TCK-007457,CUST-005969,2024-12-09,Technical,Low,9.0,Resolved,2
TCK-007458,CUST-005969,2024-07-24,Billing,Low,48.4,Resolved,4
TCK-007459,CUST-005969,2024-04-08,Technical,Medium,4.1,Resolved,5
TCK-007460,CUST-005969,2024-05-12,Login,Medium,13.4,Resolved,5
TCK-007461,CUST-005970,2022-09-09,Performance,Low,15.5,Resolved,1
TCK-007462,CUST-005970,2023-03-25,Login,Medium,14.4,Closed,3
TCK-007463,CUST-005972,2024-07-20,Billing,Medium,10.7,Closed,1
TCK-007464,CUST-005973,2024-08-22,Login,Medium,0.8,Resolved,4
TCK-007465,CUST-005973,2023-02-26,Performance,Low,2.4,Resolved,5
TCK-007466,CUST-005973,2022-10-20,Performance,Medium,3.0,Resolved,4
TCK-007467,CUST-005975,2023-09-28,Billing,Critical,60.1,Escalated,1
TCK-007468,CUST-005976,2024-08-06,Security,Low,10.9,Resolved,4
TCK-007469,CUST-005976,2024-02-07,Technical,Low,77.3,Resolved,3
TCK-007470,CUST-005976,2024-07-12,Performance,Low,23.4,Resolved,5
TCK-007471,CUST-005978,2024-12-24,Billing,Medium,8.1,Resolved,4
TCK-007472,CUST-005979,2024-07-28,Billing,Medium,19.2,Resolved,5
TCK-007473,CUST-005979,2024-04-19,Technical,Medium,5.3,Closed,1
TCK-007474,CUST-005982,2024-10-13,Login,Low,6.2,Resolved,4
TCK-007475,CUST-005983,2024-01-08,Technical,Low,34.1,Closed,4
TCK-007476,CUST-005983,2023-05-30,Technical,Medium,8.7,Resolved,5
TCK-007477,CUST-005985,2024-01-27,Security,Medium,15.3,Resolved,4
TCK-007478,CUST-005986,2022-08-28,Login,Low,1.5,Resolved,5
TCK-007479,CUST-005987,2024-02-23,Technical,Low,12.2,Resolved,3
TCK-007480,CUST-005988,2022-11-04,Billing,High,4.4,Closed,4
TCK-007481,CUST-005989,2023-03-03,Security,Medium,62.8,Escalated,2
TCK-007482,CUST-005989,2023-03-21,Billing,Low,30.1,Resolved,4
TCK-007483,CUST-005989,2022-10-16,Technical,Low,48.9,Resolved,3
TCK-007484,CUST-005989,2023-02-03,Technical,Medium,31.8,Escalated,1
TCK-007485,CUST-005990,2023-12-17,Performance,High,15.8,Pending,2
TCK-007486,CUST-005990,2023-12-14,Billing,Medium,33.3,Resolved,1
TCK-007487,CUST-005990,2023-12-04,Login,Low,41.5,Closed,2
TCK-007488,CUST-005991,2022-07-04,Performance,Low,21.1,Resolved,2
TCK-007489,CUST-005991,2022-09-04,Security,Medium,1.0,Resolved,1
TCK-007490,CUST-005991,2022-09-22,Login,High,10.0,Resolved,1
TCK-007491,CUST-005995,2024-07-27,Billing,Low,2.4,Closed,3
TCK-007492,CUST-005997,2024-06-01,Login,Low,33.4,Resolved,1
TCK-007493,CUST-005998,2023-12-25,Billing,Medium,18.7,Escalated,2
TCK-007494,CUST-005999,2023-04-28,Integration,Medium,14.7,Resolved,1
TCK-007495,CUST-005999,01/09/2023,Technical,Low,19.9,Resolved,1
TCK-007496,CUST-006000,2024-07-16,Technical,Low,14.2,Resolved,4
TCK-007497,CUST-006001,2023-11-22,Technical,Medium,2.5,Closed,1
TCK-007498,CUST-006003,2024-06-19,Login,Medium,38.6,Resolved,2
TCK-007499,CUST-006004,2024-09-15,Billing,Medium,20.4,Resolved,1
TCK-007500,CUST-006004,2024-08-16,Login,High,59.4,Closed,2
TCK-007501,CUST-006007,2022-06-10,Login,Critical,29.6,Resolved,3
TCK-007502,CUST-006008,2024-04-19,Login,High,1.9,Resolved,4
TCK-007503,CUST-006009,2022-09-13,Integration,Medium,32.2,Resolved,2
TCK-007504,CUST-006012,2024-03-05,Login,Medium,64.6,Resolved,5
TCK-007505,CUST-006012,2024-01-07,Performance,Low,2.4,Closed,4
TCK-007506,CUST-006014,2024-04-21,Login,High,85.1,Resolved,4
TCK-007507,CUST-006015,2024-08-07,Billing,Critical,6.6,Escalated,1
TCK-007508,CUST-006015,2024-07-24,Technical,Critical,40.2,Pending,3
TCK-007509,CUST-006015,2024-03-24,Performance,Low,10.3,Pending,2
TCK-007510,CUST-006015,2023-12-19,Technical,Low,83.3,Resolved,2
TCK-007511,CUST-006018,2023-09-25,Login,Medium,8.0,Resolved,4
TCK-007512,CUST-006019,2024-07-22,Security,High,11.6,Closed,1
TCK-007513,CUST-006019,2024-07-18,Login,High,3.8,Resolved,4
TCK-007514,CUST-006020,2024-10-11,Feature Request,Medium,39.8,Resolved,4
TCK-007515,CUST-006020,2023-01-20,Performance,Medium,1.4,Closed,5
TCK-007516,CUST-006021,2023-04-08,Technical,High,51.3,Closed,1
TCK-007517,CUST-006021,2023-06-13,Performance,Medium,18.4,Resolved,2
TCK-007518,CUST-006022,2023-09-08,Technical,Low,14.4,Resolved,3
TCK-007519,CUST-006024,2024-07-21,Billing,High,5.1,Resolved,5
TCK-007520,CUST-006025,2023-01-04,Technical,Medium,5.5,Resolved,2
TCK-007521,CUST-006025,2023-07-07,Performance,Low,6.0,Resolved,4
TCK-007522,CUST-006027,2024-06-04,Feature Request,Medium,2.5,Closed,4
TCK-007523,CUST-006029,2023-11-25,Billing,Medium,5.6,Closed,1
TCK-007524,CUST-006029,2024-08-31,Technical,Medium,38.1,Escalated,3
TCK-007525,CUST-006029,2024-05-29,Billing,High,47.6,Resolved,3
TCK-007526,CUST-006032,2023-10-04,Technical,Critical,19.3,Closed,5
TCK-007527,CUST-006033,02/12/2024,Technical,Low,28.4,Resolved,5
TCK-007528,CUST-006033,2024-04-29,Billing,Low,0.5,Resolved,4
TCK-007529,CUST-006033,2024-10-05,Technical,Medium,12.3,Resolved,2
TCK-007530,CUST-006034,2024-03-28,Login,High,10.0,Pending,1
TCK-007531,CUST-006034,2024-09-12,Billing,Medium,12.2,Resolved,4
TCK-007532,CUST-006034,2024-03-27,Login,Low,7.7,Resolved,2
TCK-007533,CUST-006035,2023-01-30,Feature Request,Medium,5.9,Pending,1
TCK-007534,CUST-006035,2023-08-16,Login,Low,20.3,Pending,2
TCK-007535,CUST-006035,2023-03-22,Performance,Critical,0.5,Closed,1
TCK-007536,CUST-006036,2023-11-03,Performance,Medium,6.2,Closed,4
TCK-007537,CUST-006037,2024-09-23,Technical,Medium,42.2,Closed,4
TCK-007538,CUST-006038,2023-05-24,Integration,Low,11.6,Closed,2
TCK-007539,CUST-006038,2024-06-05,Technical,High,27.3,Resolved,5
TCK-007540,CUST-006038,2024-11-13,Integration,Medium,14.5,Resolved,5
TCK-007541,CUST-006038,2024-09-18,Billing,Medium,11.9,Resolved,5
TCK-007542,CUST-006039,2024-03-17,Feature Request,Low,10.8,Resolved,2
TCK-007543,CUST-006040,2023-02-07,Technical,High,15.4,Resolved,2
TCK-007544,CUST-006040,2023-02-07,Feature Request,Low,6.3,Closed,1
TCK-007545,CUST-006041,2024-08-25,Security,Low,0.5,Resolved,3
TCK-007546,CUST-006042,2024-09-17,Billing,Medium,28.2,Resolved,5
TCK-007547,CUST-006043,2023-06-28,Technical,Critical,4.0,Resolved,1
TCK-007548,CUST-006043,2023-06-29,Integration,Medium,24.9,Closed,3
TCK-007549,CUST-006045,2023-06-01,Integration,Low,15.0,Pending,1
TCK-007550,CUST-006045,2022-07-08,Billing,Medium,67.1,Resolved,1
TCK-007551,CUST-006045,2022-03-18,Billing,Low,3.9,Resolved,2
TCK-007552,CUST-006045,2022-11-13,Technical,High,26.8,Resolved,2
TCK-007553,CUST-006046,2023-07-20,Billing,High,4.7,Resolved,4
TCK-007554,CUST-006048,2024-03-23,Security,Low,8.6,Resolved,4
TCK-007555,CUST-006049,2023-01-26,Integration,Medium,11.0,Resolved,4
TCK-007556,CUST-006049,2024-10-15,Technical,Low,4.0,Resolved,4
TCK-007557,CUST-006050,2024-01-20,Login,Low,11.4,Resolved,3
TCK-007558,CUST-006050,2024-03-15,Technical,Low,14.2,Resolved,1
TCK-007559,CUST-006050,2024-05-15,Performance,Low,39.7,Escalated,3
TCK-007560,CUST-006050,2024-03-17,Technical,Medium,22.0,Resolved,3
TCK-007561,CUST-006051,2024-08-23,Technical,Medium,18.2,Closed,4
TCK-007562,CUST-006052,2023-10-31,Security,Low,7.7,Closed,4
TCK-007563,CUST-006052,2023-11-21,Login,Medium,13.6,Resolved,4
TCK-007564,CUST-006056,2024-08-19,Billing,Medium,2.7,Closed,3
TCK-007565,CUST-006056,2024-09-07,Technical,Medium,60.0,Closed,1
TCK-007566,CUST-006058,2023-07-12,Technical,Medium,4.0,Closed,5
TCK-007567,CUST-006058,2024-02-19,Technical,Medium,1.4,Resolved,4
TCK-007568,CUST-006058,2023-12-12,Billing,Medium,21.9,Resolved,2
TCK-007569,CUST-006059,2024-02-10,Technical,Medium,1.0,Resolved,4
TCK-007570,CUST-006060,2024-05-18,Login,Low,12.0,Resolved,2
TCK-007571,CUST-006063,2024-08-23,Performance,Medium,15.8,Resolved,5
TCK-007572,CUST-006064,2023-05-31,Security,Low,41.1,Resolved,1
TCK-007573,CUST-006066,2023-04-18,Billing,Critical,96.7,Closed,5
TCK-007574,CUST-006066,2024-03-01,Billing,Medium,31.7,Resolved,4
TCK-007575,CUST-006067,2024-11-29,Technical,High,9.1,Resolved,4
TCK-007576,CUST-006072,24/08/2022,Technical,Medium,38.9,Resolved,5
TCK-007577,CUST-006073,02/12/2023,Technical,Low,11.2,Resolved,5
TCK-007578,CUST-006073,2024-04-18,Billing,Medium,4.8,Closed,4
TCK-007579,CUST-006074,2024-09-29,Technical,Medium,11.4,Resolved,5
TCK-007580,CUST-006074,2024-12-16,Technical,High,5.6,Resolved,5
TCK-007581,CUST-006074,2024-08-11,Billing,Medium,7.1,Resolved,5
TCK-007582,CUST-006075,2024-08-19,Integration,High,1.2,Resolved,3
TCK-007583,CUST-006078,2024-04-29,Billing,Medium,4.9,Resolved,3
TCK-007584,CUST-006078,2024-02-10,Technical,Critical,12.4,Resolved,3
TCK-007585,CUST-006078,2024-03-09,Performance,High,6.1,Closed,4
TCK-007586,CUST-006078,2024-06-14,Technical,Low,30.4,Resolved,3
TCK-007587,CUST-006079,2022-09-22,Technical,Low,12.2,Resolved,5
TCK-007588,CUST-006081,2024-07-06,Integration,Low,12.6,Resolved,4
TCK-007589,CUST-006081,2023-06-13,Billing,Low,0.5,Closed,3
TCK-007590,CUST-006082,2023-05-24,Feature Request,Low,10.4,Resolved,3
TCK-007591,CUST-006083,2024-07-29,Login,High,14.9,Resolved,3
TCK-007592,CUST-006083,2024-04-09,Billing,Medium,14.9,Closed,4
TCK-007593,CUST-006084,2023-12-05,Feature Request,Low,51.1,Pending,2
TCK-007594,CUST-006084,2024-08-12,Technical,Low,13.9,Pending,3
TCK-007595,CUST-006084,2024-04-24,Security,Medium,0.5,Resolved,5
TCK-007596,CUST-006085,2022-09-30,Technical,Medium,1.4,Closed,5
TCK-007597,CUST-006085,2023-07-15,Technical,Low,51.6,Resolved,1
TCK-007598,CUST-006086,2024-04-20,Billing,Medium,22.9,Closed,1
TCK-007599,CUST-006087,2024-01-09,Login,Medium,17.6,Escalated,1
TCK-007600,CUST-006087,2022-10-02,Performance,Low,42.2,Escalated,1
TCK-007601,CUST-006088,2024-10-23,Performance,Low,24.6,Closed,5
TCK-007602,CUST-006089,2024-01-01,Performance,Low,88.9,Escalated,1
TCK-007603,CUST-006089,2024-02-29,Performance,Low,22.2,Resolved,1
TCK-007604,CUST-006089,2023-12-29,Security,Medium,11.2,Resolved,4
TCK-007605,CUST-006090,2024-04-10,Technical,Medium,3.6,Closed,4
TCK-007606,CUST-006091,08/12/2023,Performance,Medium,32.2,Closed,4
TCK-007607,CUST-006091,2024-02-25,Integration,High,1.2,Resolved,4
TCK-007608,CUST-006092,2023-02-08,Billing,High,52.4,Resolved,4
TCK-007609,CUST-006100,2024-07-27,Login,Low,0.5,Resolved,3
TCK-007610,CUST-006100,2023-08-30,Technical,Low,18.5,Resolved,5
TCK-007611,CUST-006100,2024-01-30,Login,Low,2.0,Closed,4
TCK-007612,CUST-006101,2022-10-25,Performance,Medium,10.7,Resolved,5
TCK-007613,CUST-006102,2024-03-27,Technical,High,37.7,Resolved,2
TCK-007614,CUST-006102,2024-03-20,Technical,High,32.4,Resolved,2
TCK-007615,CUST-006102,2024-04-12,Security,Medium,12.3,Resolved,2
TCK-007616,CUST-006102,2024-04-07,Performance,Low,37.3,Resolved,4
TCK-007617,CUST-006103,2023-11-14,Integration,Medium,45.6,Resolved,3
TCK-007618,CUST-006103,2024-01-11,Technical,Medium,7.3,Resolved,1
TCK-007619,CUST-006103,2023-09-02,Performance,Critical,2.2,Resolved,1
TCK-007620,CUST-006103,2023-06-18,Billing,Medium,23.7,Resolved,1
TCK-007621,CUST-006103,2023-12-18,Technical,High,62.0,Closed,1
TCK-007622,CUST-006105,2023-05-16,Billing,Low,4.9,Closed,4
TCK-007623,CUST-006105,2024-07-29,Login,High,79.2,Resolved,4
TCK-007624,CUST-006106,01/02/2024,Technical,Low,2.1,Resolved,4
TCK-007625,CUST-006109,2024-05-13,Performance,Low,1.2,Resolved,2
TCK-007626,CUST-006109,2024-03-29,Billing,Medium,11.3,Resolved,2
TCK-007627,CUST-006109,2024-06-21,Performance,High,26.5,Closed,5
TCK-007628,CUST-006109,2024-07-12,Billing,Low,1.7,Resolved,4
TCK-007629,CUST-006110,2024-10-29,Billing,High,42.4,Resolved,3
TCK-007630,CUST-006111,02/12/2023,Billing,Medium,18.3,Resolved,5
TCK-007631,CUST-006112,2023-12-31,Performance,Medium,27.2,Resolved,3
TCK-007632,CUST-006112,2024-03-20,Billing,Low,7.4,Resolved,3
TCK-007633,CUST-006114,2023-11-12,Billing,Low,47.0,Resolved,3
TCK-007634,CUST-006114,2023-11-02,Technical,Medium,57.1,Pending,1
TCK-007635,CUST-006115,2024-07-25,Performance,Medium,0.9,Closed,4
TCK-007636,CUST-006117,2024-09-19,Billing,Medium,17.7,Resolved,2
TCK-007637,CUST-006117,2024-01-14,Technical,Low,2.4,Resolved,4
TCK-007638,CUST-006117,2024-06-26,Technical,Medium,3.0,Resolved,4
TCK-007639,CUST-006121,2023-04-21,Billing,Medium,25.9,Pending,1
TCK-007640,CUST-006121,2023-01-16,Login,Low,8.0,Closed,4
TCK-007641,CUST-006122,2024-11-07,Integration,Medium,7.9,Resolved,5
TCK-007642,CUST-006123,2024-09-17,Performance,Low,8.1,Resolved,4
TCK-007643,CUST-006123,2023-06-12,Integration,Critical,0.7,Closed,5
TCK-007644,CUST-006123,2024-08-11,Billing,Low,0.7,Resolved,4
TCK-007645,CUST-006124,2024-02-20,Technical,Low,3.0,Resolved,4
TCK-007646,CUST-006125,2023-09-04,Technical,Medium,1.2,Resolved,4
TCK-007647,CUST-006127,2024-01-24,Technical,Medium,3.3,Pending,2
TCK-007648,CUST-006127,2024-01-20,Feature Request,Low,1.1,Resolved,2
TCK-007649,CUST-006128,2024-04-05,Integration,Medium,10.8,Resolved,3
TCK-007650,CUST-006129,2023-02-26,Integration,Low,17.0,Resolved,2
TCK-007651,CUST-006129,2023-06-03,Performance,Low,12.5,Resolved,2
TCK-007652,CUST-006129,2023-04-20,Login,High,20.4,Resolved,1
TCK-007653,CUST-006131,2024-08-02,Technical,Low,0.7,Resolved,5
TCK-007654,CUST-006131,2023-12-18,Login,Low,17.6,Resolved,3
TCK-007655,CUST-006132,2023-03-10,Technical,Critical,43.4,Resolved,1
TCK-007656,CUST-006132,2022-11-12,Technical,Critical,45.5,Pending,2
TCK-007657,CUST-006133,2023-11-07,Technical,Low,0.5,Resolved,5
TCK-007658,CUST-006134,2024-10-02,Technical,Medium,0.5,Resolved,5
TCK-007659,CUST-006136,2023-12-12,Integration,Medium,17.6,Resolved,4
TCK-007660,CUST-006136,2024-08-15,Login,High,8.2,Closed,3
TCK-007661,CUST-006138,2023-03-23,Technical,Medium,5.0,Resolved,1
TCK-007662,CUST-006139,2022-08-04,Login,High,7.6,Resolved,4
TCK-007663,CUST-006140,2023-12-26,Technical,Medium,60.2,Pending,1
TCK-007664,CUST-006140,2023-12-19,Login,High,3.8,Resolved,2
TCK-007665,CUST-006140,2024-07-17,Billing,Low,10.6,Pending,1
TCK-007666,CUST-006141,2023-12-25,Feature Request,Low,0.5,Resolved,4
TCK-007667,CUST-006141,2024-01-03,Technical,Medium,1.7,Resolved,4
TCK-007668,CUST-006142,2022-11-04,Technical,Low,45.0,Resolved,5
TCK-007669,CUST-006143,2023-03-02,Performance,Low,4.4,Resolved,2
TCK-007670,CUST-006143,2023-02-04,Billing,Low,54.9,Closed,1
TCK-007671,CUST-006143,2023-05-20,Integration,Low,10.3,Closed,2
TCK-007672,CUST-006143,2023-01-20,Integration,Low,11.2,Resolved,4
TCK-007673,CUST-006143,2023-06-28,Login,High,24.0,Pending,1
TCK-007674,CUST-006143,2024-06-18,Technical,Low,1.1,Escalated,3
TCK-007675,CUST-006144,2024-04-27,Login,High,6.7,Resolved,3
TCK-007676,CUST-006145,2022-11-04,Billing,Medium,5.9,Resolved,1
TCK-007677,CUST-006146,2024-01-07,Login,Medium,25.5,Resolved,3
TCK-007678,CUST-006146,2022-09-12,Feature Request,Low,23.3,Pending,1
TCK-007679,CUST-006147,2024-05-24,Technical,High,46.2,Resolved,1
TCK-007680,CUST-006149,2024-01-15,Performance,Low,26.1,Resolved,5
TCK-007681,CUST-006149,2023-08-28,Technical,Medium,0.6,Resolved,3
TCK-007682,CUST-006150,2024-03-25,Billing,Medium,54.9,Resolved,4
TCK-007683,CUST-006150,2023-08-20,Technical,Medium,999.9,Closed,3
TCK-007684,CUST-006151,2024-08-10,Technical,Low,18.1,Closed,4
TCK-007685,CUST-006151,2023-04-01,Integration,Medium,999.9,Resolved,4
TCK-007686,CUST-006153,2022-10-24,Billing,High,6.2,Resolved,4
TCK-007687,CUST-006154,15/08/2023,Integration,Medium,15.6,Resolved,5
TCK-007688,CUST-006155,2024-01-23,Security,Low,12.3,Resolved,3
TCK-007689,CUST-006156,2023-12-26,Login,High,34.1,Resolved,4
TCK-007690,CUST-006156,2024-02-22,Login,High,37.7,Escalated,2
TCK-007691,CUST-006156,2023-11-18,Technical,Medium,0.5,Resolved,1
TCK-007692,CUST-006156,2023-11-26,Technical,Low,26.7,Escalated,2
TCK-007693,CUST-006157,2024-10-11,Performance,High,7.6,Resolved,3
TCK-007694,CUST-006158,31/12/2023,Technical,Low,3.1,Resolved,5
TCK-007695,CUST-006160,2023-10-07,Login,Medium,10.3,Resolved,5
TCK-007696,CUST-006161,2024-04-28,Technical,High,61.0,Resolved,5
TCK-007697,CUST-006161,2024-02-10,Login,Low,10.7,Closed,4
TCK-007698,CUST-006162,2024-01-14,Billing,Low,23.9,Closed,5
TCK-007699,CUST-006162,2024-05-18,Billing,Medium,22.9,Resolved,4
TCK-007700,CUST-006162,2023-08-29,Technical,Medium,2.2,Resolved,4
TCK-007701,CUST-006163,2024-09-10,Login,Low,31.4,Resolved,3
TCK-007702,CUST-006163,2024-06-18,Login,Medium,15.5,Closed,2
TCK-007703,CUST-006163,2024-08-06,Integration,High,31.9,Escalated,2
TCK-007704,CUST-006163,2024-06-07,Billing,Medium,56.5,Resolved,2
TCK-007705,CUST-006164,26/11/2024,Technical,Medium,22.3,Resolved,4
TCK-007706,CUST-006165,2024-07-18,Technical,Medium,28.9,Resolved,5
TCK-007707,CUST-006165,2024-11-18,Security,Low,0.5,Resolved,4
TCK-007708,CUST-006165,2024-12-21,Technical,High,79.0,Closed,3
TCK-007709,CUST-006166,2024-05-04,Technical,Medium,11.0,Closed,3
TCK-007710,CUST-006167,2022-09-08,Billing,Medium,9.7,Pending,2
TCK-007711,CUST-006168,2023-09-10,Technical,Low,12.4,Resolved,5
TCK-007712,CUST-006169,2024-08-07,Technical,Low,7.3,Closed,5
TCK-007713,CUST-006170,2022-12-31,Login,Medium,47.4,Closed,3
TCK-007714,CUST-006170,2023-10-29,Technical,Medium,15.6,Resolved,2
TCK-007715,CUST-006170,2024-05-26,Login,Medium,21.7,Resolved,3
TCK-007716,CUST-006172,2024-02-12,Technical,Low,6.5,Closed,4
TCK-007717,CUST-006174,2024-06-30,Performance,Low,12.5,Closed,3
TCK-007718,CUST-006175,2024-05-18,Performance,Medium,11.3,Resolved,4
TCK-007719,CUST-006176,2024-09-06,Technical,Medium,20.8,Resolved,4
TCK-007720,CUST-006177,2024-06-10,Feature Request,Medium,33.5,Resolved,3
TCK-007721,CUST-006179,2022-10-25,Technical,Low,6.9,Resolved,2
TCK-007722,CUST-006179,2024-04-27,Technical,High,35.4,Closed,2
TCK-007723,CUST-006179,2023-01-04,Technical,Low,2.3,Pending,1
TCK-007724,CUST-006179,2023-10-12,Integration,Medium,38.4,Closed,2
TCK-007725,CUST-006179,2023-09-30,Technical,Low,26.4,Resolved,2
TCK-007726,CUST-006180,2024-11-25,Integration,Low,4.6,Resolved,5
TCK-007727,CUST-006180,06/05/2024,Billing,Low,12.3,Resolved,5
TCK-007728,CUST-006182,2024-04-25,Billing,Medium,2.1,Resolved,2
TCK-007729,CUST-006182,2024-03-07,Technical,Medium,1.6,Escalated,2
TCK-007730,CUST-006182,2024-06-21,Technical,High,36.6,Resolved,3
TCK-007731,CUST-006183,2024-07-30,Security,Medium,9.1,Resolved,4
TCK-007732,CUST-006183,2023-10-06,Security,Low,1.0,Resolved,5
TCK-007733,CUST-006185,2024-05-09,Billing,Medium,23.7,Closed,2
TCK-007734,CUST-006185,2024-04-28,Technical,Medium,2.1,Resolved,3
TCK-007735,CUST-006186,26/09/2024,Integration,Medium,14.6,Closed,4
TCK-007736,CUST-006186,2024-05-30,Billing,High,119.1,Closed,5
TCK-007737,CUST-006187,2024-05-01,Billing,Critical,9.7,Resolved,2
TCK-007738,CUST-006187,2024-03-31,Login,Medium,16.8,Escalated,1
TCK-007739,CUST-006188,2023-06-17,Billing,High,75.9,Resolved,3
TCK-007740,CUST-006188,2023-09-01,Login,High,72.2,Resolved,1
TCK-007741,CUST-006189,2024-08-01,Login,Low,13.9,Closed,5
TCK-007742,CUST-006189,2023-12-28,Performance,Medium,1.3,Resolved,5
TCK-007743,CUST-006190,2023-09-28,Integration,Low,62.8,Resolved,3
TCK-007744,CUST-006191,2024-06-05,Performance,High,93.1,Resolved,3
TCK-007745,CUST-006192,2024-01-10,Security,Critical,17.4,Resolved,5
TCK-007746,CUST-006192,2023-12-19,Integration,Critical,32.0,Resolved,3
TCK-007747,CUST-006193,2024-09-04,Login,Low,24.9,Resolved,4
TCK-007748,CUST-006195,2022-08-28,Billing,Low,18.6,Resolved,5
TCK-007749,CUST-006196,2024-07-04,Performance,Low,12.7,Pending,3
TCK-007750,CUST-006197,2023-01-17,Technical,Low,7.9,Closed,3
TCK-007751,CUST-006197,2024-04-13,Technical,Low,95.2,Pending,1
TCK-007752,CUST-006197,2024-03-20,Login,High,124.9,Resolved,5
TCK-007753,CUST-006198,2024-08-13,Performance,Critical,47.4,Resolved,1
TCK-007754,CUST-006200,2024-01-07,Login,Low,17.8,Resolved,4
TCK-007755,CUST-006200,2023-12-20,Technical,Medium,12.2,Resolved,1
TCK-007756,CUST-006201,2023-12-27,Performance,Medium,27.1,Closed,4
TCK-007757,CUST-006202,2023-04-20,Security,Medium,6.6,Resolved,5
TCK-007758,CUST-006202,2024-10-22,Technical,Low,4.5,Resolved,4
TCK-007759,CUST-006202,2024-09-14,Billing,Low,2.3,Resolved,4
TCK-007760,CUST-006202,2024-05-28,Technical,Low,1.6,Resolved,5
TCK-007761,CUST-006203,2023-06-18,Billing,Medium,8.9,Resolved,5
TCK-007762,CUST-006204,2024-05-19,Technical,Medium,23.0,Resolved,4
TCK-007763,CUST-006204,2024-10-24,Technical,Critical,32.9,Resolved,1
TCK-007764,CUST-006204,2024-07-15,Billing,Medium,4.3,Resolved,1
TCK-007765,CUST-006204,2024-04-09,Technical,High,6.9,Resolved,2
TCK-007766,CUST-006206,2024-02-17,Technical,Low,12.2,Closed,2
TCK-007767,CUST-006206,2024-05-11,Technical,Medium,69.6,Resolved,1
TCK-007768,CUST-006206,2024-03-21,Billing,Medium,51.4,Closed,2
TCK-007769,CUST-006206,2024-06-13,Feature Request,High,16.5,Pending,2
TCK-007770,CUST-006206,2024-08-04,Technical,Medium,5.7,Resolved,2
TCK-007771,CUST-006208,2022-07-21,Performance,Critical,16.9,Resolved,3
TCK-007772,CUST-006209,2023-11-28,Technical,High,63.7,Resolved,2
TCK-007773,CUST-006210,2024-03-06,Login,Low,18.7,Resolved,1
TCK-007774,CUST-006211,2024-04-25,Login,High,26.8,Resolved,3
TCK-007775,CUST-006212,2023-10-28,Technical,High,2.7,Resolved,4
TCK-007776,CUST-006214,2024-06-08,Integration,Low,9.6,Pending,1
TCK-007777,CUST-006215,2024-08-20,Login,Medium,11.4,Resolved,3
TCK-007778,CUST-006217,2022-10-27,Performance,Critical,49.7,Escalated,1
TCK-007779,CUST-006217,01/03/2023,Login,Medium,0.5,Resolved,3
TCK-007780,CUST-006217,2023-05-07,Technical,Medium,5.3,Resolved,2
TCK-007781,CUST-006217,2023-01-30,Performance,Medium,63.1,Resolved,1
TCK-007782,CUST-006218,2024-05-06,Integration,Low,14.9,Resolved,2
TCK-007783,CUST-006219,2024-06-21,Technical,Low,52.5,Resolved,3
TCK-007784,CUST-006219,2024-09-09,Billing,Medium,11.6,Resolved,1
TCK-007785,CUST-006220,2022-05-24,Performance,Low,48.4,Resolved,2
TCK-007786,CUST-006224,2024-08-14,Billing,Low,14.9,Resolved,4
TCK-007787,CUST-006225,2024-03-31,Performance,High,31.0,Closed,3
TCK-007788,CUST-006225,2023-08-14,Technical,Medium,31.3,Escalated,1
TCK-007789,CUST-006225,2023-05-20,Feature Request,Medium,17.3,Resolved,1
TCK-007790,CUST-006225,2024-07-09,Technical,Low,18.2,Resolved,2
TCK-007791,CUST-006225,2024-06-25,Performance,Medium,68.4,Pending,1
TCK-007792,CUST-006226,2024-01-11,Technical,Critical,10.7,Resolved,4
TCK-007793,CUST-006228,2023-08-26,Technical,High,49.9,Closed,4
TCK-007794,CUST-006229,2024-08-23,Technical,Medium,21.7,Resolved,2
TCK-007795,CUST-006229,2024-07-25,Technical,Critical,19.2,Resolved,2
TCK-007796,CUST-006229,2024-08-16,Integration,Low,8.6,Escalated,3
TCK-007797,CUST-006229,2024-03-26,Integration,Medium,27.5,Resolved,2
TCK-007798,CUST-006230,2024-07-23,Technical,Low,1.7,Resolved,3
TCK-007799,CUST-006232,2024-07-30,Login,Medium,5.0,Closed,4
TCK-007800,CUST-006232,2024-07-14,Technical,Low,41.3,Closed,5
TCK-007801,CUST-006232,2024-05-12,Integration,Medium,28.5,Resolved,3
TCK-007802,CUST-006233,2023-12-06,Technical,Medium,25.9,Resolved,4
TCK-007803,CUST-006234,2023-02-22,Billing,Low,4.3,Escalated,3
TCK-007804,CUST-006234,2023-04-22,Billing,Medium,12.2,Resolved,3
TCK-007805,CUST-006234,2022-11-30,Login,Low,22.2,Resolved,1
TCK-007806,CUST-006234,2023-01-05,Technical,Medium,5.7,Resolved,2
TCK-007807,CUST-006234,2022-11-10,Security,Medium,58.2,Resolved,2
TCK-007808,CUST-006235,2024-07-07,Login,Medium,39.1,Closed,3
TCK-007809,CUST-006236,2022-03-15,Technical,Low,4.1,Resolved,3
TCK-007810,CUST-006236,2023-10-17,Billing,Low,0.5,Resolved,3
TCK-007811,CUST-006237,2024-10-09,Technical,Critical,8.8,Resolved,4
TCK-007812,CUST-006237,2024-12-06,Integration,High,28.7,Closed,2
TCK-007813,CUST-006238,2022-08-21,Technical,Medium,0.6,Resolved,5
TCK-007814,CUST-006238,2023-01-01,Technical,Medium,39.4,Closed,1
TCK-007815,CUST-006238,2022-10-12,Technical,Low,48.6,Resolved,1
TCK-007816,CUST-006239,2023-10-19,Billing,Low,0.5,Closed,4
TCK-007817,CUST-006240,2023-02-09,Login,High,1.6,Resolved,5
TCK-007818,CUST-006240,2024-06-02,Technical,Low,8.2,Closed,5
TCK-007819,CUST-006242,2023-01-14,Billing,Medium,0.6,Resolved,2
TCK-007820,CUST-006244,2022-11-08,Integration,Medium,29.2,Resolved,4
TCK-007821,CUST-006245,2023-08-10,Integration,Medium,3.1,Closed,1
TCK-007822,CUST-006245,2023-02-25,Billing,High,0.5,Resolved,1
TCK-007823,CUST-006245,2024-01-03,Login,Medium,43.8,Resolved,3
TCK-007824,CUST-006245,2023-12-25,Technical,Medium,5.2,Resolved,1
TCK-007825,CUST-006248,2023-12-07,Technical,Medium,5.4,Resolved,2
TCK-007826,CUST-006248,2023-10-28,Performance,Medium,19.5,Resolved,2
TCK-007827,CUST-006248,2023-05-26,Technical,Low,12.0,Closed,5
TCK-007828,CUST-006250,28/07/2024,Performance,Low,42.4,Resolved,2
TCK-007829,CUST-006250,2024-10-25,Login,High,4.9,Resolved,2
TCK-007830,CUST-006250,2024-01-20,Billing,Medium,8.4,Closed,4
TCK-007831,CUST-006253,2023-11-19,Performance,Critical,6.2,Closed,4
TCK-007832,CUST-006254,2023-10-19,Performance,High,41.1,Resolved,4
TCK-007833,CUST-006254,2024-01-16,Login,Medium,5.2,Resolved,5
TCK-007834,CUST-006254,2024-08-12,Integration,Low,12.1,Resolved,4
TCK-007835,CUST-006256,2023-01-10,Login,Low,13.1,Resolved,2
TCK-007836,CUST-006256,2022-04-21,Billing,Low,28.5,Resolved,4
TCK-007837,CUST-006257,2023-04-16,Login,Medium,8.8,Resolved,4
TCK-007838,CUST-006258,2023-01-10,Integration,High,0.7,Closed,4
TCK-007839,CUST-006259,2024-09-21,Login,Low,10.8,Resolved,5
TCK-007840,CUST-006260,2024-04-04,Billing,Critical,74.9,Closed,4
TCK-007841,CUST-006261,2023-05-02,Technical,Medium,3.4,Resolved,5
TCK-007842,CUST-006262,2024-07-18,Performance,Medium,0.5,Closed,3
TCK-007843,CUST-006262,2024-12-19,Technical,Medium,3.9,Closed,4
TCK-007844,CUST-006263,2023-10-18,Performance,Low,2.5,Resolved,4
TCK-007845,CUST-006263,2023-03-20,Billing,Low,52.3,Pending,3
TCK-007846,CUST-006264,2022-10-21,Billing,Medium,9.0,Resolved,4
TCK-007847,CUST-006264,2023-03-30,Performance,Medium,22.1,Resolved,2
TCK-007848,CUST-006265,2023-08-24,Integration,Low,8.4,Resolved,1
TCK-007849,CUST-006265,2023-11-08,Login,Medium,4.3,Resolved,3
TCK-007850,CUST-006266,2023-10-09,Technical,Low,8.9,Resolved,2
TCK-007851,CUST-006266,2023-09-05,Technical,Low,36.8,Escalated,2
TCK-007852,CUST-006266,2023-08-05,Login,Medium,22.2,Escalated,1
TCK-007853,CUST-006266,2023-08-10,Login,Medium,22.7,Resolved,1
TCK-007854,CUST-006269,2023-11-15,Technical,Low,1.4,Closed,5
TCK-007855,CUST-006269,2024-02-04,Performance,Low,17.8,Closed,3
TCK-007856,CUST-006271,2023-10-26,Technical,Low,2.7,Resolved,5
TCK-007857,CUST-006271,2023-04-17,Performance,High,27.4,Resolved,4
TCK-007858,CUST-006272,2024-05-26,Billing,Medium,36.9,Resolved,4
TCK-007859,CUST-006273,2023-12-20,Technical,High,41.6,Closed,4
TCK-007860,CUST-006273,2023-10-28,Billing,High,100.1,Resolved,3
TCK-007861,CUST-006276,2023-06-30,Performance,Medium,13.2,Closed,4
TCK-007862,CUST-006276,24/09/2023,Login,High,16.3,Resolved,5
TCK-007863,CUST-006278,2024-06-12,Login,Medium,1.2,Resolved,4
TCK-007864,CUST-006280,2023-06-26,Technical,High,51.1,Resolved,5
TCK-007865,CUST-006280,2023-08-12,Billing,Low,3.7,Resolved,4
TCK-007866,CUST-006282,2024-03-31,Security,Medium,11.0,Escalated,1
TCK-007867,CUST-006282,2024-08-08,Feature Request,Low,13.6,Closed,1
TCK-007868,CUST-006282,2024-10-07,Integration,Critical,55.9,Closed,4
TCK-007869,CUST-006282,2024-05-12,Technical,Low,4.0,Escalated,1
TCK-007870,CUST-006283,2023-07-13,Billing,Critical,8.0,Pending,2
TCK-007871,CUST-006283,2023-08-25,Login,Medium,33.4,Resolved,2
TCK-007872,CUST-006285,2024-02-22,Security,Low,2.6,Resolved,2
TCK-007873,CUST-006285,2024-03-21,Technical,Critical,23.9,Closed,2
TCK-007874,CUST-006285,2023-07-08,Technical,Low,31.7,Resolved,3
TCK-007875,CUST-006285,2022-09-20,Performance,Medium,30.5,Resolved,5
TCK-007876,CUST-006285,2023-06-23,Performance,High,17.1,Resolved,2
TCK-007877,CUST-006286,2024-01-09,Integration,Low,6.8,Resolved,4
TCK-007878,CUST-006287,2024-06-21,Technical,Medium,20.5,Resolved,5
TCK-007879,CUST-006287,2024-05-28,Performance,Critical,17.1,Closed,2
TCK-007880,CUST-006287,2024-11-25,Login,Low,16.1,Closed,4
TCK-007881,CUST-006288,23/06/2022,Feature Request,Medium,58.7,Resolved,1
TCK-007882,CUST-006288,2022-04-11,Billing,High,1.7,Resolved,3
TCK-007883,CUST-006288,2022-09-16,Login,Low,10.7,Pending,2
TCK-007884,CUST-006289,2022-07-04,Technical,Medium,153.7,Pending,3
TCK-007885,CUST-006289,2022-07-14,Technical,Low,25.1,Pending,2
TCK-007886,CUST-006289,2022-06-15,Login,Medium,11.5,Resolved,3
TCK-007887,CUST-006289,2023-11-29,Technical,Low,38.7,Resolved,1
TCK-007888,CUST-006289,2023-04-30,Billing,Low,25.7,Resolved,1
TCK-007889,CUST-006289,2023-07-13,Integration,Medium,19.4,Resolved,4
TCK-007890,CUST-006292,2023-06-20,Performance,Medium,34.1,Resolved,3
TCK-007891,CUST-006293,2024-04-07,Login,Medium,7.4,Pending,3
TCK-007892,CUST-006293,2024-03-31,Technical,High,24.7,Pending,2
TCK-007893,CUST-006294,2024-10-04,Billing,Medium,4.2,Resolved,5
TCK-007894,CUST-006295,2024-06-30,Login,Low,12.8,Closed,5
TCK-007895,CUST-006295,2024-09-25,Login,Low,11.8,Resolved,2
TCK-007896,CUST-006296,2024-10-27,Security,Low,36.6,Resolved,2
TCK-007897,CUST-006296,13/07/2024,Feature Request,Medium,4.6,Resolved,3
TCK-007898,CUST-006296,2024-09-06,Technical,Low,27.8,Resolved,1
TCK-007899,CUST-006297,2023-12-15,Integration,High,31.4,Resolved,5
TCK-007900,CUST-006300,2023-12-25,Login,High,2.8,Resolved,3
TCK-007901,CUST-006301,2024-11-16,Performance,Low,0.5,Closed,5
TCK-007902,CUST-006302,2024-11-25,Security,Medium,22.5,Resolved,2
TCK-007903,CUST-006303,2024-06-03,Login,Low,3.7,Resolved,3
TCK-007904,CUST-006305,2024-04-01,Login,Critical,16.3,Resolved,4
TCK-007905,CUST-006305,2024-05-11,Technical,Medium,6.1,Closed,4
TCK-007906,CUST-006306,2023-12-02,Login,Medium,24.5,Resolved,4
TCK-007907,CUST-006307,2022-09-25,Technical,High,59.7,Resolved,1
TCK-007908,CUST-006308,09/01/2023,Performance,Low,16.7,Closed,5
TCK-007909,CUST-006308,2023-05-04,Performance,Medium,1.6,Resolved,2
TCK-007910,CUST-006309,2023-02-06,Login,Low,6.1,Escalated,3
TCK-007911,CUST-006309,2023-08-09,Login,High,128.7,Resolved,1
TCK-007912,CUST-006309,2023-11-04,Technical,Medium,50.3,Escalated,1
TCK-007913,CUST-006309,2023-11-25,Billing,High,16.7,Pending,1
TCK-007914,CUST-006309,2023-06-09,Performance,Medium,65.1,Resolved,4
TCK-007915,CUST-006310,2024-06-02,Billing,Medium,29.4,Resolved,3
TCK-007916,CUST-006310,2024-10-22,Technical,Low,9.0,Resolved,3
TCK-007917,CUST-006310,2024-05-22,Performance,Medium,2.0,Resolved,4
TCK-007918,CUST-006312,2024-10-06,Login,Low,25.5,Resolved,2
TCK-007919,CUST-006314,2023-11-01,Technical,High,41.7,Resolved,2
TCK-007920,CUST-006316,2024-06-01,Technical,Medium,23.1,Resolved,3
TCK-007921,CUST-006317,2024-11-02,Billing,Critical,59.4,Resolved,3
TCK-007922,CUST-006318,2024-07-28,Performance,Low,12.2,Resolved,4
TCK-007923,CUST-006319,15/03/2022,Performance,High,40.5,Resolved,5
TCK-007924,CUST-006323,2023-12-08,Integration,Low,11.8,Closed,4
TCK-007925,CUST-006327,2023-10-17,Feature Request,Low,5.5,Pending,3
TCK-007926,CUST-006327,2024-02-22,Login,High,8.4,Resolved,2
TCK-007927,CUST-006327,2024-03-05,Technical,Low,39.7,Escalated,1
TCK-007928,CUST-006328,2023-09-12,Feature Request,Medium,7.9,Closed,1
TCK-007929,CUST-006328,2022-12-28,Technical,High,3.1,Escalated,1
TCK-007930,CUST-006328,2024-01-04,Login,Low,5.7,Closed,2
TCK-007931,CUST-006329,19/01/2023,Integration,Low,42.8,Resolved,3
TCK-007932,CUST-006329,2024-10-30,Billing,Medium,26.0,Resolved,2
TCK-007933,CUST-006329,2024-02-18,Login,Medium,8.2,Closed,4
TCK-007934,CUST-006330,2024-02-18,Login,High,12.1,Escalated,1
TCK-007935,CUST-006331,2023-06-25,Login,Low,16.7,Resolved,1
TCK-007936,CUST-006333,2024-07-09,Billing,Medium,12.6,Resolved,2
TCK-007937,CUST-006333,2024-06-29,Billing,Low,41.7,Pending,3
TCK-007938,CUST-006334,2024-07-01,Integration,Low,9.2,Resolved,5
TCK-007939,CUST-006334,2024-06-22,Performance,Critical,27.5,Resolved,5
TCK-007940,CUST-006334,2024-04-01,Technical,Critical,6.0,Resolved,4
TCK-007941,CUST-006335,2024-11-17,Technical,Low,25.8,Closed,2
TCK-007942,CUST-006336,2023-04-08,Performance,Critical,1.9,Resolved,3
TCK-007943,CUST-006336,2023-03-07,Login,High,62.8,Resolved,5
TCK-007944,CUST-006336,2023-06-28,Billing,Medium,0.5,Closed,2
TCK-007945,CUST-006337,2024-05-03,Integration,Medium,27.7,Resolved,3
TCK-007946,CUST-006337,2024-09-14,Performance,Low,2.0,Resolved,4
TCK-007947,CUST-006339,2022-06-05,Technical,Low,1.5,Pending,1
TCK-007948,CUST-006340,2024-01-26,Feature Request,Low,6.3,Closed,3
TCK-007949,CUST-006344,2024-05-20,Integration,Low,46.0,Resolved,5
TCK-007950,CUST-006346,21/12/2023,Technical,Medium,4.5,Resolved,4
TCK-007951,CUST-006346,2023-10-27,Integration,High,0.6,Resolved,4
TCK-007952,CUST-006347,2024-09-22,Technical,Low,64.9,Closed,5
TCK-007953,CUST-006348,2023-01-07,Login,Medium,11.2,Resolved,3
TCK-007954,CUST-006352,2024-08-16,Technical,Low,2.0,Resolved,3
TCK-007955,CUST-006352,2024-01-07,Billing,Medium,10.4,Closed,4
TCK-007956,CUST-006354,12/04/2024,Technical,High,5.7,Closed,4
TCK-007957,CUST-006354,2024-09-23,Login,Low,8.7,Closed,3
TCK-007958,CUST-006355,2023-10-03,Integration,Critical,50.5,Resolved,3
TCK-007959,CUST-006356,2024-05-15,Technical,Low,20.7,Resolved,5
TCK-007960,CUST-006356,2024-11-02,Feature Request,High,11.6,Resolved,3
TCK-007961,CUST-006356,2023-09-08,Feature Request,Medium,7.6,Resolved,3
TCK-007962,CUST-006357,2022-06-22,Billing,Low,32.0,Closed,2
TCK-007963,CUST-006357,2022-07-01,Security,Low,18.6,Pending,1
TCK-007964,CUST-006358,2023-10-12,Billing,Medium,33.6,Resolved,3
TCK-007965,CUST-006358,2023-09-24,Performance,Medium,11.8,Resolved,2
TCK-007966,CUST-006360,2022-09-15,Billing,Low,21.5,Closed,5
TCK-007967,CUST-006360,2023-04-07,Billing,Low,22.5,Closed,4
TCK-007968,CUST-006361,2024-11-23,Login,Medium,2.3,Resolved,5
TCK-007969,CUST-006361,2024-12-26,Login,Medium,5.0,Resolved,5
TCK-007970,CUST-006364,21/06/2024,Technical,Critical,38.1,Resolved,2
TCK-007971,CUST-006365,2024-02-20,Technical,Medium,3.7,Pending,3
TCK-007972,CUST-006366,2024-12-18,Login,High,49.9,Resolved,2
TCK-007973,CUST-006368,2024-09-18,Technical,Low,9.5,Resolved,5
TCK-007974,CUST-006368,2024-06-30,Technical,Medium,8.3,Resolved,4
TCK-007975,CUST-006371,2023-06-14,Technical,Critical,11.8,Closed,2
TCK-007976,CUST-006373,2024-09-28,Technical,High,67.0,Resolved,5
TCK-007977,CUST-006374,2023-10-02,Performance,Low,22.0,Resolved,1
TCK-007978,CUST-006376,2023-10-09,Billing,Critical,6.4,Escalated,2
TCK-007979,CUST-006376,2023-12-25,Integration,Medium,23.0,Closed,3
TCK-007980,CUST-006376,2023-02-23,Billing,Medium,22.6,Resolved,4
TCK-007981,CUST-006376,2023-04-24,Billing,Medium,0.5,Pending,1
TCK-007982,CUST-006376,2023-12-30,Login,Medium,5.3,Resolved,1
TCK-007983,CUST-006377,2024-10-11,Billing,High,3.4,Closed,2
TCK-007984,CUST-006379,2024-11-02,Technical,Low,4.2,Resolved,3
TCK-007985,CUST-006380,2024-03-24,Billing,Medium,4.0,Resolved,4
TCK-007986,CUST-006380,2024-08-28,Performance,High,14.1,Closed,2
TCK-007987,CUST-006381,2024-06-18,Technical,Low,66.4,Escalated,2
TCK-007988,CUST-006382,2023-04-13,Billing,Medium,4.0,Resolved,3
TCK-007989,CUST-006382,2023-10-24,Feature Request,Medium,5.0,Resolved,3
TCK-007990,CUST-006385,2024-07-10,Technical,Medium,44.6,Resolved,1
TCK-007991,CUST-006386,2022-07-22,Performance,Low,11.5,Closed,4
TCK-007992,CUST-006391,2024-09-12,Technical,Medium,5.2,Closed,4
TCK-007993,CUST-006391,2023-10-28,Integration,Low,1.2,Closed,2
TCK-007994,CUST-006391,2024-06-28,Login,Medium,27.8,Closed,4
TCK-007995,CUST-006392,2024-05-06,Billing,Low,9.4,Resolved,5
TCK-007996,CUST-006393,2024-04-08,Login,Medium,38.2,Resolved,1
TCK-007997,CUST-006393,2023-12-30,Technical,Low,36.0,Pending,1
TCK-007998,CUST-006393,2024-03-05,Login,High,82.0,Escalated,3
TCK-007999,CUST-006396,2023-10-27,Integration,Critical,4.9,Pending,1
TCK-008000,CUST-006396,12/12/2023,Technical,Low,11.6,Escalated,1
TCK-008001,CUST-006396,2023-08-04,Security,High,9.5,Resolved,3
TCK-008002,CUST-006397,2023-03-29,Performance,Medium,31.3,Resolved,3
TCK-008003,CUST-006398,2023-09-03,Login,Low,21.2,Escalated,1
TCK-008004,CUST-006398,2023-09-11,Billing,Medium,3.4,Resolved,4
TCK-008005,CUST-006398,2023-06-24,Technical,Medium,1.4,Pending,1
TCK-008006,CUST-006399,2023-06-21,Performance,Medium,7.7,Closed,3
TCK-008007,CUST-006400,2024-09-15,Login,Low,18.6,Resolved,2
TCK-008008,CUST-006401,2023-09-25,Billing,Low,2.9,Resolved,3
TCK-008009,CUST-006401,2023-07-26,Login,Medium,9.8,Resolved,1
TCK-008010,CUST-006403,2024-09-18,Security,High,20.9,Resolved,4
TCK-008011,CUST-006403,2024-05-04,Technical,Low,7.7,Resolved,2
TCK-008012,CUST-006404,2024-10-10,Integration,Medium,8.1,Resolved,2
TCK-008013,CUST-006404,2023-06-16,Login,Low,10.7,Closed,2
TCK-008014,CUST-006404,2024-09-13,Performance,Medium,14.9,Resolved,5
TCK-008015,CUST-006405,2024-05-07,Performance,Critical,6.2,Resolved,4
TCK-008016,CUST-006406,2023-08-28,Technical,High,65.8,Resolved,2
TCK-008017,CUST-006407,2024-01-10,Login,Low,3.2,Resolved,3
TCK-008018,CUST-006408,2024-02-06,Performance,Medium,25.4,Pending,3
TCK-008019,CUST-006408,2024-04-28,Security,Medium,12.9,Resolved,3
TCK-008020,CUST-006410,2024-01-13,Performance,Low,13.0,Resolved,1
TCK-008021,CUST-006410,2024-01-05,Billing,High,1.9,Closed,2
TCK-008022,CUST-006411,2023-12-11,Billing,Low,1.2,Resolved,1
TCK-008023,CUST-006411,2024-04-19,Billing,Low,13.6,Resolved,2
TCK-008024,CUST-006412,2024-10-19,Billing,Medium,10.3,Resolved,5
TCK-008025,CUST-006415,2024-08-07,Integration,High,8.1,Closed,5
TCK-008026,CUST-006415,2024-07-03,Billing,Low,36.8,Resolved,1
TCK-008027,CUST-006415,2024-08-11,Technical,Critical,4.0,Resolved,2
TCK-008028,CUST-006416,2023-12-14,Login,High,21.2,Resolved,3
TCK-008029,CUST-006418,2023-08-17,Performance,Medium,3.1,Resolved,4
TCK-008030,CUST-006420,2024-03-31,Technical,Low,18.3,Resolved,5
TCK-008031,CUST-006420,2022-09-19,Login,Low,8.1,Resolved,3
TCK-008032,CUST-006422,2024-05-16,Billing,Medium,26.6,Closed,4
TCK-008033,CUST-006423,2023-08-16,Technical,Medium,36.1,Closed,3
TCK-008034,CUST-006424,2024-07-02,Billing,Medium,8.9,Resolved,1
TCK-008035,CUST-006426,2023-07-25,Billing,Low,17.8,Resolved,4
TCK-008036,CUST-006426,2023-07-19,Integration,Medium,0.5,Resolved,5
TCK-008037,CUST-006427,2024-10-10,Performance,Medium,7.0,Resolved,4
TCK-008038,CUST-006427,2023-09-18,Integration,Critical,1.9,Resolved,4
TCK-008039,CUST-006428,2022-10-18,Login,Low,6.3,Resolved,1
TCK-008040,CUST-006429,2024-06-02,Security,Medium,18.8,Resolved,3
TCK-008041,CUST-006430,2023-02-02,Billing,Critical,5.8,Resolved,5
TCK-008042,CUST-006431,2024-11-13,Billing,High,12.0,Closed,4
TCK-008043,CUST-006431,2024-11-15,Billing,Low,11.8,Resolved,4
TCK-008044,CUST-006433,2024-06-23,Billing,Low,18.6,Resolved,2
TCK-008045,CUST-006433,2024-09-07,Technical,Low,1.8,Resolved,2
TCK-008046,CUST-006434,2024-04-06,Technical,Medium,999.9,Resolved,4
TCK-008047,CUST-006435,2023-01-05,Login,Low,11.3,Closed,3
TCK-008048,CUST-006435,28/03/2024,Technical,Critical,32.5,Resolved,5
TCK-008049,CUST-006435,2023-08-08,Billing,Medium,3.1,Closed,3
TCK-008050,CUST-006435,2023-05-11,Billing,Medium,1.8,Resolved,4
TCK-008051,CUST-006435,2024-05-13,Technical,Medium,5.0,Resolved,4
TCK-008052,CUST-006436,2024-09-10,Performance,Critical,59.5,Resolved,3
TCK-008053,CUST-006437,2022-07-23,Feature Request,Low,17.1,Escalated,1
TCK-008054,CUST-006438,2024-06-28,Technical,Low,18.6,Resolved,3
TCK-008055,CUST-006438,2024-08-24,Security,Critical,53.8,Resolved,4
TCK-008056,CUST-006439,2023-11-14,Technical,Low,10.4,Resolved,2
TCK-008057,CUST-006440,2024-12-05,Technical,Critical,28.7,Resolved,4
TCK-008058,CUST-006440,2023-09-11,Technical,Medium,10.3,Closed,4
TCK-008059,CUST-006442,2023-11-05,Technical,Low,36.6,Pending,2
TCK-008060,CUST-006444,2023-09-05,Login,High,210.3,Pending,1
TCK-008061,CUST-006445,2022-12-28,Technical,Medium,10.5,Resolved,2
TCK-008062,CUST-006445,2023-03-09,Technical,Medium,14.0,Escalated,3
TCK-008063,CUST-006445,2023-05-23,Billing,Medium,15.1,Escalated,1
TCK-008064,CUST-006446,2022-09-30,Billing,Medium,1.5,Resolved,3
TCK-008065,CUST-006447,2022-03-02,Technical,Low,14.1,Closed,3
TCK-008066,CUST-006448,2024-01-15,Technical,Low,26.0,Resolved,4
TCK-008067,CUST-006448,2024-04-20,Technical,Critical,1.7,Resolved,1
TCK-008068,CUST-006449,2023-09-16,Technical,Low,16.3,Resolved,3
TCK-008069,CUST-006449,2024-07-06,Login,High,24.3,Escalated,2
TCK-008070,CUST-006453,2024-08-22,Technical,Medium,2.8,Resolved,4
TCK-008071,CUST-006454,2022-09-26,Technical,Medium,3.4,Resolved,1
TCK-008072,CUST-006455,2024-01-02,Technical,Low,19.4,Pending,2
TCK-008073,CUST-006457,2023-06-14,Technical,Medium,44.5,Resolved,4
TCK-008074,CUST-006458,2022-11-25,Login,Medium,14.9,Resolved,3
TCK-008075,CUST-006460,2023-01-22,Login,Low,14.0,Closed,2
TCK-008076,CUST-006460,2022-12-11,Login,Medium,26.5,Closed,1
TCK-008077,CUST-006461,2023-03-16,Technical,Low,0.5,Resolved,2
TCK-008078,CUST-006464,2024-11-12,Security,High,42.3,Resolved,3
TCK-008079,CUST-006465,2023-08-28,Billing,High,41.7,Closed,4
TCK-008080,CUST-006465,2024-04-25,Technical,Low,12.6,Closed,4
TCK-008081,CUST-006465,2022-11-19,Integration,Medium,1.2,Resolved,3
TCK-008082,CUST-006466,2024-06-18,Performance,Critical,19.9,Resolved,3
TCK-008083,CUST-006466,2024-03-12,Integration,Medium,10.3,Resolved,4
TCK-008084,CUST-006467,2024-06-24,Integration,High,35.6,Resolved,5
TCK-008085,CUST-006468,2024-05-17,Security,Low,1.1,Resolved,2
TCK-008086,CUST-006469,2024-04-29,Technical,Low,16.8,Resolved,4
TCK-008087,CUST-006469,2024-09-05,Login,High,18.4,Closed,4
TCK-008088,CUST-006470,2023-04-18,Integration,Low,42.9,Closed,1
TCK-008089,CUST-006471,09/11/2024,Feature Request,Medium,0.7,Resolved,3
TCK-008090,CUST-006472,2024-02-27,Technical,High,24.8,Pending,1
TCK-008091,CUST-006472,2023-05-05,Integration,Medium,15.0,Closed,3
TCK-008092,CUST-006472,2023-07-07,Billing,Medium,17.9,Resolved,2
TCK-008093,CUST-006473,2024-03-08,Billing,Medium,51.2,Resolved,5
TCK-008094,CUST-006474,26/12/2022,Login,High,61.3,Closed,1
TCK-008095,CUST-006474,2022-11-25,Integration,Medium,78.2,Escalated,2
TCK-008096,CUST-006475,2023-11-21,Feature Request,Low,13.7,Resolved,1
TCK-008097,CUST-006479,2023-05-18,Feature Request,Low,27.0,Closed,4
TCK-008098,CUST-006480,2022-03-29,Technical,Medium,25.6,Resolved,5
TCK-008099,CUST-006480,2022-02-21,Login,Low,16.3,Resolved,1
TCK-008100,CUST-006480,23/05/2022,Technical,Medium,1.9,Resolved,2
TCK-008101,CUST-006481,2024-05-31,Technical,Medium,0.5,Resolved,3
TCK-008102,CUST-006481,2024-07-22,Billing,Medium,25.4,Resolved,5
TCK-008103,CUST-006481,2024-04-03,Billing,High,33.6,Resolved,5
TCK-008104,CUST-006483,2024-09-06,Performance,Low,28.7,Resolved,4
TCK-008105,CUST-006483,2024-02-04,Integration,High,105.4,Escalated,1
TCK-008106,CUST-006483,2024-06-06,Performance,High,65.8,Closed,1
TCK-008107,CUST-006485,2024-01-05,Technical,Low,16.8,Resolved,3
TCK-008108,CUST-006485,2024-05-23,Login,High,36.7,Resolved,4
TCK-008109,CUST-006487,2023-05-31,Technical,Medium,29.3,Closed,4
TCK-008110,CUST-006488,2024-06-01,Integration,Medium,14.0,Resolved,4
TCK-008111,CUST-006489,2024-07-17,Performance,Medium,4.4,Resolved,1
TCK-008112,CUST-006491,2023-05-16,Login,Low,33.4,Escalated,1
TCK-008113,CUST-006491,2024-01-02,Technical,High,45.1,Closed,5
TCK-008114,CUST-006492,2024-08-14,Technical,Medium,1.4,Resolved,5
TCK-008115,CUST-006492,2024-05-31,Billing,Low,5.5,Resolved,3
TCK-008116,CUST-006492,2024-08-19,Security,Critical,7.6,Resolved,4
TCK-008117,CUST-006494,2024-10-05,Security,Low,15.1,Closed,5
TCK-008118,CUST-006494,2024-04-11,Security,Medium,2.2,Resolved,5
TCK-008119,CUST-006496,2024-04-30,Feature Request,Low,7.3,Resolved,4
TCK-008120,CUST-006497,2024-09-19,Technical,Medium,7.5,Resolved,5
TCK-008121,CUST-006497,2024-07-30,Feature Request,Low,16.4,Resolved,3
TCK-008122,CUST-006498,2022-12-05,Feature Request,Medium,11.7,Resolved,2
TCK-008123,CUST-006498,2022-12-13,Billing,High,46.0,Pending,2
TCK-008124,CUST-006498,2023-01-22,Technical,Medium,1.8,Resolved,2
TCK-008125,CUST-006499,2024-05-10,Billing,Low,10.7,Resolved,4
TCK-008126,CUST-006503,2024-11-04,Billing,Low,6.6,Closed,1
TCK-008127,CUST-006503,2024-03-02,Billing,Low,14.1,Resolved,4
TCK-008128,CUST-006504,2023-10-09,Performance,Medium,1.4,Resolved,2
TCK-008129,CUST-006506,2023-06-16,Technical,Medium,19.7,Resolved,3
TCK-008130,CUST-006507,2023-11-02,Integration,Medium,2.3,Closed,4
TCK-008131,CUST-006508,2024-10-08,Login,Medium,1.9,Resolved,4
TCK-008132,CUST-006508,2024-09-09,Login,Medium,5.4,Resolved,2
TCK-008133,CUST-006508,2024-11-13,Technical,Medium,31.6,Resolved,2
TCK-008134,CUST-006510,2022-10-30,Technical,Medium,39.6,Resolved,1
TCK-008135,CUST-006510,2023-10-13,Technical,Medium,6.1,Resolved,2
TCK-008136,CUST-006510,2024-02-26,Technical,Medium,41.6,Escalated,2
TCK-008137,CUST-006510,07/08/2023,Technical,Low,3.6,Resolved,1
TCK-008138,CUST-006510,2024-05-02,Technical,Low,17.8,Resolved,1
TCK-008139,CUST-006510,2024-05-16,Performance,Low,8.8,Resolved,3
TCK-008140,CUST-006511,2023-03-01,Login,Medium,11.0,Resolved,3
TCK-008141,CUST-006511,2023-03-11,Technical,High,2.8,Resolved,2
TCK-008142,CUST-006512,2024-06-03,Technical,High,12.0,Closed,3
TCK-008143,CUST-006513,2023-12-28,Technical,High,22.1,Resolved,4
TCK-008144,CUST-006515,2023-12-11,Performance,Medium,4.1,Closed,1
TCK-008145,CUST-006515,2023-12-20,Feature Request,Critical,130.1,Resolved,3
TCK-008146,CUST-006516,2023-12-17,Security,Medium,2.3,Closed,4
TCK-008147,CUST-006517,2023-04-11,Billing,Low,49.4,Resolved,4
TCK-008148,CUST-006517,2023-04-05,Technical,Low,1.2,Closed,3
TCK-008149,CUST-006517,2023-04-05,Security,Low,3.8,Resolved,4
TCK-008150,CUST-006518,2024-03-19,Performance,Medium,28.9,Closed,3
TCK-008151,CUST-006519,2024-03-19,Integration,Medium,10.1,Closed,4
TCK-008152,CUST-006521,2023-05-13,Billing,Low,21.8,Resolved,4
TCK-008153,CUST-006522,2023-11-13,Login,Low,102.6,Resolved,3
TCK-008154,CUST-006523,2023-12-29,Technical,Low,3.4,Resolved,3
TCK-008155,CUST-006523,2024-03-08,Performance,Medium,85.0,Closed,2
TCK-008156,CUST-006523,2024-01-17,Login,Medium,27.8,Resolved,2
TCK-008157,CUST-006524,2024-09-17,Billing,Medium,3.6,Resolved,4
TCK-008158,CUST-006524,2024-11-16,Feature Request,Medium,0.5,Resolved,5
TCK-008159,CUST-006524,2024-10-15,Technical,Low,32.6,Closed,4
TCK-008160,CUST-006525,2024-09-07,Technical,Medium,18.1,Resolved,3
TCK-008161,CUST-006525,2024-10-01,Security,Critical,39.7,Pending,2
TCK-008162,CUST-006526,2024-03-29,Technical,Low,19.2,Resolved,3
TCK-008163,CUST-006528,2024-09-30,Integration,Medium,4.4,Pending,1
TCK-008164,CUST-006529,2023-05-30,Billing,Low,14.2,Resolved,1
TCK-008165,CUST-006529,2024-06-06,Billing,High,3.7,Resolved,1
TCK-008166,CUST-006529,2023-06-27,Integration,Low,30.6,Pending,2
TCK-008167,CUST-006529,2023-09-03,Billing,Medium,23.1,Resolved,3
TCK-008168,CUST-006531,2024-03-09,Integration,Low,16.5,Resolved,1
TCK-008169,CUST-006531,2023-07-26,Integration,Low,3.5,Escalated,2
TCK-008170,CUST-006531,2022-09-20,Technical,High,5.6,Closed,3
TCK-008171,CUST-006531,2023-06-12,Technical,Medium,51.3,Resolved,2
TCK-008172,CUST-006531,2023-09-30,Billing,Medium,1.7,Resolved,2
TCK-008173,CUST-006532,2024-05-05,Performance,Low,28.6,Escalated,2
TCK-008174,CUST-006532,2024-05-27,Feature Request,High,49.4,Resolved,3
TCK-008175,CUST-006534,2024-05-04,Feature Request,Low,16.4,Resolved,3
TCK-008176,CUST-006534,2024-07-06,Billing,Medium,3.1,Resolved,3
TCK-008177,CUST-006535,2023-03-21,Billing,Low,9.7,Closed,3
TCK-008178,CUST-006540,2023-11-13,Feature Request,Critical,32.7,Resolved,1
TCK-008179,CUST-006541,2024-07-28,Integration,Critical,20.8,Resolved,5
TCK-008180,CUST-006545,2022-06-13,Security,High,23.9,Closed,2
TCK-008181,CUST-006545,2023-06-24,Technical,Low,31.6,Pending,2
TCK-008182,CUST-006545,2023-09-19,Integration,Low,39.9,Resolved,4
TCK-008183,CUST-006545,2022-10-08,Technical,Medium,53.9,Closed,1
TCK-008184,CUST-006547,2023-03-28,Performance,Low,19.3,Resolved,4
TCK-008185,CUST-006547,2024-01-27,Integration,Medium,22.8,Resolved,1
TCK-008186,CUST-006548,2023-01-26,Login,Low,111.0,Escalated,3
TCK-008187,CUST-006548,2023-01-29,Login,Low,1.8,Pending,2
TCK-008188,CUST-006548,2023-02-04,Login,Medium,23.9,Closed,3
TCK-008189,CUST-006548,2023-01-19,Integration,Medium,24.7,Pending,3
TCK-008190,CUST-006550,2022-07-26,Technical,Low,74.0,Closed,2
TCK-008191,CUST-006550,2022-07-07,Integration,High,100.6,Resolved,1
TCK-008192,CUST-006551,2024-04-20,Billing,Critical,19.8,Resolved,5
TCK-008193,CUST-006554,2023-07-03,Performance,Low,2.5,Resolved,5
TCK-008194,CUST-006554,2024-02-11,Technical,Medium,5.3,Resolved,4
TCK-008195,CUST-006554,2023-05-02,Billing,High,31.4,Resolved,5
TCK-008196,CUST-006556,2022-11-27,Login,Low,13.3,Resolved,2
TCK-008197,CUST-006556,2024-02-03,Technical,Medium,33.1,Resolved,2
TCK-008198,CUST-006557,2024-05-10,Technical,Medium,89.4,Escalated,1
TCK-008199,CUST-006557,2024-05-08,Security,Medium,23.6,Resolved,1
TCK-008200,CUST-006558,2024-11-19,Feature Request,Medium,18.8,Resolved,3
TCK-008201,CUST-006561,2024-06-05,Feature Request,Medium,3.5,Resolved,2
TCK-008202,CUST-006561,2023-11-08,Performance,Low,2.5,Pending,2
TCK-008203,CUST-006561,2024-02-28,Technical,High,4.8,Resolved,2
TCK-008204,CUST-006562,2023-01-08,Performance,Low,38.2,Resolved,1
TCK-008205,CUST-006562,14/03/2023,Integration,Low,0.5,Resolved,1
TCK-008206,CUST-006562,2023-02-18,Billing,Medium,34.0,Resolved,1
TCK-008207,CUST-006563,2024-04-29,Billing,Low,11.0,Resolved,4
TCK-008208,CUST-006564,2022-09-28,Billing,Low,2.8,Resolved,5
TCK-008209,CUST-006565,2024-01-12,Technical,Medium,18.5,Resolved,5
TCK-008210,CUST-006565,2023-05-13,Performance,Medium,11.2,Resolved,4
TCK-008211,CUST-006566,2023-03-31,Technical,High,6.3,Escalated,2
TCK-008212,CUST-006568,2024-01-15,Technical,Low,44.6,Closed,4
TCK-008213,CUST-006568,2024-11-25,Performance,Medium,8.6,Resolved,3
TCK-008214,CUST-006569,2024-04-07,Performance,Medium,8.3,Resolved,4
TCK-008215,CUST-006569,2024-06-07,Integration,Medium,12.3,Resolved,5
TCK-008216,CUST-006570,26/01/2024,Billing,Medium,11.4,Resolved,2
TCK-008217,CUST-006571,2024-08-08,Performance,High,49.6,Closed,5
TCK-008218,CUST-006572,2023-11-27,Performance,Medium,2.3,Resolved,3
TCK-008219,CUST-006572,2024-01-31,Technical,Medium,16.9,Resolved,4
TCK-008220,CUST-006572,2023-12-02,Feature Request,High,21.4,Closed,2
TCK-008221,CUST-006572,2024-06-16,Billing,Critical,36.2,Resolved,3
TCK-008222,CUST-006572,2024-02-22,Billing,Low,27.5,Resolved,2
TCK-008223,CUST-006574,2022-04-18,Performance,Critical,2.9,Closed,5
TCK-008224,CUST-006576,2023-01-16,Integration,Medium,1.7,Escalated,2
TCK-008225,CUST-006576,2022-12-26,Technical,Medium,22.2,Resolved,2
TCK-008226,CUST-006576,2022-12-25,Technical,Low,11.6,Closed,2
TCK-008227,CUST-006576,2023-01-25,Billing,Medium,18.0,Resolved,1
TCK-008228,CUST-006577,2024-04-20,Billing,Critical,51.6,Resolved,3
TCK-008229,CUST-006577,2023-05-21,Technical,Low,26.2,Resolved,4
TCK-008230,CUST-006577,2024-08-04,Integration,Medium,22.2,Resolved,4
TCK-008231,CUST-006577,2024-01-21,Integration,Medium,3.3,Resolved,4
TCK-008232,CUST-006579,2023-06-08,Billing,High,27.4,Resolved,4
TCK-008233,CUST-006580,2024-07-18,Integration,Medium,21.0,Resolved,2
TCK-008234,CUST-006580,2024-09-15,Integration,Low,9.1,Resolved,5
TCK-008235,CUST-006581,2024-08-01,Billing,Low,24.6,Resolved,5
TCK-008236,CUST-006581,2024-08-28,Performance,Critical,28.7,Closed,5
TCK-008237,CUST-006581,2024-10-09,Billing,Medium,4.1,Resolved,4
TCK-008238,CUST-006582,2024-09-06,Performance,Medium,0.9,Closed,1
TCK-008239,CUST-006582,2024-09-27,Technical,High,44.5,Pending,1
TCK-008240,CUST-006583,2024-03-31,Technical,Low,8.1,Resolved,5
TCK-008241,CUST-006583,2024-06-13,Integration,Critical,13.9,Closed,5
TCK-008242,CUST-006584,2023-12-04,Integration,Low,0.5,Resolved,2
TCK-008243,CUST-006585,2023-07-07,Integration,High,19.6,Closed,4
TCK-008244,CUST-006585,2023-07-09,Billing,Low,16.9,Resolved,4
TCK-008245,CUST-006586,2023-12-06,Technical,Medium,18.1,Resolved,2
TCK-008246,CUST-006586,2023-12-03,Login,Medium,33.6,Escalated,1
TCK-008247,CUST-006587,2024-05-17,Billing,Low,5.2,Resolved,2
TCK-008248,CUST-006588,2023-04-10,Billing,Low,11.6,Resolved,4
TCK-008249,CUST-006590,2022-08-24,Technical,Medium,4.5,Resolved,1
TCK-008250,CUST-006590,2022-08-22,Technical,Low,3.4,Resolved,3
TCK-008251,CUST-006591,2023-11-18,Technical,Low,93.1,Resolved,1
TCK-008252,CUST-006591,2024-01-21,Technical,Medium,19.7,Escalated,1
TCK-008253,CUST-006592,2022-10-04,Technical,Low,19.3,Resolved,1
TCK-008254,CUST-006592,2022-07-21,Login,Medium,32.9,Escalated,1
TCK-008255,CUST-006593,02/03/2024,Login,High,117.9,Resolved,5
TCK-008256,CUST-006594,2022-07-27,Login,Medium,16.3,Resolved,1
TCK-008257,CUST-006595,2023-11-29,Technical,Medium,999.9,Closed,3
TCK-008258,CUST-006596,2024-11-15,Technical,High,49.4,Resolved,2
TCK-008259,CUST-006597,2024-03-31,Technical,Critical,50.2,Resolved,4
TCK-008260,CUST-006597,2024-11-12,Login,Medium,57.5,Escalated,2
TCK-008261,CUST-006597,2024-11-14,Technical,Medium,38.3,Closed,2
TCK-008262,CUST-006597,2023-09-18,Integration,High,34.1,Resolved,2
TCK-008263,CUST-006597,2023-09-04,Login,Medium,8.6,Resolved,1
TCK-008264,CUST-006597,2024-08-29,Integration,Low,6.0,Resolved,4
TCK-008265,CUST-006597,2024-10-13,Billing,Low,2.2,Resolved,4
TCK-008266,CUST-006598,2023-11-25,Billing,Medium,4.5,Resolved,3
TCK-008267,CUST-006599,2024-04-07,Billing,High,101.2,Closed,4
TCK-008268,CUST-006600,2024-05-06,Technical,Medium,24.8,Escalated,1
TCK-008269,CUST-006601,2023-07-16,Billing,Critical,29.1,Resolved,1
TCK-008270,CUST-006601,2023-09-04,Performance,Medium,55.5,Resolved,1
TCK-008271,CUST-006601,2023-06-22,Login,Medium,2.4,Pending,2
TCK-008272,CUST-006601,22/10/2023,Login,Medium,46.1,Resolved,4
TCK-008273,CUST-006601,2023-10-23,Technical,Medium,9.9,Resolved,1
TCK-008274,CUST-006602,2023-09-26,Technical,Medium,27.6,Resolved,5
TCK-008275,CUST-006603,2024-01-20,Technical,High,76.2,Resolved,4
TCK-008276,CUST-006604,2023-04-04,Billing,Low,16.8,Resolved,2
TCK-008277,CUST-006606,2024-03-27,Security,Medium,1.0,Resolved,3
TCK-008278,CUST-006607,2024-07-12,Login,Medium,14.5,Escalated,2
TCK-008279,CUST-006607,2024-07-02,Technical,Low,37.6,Resolved,1
TCK-008280,CUST-006607,2024-06-26,Login,Low,18.9,Resolved,4
TCK-008281,CUST-006607,2024-06-11,Performance,Low,17.6,Resolved,4
TCK-008282,CUST-006607,2024-06-07,Technical,Low,29.3,Escalated,1
TCK-008283,CUST-006608,2024-10-31,Login,Low,2.0,Resolved,1
TCK-008284,CUST-006609,2024-05-07,Technical,Low,6.9,Resolved,3
TCK-008285,CUST-006610,2024-05-21,Billing,High,30.3,Resolved,2
TCK-008286,CUST-006610,2024-06-17,Technical,High,21.7,Resolved,2
TCK-008287,CUST-006612,2023-03-22,Billing,Medium,10.4,Resolved,5
TCK-008288,CUST-006613,2024-04-18,Feature Request,Low,59.9,Resolved,4
TCK-008289,CUST-006613,2023-12-30,Billing,Medium,7.1,Resolved,4
TCK-008290,CUST-006614,2024-09-16,Technical,Critical,21.1,Resolved,4
TCK-008291,CUST-006614,2024-08-17,Billing,Medium,9.3,Resolved,2
TCK-008292,CUST-006616,2023-08-31,Performance,Medium,29.1,Resolved,1
TCK-008293,CUST-006616,2023-08-03,Technical,Medium,2.2,Resolved,2
TCK-008294,CUST-006616,2024-02-27,Performance,Low,11.1,Pending,2
TCK-008295,CUST-006617,2024-02-04,Integration,Low,10.8,Closed,2
TCK-008296,CUST-006617,2024-01-14,Integration,Low,26.3,Resolved,1
TCK-008297,CUST-006619,2023-12-30,Security,Medium,9.2,Closed,3
TCK-008298,CUST-006620,2022-12-22,Billing,Critical,21.2,Resolved,5
TCK-008299,CUST-006621,2022-03-13,Security,Medium,13.6,Closed,3
TCK-008300,CUST-006622,2024-01-19,Billing,Medium,1.8,Resolved,3
TCK-008301,CUST-006624,2024-02-19,Integration,Critical,9.5,Resolved,3
TCK-008302,CUST-006624,2024-12-10,Performance,Medium,3.5,Closed,2
TCK-008303,CUST-006624,2024-07-07,Security,Low,11.1,Closed,4
TCK-008304,CUST-006625,2023-11-19,Login,Medium,22.8,Resolved,4
TCK-008305,CUST-006625,2024-02-02,Login,Medium,2.3,Resolved,5
TCK-008306,CUST-006625,2024-06-07,Technical,Medium,5.1,Closed,2
TCK-008307,CUST-006625,2024-05-01,Technical,Low,1.9,Closed,4
TCK-008308,CUST-006626,2023-12-19,Integration,Medium,6.6,Resolved,2
TCK-008309,CUST-006626,2023-06-08,Performance,Medium,23.3,Closed,3
TCK-008310,CUST-006627,2024-08-01,Performance,Low,7.5,Resolved,2
TCK-008311,CUST-006629,2022-07-03,Billing,Medium,2.6,Resolved,3
TCK-008312,CUST-006630,2024-03-27,Technical,Low,14.1,Closed,3
TCK-008313,CUST-006631,2023-12-28,Technical,Critical,119.5,Resolved,4
TCK-008314,CUST-006631,2024-08-27,Security,High,6.9,Resolved,1
TCK-008315,CUST-006634,2024-08-26,Billing,Medium,13.7,Resolved,4
TCK-008316,CUST-006636,2022-12-07,Technical,Medium,7.2,Closed,4
TCK-008317,CUST-006638,2024-06-18,Technical,Medium,28.9,Closed,3
TCK-008318,CUST-006639,2023-10-19,Feature Request,Low,3.7,Resolved,1
TCK-008319,CUST-006641,2024-10-21,Billing,Medium,1.1,Escalated,1
TCK-008320,CUST-006642,2024-12-22,Security,High,63.7,Resolved,4
TCK-008321,CUST-006643,2024-06-23,Billing,High,49.1,Closed,5
TCK-008322,CUST-006644,2023-10-27,Login,Low,0.5,Resolved,3
TCK-008323,CUST-006644,2024-05-11,Technical,Medium,0.5,Resolved,4
TCK-008324,CUST-006644,18/01/2023,Technical,Medium,20.9,Resolved,5
TCK-008325,CUST-006645,2024-07-30,Login,Medium,142.8,Resolved,3
TCK-008326,CUST-006646,2024-11-07,Performance,Medium,17.9,Closed,5
TCK-008327,CUST-006647,2023-07-04,Security,Low,18.6,Closed,1
TCK-008328,CUST-006648,2024-02-16,Login,High,3.0,Resolved,4
TCK-008329,CUST-006649,2024-06-14,Billing,Medium,5.9,Resolved,4
TCK-008330,CUST-006649,2024-02-08,Performance,Low,11.2,Resolved,4
TCK-008331,CUST-006650,2023-05-14,Technical,Low,102.3,Resolved,1
TCK-008332,CUST-006650,19/04/2023,Technical,Medium,12.8,Resolved,2
TCK-008333,CUST-006650,2023-05-11,Security,Low,2.1,Closed,2
TCK-008334,CUST-006651,2023-12-13,Login,Low,8.6,Resolved,5
TCK-008335,CUST-006651,2024-01-14,Feature Request,Medium,32.3,Resolved,5
TCK-008336,CUST-006652,2024-04-30,Billing,Medium,1.9,Closed,3
TCK-008337,CUST-006652,2024-02-23,Integration,Medium,11.4,Closed,2
TCK-008338,CUST-006656,2024-09-26,Performance,High,1.9,Resolved,2
TCK-008339,CUST-006656,2024-02-11,Billing,Medium,2.8,Resolved,3
TCK-008340,CUST-006657,2024-03-21,Login,Low,2.6,Resolved,2
TCK-008341,CUST-006658,2024-09-18,Integration,Low,2.5,Resolved,2
TCK-008342,CUST-006659,2022-03-25,Technical,High,1.7,Closed,3
TCK-008343,CUST-006659,27/11/2022,Login,Low,15.7,Closed,2
TCK-008344,CUST-006660,2023-12-17,Technical,High,49.1,Closed,3
TCK-008345,CUST-006660,2024-04-04,Technical,Low,45.7,Closed,3
TCK-008346,CUST-006662,2024-01-27,Billing,Low,21.9,Pending,1
TCK-008347,CUST-006662,2023-12-11,Integration,High,41.3,Pending,2
TCK-008348,CUST-006662,2024-03-05,Integration,Low,24.9,Escalated,2
TCK-008349,CUST-006664,2023-10-08,Performance,Medium,1.8,Resolved,2
TCK-008350,CUST-006665,2024-04-29,Billing,High,94.7,Resolved,4
TCK-008351,CUST-006665,2024-04-22,Performance,Low,32.2,Closed,1
TCK-008352,CUST-006666,2024-01-16,Performance,Critical,35.4,Resolved,2
TCK-008353,CUST-006666,2024-02-28,Integration,High,1.9,Closed,2
TCK-008354,CUST-006666,2024-02-12,Technical,High,41.2,Resolved,2
TCK-008355,CUST-006666,2024-03-01,Technical,Low,17.5,Pending,1
TCK-008356,CUST-006666,2024-04-12,Feature Request,Low,5.6,Resolved,3
TCK-008357,CUST-006666,2024-04-07,Login,Low,30.0,Resolved,1
TCK-008358,CUST-006667,2022-07-11,Billing,Medium,26.2,Resolved,2
TCK-008359,CUST-006669,2024-08-26,Technical,High,54.1,Closed,1
TCK-008360,CUST-006670,2023-03-21,Technical,Critical,12.2,Escalated,2
TCK-008361,CUST-006670,2023-11-10,Technical,Medium,12.8,Resolved,4
TCK-008362,CUST-006670,2023-03-16,Security,Low,19.6,Escalated,2
TCK-008363,CUST-006670,2024-04-08,Login,Low,26.1,Resolved,1
TCK-008364,CUST-006671,2024-06-25,Billing,Low,24.5,Resolved,4
TCK-008365,CUST-006672,2023-07-11,Billing,Medium,26.7,Resolved,1
TCK-008366,CUST-006674,2024-03-13,Performance,Medium,17.6,Closed,4
TCK-008367,CUST-006676,2024-06-15,Technical,Medium,0.8,Closed,3
TCK-008368,CUST-006676,2024-11-03,Billing,Medium,6.8,Resolved,5
TCK-008369,CUST-006677,2023-05-20,Technical,Medium,11.4,Resolved,4
TCK-008370,CUST-006677,2023-10-25,Integration,High,8.9,Resolved,5
TCK-008371,CUST-006679,2023-01-04,Login,Low,9.2,Resolved,4
TCK-008372,CUST-006679,2022-04-08,Technical,Low,27.7,Resolved,5
TCK-008373,CUST-006682,2022-11-04,Billing,Low,0.5,Resolved,4
TCK-008374,CUST-006682,2022-09-17,Billing,Medium,99.4,Resolved,1
TCK-008375,CUST-006682,2022-10-23,Login,High,55.1,Pending,1
TCK-008376,CUST-006683,26/09/2022,Technical,High,0.5,Resolved,4
TCK-008377,CUST-006684,2023-12-02,Technical,Low,6.3,Resolved,1
TCK-008378,CUST-006686,2024-01-12,Performance,Medium,0.6,Closed,5
TCK-008379,CUST-006687,2023-06-28,Technical,Critical,2.0,Closed,4
TCK-008380,CUST-006688,2024-09-16,Security,Medium,63.9,Closed,3
TCK-008381,CUST-006688,2024-07-17,Billing,Medium,46.5,Escalated,1
TCK-008382,CUST-006690,2023-03-18,Technical,Low,45.7,Closed,2
TCK-008383,CUST-006691,2024-03-25,Login,Medium,106.2,Escalated,1
TCK-008384,CUST-006693,2022-03-04,Billing,Low,2.2,Resolved,5
TCK-008385,CUST-006693,2024-07-16,Integration,Medium,17.3,Resolved,5
TCK-008386,CUST-006696,2022-11-12,Performance,Medium,8.6,Resolved,2
TCK-008387,CUST-006696,2024-01-16,Technical,Medium,0.6,Resolved,4
TCK-008388,CUST-006701,2024-09-02,Integration,Medium,6.5,Closed,2
TCK-008389,CUST-006702,2023-05-27,Technical,Critical,37.6,Resolved,3
TCK-008390,CUST-006703,2022-09-29,Technical,High,28.0,Resolved,3
TCK-008391,CUST-006703,2023-02-01,Billing,Low,7.1,Closed,1
TCK-008392,CUST-006703,2022-09-07,Integration,High,0.9,Resolved,3
TCK-008393,CUST-006703,2022-06-23,Billing,Medium,19.4,Resolved,2
TCK-008394,CUST-006704,2023-07-10,Technical,Low,11.9,Resolved,1
TCK-008395,CUST-006704,2023-08-20,Technical,Medium,37.2,Resolved,5
TCK-008396,CUST-006704,2023-07-31,Billing,High,17.3,Pending,2
TCK-008397,CUST-006708,2023-07-24,Performance,Medium,2.0,Closed,3
TCK-008398,CUST-006709,2024-02-19,Integration,Medium,6.7,Resolved,4
TCK-008399,CUST-006709,2024-02-22,Login,Low,3.2,Resolved,5
TCK-008400,CUST-006711,2023-09-12,Integration,Medium,10.3,Closed,3
TCK-008401,CUST-006712,2023-03-16,Technical,Medium,26.0,Resolved,1
TCK-008402,CUST-006713,2022-12-08,Technical,Critical,31.6,Resolved,5
TCK-008403,CUST-006714,2022-08-12,Technical,Medium,1.4,Resolved,4
TCK-008404,CUST-006715,2023-09-01,Integration,Medium,0.6,Resolved,4
TCK-008405,CUST-006717,2024-07-22,Technical,Medium,20.1,Resolved,5
TCK-008406,CUST-006718,2024-03-22,Billing,Medium,6.7,Closed,5
TCK-008407,CUST-006718,2024-06-05,Billing,Medium,8.1,Resolved,4
TCK-008408,CUST-006719,2024-04-01,Billing,Critical,23.1,Resolved,2
TCK-008409,CUST-006719,2024-07-08,Feature Request,Medium,42.2,Resolved,1
TCK-008410,CUST-006722,2023-10-31,Billing,High,45.0,Resolved,2
TCK-008411,CUST-006725,2023-05-15,Login,Low,7.7,Resolved,5
TCK-008412,CUST-006725,2022-12-23,Billing,Low,2.0,Closed,4
TCK-008413,CUST-006727,2024-10-27,Performance,Critical,26.4,Resolved,5
TCK-008414,CUST-006731,2023-09-29,Technical,Medium,3.6,Resolved,3
TCK-008415,CUST-006731,2022-08-30,Billing,Medium,24.1,Resolved,4
TCK-008416,CUST-006735,2024-12-16,Billing,Medium,7.9,Closed,2
TCK-008417,CUST-006735,2024-08-08,Technical,High,16.8,Resolved,4
TCK-008418,CUST-006735,2024-04-27,Technical,High,4.4,Closed,4
TCK-008419,CUST-006736,2024-07-06,Technical,High,0.5,Resolved,1
TCK-008420,CUST-006738,18/09/2024,Billing,High,31.5,Resolved,5
TCK-008421,CUST-006738,2024-04-24,Technical,Low,4.9,Resolved,4
TCK-008422,CUST-006739,2024-02-09,Technical,Low,11.0,Resolved,2
TCK-008423,CUST-006739,2024-03-25,Technical,Low,17.4,Escalated,1
TCK-008424,CUST-006739,2024-06-16,Integration,Medium,75.5,Escalated,1
TCK-008425,CUST-006739,2024-02-17,Integration,High,210.3,Resolved,2
TCK-008426,CUST-006740,2023-03-05,Performance,Low,12.8,Closed,2
TCK-008427,CUST-006740,2024-02-02,Feature Request,Low,54.2,Resolved,1
TCK-008428,CUST-006741,2023-10-09,Performance,Medium,6.6,Closed,5
TCK-008429,CUST-006743,2022-11-05,Technical,Low,17.5,Resolved,5
TCK-008430,CUST-006743,2022-11-25,Performance,Medium,1.2,Resolved,5
TCK-008431,CUST-006745,2024-12-02,Billing,Low,5.2,Resolved,5
TCK-008432,CUST-006745,2024-02-26,Login,Medium,14.2,Closed,5
TCK-008433,CUST-006746,2023-12-13,Technical,Medium,7.4,Resolved,5
TCK-008434,CUST-006746,2024-05-10,Integration,Medium,28.4,Resolved,3
TCK-008435,CUST-006746,2024-01-09,Billing,Low,59.6,Resolved,4
TCK-008436,CUST-006748,2024-07-14,Technical,Medium,4.6,Resolved,5
TCK-008437,CUST-006749,2024-03-06,Integration,Medium,3.0,Pending,2
TCK-008438,CUST-006749,2024-02-03,Technical,Low,21.6,Resolved,4
TCK-008439,CUST-006749,2023-12-02,Technical,Medium,1.5,Resolved,2
TCK-008440,CUST-006750,2023-08-20,Login,Medium,24.4,Resolved,1
TCK-008441,CUST-006750,2023-11-03,Billing,Medium,3.3,Resolved,3
TCK-008442,CUST-006750,2023-08-24,Technical,Low,88.6,Resolved,4
TCK-008443,CUST-006751,2023-11-19,Integration,Medium,31.1,Resolved,4
TCK-008444,CUST-006751,15/11/2023,Integration,Medium,17.0,Resolved,3
TCK-008445,CUST-006753,2024-03-01,Performance,Low,6.6,Resolved,3
TCK-008446,CUST-006754,2023-10-24,Technical,Medium,8.2,Resolved,5
TCK-008447,CUST-006758,2022-09-14,Performance,High,47.7,Resolved,5
TCK-008448,CUST-006759,2023-12-08,Feature Request,Low,6.2,Pending,2
TCK-008449,CUST-006759,2023-12-11,Technical,High,68.4,Closed,3
TCK-008450,CUST-006760,2023-04-03,Integration,Low,29.4,Closed,5
TCK-008451,CUST-006761,2022-07-18,Performance,High,32.4,Pending,2
TCK-008452,CUST-006761,2022-02-18,Login,Medium,73.5,Resolved,5
TCK-008453,CUST-006763,2023-04-14,Integration,High,59.0,Resolved,3
TCK-008454,CUST-006763,2024-07-18,Security,Medium,33.9,Resolved,5
TCK-008455,CUST-006763,2023-03-06,Login,High,6.2,Closed,3
TCK-008456,CUST-006764,2024-10-25,Billing,Medium,12.0,Closed,5
TCK-008457,CUST-006765,2024-10-13,Security,Low,26.1,Escalated,2
TCK-008458,CUST-006765,2024-12-10,Performance,Medium,21.8,Pending,3
TCK-008459,CUST-006765,2024-08-19,Billing,Medium,4.9,Closed,3
TCK-008460,CUST-006767,2023-10-30,Billing,Low,15.3,Pending,3
TCK-008461,CUST-006768,2023-10-20,Performance,Low,4.0,Resolved,4
TCK-008462,CUST-006769,2024-06-24,Technical,Medium,2.8,Resolved,4
TCK-008463,CUST-006771,2023-06-23,Billing,Medium,6.8,Resolved,5
TCK-008464,CUST-006773,2022-06-23,Billing,Medium,11.9,Resolved,2
TCK-008465,CUST-006773,2023-03-30,Technical,Medium,38.1,Resolved,1
TCK-008466,CUST-006773,2022-07-25,Performance,Medium,13.0,Pending,1
TCK-008467,CUST-006773,20/04/2022,Technical,Medium,6.2,Closed,1
TCK-008468,CUST-006775,2024-03-02,Billing,Medium,66.5,Resolved,1
TCK-008469,CUST-006775,2024-08-12,Login,Medium,21.1,Resolved,5
TCK-008470,CUST-006775,2024-04-14,Technical,Low,2.2,Resolved,2
TCK-008471,CUST-006775,2024-04-22,Technical,Low,22.1,Resolved,2
TCK-008472,CUST-006776,2024-06-25,Performance,Medium,1.2,Resolved,3
TCK-008473,CUST-006778,2024-07-08,Technical,High,9.1,Closed,2
TCK-008474,CUST-006779,2023-10-29,Technical,Critical,8.0,Resolved,1
TCK-008475,CUST-006779,2024-04-11,Technical,Low,20.9,Closed,3
TCK-008476,CUST-006779,2023-03-04,Technical,Medium,66.9,Resolved,2
TCK-008477,CUST-006779,2023-05-18,Security,Medium,63.8,Resolved,2
TCK-008478,CUST-006779,2023-04-20,Performance,Low,9.8,Resolved,2
TCK-008479,CUST-006779,2023-07-19,Technical,Medium,4.6,Escalated,1
TCK-008480,CUST-006779,2023-04-05,Technical,Low,12.3,Resolved,1
TCK-008481,CUST-006779,2022-11-27,Login,Low,82.7,Resolved,2
TCK-008482,CUST-006780,2024-10-02,Integration,High,21.4,Closed,3
TCK-008483,CUST-006781,2024-06-27,Login,Critical,1.5,Closed,5
TCK-008484,CUST-006783,2024-11-20,Technical,Medium,25.9,Pending,1
TCK-008485,CUST-006783,2024-03-28,Login,Low,24.2,Pending,2
TCK-008486,CUST-006785,2024-01-23,Technical,Medium,47.1,Resolved,5
TCK-008487,CUST-006786,2023-02-27,Feature Request,Medium,13.2,Resolved,2
TCK-008488,CUST-006786,2023-07-16,Security,Low,29.7,Resolved,1
TCK-008489,CUST-006786,2023-08-18,Billing,Low,21.6,Resolved,5
TCK-008490,CUST-006788,2024-08-04,Security,Low,6.8,Resolved,3
TCK-008491,CUST-006788,2024-08-30,Technical,Low,0.5,Resolved,4
TCK-008492,CUST-006788,2024-08-19,Login,High,0.5,Resolved,3
TCK-008493,CUST-006789,2023-11-11,Feature Request,Low,11.2,Escalated,1
TCK-008494,CUST-006789,2024-03-05,Performance,High,77.1,Pending,3
TCK-008495,CUST-006789,2023-12-16,Login,Low,62.7,Closed,5
TCK-008496,CUST-006790,2022-01-30,Technical,High,39.9,Resolved,2
TCK-008497,CUST-006790,2022-07-02,Login,Medium,37.2,Resolved,1
TCK-008498,CUST-006790,2022-06-09,Feature Request,Medium,28.0,Closed,3
TCK-008499,CUST-006792,2022-08-27,Billing,Low,8.1,Resolved,4
TCK-008500,CUST-006792,2023-02-10,Technical,Low,26.9,Closed,3
TCK-008501,CUST-006792,2023-10-13,Billing,High,55.2,Resolved,4
TCK-008502,CUST-006793,2024-07-07,Technical,Medium,25.1,Resolved,1
TCK-008503,CUST-006794,2023-11-03,Billing,Medium,2.5,Resolved,2
TCK-008504,CUST-006794,2023-08-03,Security,Low,72.4,Resolved,2
TCK-008505,CUST-006794,2023-10-16,Login,Low,16.2,Resolved,4
TCK-008506,CUST-006794,2023-07-19,Performance,Medium,21.6,Pending,2
TCK-008507,CUST-006794,2023-10-30,Integration,Medium,29.2,Resolved,3
TCK-008508,CUST-006795,2024-03-24,Integration,Medium,2.9,Closed,1
TCK-008509,CUST-006795,2024-08-24,Billing,Medium,2.6,Resolved,5
TCK-008510,CUST-006796,18/10/2023,Login,Medium,24.9,Resolved,3
TCK-008511,CUST-006797,2024-05-04,Login,Low,69.0,Resolved,3
TCK-008512,CUST-006797,2024-06-29,Login,Low,19.6,Resolved,2
TCK-008513,CUST-006798,2024-05-12,Login,Medium,3.1,Resolved,4
TCK-008514,CUST-006798,2024-05-27,Technical,Medium,9.8,Escalated,1
TCK-008515,CUST-006800,2023-10-20,Technical,High,39.3,Resolved,2
TCK-008516,CUST-006802,2024-02-02,Billing,Low,10.2,Pending,3
TCK-008517,CUST-006802,2024-04-18,Billing,Low,0.5,Resolved,3
TCK-008518,CUST-006804,2024-10-02,Technical,Low,1.8,Resolved,3
TCK-008519,CUST-006805,2023-09-07,Feature Request,Low,0.7,Resolved,4
TCK-008520,CUST-006806,2024-11-06,Login,Medium,4.2,Resolved,4
TCK-008521,CUST-006806,2024-09-29,Technical,Low,23.6,Closed,4
TCK-008522,CUST-006807,2024-10-04,Security,Medium,8.6,Resolved,5
TCK-008523,CUST-006808,2024-07-07,Technical,Medium,11.0,Resolved,2
TCK-008524,CUST-006808,2024-04-29,Billing,Low,2.6,Resolved,4
TCK-008525,CUST-006809,2023-08-31,Integration,Medium,999.9,Resolved,2
TCK-008526,CUST-006809,2023-08-24,Technical,Low,0.5,Resolved,1
TCK-008527,CUST-006809,2024-07-03,Login,Critical,17.0,Resolved,2
TCK-008528,CUST-006811,2023-07-23,Billing,Medium,14.2,Resolved,1
TCK-008529,CUST-006811,2023-01-18,Billing,Low,10.9,Pending,1
TCK-008530,CUST-006811,2023-04-08,Billing,Low,3.6,Resolved,1
TCK-008531,CUST-006812,2024-10-12,Technical,Medium,45.7,Resolved,1
TCK-008532,CUST-006812,2024-04-29,Billing,Low,16.8,Resolved,3
TCK-008533,CUST-006813,2024-12-04,Performance,Medium,12.7,Resolved,4
TCK-008534,CUST-006815,2024-06-10,Technical,Low,32.1,Resolved,2
TCK-008535,CUST-006817,2024-03-26,Technical,Low,0.5,Escalated,2
TCK-008536,CUST-006817,2024-01-15,Integration,Low,35.7,Resolved,1
TCK-008537,CUST-006817,2024-01-07,Technical,Medium,34.4,Closed,1
TCK-008538,CUST-006818,2023-07-04,Billing,High,10.9,Resolved,1
TCK-008539,CUST-006818,2022-09-22,Billing,Low,20.5,Escalated,1
TCK-008540,CUST-006821,2024-11-29,Performance,High,48.7,Resolved,5
TCK-008541,CUST-006822,2024-03-26,Technical,Low,20.8,Resolved,4
TCK-008542,CUST-006823,2023-12-03,Billing,High,15.3,Resolved,5
TCK-008543,CUST-006824,2023-03-14,Login,High,8.7,Closed,5
TCK-008544,CUST-006824,2023-02-14,Performance,Medium,3.2,Resolved,4
TCK-008545,CUST-006824,2023-02-23,Login,Medium,0.5,Resolved,4
TCK-008546,CUST-006824,2024-09-27,Technical,Critical,37.7,Resolved,3
TCK-008547,CUST-006825,2023-09-28,Feature Request,Low,3.9,Resolved,3
TCK-008548,CUST-006827,2024-08-31,Technical,Low,7.2,Closed,4
TCK-008549,CUST-006828,2024-09-21,Login,High,10.0,Resolved,5
TCK-008550,CUST-006828,2024-11-11,Performance,Low,7.2,Resolved,3
TCK-008551,CUST-006828,2024-04-20,Login,Medium,58.0,Resolved,2
TCK-008552,CUST-006829,2024-07-23,Login,Low,5.8,Resolved,5
TCK-008553,CUST-006829,2024-04-12,Performance,Low,30.0,Resolved,5
TCK-008554,CUST-006833,2024-09-30,Performance,Medium,12.5,Resolved,3
TCK-008555,CUST-006833,2024-11-20,Security,Low,0.5,Resolved,4
TCK-008556,CUST-006834,2023-12-29,Performance,Medium,1.4,Resolved,4
TCK-008557,CUST-006834,2024-02-13,Integration,High,84.4,Resolved,1
TCK-008558,CUST-006835,2023-01-27,Billing,Medium,15.2,Closed,3
TCK-008559,CUST-006838,2024-07-31,Login,Medium,6.9,Resolved,3
TCK-008560,CUST-006839,2024-09-21,Billing,High,7.0,Resolved,1
TCK-008561,CUST-006840,2024-08-17,Feature Request,Medium,25.9,Resolved,5
TCK-008562,CUST-006841,2023-10-20,Login,High,48.2,Resolved,4
TCK-008563,CUST-006841,2023-03-24,Billing,Low,7.8,Resolved,4
TCK-008564,CUST-006842,2024-02-19,Integration,Medium,2.8,Resolved,4
TCK-008565,CUST-006843,2023-11-23,Technical,Low,7.6,Resolved,5
TCK-008566,CUST-006844,2022-07-09,Technical,High,9.8,Resolved,3
TCK-008567,CUST-006845,2023-03-24,Integration,Medium,129.3,Closed,3
TCK-008568,CUST-006845,2023-06-22,Integration,Low,10.7,Resolved,3
TCK-008569,CUST-006846,2023-04-06,Performance,Medium,34.7,Closed,5
TCK-008570,CUST-006846,2024-06-09,Performance,Medium,4.1,Resolved,4
TCK-008571,CUST-006848,2023-09-09,Integration,Critical,48.7,Closed,2
TCK-008572,CUST-006848,2022-11-30,Login,Low,34.9,Resolved,5
TCK-008573,CUST-006849,2024-12-06,Billing,Medium,0.5,Resolved,5
TCK-008574,CUST-006851,2024-06-02,Performance,Low,0.6,Closed,4
TCK-008575,CUST-006851,2024-02-24,Login,High,26.7,Resolved,4
TCK-008576,CUST-006852,2024-10-22,Technical,Critical,8.5,Closed,5
TCK-008577,CUST-006852,2023-04-26,Technical,Medium,15.4,Resolved,5
TCK-008578,CUST-006853,2023-03-16,Integration,Low,6.1,Closed,4
TCK-008579,CUST-006855,01/09/2022,Technical,Low,3.6,Pending,2
TCK-008580,CUST-006855,2023-05-02,Billing,High,12.1,Pending,1
TCK-008581,CUST-006856,2022-09-02,Technical,Medium,11.4,Resolved,3
TCK-008582,CUST-006856,2022-08-22,Billing,High,22.3,Resolved,1
TCK-008583,CUST-006857,2024-06-28,Billing,Low,11.6,Resolved,4
TCK-008584,CUST-006859,2023-12-06,Technical,High,10.3,Closed,4
TCK-008585,CUST-006860,2023-07-10,Login,Medium,16.5,Resolved,1
TCK-008586,CUST-006860,2023-10-26,Technical,Low,15.6,Resolved,3
TCK-008587,CUST-006860,19/12/2023,Login,Critical,48.0,Resolved,1
TCK-008588,CUST-006860,2023-08-08,Security,Low,70.1,Closed,1
TCK-008589,CUST-006865,2023-02-08,Login,High,18.9,Resolved,1
TCK-008590,CUST-006865,2022-09-06,Technical,Medium,26.9,Resolved,3
TCK-008591,CUST-006867,2024-10-29,Billing,Medium,32.0,Closed,3
TCK-008592,CUST-006867,2024-03-20,Performance,Medium,28.4,Closed,1
TCK-008593,CUST-006868,2024-11-07,Security,High,94.0,Resolved,3
TCK-008594,CUST-006869,2024-10-29,Login,Medium,3.5,Closed,4
TCK-008595,CUST-006869,2024-06-17,Technical,Medium,11.2,Resolved,3
TCK-008596,CUST-006871,2024-10-18,Feature Request,Medium,3.5,Resolved,5
TCK-008597,CUST-006871,2024-08-20,Technical,Medium,10.8,Resolved,4
TCK-008598,CUST-006872,2023-06-22,Performance,Critical,0.9,Resolved,1
TCK-008599,CUST-006872,2023-07-10,Technical,Low,3.9,Resolved,1
TCK-008600,CUST-006872,2023-12-21,Technical,Low,14.7,Resolved,3
TCK-008601,CUST-006872,2023-11-22,Feature Request,High,6.0,Resolved,5
TCK-008602,CUST-006873,2023-12-07,Integration,Low,15.8,Resolved,3
TCK-008603,CUST-006875,2024-09-09,Performance,High,12.1,Resolved,4
TCK-008604,CUST-006875,2023-08-28,Technical,Low,16.2,Closed,4
TCK-008605,CUST-006876,2024-07-11,Technical,High,58.4,Escalated,3
TCK-008606,CUST-006876,2024-07-11,Technical,Low,22.1,Pending,1
TCK-008607,CUST-006876,2024-06-25,Technical,Low,13.0,Resolved,5
TCK-008608,CUST-006878,2024-04-01,Integration,Low,19.0,Resolved,4
TCK-008609,CUST-006879,2023-11-17,Technical,Medium,40.8,Resolved,3
TCK-008610,CUST-006879,2023-11-12,Login,High,204.9,Resolved,2
TCK-008611,CUST-006879,2024-04-08,Technical,Low,11.8,Resolved,1
TCK-008612,CUST-006879,2024-01-24,Login,Low,10.9,Resolved,1
TCK-008613,CUST-006881,2024-04-13,Feature Request,Medium,0.5,Pending,2
TCK-008614,CUST-006881,2022-11-27,Technical,Medium,10.7,Resolved,1
TCK-008615,CUST-006881,2023-02-04,Feature Request,Low,7.7,Escalated,1
TCK-008616,CUST-006881,2022-12-12,Integration,Critical,7.3,Resolved,1
TCK-008617,CUST-006881,2023-09-14,Billing,Medium,31.3,Escalated,1
TCK-008618,CUST-006883,2024-05-26,Performance,Low,13.6,Resolved,4
TCK-008619,CUST-006883,2024-09-10,Feature Request,Low,38.2,Closed,4
TCK-008620,CUST-006883,2024-05-15,Integration,Medium,41.9,Closed,3
TCK-008621,CUST-006884,2024-08-07,Performance,Low,11.3,Closed,1
TCK-008622,CUST-006884,2024-06-30,Security,Medium,5.8,Closed,1
TCK-008623,CUST-006885,2023-07-23,Technical,Low,8.3,Escalated,2
TCK-008624,CUST-006886,2024-08-15,Performance,High,2.8,Closed,4
TCK-008625,CUST-006887,2024-08-23,Performance,Medium,17.9,Closed,1
TCK-008626,CUST-006887,2024-04-10,Technical,Medium,10.9,Resolved,5
TCK-008627,CUST-006888,2023-08-21,Technical,Medium,35.4,Resolved,4
TCK-008628,CUST-006888,2024-01-29,Integration,Low,37.6,Resolved,3
TCK-008629,CUST-006889,2024-08-02,Technical,High,69.2,Closed,2
TCK-008630,CUST-006889,2024-08-05,Integration,Critical,90.9,Resolved,5
TCK-008631,CUST-006890,2023-01-22,Technical,High,31.2,Resolved,3
TCK-008632,CUST-006890,2023-03-15,Technical,Critical,24.8,Resolved,2
TCK-008633,CUST-006890,2023-08-15,Technical,Low,2.4,Escalated,2
TCK-008634,CUST-006891,2024-08-25,Performance,Low,4.2,Resolved,4
TCK-008635,CUST-006891,2023-12-19,Security,Low,22.0,Resolved,4
TCK-008636,CUST-006891,2023-11-27,Technical,Low,0.5,Resolved,3
TCK-008637,CUST-006892,2024-07-01,Performance,Medium,0.7,Resolved,5
TCK-008638,CUST-006894,2023-12-28,Integration,Medium,14.6,Resolved,1
TCK-008639,CUST-006894,2023-07-18,Login,Low,69.0,Resolved,2
TCK-008640,CUST-006895,2024-09-20,Performance,Low,5.1,Resolved,1
TCK-008641,CUST-006896,2022-12-13,Integration,Medium,11.1,Resolved,1
TCK-008642,CUST-006896,2023-03-07,Technical,Critical,27.8,Resolved,2
TCK-008643,CUST-006896,2023-02-09,Login,Medium,25.9,Pending,2
TCK-008644,CUST-006896,2023-02-25,Login,Medium,78.7,Resolved,1
TCK-008645,CUST-006896,2022-12-16,Security,Low,4.1,Closed,3
TCK-008646,CUST-006897,2024-10-25,Technical,High,0.9,Resolved,5
TCK-008647,CUST-006898,2024-09-01,Login,Medium,1.8,Pending,1
TCK-008648,CUST-006898,2024-09-15,Technical,Low,59.8,Closed,1
TCK-008649,CUST-006898,2024-07-08,Billing,Low,4.5,Resolved,1
TCK-008650,CUST-006899,2023-09-19,Performance,Low,10.0,Resolved,1
TCK-008651,CUST-006901,2024-09-11,Technical,Low,0.5,Closed,5
TCK-008652,CUST-006901,2024-08-25,Technical,Medium,19.8,Resolved,2
TCK-008653,CUST-006902,2024-04-24,Login,Medium,0.6,Closed,5
TCK-008654,CUST-006903,2024-05-03,Security,High,65.1,Closed,4
TCK-008655,CUST-006905,2024-08-16,Integration,Medium,19.8,Closed,3
TCK-008656,CUST-006906,2023-08-09,Security,Medium,14.6,Resolved,3
TCK-008657,CUST-006906,2023-03-02,Technical,Medium,10.1,Resolved,3
TCK-008658,CUST-006907,2023-11-09,Technical,Low,24.8,Resolved,4
TCK-008659,CUST-006909,2022-03-05,Billing,Low,32.3,Resolved,4
TCK-008660,CUST-006910,2024-07-19,Technical,Low,18.2,Pending,3
TCK-008661,CUST-006911,2024-04-29,Technical,Low,1.5,Closed,4
TCK-008662,CUST-006912,2024-09-25,Technical,High,29.0,Resolved,1
TCK-008663,CUST-006912,2024-08-16,Technical,Medium,9.0,Resolved,2
TCK-008664,CUST-006914,29/09/2023,Technical,Low,0.7,Resolved,2
TCK-008665,CUST-006917,2024-08-07,Integration,Medium,5.7,Closed,5
TCK-008666,CUST-006920,2024-03-05,Technical,Low,3.3,Closed,5
TCK-008667,CUST-006922,2024-02-11,Performance,Low,23.8,Resolved,3
TCK-008668,CUST-006922,2024-01-08,Login,Medium,16.5,Resolved,4
TCK-008669,CUST-006922,14/02/2024,Technical,High,0.5,Pending,1
TCK-008670,CUST-006923,2023-10-23,Performance,Low,1.9,Resolved,2
TCK-008671,CUST-006923,2023-09-26,Technical,High,13.1,Resolved,3
TCK-008672,CUST-006924,2024-01-07,Technical,Low,72.2,Escalated,2
TCK-008673,CUST-006924,2024-03-14,Integration,Low,7.3,Resolved,4
TCK-008674,CUST-006926,2023-06-01,Login,Medium,1.1,Resolved,1
TCK-008675,CUST-006926,2023-03-04,Billing,Medium,40.6,Pending,2
TCK-008676,CUST-006928,2023-09-24,Login,High,22.7,Closed,1
TCK-008677,CUST-006928,2024-07-24,Login,High,144.4,Resolved,3
TCK-008678,CUST-006928,2023-07-30,Billing,Low,1.6,Resolved,3
TCK-008679,CUST-006928,2024-06-13,Integration,Medium,41.2,Pending,1
TCK-008680,CUST-006928,2023-08-13,Performance,Medium,3.6,Escalated,1
TCK-008681,CUST-006928,2023-12-08,Billing,High,4.1,Resolved,1
TCK-008682,CUST-006928,2024-07-21,Technical,Medium,107.3,Escalated,3
TCK-008683,CUST-006929,17/10/2023,Feature Request,High,60.0,Resolved,2
TCK-008684,CUST-006929,2023-07-04,Billing,Low,2.5,Pending,2
TCK-008685,CUST-006929,2023-08-22,Billing,High,36.4,Resolved,2
TCK-008686,CUST-006929,2023-06-11,Billing,High,6.7,Resolved,2
TCK-008687,CUST-006930,2024-07-10,Billing,High,16.7,Resolved,3
TCK-008688,CUST-006930,2024-04-14,Technical,Critical,3.8,Resolved,5
TCK-008689,CUST-006931,2024-07-17,Technical,Low,0.5,Resolved,4
TCK-008690,CUST-006932,2023-11-16,Integration,Medium,1.6,Resolved,4
TCK-008691,CUST-006933,2023-08-06,Performance,Low,27.8,Resolved,1
TCK-008692,CUST-006933,2024-07-31,Billing,High,15.6,Resolved,3
TCK-008693,CUST-006934,2023-04-02,Login,Medium,2.4,Resolved,4
TCK-008694,CUST-006934,2024-09-19,Billing,High,12.0,Closed,3
TCK-008695,CUST-006934,2023-12-02,Login,Medium,2.5,Resolved,1
TCK-008696,CUST-006936,2024-06-01,Billing,Low,36.1,Closed,5
TCK-008697,CUST-006937,2024-07-17,Billing,Medium,1.4,Closed,3
TCK-008698,CUST-006939,2024-08-01,Performance,Low,11.8,Resolved,5
TCK-008699,CUST-006940,2024-02-16,Billing,High,42.4,Closed,1
TCK-008700,CUST-006941,2024-05-18,Technical,High,8.8,Pending,2
TCK-008701,CUST-006942,2023-10-02,Technical,High,31.4,Pending,1
TCK-008702,CUST-006942,2023-09-25,Billing,Medium,72.8,Closed,4
TCK-008703,CUST-006942,2023-09-12,Login,Medium,24.9,Resolved,2
TCK-008704,CUST-006944,2023-06-28,Feature Request,Low,0.6,Closed,3
TCK-008705,CUST-006945,2024-06-05,Performance,Low,14.9,Resolved,2
TCK-008706,CUST-006945,2024-05-28,Feature Request,High,60.4,Resolved,4
TCK-008707,CUST-006946,2024-12-04,Security,Critical,9.2,Resolved,3
TCK-008708,CUST-006947,2022-12-02,Login,Medium,20.9,Resolved,1
TCK-008709,CUST-006947,2022-12-05,Security,Medium,13.9,Pending,2
TCK-008710,CUST-006947,2022-05-09,Technical,High,1.9,Resolved,4
TCK-008711,CUST-006949,2024-06-12,Security,Low,11.5,Resolved,2
TCK-008712,CUST-006949,2023-07-03,Integration,Medium,30.1,Closed,2
TCK-008713,CUST-006950,2023-07-25,Feature Request,Medium,11.6,Resolved,3
TCK-008714,CUST-006951,2024-08-05,Performance,Medium,2.4,Resolved,1
TCK-008715,CUST-006951,2024-08-21,Login,Medium,13.6,Closed,1
TCK-008716,CUST-006951,2024-10-07,Billing,High,131.7,Closed,1
TCK-008717,CUST-006952,2024-03-27,Login,Medium,9.2,Escalated,3
TCK-008718,CUST-006952,2024-06-03,Technical,Low,20.1,Closed,2
TCK-008719,CUST-006953,2023-08-13,Technical,Critical,10.1,Closed,3
TCK-008720,CUST-006954,2024-11-19,Feature Request,Low,5.1,Closed,3
TCK-008721,CUST-006955,11/12/2023,Billing,Critical,10.5,Closed,4
TCK-008722,CUST-006958,2022-09-21,Login,Medium,9.4,Pending,1
TCK-008723,CUST-006958,2022-12-16,Integration,Low,22.6,Pending,2
TCK-008724,CUST-006958,2022-09-08,Login,Medium,0.5,Resolved,2
TCK-008725,CUST-006958,2022-08-30,Feature Request,High,5.3,Resolved,1
TCK-008726,CUST-006959,2024-07-24,Integration,High,48.5,Resolved,4
TCK-008727,CUST-006960,2024-03-05,Technical,Medium,28.6,Resolved,4
TCK-008728,CUST-006960,2024-09-09,Billing,Low,1.6,Resolved,4
TCK-008729,CUST-006961,2023-01-05,Technical,High,46.5,Closed,5
TCK-008730,CUST-006962,2024-10-03,Performance,Medium,2.0,Resolved,4
TCK-008731,CUST-006963,2024-04-10,Performance,Medium,13.1,Resolved,2
TCK-008732,CUST-006964,2023-12-04,Technical,Critical,3.3,Resolved,3
TCK-008733,CUST-006964,2024-10-07,Billing,High,28.8,Closed,4
TCK-008734,CUST-006964,2024-05-27,Billing,Critical,137.1,Resolved,2
TCK-008735,CUST-006966,2024-06-11,Billing,Critical,34.9,Resolved,4
TCK-008736,CUST-006967,2024-12-03,Billing,Low,7.1,Closed,3
TCK-008737,CUST-006967,2024-10-31,Integration,Low,8.3,Closed,4
TCK-008738,CUST-006968,2023-09-10,Performance,Medium,14.6,Resolved,3
TCK-008739,CUST-006969,2024-04-28,Technical,Critical,3.8,Resolved,4
TCK-008740,CUST-006969,2024-04-09,Login,Medium,9.4,Resolved,1
TCK-008741,CUST-006969,2024-04-22,Technical,Low,1.6,Closed,5
TCK-008742,CUST-006969,2024-04-09,Technical,Medium,18.2,Resolved,1
TCK-008743,CUST-006970,2023-10-13,Technical,High,24.4,Closed,4
TCK-008744,CUST-006971,2022-04-05,Login,Low,9.3,Resolved,2
TCK-008745,CUST-006972,2024-03-26,Billing,Medium,30.3,Resolved,1
TCK-008746,CUST-006973,2024-10-22,Feature Request,Medium,72.4,Resolved,2
TCK-008747,CUST-006973,2024-07-08,Technical,Low,9.8,Resolved,1
TCK-008748,CUST-006973,2024-08-06,Security,Critical,19.6,Resolved,2
TCK-008749,CUST-006973,2024-07-18,Billing,Low,47.2,Resolved,4
TCK-008750,CUST-006973,2024-07-21,Integration,Medium,25.3,Resolved,1
TCK-008751,CUST-006975,2024-06-09,Technical,Medium,21.9,Resolved,1
TCK-008752,CUST-006977,2024-09-01,Integration,Medium,6.6,Resolved,5
TCK-008753,CUST-006977,2024-12-05,Login,Low,13.2,Resolved,2
TCK-008754,CUST-006981,2023-12-31,Login,Medium,16.0,Resolved,1
TCK-008755,CUST-006982,2024-06-28,Login,Low,15.9,Resolved,2
TCK-008756,CUST-006983,2023-04-03,Billing,Medium,22.3,Closed,1
TCK-008757,CUST-006983,2023-03-16,Technical,Low,0.9,Resolved,3
TCK-008758,CUST-006983,2023-04-03,Technical,High,65.9,Closed,5
TCK-008759,CUST-006985,2023-11-19,Integration,Low,19.0,Resolved,3
TCK-008760,CUST-006988,2023-09-16,Performance,Low,40.0,Resolved,4
TCK-008761,CUST-006988,2023-05-19,Login,Low,5.0,Closed,5
TCK-008762,CUST-006988,2024-07-13,Performance,Medium,65.3,Closed,3
TCK-008763,CUST-006988,2023-10-07,Billing,High,51.5,Resolved,4
TCK-008764,CUST-006990,2022-08-30,Billing,Low,12.8,Resolved,1
TCK-008765,CUST-006990,2022-08-06,Billing,High,29.7,Resolved,1
TCK-008766,CUST-006990,2022-08-08,Billing,Medium,7.1,Closed,5
TCK-008767,CUST-006991,2024-02-14,Technical,Low,23.7,Resolved,3
TCK-008768,CUST-006992,2024-04-10,Performance,High,17.3,Resolved,5
TCK-008769,CUST-006992,2024-04-20,Technical,Critical,1.0,Resolved,5
TCK-008770,CUST-006993,2023-02-20,Technical,High,66.9,Pending,1
TCK-008771,CUST-006993,2023-03-01,Technical,Low,28.3,Closed,2
TCK-008772,CUST-006993,2022-07-27,Performance,High,22.4,Escalated,2
TCK-008773,CUST-006994,2024-11-24,Technical,Medium,0.7,Resolved,5
TCK-008774,CUST-006995,2024-07-11,Technical,Medium,4.6,Closed,2
TCK-008775,CUST-006995,2022-06-20,Technical,High,2.8,Closed,4
TCK-008776,CUST-006995,2022-06-01,Performance,Low,23.3,Closed,4
TCK-008777,CUST-006997,2024-09-23,Technical,Medium,1.2,Resolved,3
TCK-008778,CUST-006998,2023-09-18,Integration,Low,10.4,Resolved,3
TCK-008779,CUST-006998,2022-12-02,Integration,Medium,2.4,Resolved,5
TCK-008780,CUST-007000,2023-09-09,Billing,High,6.1,Resolved,1
TCK-008781,CUST-007000,2024-02-18,Technical,Medium,33.6,Resolved,4
TCK-008782,CUST-007001,2024-11-04,Technical,Medium,10.3,Resolved,5
TCK-008783,CUST-007002,2022-11-12,Billing,Low,23.8,Resolved,3
TCK-008784,CUST-007002,2023-03-19,Performance,Medium,10.9,Closed,1
TCK-008785,CUST-007002,2022-08-04,Billing,High,15.2,Resolved,3
TCK-008786,CUST-007002,10/03/2023,Billing,High,28.4,Pending,3
TCK-008787,CUST-007002,2023-12-01,Billing,Medium,16.1,Escalated,1
TCK-008788,CUST-007002,2023-01-17,Billing,Critical,13.4,Resolved,1
TCK-008789,CUST-007003,2024-11-01,Login,High,11.6,Closed,5
TCK-008790,CUST-007004,2024-11-24,Technical,Medium,1.7,Resolved,2
TCK-008791,CUST-007005,2024-07-18,Login,High,30.5,Resolved,2
TCK-008792,CUST-007005,2024-10-05,Technical,Medium,17.8,Closed,2
TCK-008793,CUST-007006,2024-06-25,Integration,High,21.3,Resolved,5
TCK-008794,CUST-007006,2024-10-19,Technical,Low,21.0,Resolved,5
TCK-008795,CUST-007007,2023-10-24,Billing,Critical,42.8,Resolved,4
TCK-008796,CUST-007009,2024-10-20,Feature Request,Low,82.1,Closed,5
TCK-008797,CUST-007010,2024-10-20,Performance,Medium,8.0,Resolved,2
TCK-008798,CUST-007010,2024-09-13,Feature Request,Medium,1.1,Resolved,5
TCK-008799,CUST-007010,2024-06-29,Billing,Medium,60.0,Resolved,4
TCK-008800,CUST-007010,2024-09-19,Login,Critical,88.8,Resolved,5
TCK-008801,CUST-007011,2023-03-16,Technical,Critical,8.1,Resolved,3
TCK-008802,CUST-007014,2024-11-18,Integration,Low,1.4,Resolved,5
TCK-008803,CUST-007014,2024-07-02,Performance,Low,25.9,Resolved,4
TCK-008804,CUST-007015,2022-09-11,Security,Low,27.4,Resolved,3
TCK-008805,CUST-007016,2024-01-18,Integration,High,151.5,Resolved,3
TCK-008806,CUST-007016,2023-10-13,Performance,Medium,0.5,Resolved,3
TCK-008807,CUST-007017,2023-04-04,Security,Medium,22.5,Closed,5
TCK-008808,CUST-007018,2024-06-08,Billing,Low,7.4,Resolved,2
TCK-008809,CUST-007019,2023-08-20,Security,High,14.7,Resolved,5
TCK-008810,CUST-007021,2024-04-11,Login,Low,1.9,Resolved,5
TCK-008811,CUST-007021,2024-05-12,Security,Low,14.0,Resolved,4
TCK-008812,CUST-007024,2023-12-06,Performance,Medium,42.6,Resolved,1
TCK-008813,CUST-007024,2023-07-20,Technical,Low,4.8,Pending,1
TCK-008814,CUST-007024,2023-10-04,Technical,Medium,19.2,Escalated,3
TCK-008815,CUST-007024,2023-08-25,Login,Low,6.6,Escalated,2
TCK-008816,CUST-007025,2024-04-08,Technical,High,2.6,Closed,4
TCK-008817,CUST-007027,2022-08-29,Billing,Low,49.8,Resolved,3
TCK-008818,CUST-007027,2022-07-24,Billing,Low,2.3,Resolved,3
TCK-008819,CUST-007028,2024-09-03,Billing,Low,62.3,Pending,2
TCK-008820,CUST-007030,2024-05-23,Performance,Critical,11.1,Resolved,1
TCK-008821,CUST-007031,2024-08-14,Integration,Low,5.3,Closed,5
TCK-008822,CUST-007031,2024-11-09,Technical,Medium,18.9,Resolved,4
TCK-008823,CUST-007033,2022-12-27,Technical,Low,7.1,Resolved,5
TCK-008824,CUST-007033,2024-12-08,Technical,Low,21.9,Closed,5
TCK-008825,CUST-007034,2023-12-03,Performance,Medium,57.2,Resolved,4
TCK-008826,CUST-007036,2024-09-16,Performance,Critical,33.6,Closed,3
TCK-008827,CUST-007039,2022-12-16,Technical,Low,23.5,Pending,1
TCK-008828,CUST-007039,2024-09-11,Login,Medium,23.2,Closed,1
TCK-008829,CUST-007041,2023-02-11,Technical,Low,19.6,Pending,1
TCK-008830,CUST-007041,2023-03-20,Login,Low,61.2,Resolved,3
TCK-008831,CUST-007043,2024-02-29,Technical,Low,7.3,Resolved,2
TCK-008832,CUST-007043,2024-10-02,Technical,Medium,9.4,Resolved,4
TCK-008833,CUST-007045,2024-03-06,Feature Request,Medium,44.5,Resolved,1
TCK-008834,CUST-007045,2024-06-07,Technical,Low,86.9,Closed,2
TCK-008835,CUST-007045,01/10/2023,Feature Request,Medium,17.3,Resolved,3
TCK-008836,CUST-007049,2022-07-05,Technical,Low,1.6,Resolved,3
TCK-008837,CUST-007049,2022-07-02,Login,Low,5.1,Resolved,4
TCK-008838,CUST-007050,2024-06-13,Billing,Low,19.2,Pending,1
TCK-008839,CUST-007050,2024-03-09,Billing,Low,4.4,Resolved,4
TCK-008840,CUST-007051,2023-06-20,Technical,Medium,0.7,Resolved,2
TCK-008841,CUST-007051,2023-09-07,Integration,Low,6.5,Closed,2
TCK-008842,CUST-007051,2023-06-24,Billing,Low,54.0,Resolved,2
TCK-008843,CUST-007051,2023-06-13,Technical,Low,8.0,Resolved,2
TCK-008844,CUST-007051,2023-09-18,Feature Request,High,73.0,Closed,1
TCK-008845,CUST-007052,2022-08-29,Billing,High,20.4,Escalated,3
TCK-008846,CUST-007052,2023-05-28,Login,Medium,24.0,Resolved,1
TCK-008847,CUST-007057,2023-01-02,Feature Request,Medium,4.4,Closed,1
TCK-008848,CUST-007061,2024-10-29,Integration,Low,18.8,Resolved,4
TCK-008849,CUST-007061,2024-08-15,Technical,Critical,61.8,Closed,4
TCK-008850,CUST-007062,2024-06-13,Technical,Medium,41.9,Pending,1
TCK-008851,CUST-007062,2024-05-31,Billing,Low,8.8,Pending,2
TCK-008852,CUST-007062,2024-05-30,Technical,Medium,28.0,Resolved,3
TCK-008853,CUST-007064,2024-05-09,Billing,Medium,1.1,Resolved,4
TCK-008854,CUST-007065,2024-02-12,Billing,Medium,53.7,Closed,2
TCK-008855,CUST-007065,2024-04-08,Technical,Low,18.7,Pending,1
TCK-008856,CUST-007065,2024-10-20,Performance,Low,153.4,Pending,1
TCK-008857,CUST-007066,2023-12-18,Performance,High,62.5,Resolved,3
TCK-008858,CUST-007066,2024-05-08,Technical,Low,5.6,Resolved,4
TCK-008859,CUST-007067,2023-08-10,Billing,Low,6.4,Closed,4
TCK-008860,CUST-007067,2023-10-04,Technical,Medium,5.1,Resolved,2
TCK-008861,CUST-007067,2023-06-30,Performance,Low,32.4,Pending,2
TCK-008862,CUST-007068,2024-08-14,Technical,Medium,34.3,Closed,2
TCK-008863,CUST-007068,2024-09-19,Login,Medium,22.4,Resolved,2
TCK-008864,CUST-007068,2024-07-29,Login,Critical,3.6,Pending,1
TCK-008865,CUST-007069,2024-01-16,Security,Medium,3.6,Closed,3
TCK-008866,CUST-007069,2023-12-24,Feature Request,Medium,26.0,Resolved,4
TCK-008867,CUST-007070,2023-03-05,Feature Request,Low,24.6,Resolved,3
TCK-008868,CUST-007070,2023-04-10,Login,Medium,5.4,Resolved,2
TCK-008869,CUST-007071,2024-01-15,Technical,High,75.5,Resolved,5
TCK-008870,CUST-007071,2022-09-27,Technical,Medium,2.6,Closed,4
TCK-008871,CUST-007073,2022-05-19,Security,Critical,4.6,Resolved,1
TCK-008872,CUST-007073,2022-05-31,Login,Low,60.3,Pending,2
TCK-008873,CUST-007073,2022-08-25,Performance,Medium,6.1,Resolved,2
TCK-008874,CUST-007076,2023-04-09,Login,Low,4.7,Resolved,3
TCK-008875,CUST-007076,2023-09-10,Technical,Low,7.2,Resolved,3
TCK-008876,CUST-007078,2024-11-08,Technical,High,9.4,Resolved,2
TCK-008877,CUST-007079,2024-07-07,Login,Medium,31.4,Closed,4
TCK-008878,CUST-007080,2022-10-02,Billing,Medium,2.2,Closed,1
TCK-008879,CUST-007080,2023-12-25,Login,Medium,48.7,Resolved,3
TCK-008880,CUST-007080,2022-05-09,Performance,Low,15.8,Escalated,3
TCK-008881,CUST-007080,2023-12-28,Integration,Medium,52.3,Closed,2
TCK-008882,CUST-007080,2023-06-19,Integration,Medium,23.0,Resolved,2
TCK-008883,CUST-007080,2024-01-25,Billing,Medium,1.9,Escalated,1
TCK-008884,CUST-007082,2022-10-21,Technical,Low,11.9,Resolved,4
TCK-008885,CUST-007083,2023-12-16,Login,Critical,8.5,Closed,5
TCK-008886,CUST-007083,2024-06-03,Technical,Medium,9.2,Resolved,3
TCK-008887,CUST-007084,2024-06-24,Technical,Low,9.2,Resolved,5
TCK-008888,CUST-007084,2024-07-28,Login,Medium,12.7,Resolved,4
TCK-008889,CUST-007085,2024-07-30,Technical,Low,38.2,Resolved,4
TCK-008890,CUST-007086,2024-06-03,Performance,Low,24.9,Escalated,3
TCK-008891,CUST-007086,2024-05-12,Billing,High,17.7,Pending,1
TCK-008892,CUST-007087,08/01/2024,Billing,Low,0.8,Resolved,2
TCK-008893,CUST-007087,2024-11-15,Technical,Low,0.5,Resolved,3
TCK-008894,CUST-007088,2023-10-19,Technical,High,9.6,Resolved,5
TCK-008895,CUST-007089,2024-06-26,Integration,Low,12.4,Resolved,2
TCK-008896,CUST-007090,2024-07-29,Billing,Low,3.2,Resolved,3
TCK-008897,CUST-007091,2024-03-05,Feature Request,High,4.2,Resolved,2
TCK-008898,CUST-007092,2024-04-03,Feature Request,Medium,24.5,Escalated,1
TCK-008899,CUST-007092,2023-07-25,Technical,Low,26.1,Closed,1
TCK-008900,CUST-007092,30/03/2023,Technical,Low,97.1,Pending,2
TCK-008901,CUST-007092,2023-01-12,Technical,Critical,8.9,Resolved,1
TCK-008902,CUST-007092,2023-10-07,Billing,Low,13.3,Resolved,2
TCK-008903,CUST-007092,2023-05-19,Billing,Medium,34.6,Closed,3
TCK-008904,CUST-007093,2024-07-12,Security,Medium,0.7,Resolved,3
TCK-008905,CUST-007095,2024-11-04,Login,Medium,10.8,Resolved,4
TCK-008906,CUST-007095,2024-06-06,Performance,Low,7.7,Resolved,4
TCK-008907,CUST-007095,2024-09-28,Feature Request,Critical,9.5,Resolved,3
TCK-008908,CUST-007097,2024-08-11,Technical,High,26.4,Closed,5
TCK-008909,CUST-007097,2024-09-18,Technical,Medium,3.9,Closed,2
TCK-008910,CUST-007097,04/07/2024,Billing,Medium,3.5,Resolved,4
TCK-008911,CUST-007098,2024-10-11,Technical,Low,13.9,Resolved,4
TCK-008912,CUST-007098,2024-01-16,Login,High,26.3,Closed,3
TCK-008913,CUST-007099,2024-06-06,Technical,Low,42.7,Resolved,1
TCK-008914,CUST-007099,2024-01-12,Technical,Medium,39.1,Resolved,1
TCK-008915,CUST-007099,2023-07-31,Billing,Critical,4.5,Resolved,1
TCK-008916,CUST-007100,2022-05-17,Login,High,11.4,Resolved,2
TCK-008917,CUST-007100,2024-08-12,Performance,Medium,2.8,Resolved,5
TCK-008918,CUST-007103,2024-04-04,Technical,Medium,6.3,Closed,3
TCK-008919,CUST-007104,2024-04-23,Login,Medium,10.8,Resolved,3
TCK-008920,CUST-007105,2023-12-28,Technical,Medium,61.9,Resolved,5
TCK-008921,CUST-007105,2024-02-18,Integration,High,76.1,Closed,2
TCK-008922,CUST-007105,2023-04-04,Login,High,36.5,Resolved,4
TCK-008923,CUST-007106,2024-07-05,Performance,High,2.0,Resolved,2
TCK-008924,CUST-007107,2023-05-21,Billing,Low,5.1,Resolved,2
TCK-008925,CUST-007108,2024-01-19,Technical,Critical,14.7,Resolved,4
TCK-008926,CUST-007110,2023-11-13,Technical,Low,109.6,Closed,2
TCK-008927,CUST-007110,2023-10-10,Performance,Low,34.3,Pending,1
TCK-008928,CUST-007110,2023-11-27,Billing,Low,4.5,Closed,2
TCK-008929,CUST-007111,2023-03-13,Performance,Medium,4.4,Resolved,3
TCK-008930,CUST-007111,2023-02-07,Billing,Medium,25.5,Escalated,1
TCK-008931,CUST-007113,2023-07-12,Feature Request,Low,3.9,Resolved,5
TCK-008932,CUST-007116,2024-05-06,Technical,Low,3.4,Closed,2
TCK-008933,CUST-007118,2024-05-10,Login,Low,42.3,Resolved,1
TCK-008934,CUST-007118,2023-10-26,Technical,High,5.8,Resolved,3
TCK-008935,CUST-007119,2023-01-19,Performance,Medium,5.3,Escalated,1
TCK-008936,CUST-007119,21/10/2022,Technical,High,17.0,Escalated,2
TCK-008937,CUST-007119,2022-10-15,Login,Low,26.6,Resolved,3
TCK-008938,CUST-007119,2024-02-09,Performance,Medium,36.0,Resolved,1
TCK-008939,CUST-007120,2023-11-14,Billing,Medium,44.5,Resolved,1
TCK-008940,CUST-007120,2023-10-28,Technical,High,7.0,Resolved,2
TCK-008941,CUST-007121,2024-06-08,Technical,Low,4.4,Resolved,5
TCK-008942,CUST-007122,2024-01-24,Technical,Critical,30.2,Closed,5
TCK-008943,CUST-007124,2024-10-17,Login,Medium,6.8,Resolved,4
TCK-008944,CUST-007124,2023-06-24,Security,Low,32.7,Resolved,2
TCK-008945,CUST-007124,2024-02-02,Feature Request,Low,9.9,Resolved,4
TCK-008946,CUST-007124,2023-07-18,Feature Request,High,29.3,Closed,4
TCK-008947,CUST-007125,2023-06-11,Technical,High,7.9,Closed,4
TCK-008948,CUST-007128,2023-08-03,Technical,Medium,27.8,Closed,2
TCK-008949,CUST-007128,2023-06-01,Feature Request,Low,11.6,Escalated,1
TCK-008950,CUST-007129,2024-05-24,Integration,Low,13.4,Resolved,4
TCK-008951,CUST-007130,2024-07-16,Billing,High,64.9,Resolved,4
TCK-008952,CUST-007132,2024-07-13,Billing,High,27.0,Resolved,1
TCK-008953,CUST-007132,2024-07-30,Performance,High,6.2,Pending,1
TCK-008954,CUST-007132,2024-05-23,Login,Medium,45.9,Resolved,4
TCK-008955,CUST-007133,2024-08-22,Security,Low,12.9,Closed,2
TCK-008956,CUST-007133,2024-11-08,Technical,Low,9.2,Closed,4
TCK-008957,CUST-007134,2024-10-02,Technical,Medium,53.6,Pending,2
TCK-008958,CUST-007134,2024-01-01,Billing,Critical,68.0,Resolved,2
TCK-008959,CUST-007134,2024-08-14,Security,Critical,63.7,Resolved,1
TCK-008960,CUST-007136,2024-04-15,Security,Medium,2.5,Resolved,4
TCK-008961,CUST-007138,2024-11-04,Performance,Medium,6.3,Resolved,5
TCK-008962,CUST-007138,2024-08-04,Billing,Medium,40.4,Resolved,3
TCK-008963,CUST-007140,2024-06-22,Billing,Medium,17.1,Resolved,4
TCK-008964,CUST-007140,2024-03-30,Technical,Low,2.1,Resolved,1
TCK-008965,CUST-007141,2024-02-23,Login,Medium,19.5,Resolved,3
TCK-008966,CUST-007141,2023-09-14,Performance,Low,2.9,Resolved,5
TCK-008967,CUST-007142,2024-01-02,Technical,Medium,13.9,Resolved,4
TCK-008968,CUST-007142,2023-11-12,Billing,Medium,7.4,Resolved,4
TCK-008969,CUST-007143,2022-11-23,Technical,Low,15.4,Resolved,4
TCK-008970,CUST-007143,2023-05-11,Billing,Critical,11.2,Resolved,5
TCK-008971,CUST-007144,2023-12-30,Login,Medium,15.3,Resolved,4
TCK-008972,CUST-007146,2024-02-15,Login,Medium,7.7,Resolved,4
TCK-008973,CUST-007146,2024-03-08,Billing,Low,1.5,Resolved,4
TCK-008974,CUST-007147,2024-10-18,Technical,Low,17.4,Resolved,2
TCK-008975,CUST-007147,2024-07-04,Security,Low,2.2,Closed,4
TCK-008976,CUST-007147,2024-05-30,Technical,Medium,11.9,Resolved,5
TCK-008977,CUST-007148,2023-08-03,Integration,Medium,49.6,Resolved,1
TCK-008978,CUST-007148,2024-01-08,Billing,High,3.2,Escalated,2
TCK-008979,CUST-007151,2022-05-20,Performance,High,21.8,Closed,5
TCK-008980,CUST-007152,2023-02-18,Performance,Medium,11.8,Closed,3
TCK-008981,CUST-007152,2024-03-13,Billing,Medium,4.6,Resolved,3
TCK-008982,CUST-007153,2023-12-16,Technical,High,0.5,Resolved,1
TCK-008983,CUST-007153,2023-12-10,Technical,Critical,22.2,Resolved,1
TCK-008984,CUST-007153,2023-11-26,Performance,Medium,18.2,Escalated,1
TCK-008985,CUST-007153,2024-02-21,Performance,Medium,5.4,Closed,4
TCK-008986,CUST-007153,2023-12-13,Billing,Low,4.6,Resolved,3
TCK-008987,CUST-007153,2023-11-27,Billing,Medium,11.4,Resolved,4
TCK-008988,CUST-007154,2024-02-27,Billing,Low,6.0,Pending,1
TCK-008989,CUST-007154,2023-12-21,Integration,Low,88.8,Resolved,1
TCK-008990,CUST-007155,2023-07-17,Billing,Medium,8.4,Resolved,3
TCK-008991,CUST-007156,2023-10-23,Billing,Low,2.4,Closed,4
TCK-008992,CUST-007156,2022-10-15,Billing,High,34.6,Closed,5
TCK-008993,CUST-007156,2023-03-29,Technical,High,13.2,Resolved,4
TCK-008994,CUST-007158,2023-12-28,Billing,Medium,0.6,Resolved,5
TCK-008995,CUST-007158,2024-02-28,Login,Medium,5.4,Resolved,4
TCK-008996,CUST-007160,2023-03-20,Login,High,18.7,Escalated,1
TCK-008997,CUST-007160,2023-03-21,Login,Medium,15.1,Resolved,1
TCK-008998,CUST-007163,2023-05-16,Billing,Medium,23.9,Resolved,2
TCK-008999,CUST-007163,2023-04-20,Login,Low,19.2,Escalated,1
TCK-009000,CUST-007164,2024-01-26,Technical,Low,48.0,Resolved,1
TCK-009001,CUST-007164,2024-01-15,Performance,Medium,22.2,Resolved,5
TCK-009002,CUST-007165,2023-10-31,Login,High,28.1,Closed,4
TCK-009003,CUST-007167,2023-09-17,Technical,Low,13.7,Closed,1
TCK-009004,CUST-007168,2024-07-25,Login,Low,1.8,Resolved,4
TCK-009005,CUST-007171,2024-08-16,Technical,Low,1.1,Resolved,4
TCK-009006,CUST-007174,2024-07-27,Technical,High,61.9,Pending,1
TCK-009007,CUST-007174,2024-03-17,Technical,Low,52.2,Resolved,3
TCK-009008,CUST-007174,2024-08-14,Technical,Critical,58.7,Closed,1
TCK-009009,CUST-007174,2024-04-25,Performance,Medium,10.5,Pending,1
TCK-009010,CUST-007174,2024-03-30,Login,Medium,55.0,Resolved,4
TCK-009011,CUST-007175,2023-03-17,Technical,Critical,112.9,Resolved,5
TCK-009012,CUST-007176,2022-12-20,Technical,Low,43.8,Resolved,2
TCK-009013,CUST-007176,2022-12-04,Billing,Medium,10.2,Closed,3
TCK-009014,CUST-007177,2022-05-05,Technical,Medium,6.2,Resolved,3
TCK-009015,CUST-007179,2023-09-18,Billing,Low,10.0,Resolved,5
TCK-009016,CUST-007179,2023-08-03,Integration,Low,4.2,Resolved,1
TCK-009017,CUST-007179,2024-05-21,Performance,Medium,3.6,Closed,4
TCK-009018,CUST-007180,2023-03-14,Technical,Low,40.8,Resolved,1
TCK-009019,CUST-007180,2023-10-01,Technical,Medium,31.4,Resolved,1
TCK-009020,CUST-007180,2023-11-12,Feature Request,High,16.4,Escalated,1
TCK-009021,CUST-007180,2023-09-13,Performance,High,69.4,Escalated,1
TCK-009022,CUST-007181,2024-02-26,Integration,Medium,6.8,Resolved,3
TCK-009023,CUST-007182,2023-09-10,Billing,Low,22.9,Resolved,4
TCK-009024,CUST-007182,2024-12-11,Technical,Critical,3.8,Resolved,3
TCK-009025,CUST-007183,2023-09-15,Integration,Low,1.7,Resolved,1
TCK-009026,CUST-007185,2023-12-20,Login,Low,28.4,Resolved,3
TCK-009027,CUST-007185,14/08/2023,Login,Low,20.3,Resolved,4
TCK-009028,CUST-007186,31/03/2023,Technical,Medium,24.2,Resolved,1
TCK-009029,CUST-007186,2023-09-05,Login,Low,28.6,Pending,1
TCK-009030,CUST-007187,2024-11-01,Billing,Low,0.5,Resolved,4
TCK-009031,CUST-007188,2024-07-30,Login,High,6.1,Resolved,2
TCK-009032,CUST-007188,2024-06-24,Performance,Medium,26.7,Closed,4
TCK-009033,CUST-007189,2023-07-22,Technical,Medium,5.4,Closed,4
TCK-009034,CUST-007191,2024-10-22,Feature Request,Medium,18.7,Resolved,4
TCK-009035,CUST-007193,2023-08-09,Technical,Medium,18.8,Resolved,5
TCK-009036,CUST-007194,2024-05-27,Technical,Medium,72.8,Resolved,4
TCK-009037,CUST-007196,2022-12-05,Login,Medium,9.0,Resolved,4
TCK-009038,CUST-007197,2023-09-28,Login,High,48.4,Resolved,5
TCK-009039,CUST-007197,2024-12-01,Feature Request,High,4.4,Resolved,3
TCK-009040,CUST-007198,2023-08-21,Technical,High,0.5,Closed,4
TCK-009041,CUST-007198,2024-09-02,Performance,Medium,30.1,Resolved,2
TCK-009042,CUST-007199,2023-08-22,Performance,Critical,35.7,Resolved,1
TCK-009043,CUST-007200,2023-01-25,Login,Low,5.6,Resolved,4
TCK-009044,CUST-007203,2024-07-18,Billing,Medium,16.1,Resolved,3
TCK-009045,CUST-007203,2024-10-30,Billing,Low,3.6,Resolved,5
TCK-009046,CUST-007203,2024-07-20,Login,Medium,2.1,Resolved,3
TCK-009047,CUST-007205,2024-06-20,Technical,Medium,71.2,Resolved,3
TCK-009048,CUST-007208,2024-03-13,Feature Request,Medium,14.7,Closed,3
TCK-009049,CUST-007208,2023-12-06,Technical,Low,15.6,Resolved,4
TCK-009050,CUST-007209,2024-09-04,Feature Request,Medium,58.0,Resolved,4
TCK-009051,CUST-007210,2023-06-21,Integration,Low,33.2,Closed,1
TCK-009052,CUST-007213,2023-02-02,Technical,Low,17.3,Resolved,1
TCK-009053,CUST-007213,2024-03-16,Feature Request,Medium,50.0,Resolved,4
TCK-009054,CUST-007213,2023-09-20,Technical,Low,4.5,Resolved,5
TCK-009055,CUST-007215,2023-12-12,Technical,Critical,108.3,Closed,5
TCK-009056,CUST-007215,2023-11-23,Login,Low,9.8,Closed,5
TCK-009057,CUST-007215,2024-03-23,Security,High,13.9,Resolved,3
TCK-009058,CUST-007216,2024-04-16,Billing,Low,27.7,Resolved,1
TCK-009059,CUST-007217,2023-08-18,Integration,Medium,33.3,Resolved,4
TCK-009060,CUST-007217,2023-10-18,Integration,Critical,24.5,Resolved,2
TCK-009061,CUST-007218,2024-07-13,Technical,Low,12.0,Resolved,3
TCK-009062,CUST-007219,2023-05-28,Login,Medium,63.8,Resolved,1
TCK-009063,CUST-007219,2023-03-11,Security,Medium,29.0,Resolved,1
TCK-009064,CUST-007219,2023-02-20,Integration,Medium,11.9,Pending,1
TCK-009065,CUST-007219,2023-05-19,Security,Low,7.0,Resolved,3
TCK-009066,CUST-007219,2023-10-01,Login,Medium,15.0,Closed,3
TCK-009067,CUST-007220,2023-12-31,Login,Medium,5.4,Resolved,2
TCK-009068,CUST-007221,2022-10-04,Performance,Low,103.1,Resolved,2
TCK-009069,CUST-007221,2023-10-24,Login,High,2.2,Closed,5
TCK-009070,CUST-007222,2023-10-19,Billing,Medium,1.3,Resolved,4
TCK-009071,CUST-007223,2024-09-22,Technical,Medium,13.3,Resolved,5
TCK-009072,CUST-007225,2024-10-01,Technical,Low,3.5,Resolved,5
TCK-009073,CUST-007226,2022-10-08,Feature Request,Medium,61.0,Escalated,1
TCK-009074,CUST-007226,2023-08-13,Integration,High,0.9,Resolved,4
TCK-009075,CUST-007227,2024-10-01,Performance,Medium,2.3,Resolved,4
TCK-009076,CUST-007227,2024-03-28,Performance,Critical,37.5,Resolved,2
TCK-009077,CUST-007228,2023-03-11,Performance,Medium,18.3,Resolved,5
TCK-009078,CUST-007230,2023-04-17,Billing,Medium,26.4,Resolved,2
TCK-009079,CUST-007231,2023-12-10,Technical,Medium,5.6,Closed,5
TCK-009080,CUST-007232,2023-01-10,Technical,Medium,28.6,Resolved,4
TCK-009081,CUST-007234,2023-03-28,Performance,Medium,17.2,Escalated,1
TCK-009082,CUST-007234,2023-08-27,Performance,High,14.3,Resolved,1
TCK-009083,CUST-007234,2024-01-13,Integration,Medium,55.8,Resolved,4
TCK-009084,CUST-007235,2024-05-16,Login,Low,9.5,Closed,5
TCK-009085,CUST-007235,2024-07-05,Billing,Low,6.9,Resolved,4
TCK-009086,CUST-007236,2023-11-02,Billing,Low,22.7,Pending,3
TCK-009087,CUST-007238,2023-07-24,Technical,Low,7.4,Closed,3
TCK-009088,CUST-007238,2023-01-14,Billing,Low,50.2,Escalated,1
TCK-009089,CUST-007238,2023-01-23,Billing,Low,8.9,Resolved,2
TCK-009090,CUST-007238,2024-01-12,Billing,Low,32.3,Pending,1
TCK-009091,CUST-007239,2024-11-02,Performance,High,13.0,Resolved,5
TCK-009092,CUST-007241,2024-09-19,Login,Low,19.4,Resolved,3
TCK-009093,CUST-007243,2022-12-23,Billing,Critical,3.0,Resolved,1
TCK-009094,CUST-007243,2023-03-06,Integration,Low,1.2,Escalated,1
TCK-009095,CUST-007243,2023-01-11,Billing,Medium,23.3,Closed,2
TCK-009096,CUST-007244,2023-05-15,Login,High,11.0,Resolved,3
TCK-009097,CUST-007244,2023-08-16,Integration,Critical,10.7,Resolved,3
TCK-009098,CUST-007246,2024-04-02,Technical,Medium,17.7,Resolved,4
TCK-009099,CUST-007248,2024-05-13,Technical,Medium,8.6,Closed,2
TCK-009100,CUST-007251,2023-09-23,Integration,Medium,32.3,Closed,5
TCK-009101,CUST-007251,2022-10-23,Technical,High,19.4,Resolved,4
TCK-009102,CUST-007251,2022-09-25,Integration,Medium,7.6,Resolved,4
TCK-009103,CUST-007252,2024-02-11,Integration,Low,26.9,Resolved,4
TCK-009104,CUST-007252,2024-09-20,Technical,Medium,1.2,Resolved,3
TCK-009105,CUST-007252,2024-12-03,Technical,Low,25.9,Closed,5
TCK-009106,CUST-007253,2023-08-09,Billing,High,49.2,Closed,1
TCK-009107,CUST-007254,2022-09-08,Technical,Medium,0.5,Resolved,1
TCK-009108,CUST-007254,2022-09-10,Technical,Medium,2.8,Closed,4
TCK-009109,CUST-007258,2023-03-28,Billing,Critical,18.6,Closed,3
TCK-009110,CUST-007261,2024-02-24,Technical,Medium,10.3,Resolved,5
TCK-009111,CUST-007263,2023-01-08,Billing,High,10.6,Closed,1
TCK-009112,CUST-007264,2023-11-08,Security,Low,10.6,Closed,5
TCK-009113,CUST-007265,2023-11-19,Technical,Medium,23.7,Closed,3
TCK-009114,CUST-007266,2023-04-03,Billing,Low,13.8,Resolved,2
TCK-009115,CUST-007266,2023-02-14,Performance,Low,10.6,Resolved,1
TCK-009116,CUST-007266,2023-04-10,Performance,Medium,5.5,Pending,2
TCK-009117,CUST-007268,2023-10-15,Integration,High,70.6,Closed,4
TCK-009118,CUST-007269,2024-08-19,Technical,High,10.9,Resolved,2
TCK-009119,CUST-007269,2024-01-31,Integration,Medium,61.3,Resolved,2
TCK-009120,CUST-007269,2023-12-26,Billing,Low,11.3,Resolved,3
TCK-009121,CUST-007270,2024-12-05,Integration,Medium,32.8,Resolved,5
TCK-009122,CUST-007273,2022-04-03,Feature Request,Critical,127.8,Closed,1
TCK-009123,CUST-007273,2022-04-04,Integration,High,41.3,Closed,2
TCK-009124,CUST-007274,2023-12-15,Technical,Low,6.0,Resolved,3
TCK-009125,CUST-007275,2023-03-31,Technical,Low,23.1,Resolved,5
TCK-009126,CUST-007276,2024-06-27,Performance,Medium,13.9,Resolved,5
TCK-009127,CUST-007276,2024-11-13,Login,Low,12.0,Resolved,2
TCK-009128,CUST-007278,2022-06-13,Performance,Critical,26.2,Resolved,4
TCK-009129,CUST-007278,2022-12-28,Performance,Medium,5.3,Resolved,4
TCK-009130,CUST-007281,2023-05-19,Integration,Medium,35.8,Resolved,5
TCK-009131,CUST-007281,2023-05-13,Login,Medium,84.7,Resolved,3
TCK-009132,CUST-007282,15/06/2024,Technical,Low,12.0,Resolved,4
TCK-009133,CUST-007284,2024-12-03,Technical,Medium,0.5,Resolved,4
TCK-009134,CUST-007285,2024-01-08,Technical,High,24.0,Resolved,3
TCK-009135,CUST-007287,2024-06-06,Technical,Low,0.8,Resolved,4
TCK-009136,CUST-007288,2024-07-11,Technical,Low,1.0,Closed,2
TCK-009137,CUST-007289,2023-06-06,Billing,Medium,7.0,Resolved,4
TCK-009138,CUST-007290,2024-03-05,Billing,High,93.7,Closed,2
TCK-009139,CUST-007290,2024-05-07,Technical,High,4.6,Resolved,3
TCK-009140,CUST-007290,2024-10-18,Feature Request,Medium,8.4,Resolved,4
TCK-009141,CUST-007291,2024-08-01,Billing,Medium,2.8,Resolved,5
TCK-009142,CUST-007292,2023-05-10,Security,Low,71.0,Escalated,2
TCK-009143,CUST-007293,2024-06-30,Technical,Medium,11.0,Resolved,3
TCK-009144,CUST-007293,2024-04-06,Integration,Medium,7.3,Closed,4
TCK-009145,CUST-007295,2023-12-05,Security,Low,23.9,Pending,1
TCK-009146,CUST-007295,2024-03-20,Technical,Medium,78.6,Resolved,4
TCK-009147,CUST-007296,2022-09-22,Billing,High,5.9,Resolved,2
TCK-009148,CUST-007297,2023-01-07,Billing,Low,0.5,Resolved,1
TCK-009149,CUST-007297,2023-11-18,Billing,High,52.3,Closed,3
TCK-009150,CUST-007300,2023-01-12,Performance,Medium,10.1,Closed,4
TCK-009151,CUST-007301,2024-10-27,Login,Low,15.1,Closed,5
TCK-009152,CUST-007303,2024-06-09,Login,Medium,16.1,Pending,1
TCK-009153,CUST-007303,2022-02-22,Feature Request,Low,18.9,Closed,3
TCK-009154,CUST-007303,2022-04-04,Performance,Medium,11.4,Pending,1
TCK-009155,CUST-007304,2024-06-01,Integration,Medium,2.6,Resolved,2
TCK-009156,CUST-007305,2024-04-20,Billing,Low,40.1,Resolved,3
TCK-009157,CUST-007305,2024-07-21,Performance,Medium,42.9,Resolved,4
TCK-009158,CUST-007307,2024-09-30,Login,Low,32.2,Resolved,4
TCK-009159,CUST-007308,2023-03-16,Login,High,26.6,Resolved,4
TCK-009160,CUST-007308,2022-08-21,Login,Low,12.3,Resolved,5
TCK-009161,CUST-007309,2024-03-08,Technical,High,39.2,Resolved,4
TCK-009162,CUST-007310,2024-05-04,Feature Request,Critical,4.5,Closed,2
TCK-009163,CUST-007311,2023-02-17,Billing,Low,74.6,Resolved,2
TCK-009164,CUST-007311,2022-10-05,Technical,Critical,18.6,Escalated,1
TCK-009165,CUST-007312,2024-11-15,Feature Request,Medium,17.1,Resolved,4
TCK-009166,CUST-007312,2024-08-19,Performance,Medium,21.9,Closed,5
TCK-009167,CUST-007312,2024-03-10,Technical,Medium,20.6,Closed,5
TCK-009168,CUST-007312,2024-06-30,Integration,Low,26.1,Resolved,2
TCK-009169,CUST-007314,2023-09-12,Performance,Medium,18.2,Resolved,5
TCK-009170,CUST-007315,2024-09-28,Feature Request,High,14.4,Closed,5
TCK-009171,CUST-007316,2023-09-22,Technical,Low,4.2,Resolved,3
TCK-009172,CUST-007316,2024-02-09,Technical,High,58.0,Closed,4
TCK-009173,CUST-007318,2023-08-08,Technical,Medium,10.9,Resolved,1
TCK-009174,CUST-007318,2023-05-22,Billing,Medium,8.3,Pending,3
TCK-009175,CUST-007318,2024-02-28,Login,Low,18.0,Escalated,1
TCK-009176,CUST-007321,2023-10-27,Performance,Low,52.8,Escalated,1
TCK-009177,CUST-007324,2022-12-15,Performance,Medium,11.3,Closed,2
TCK-009178,CUST-007326,2024-11-10,Billing,High,137.0,Resolved,4
TCK-009179,CUST-007326,2024-10-16,Performance,Medium,13.1,Resolved,4
TCK-009180,CUST-007327,2023-10-23,Technical,Low,11.3,Closed,1
TCK-009181,CUST-007327,2023-03-19,Technical,Low,6.7,Closed,3
TCK-009182,CUST-007327,2023-11-11,Technical,High,23.5,Resolved,3
TCK-009183,CUST-007327,2023-10-05,Login,High,6.5,Resolved,1
TCK-009184,CUST-007328,2024-07-08,Billing,Medium,1.3,Resolved,5
TCK-009185,CUST-007328,2024-10-07,Technical,High,61.9,Resolved,3
TCK-009186,CUST-007328,2024-09-13,Billing,High,49.8,Resolved,4
TCK-009187,CUST-007328,2024-08-17,Integration,Medium,29.5,Resolved,5
TCK-009188,CUST-007329,2023-12-29,Technical,Medium,43.7,Closed,2
TCK-009189,CUST-007330,2023-09-28,Login,High,25.3,Closed,1
TCK-009190,CUST-007330,2024-01-20,Billing,Low,41.2,Resolved,1
TCK-009191,CUST-007331,2023-12-15,Integration,High,29.5,Resolved,4
TCK-009192,CUST-007331,2023-07-22,Billing,Medium,11.9,Closed,5
TCK-009193,CUST-007331,2023-07-11,Feature Request,Low,7.8,Resolved,2
TCK-009194,CUST-007332,2024-06-16,Billing,Low,7.4,Resolved,4
TCK-009195,CUST-007332,14/02/2024,Technical,Medium,15.2,Resolved,3
TCK-009196,CUST-007332,2024-04-04,Technical,Medium,12.0,Closed,5
TCK-009197,CUST-007332,2024-02-18,Billing,Medium,11.7,Resolved,3
TCK-009198,CUST-007333,2023-05-20,Technical,Critical,70.8,Resolved,5
TCK-009199,CUST-007335,2024-04-17,Login,Medium,27.2,Closed,4
TCK-009200,CUST-007335,2023-11-11,Performance,Medium,5.5,Resolved,5
TCK-009201,CUST-007336,2024-10-11,Integration,High,2.9,Resolved,3
TCK-009202,CUST-007337,2024-07-22,Integration,Medium,46.1,Resolved,3
TCK-009203,CUST-007337,2024-12-03,Technical,Medium,18.1,Closed,3
TCK-009204,CUST-007338,2024-11-26,Technical,High,18.7,Closed,3
TCK-009205,CUST-007338,2023-10-09,Login,High,2.4,Resolved,5
TCK-009206,CUST-007339,2022-03-16,Technical,High,49.4,Escalated,1
TCK-009207,CUST-007340,2023-09-24,Login,Low,15.5,Resolved,5
TCK-009208,CUST-007340,2023-01-22,Feature Request,High,30.7,Resolved,3
TCK-009209,CUST-007341,2023-03-02,Technical,High,9.6,Resolved,4
TCK-009210,CUST-007343,2024-01-16,Feature Request,Low,16.1,Resolved,5
TCK-009211,CUST-007343,2024-02-28,Technical,Critical,2.2,Resolved,5
TCK-009212,CUST-007343,2023-09-30,Technical,Medium,35.8,Resolved,2
TCK-009213,CUST-007343,2024-01-07,Technical,Low,2.0,Closed,1
TCK-009214,CUST-007348,2024-11-01,Performance,Low,13.2,Resolved,4
TCK-009215,CUST-007349,2023-12-26,Login,Low,2.1,Resolved,1
TCK-009216,CUST-007349,2024-01-07,Technical,Low,49.5,Resolved,3
TCK-009217,CUST-007349,2024-01-08,Performance,High,131.9,Resolved,1
TCK-009218,CUST-007349,2023-06-30,Integration,High,10.0,Escalated,3
TCK-009219,CUST-007352,2023-10-23,Billing,Medium,11.5,Pending,3
TCK-009220,CUST-007353,2022-07-07,Integration,Low,22.7,Resolved,4
TCK-009221,CUST-007354,2024-12-10,Billing,Low,16.3,Resolved,4
TCK-009222,CUST-007354,2023-01-13,Technical,Medium,8.3,Resolved,5
TCK-009223,CUST-007355,2023-02-09,Technical,Low,29.8,Resolved,1
TCK-009224,CUST-007357,2023-11-03,Integration,Medium,28.9,Resolved,1
TCK-009225,CUST-007357,2023-11-17,Billing,Medium,39.9,Resolved,1
TCK-009226,CUST-007357,2023-07-24,Security,Low,89.8,Closed,3
TCK-009227,CUST-007357,2024-08-15,Login,Medium,13.8,Resolved,2
TCK-009228,CUST-007358,2024-10-05,Login,Medium,16.0,Resolved,3
TCK-009229,CUST-007359,2023-11-04,Integration,Low,30.3,Resolved,5
TCK-009230,CUST-007361,2024-06-01,Technical,Low,4.5,Resolved,5
TCK-009231,CUST-007364,2022-02-17,Login,Low,6.8,Closed,1
TCK-009232,CUST-007364,2022-02-08,Billing,Medium,6.7,Pending,1
TCK-009233,CUST-007366,2024-10-26,Integration,Medium,2.4,Resolved,2
TCK-009234,CUST-007367,2023-12-21,Login,Medium,3.7,Closed,2
TCK-009235,CUST-007367,2022-12-23,Security,Low,66.0,Pending,2
TCK-009236,CUST-007368,2023-09-26,Billing,Medium,13.8,Resolved,1
TCK-009237,CUST-007368,2023-10-23,Feature Request,Medium,6.6,Resolved,2
TCK-009238,CUST-007369,2024-06-28,Performance,High,17.6,Resolved,3
TCK-009239,CUST-007369,2023-12-10,Technical,Low,8.5,Resolved,3
TCK-009240,CUST-007369,2024-02-12,Security,Medium,4.4,Resolved,4
TCK-009241,CUST-007369,2023-11-18,Technical,Medium,7.6,Resolved,3
TCK-009242,CUST-007371,2022-10-31,Feature Request,Medium,11.9,Pending,3
TCK-009243,CUST-007372,2023-02-20,Feature Request,Low,15.7,Closed,1
TCK-009244,CUST-007372,2022-12-14,Technical,Critical,36.7,Closed,2
TCK-009245,CUST-007372,2023-01-03,Billing,Low,64.6,Resolved,2
TCK-009246,CUST-007373,2023-05-25,Integration,Medium,9.6,Closed,5
TCK-009247,CUST-007373,2023-04-30,Feature Request,Medium,130.3,Closed,4
TCK-009248,CUST-007373,2023-05-21,Technical,High,15.4,Closed,5
TCK-009249,CUST-007373,2023-04-05,Technical,Low,11.8,Resolved,4
TCK-009250,CUST-007374,2024-11-29,Technical,High,13.8,Resolved,4
TCK-009251,CUST-007374,2024-02-11,Login,Medium,40.6,Resolved,5
TCK-009252,CUST-007376,11/07/2024,Technical,Low,0.5,Resolved,5
TCK-009253,CUST-007378,2024-06-12,Billing,High,51.3,Resolved,1
TCK-009254,CUST-007378,2024-07-03,Performance,Low,22.7,Closed,1
TCK-009255,CUST-007379,2023-12-15,Billing,Medium,7.8,Resolved,3
TCK-009256,CUST-007379,2024-07-05,Integration,Medium,7.7,Resolved,1
TCK-009257,CUST-007380,2022-04-29,Billing,Low,40.7,Pending,2
TCK-009258,CUST-007382,2023-04-02,Login,Medium,40.5,Resolved,3
TCK-009259,CUST-007383,2024-07-03,Login,Low,2.3,Resolved,4
TCK-009260,CUST-007384,2023-06-29,Technical,Medium,3.3,Closed,5
TCK-009261,CUST-007384,2022-12-06,Integration,Medium,0.5,Resolved,2
TCK-009262,CUST-007384,2022-10-13,Technical,Medium,33.7,Resolved,4
TCK-009263,CUST-007384,2022-05-30,Technical,Medium,25.8,Resolved,2
TCK-009264,CUST-007386,2024-08-10,Integration,Medium,7.8,Closed,5
TCK-009265,CUST-007387,2024-10-21,Performance,Medium,2.3,Resolved,1
TCK-009266,CUST-007391,2023-12-17,Integration,High,42.1,Resolved,4
TCK-009267,CUST-007392,2024-01-02,Performance,Medium,39.1,Closed,1
TCK-009268,CUST-007392,2023-04-11,Technical,Medium,55.8,Closed,1
TCK-009269,CUST-007393,2024-03-29,Billing,High,14.7,Closed,2
TCK-009270,CUST-007393,2024-04-04,Login,Medium,24.5,Resolved,1
TCK-009271,CUST-007394,2024-02-08,Login,Medium,1.7,Resolved,5
TCK-009272,CUST-007394,2023-11-10,Login,Medium,45.9,Resolved,4
TCK-009273,CUST-007394,2023-09-13,Performance,Medium,2.3,Closed,3
TCK-009274,CUST-007395,2024-05-04,Performance,Low,18.1,Escalated,3
TCK-009275,CUST-007395,2024-05-12,Technical,Medium,52.7,Closed,3
TCK-009276,CUST-007395,2024-06-08,Technical,Medium,6.5,Resolved,2
TCK-009277,CUST-007396,2024-07-28,Technical,Low,21.7,Pending,1
TCK-009278,CUST-007399,2023-06-22,Billing,Medium,0.7,Resolved,1
TCK-009279,CUST-007399,2023-06-16,Billing,Critical,9.5,Resolved,1
TCK-009280,CUST-007400,15/10/2023,Billing,Low,25.2,Resolved,3
TCK-009281,CUST-007401,2023-10-17,Technical,Medium,0.5,Resolved,4
TCK-009282,CUST-007403,2022-06-24,Billing,Medium,29.2,Closed,5
TCK-009283,CUST-007404,2024-04-28,Billing,High,73.9,Closed,4
TCK-009284,CUST-007405,2023-06-28,Technical,Low,8.6,Closed,4
TCK-009285,CUST-007405,2024-02-02,Login,High,87.8,Resolved,4
TCK-009286,CUST-007406,2023-10-24,Technical,Medium,38.1,Resolved,3
TCK-009287,CUST-007406,2023-07-26,Technical,Medium,49.5,Closed,2
TCK-009288,CUST-007406,2023-10-05,Billing,High,56.5,Closed,1
TCK-009289,CUST-007407,2023-09-16,Technical,Medium,7.8,Resolved,5
TCK-009290,CUST-007407,2023-10-22,Technical,Low,25.0,Resolved,5
TCK-009291,CUST-007407,2022-10-15,Technical,Medium,30.3,Resolved,5
TCK-009292,CUST-007408,2024-03-16,Performance,Low,32.5,Closed,5
TCK-009293,CUST-007409,2024-01-16,Performance,Low,0.5,Resolved,1
TCK-009294,CUST-007409,2024-09-27,Technical,Low,1.6,Closed,4
TCK-009295,CUST-007411,2023-06-22,Billing,Low,2.1,Resolved,2
TCK-009296,CUST-007411,2022-07-13,Performance,High,5.3,Escalated,1
TCK-009297,CUST-007411,2023-05-12,Feature Request,Medium,38.9,Resolved,1
TCK-009298,CUST-007411,2022-10-07,Technical,Low,8.4,Resolved,1
TCK-009299,CUST-007412,2023-11-22,Login,Low,5.8,Resolved,4
TCK-009300,CUST-007413,2024-11-09,Billing,Medium,11.1,Resolved,3
TCK-009301,CUST-007413,2023-06-24,Technical,Medium,0.6,Resolved,4
TCK-009302,CUST-007414,2024-07-29,Billing,Medium,0.6,Resolved,4
TCK-009303,CUST-007416,2024-04-07,Performance,Critical,24.1,Resolved,1
TCK-009304,CUST-007417,2024-05-22,Billing,Low,4.0,Escalated,1
TCK-009305,CUST-007417,2024-05-12,Technical,Medium,3.7,Resolved,2
TCK-009306,CUST-007418,2024-02-01,Technical,Critical,78.4,Resolved,2
TCK-009307,CUST-007418,2024-05-04,Integration,Medium,20.1,Resolved,2
TCK-009308,CUST-007418,2024-06-19,Technical,Medium,27.2,Resolved,5
TCK-009309,CUST-007418,2024-09-03,Billing,Medium,8.3,Closed,2
TCK-009310,CUST-007421,2023-07-08,Technical,Medium,8.9,Resolved,2
TCK-009311,CUST-007422,2023-10-01,Login,Medium,27.2,Pending,2
TCK-009312,CUST-007423,2023-01-22,Login,Critical,3.5,Resolved,2
TCK-009313,CUST-007423,2024-02-12,Performance,High,23.4,Resolved,3
TCK-009314,CUST-007426,2024-01-15,Login,Medium,21.3,Resolved,4
TCK-009315,CUST-007427,2023-11-03,Technical,Low,4.9,Closed,5
TCK-009316,CUST-007427,2024-08-09,Technical,Medium,2.4,Resolved,5
TCK-009317,CUST-007428,2024-02-06,Technical,High,46.8,Resolved,4
TCK-009318,CUST-007429,2024-03-03,Login,Low,23.7,Resolved,5
TCK-009319,CUST-007429,2024-02-19,Feature Request,Medium,6.8,Closed,2
TCK-009320,CUST-007430,2023-06-14,Technical,Low,3.8,Resolved,4
TCK-009321,CUST-007431,2022-12-19,Technical,Medium,29.4,Resolved,3
TCK-009322,CUST-007431,2024-11-25,Billing,Low,17.9,Resolved,4
TCK-009323,CUST-007433,2023-01-31,Technical,Low,12.4,Closed,3
TCK-009324,CUST-007433,2023-01-23,Billing,Medium,2.7,Escalated,1
TCK-009325,CUST-007434,2024-11-17,Technical,Medium,35.7,Resolved,4
TCK-009326,CUST-007434,2024-05-02,Billing,High,56.1,Resolved,2
TCK-009327,CUST-007434,2024-04-29,Integration,High,0.5,Closed,4
TCK-009328,CUST-007434,2024-04-22,Technical,Low,10.7,Resolved,4
TCK-009329,CUST-007435,2023-05-11,Billing,Medium,11.9,Resolved,2
TCK-009330,CUST-007435,2023-06-16,Feature Request,Medium,23.2,Resolved,1
TCK-009331,CUST-007435,2023-06-06,Performance,Medium,36.3,Resolved,2
TCK-009332,CUST-007436,2023-11-19,Technical,High,25.2,Resolved,4
TCK-009333,CUST-007437,2024-06-23,Billing,Critical,19.2,Resolved,3
TCK-009334,CUST-007438,2024-02-19,Technical,Low,6.4,Closed,5
TCK-009335,CUST-007438,2023-05-09,Technical,Low,31.9,Closed,4
TCK-009336,CUST-007439,2024-04-26,Technical,Medium,41.9,Resolved,3
TCK-009337,CUST-007440,2023-09-03,Billing,Low,45.2,Resolved,1
TCK-009338,CUST-007440,2024-01-02,Technical,Low,18.3,Escalated,3
TCK-009339,CUST-007444,2024-08-23,Login,Medium,0.9,Resolved,3
TCK-009340,CUST-007445,2024-04-17,Technical,Critical,39.6,Resolved,5
TCK-009341,CUST-007446,2023-07-24,Login,Medium,2.6,Closed,5
TCK-009342,CUST-007447,2024-02-28,Performance,Low,19.3,Resolved,1
TCK-009343,CUST-007447,2024-02-25,Billing,Medium,4.2,Resolved,1
TCK-009344,CUST-007447,2023-12-30,Performance,High,3.3,Resolved,3
TCK-009345,CUST-007448,21/05/2022,Integration,Critical,72.6,Resolved,2
TCK-009346,CUST-007449,2023-05-02,Technical,Low,29.0,Resolved,3
TCK-009347,CUST-007450,2024-08-31,Login,Medium,13.1,Resolved,1
TCK-009348,CUST-007452,2022-12-06,Technical,Medium,27.9,Resolved,5
TCK-009349,CUST-007453,2024-11-13,Integration,Low,0.5,Closed,4
TCK-009350,CUST-007453,2023-07-11,Billing,Medium,4.5,Resolved,3
TCK-009351,CUST-007454,2024-06-01,Technical,Low,3.0,Closed,4
TCK-009352,CUST-007454,2022-09-25,Technical,Low,6.8,Resolved,4
TCK-009353,CUST-007455,2024-11-30,Integration,Low,15.1,Resolved,5
TCK-009354,CUST-007456,2023-12-23,Technical,Medium,5.4,Resolved,1
TCK-009355,CUST-007457,2024-05-20,Feature Request,Medium,9.8,Closed,2
TCK-009356,CUST-007458,2024-04-19,Technical,Critical,36.8,Pending,1
TCK-009357,CUST-007459,2024-02-28,Billing,Medium,13.1,Closed,3
TCK-009358,CUST-007460,2024-07-17,Billing,Low,46.2,Pending,1
TCK-009359,CUST-007460,2024-06-30,Feature Request,Low,31.2,Resolved,1
TCK-009360,CUST-007462,2023-07-26,Billing,Low,9.4,Resolved,2
TCK-009361,CUST-007463,2023-09-26,Integration,Medium,43.7,Closed,3
TCK-009362,CUST-007464,2023-04-23,Feature Request,Medium,25.7,Resolved,3
TCK-009363,CUST-007465,2024-06-21,Login,Low,43.4,Resolved,1
TCK-009364,CUST-007469,2024-04-07,Billing,High,101.4,Closed,5
TCK-009365,CUST-007470,2024-11-14,Security,Low,35.5,Closed,5
TCK-009366,CUST-007470,2024-09-26,Performance,Low,3.6,Resolved,5
TCK-009367,CUST-007471,2023-07-26,Technical,Medium,0.5,Resolved,5
TCK-009368,CUST-007471,2024-03-08,Technical,High,32.9,Resolved,2
TCK-009369,CUST-007471,2024-08-08,Login,Medium,8.6,Resolved,5
TCK-009370,CUST-007472,2024-07-17,Billing,Medium,4.4,Escalated,3
TCK-009371,CUST-007472,2024-08-07,Integration,Low,26.3,Closed,3
TCK-009372,CUST-007472,2024-09-22,Technical,Low,23.4,Resolved,1
TCK-009373,CUST-007476,2024-06-03,Login,High,63.1,Resolved,4
TCK-009374,CUST-007476,2023-09-03,Technical,Low,25.3,Resolved,1
TCK-009375,CUST-007476,2024-05-11,Technical,High,36.2,Pending,1
TCK-009376,CUST-007476,2024-08-15,Technical,Low,158.1,Pending,3
TCK-009377,CUST-007477,2022-07-31,Billing,Critical,59.0,Resolved,1
TCK-009378,CUST-007477,2022-09-03,Security,Low,3.7,Resolved,2
TCK-009379,CUST-007478,2023-07-23,Login,Low,4.0,Closed,4
TCK-009380,CUST-007479,2023-02-13,Technical,Medium,4.9,Resolved,5
TCK-009381,CUST-007479,2023-07-19,Integration,High,32.6,Closed,2
TCK-009382,CUST-007479,2022-10-11,Performance,Medium,25.5,Resolved,3
TCK-009383,CUST-007483,2023-08-15,Technical,Medium,0.5,Resolved,4
TCK-009384,CUST-007484,2023-12-07,Technical,Low,3.9,Resolved,3
TCK-009385,CUST-007485,2023-01-15,Billing,Low,22.3,Resolved,1
TCK-009386,CUST-007485,2022-07-21,Billing,Medium,73.2,Pending,1
TCK-009387,CUST-007485,2023-08-12,Billing,High,0.5,Resolved,1
TCK-009388,CUST-007485,2024-06-23,Login,High,37.5,Resolved,1
TCK-009389,CUST-007485,2022-05-21,Performance,High,32.8,Closed,1
TCK-009390,CUST-007486,2024-06-15,Security,Medium,109.3,Resolved,2
TCK-009391,CUST-007486,2024-07-07,Integration,Critical,43.7,Resolved,5
TCK-009392,CUST-007488,2023-09-14,Security,Low,19.7,Resolved,3
TCK-009393,CUST-007488,2024-01-06,Security,Medium,7.5,Resolved,5
TCK-009394,CUST-007489,2024-07-08,Login,Low,14.0,Resolved,1
TCK-009395,CUST-007489,2024-08-30,Technical,Low,1.6,Closed,3
TCK-009396,CUST-007490,2023-07-16,Billing,Low,12.9,Pending,2
TCK-009397,CUST-007490,2023-07-12,Security,Low,46.0,Resolved,5
TCK-009398,CUST-007491,2024-10-03,Feature Request,Medium,6.4,Closed,3
TCK-009399,CUST-007492,2023-01-31,Billing,Medium,31.0,Resolved,3
TCK-009400,CUST-007494,2024-10-23,Billing,Low,11.3,Resolved,2
TCK-009401,CUST-007494,2024-09-23,Integration,Critical,37.4,Closed,4
TCK-009402,CUST-007497,2024-10-10,Billing,High,2.4,Closed,3
TCK-009403,CUST-007499,2024-03-03,Billing,Medium,2.5,Resolved,2
TCK-009404,CUST-007499,2024-03-25,Billing,High,56.6,Resolved,1
TCK-009405,CUST-007500,2023-10-25,Technical,Medium,68.7,Resolved,1
TCK-009406,CUST-007500,2024-05-27,Technical,High,36.9,Resolved,1
TCK-009407,CUST-007500,2024-05-20,Technical,Medium,50.1,Resolved,5
TCK-009408,CUST-007500,2024-02-16,Performance,Medium,3.0,Resolved,4
TCK-009409,CUST-007501,2024-09-06,Billing,Low,10.0,Resolved,3
TCK-009410,CUST-007501,2024-06-17,Technical,High,40.0,Resolved,4
TCK-009411,CUST-007502,2023-01-22,Technical,High,23.4,Closed,5
TCK-009412,CUST-007502,2024-05-20,Technical,Medium,17.6,Resolved,4
TCK-009413,CUST-007504,21/04/2024,Billing,Medium,3.1,Closed,5
TCK-009414,CUST-007504,2024-06-22,Security,Medium,0.7,Resolved,1
TCK-009415,CUST-007504,2024-04-23,Technical,Medium,8.6,Resolved,2
TCK-009416,CUST-007506,2023-01-27,Security,Low,0.8,Closed,2
TCK-009417,CUST-007508,2023-03-16,Login,Critical,17.7,Resolved,4
TCK-009418,CUST-007508,2023-09-17,Technical,Medium,2.2,Resolved,5
TCK-009419,CUST-007509,2024-06-21,Billing,Low,4.2,Resolved,5
TCK-009420,CUST-007511,2022-09-06,Billing,Medium,7.4,Resolved,3
TCK-009421,CUST-007512,2023-10-13,Integration,Medium,5.3,Pending,1
TCK-009422,CUST-007512,2023-11-05,Performance,Low,14.8,Resolved,2
TCK-009423,CUST-007512,2023-07-14,Billing,Medium,5.6,Closed,1
TCK-009424,CUST-007514,2023-07-27,Billing,Medium,4.7,Resolved,3
TCK-009425,CUST-007514,2024-11-01,Performance,High,2.0,Resolved,3
TCK-009426,CUST-007516,2024-04-25,Integration,Low,12.6,Resolved,2
TCK-009427,CUST-007516,2023-12-13,Billing,Medium,25.5,Resolved,5
TCK-009428,CUST-007517,2024-10-05,Login,Low,6.7,Closed,4
TCK-009429,CUST-007517,2024-11-01,Feature Request,High,18.1,Resolved,5
TCK-009430,CUST-007520,16/10/2024,Billing,High,21.0,Escalated,1
TCK-009431,CUST-007521,2024-12-06,Technical,Medium,10.6,Closed,4
TCK-009432,CUST-007524,2024-01-04,Login,High,25.3,Resolved,1
TCK-009433,CUST-007525,2024-04-11,Technical,Critical,22.2,Resolved,4
TCK-009434,CUST-007526,2024-07-07,Integration,High,34.6,Resolved,3
TCK-009435,CUST-007527,2022-08-31,Technical,Medium,36.7,Resolved,3
TCK-009436,CUST-007527,2022-09-04,Technical,Low,1.3,Resolved,3
TCK-009437,CUST-007528,2024-07-25,Feature Request,Low,12.3,Closed,5
TCK-009438,CUST-007529,2023-11-15,Performance,High,12.3,Resolved,2
TCK-009439,CUST-007530,2024-12-21,Technical,Low,27.1,Closed,4
TCK-009440,CUST-007531,2024-07-11,Login,High,28.3,Resolved,4
TCK-009441,CUST-007531,2024-08-26,Technical,Low,39.1,Resolved,2
TCK-009442,CUST-007532,2024-07-08,Technical,Low,28.1,Resolved,4
TCK-009443,CUST-007532,2023-05-02,Billing,Low,5.2,Closed,1
TCK-009444,CUST-007533,2023-07-10,Technical,Critical,44.9,Resolved,5
TCK-009445,CUST-007534,2024-05-05,Performance,High,2.4,Closed,5
TCK-009446,CUST-007535,2023-09-02,Technical,Medium,44.9,Resolved,5
TCK-009447,CUST-007536,2024-09-20,Technical,Medium,2.6,Resolved,3
TCK-009448,CUST-007539,2024-10-08,Billing,Medium,22.6,Closed,4
TCK-009449,CUST-007539,2024-01-07,Feature Request,High,20.3,Resolved,3
TCK-009450,CUST-007540,2024-06-08,Billing,Critical,19.2,Resolved,3
TCK-009451,CUST-007540,2024-04-03,Login,High,18.1,Resolved,3
TCK-009452,CUST-007540,2024-03-05,Login,High,68.3,Closed,2
TCK-009453,CUST-007540,2024-05-01,Performance,Medium,9.9,Closed,1
TCK-009454,CUST-007540,2024-04-24,Technical,Medium,4.8,Resolved,1
TCK-009455,CUST-007541,2022-02-22,Technical,High,30.8,Resolved,4
TCK-009456,CUST-007543,2022-08-30,Technical,Medium,2.8,Resolved,3
TCK-009457,CUST-007543,2023-08-15,Technical,Medium,17.2,Resolved,4
TCK-009458,CUST-007543,2024-05-22,Technical,Critical,2.5,Resolved,2
TCK-009459,CUST-007544,2024-04-23,Technical,Critical,133.2,Resolved,5
TCK-009460,CUST-007544,2024-04-30,Login,Medium,81.6,Escalated,3
TCK-009461,CUST-007544,2024-08-06,Integration,Low,34.6,Resolved,4
TCK-009462,CUST-007544,2024-05-06,Integration,Medium,0.5,Closed,4
TCK-009463,CUST-007546,2024-02-02,Login,Low,19.9,Closed,3
TCK-009464,CUST-007547,2023-09-25,Technical,Low,2.9,Resolved,3
TCK-009465,CUST-007547,2023-10-17,Billing,Low,4.7,Closed,4
TCK-009466,CUST-007547,2023-09-08,Login,Medium,3.0,Resolved,3
TCK-009467,CUST-007548,2024-11-14,Login,Medium,6.0,Resolved,2
TCK-009468,CUST-007549,2024-06-25,Billing,Medium,20.4,Resolved,3
TCK-009469,CUST-007550,2022-10-14,Performance,Medium,31.3,Resolved,5
TCK-009470,CUST-007551,2024-05-18,Performance,Medium,35.6,Escalated,1
TCK-009471,CUST-007551,2024-06-28,Billing,Low,58.9,Escalated,1
TCK-009472,CUST-007551,2024-06-16,Security,Medium,17.4,Resolved,3
TCK-009473,CUST-007551,2024-08-06,Feature Request,Medium,17.7,Resolved,2
TCK-009474,CUST-007553,2024-04-08,Technical,High,35.1,Resolved,5
TCK-009475,CUST-007553,18/07/2024,Login,Low,14.9,Resolved,5
TCK-009476,CUST-007554,2024-05-17,Technical,Medium,6.4,Resolved,3
TCK-009477,CUST-007557,2022-05-29,Login,Medium,16.6,Resolved,5
TCK-009478,CUST-007561,2023-01-23,Technical,Low,21.8,Closed,3
TCK-009479,CUST-007562,2024-08-07,Performance,Medium,20.2,Pending,2
TCK-009480,CUST-007562,2023-11-19,Performance,High,43.8,Resolved,2
TCK-009481,CUST-007564,2022-08-19,Login,Medium,9.8,Escalated,2
TCK-009482,CUST-007564,2023-03-27,Technical,Low,17.0,Resolved,4
TCK-009483,CUST-007566,2022-11-21,Technical,Medium,19.5,Resolved,5
TCK-009484,CUST-007566,2022-12-12,Technical,Medium,38.4,Resolved,1
TCK-009485,CUST-007568,2024-11-28,Technical,Medium,39.8,Closed,3
TCK-009486,CUST-007569,2024-04-03,Billing,High,2.0,Resolved,4
TCK-009487,CUST-007570,2024-08-17,Billing,Medium,11.1,Resolved,5
TCK-009488,CUST-007570,2024-03-04,Billing,Low,7.8,Resolved,4
TCK-009489,CUST-007571,2024-10-21,Billing,Medium,16.3,Resolved,3
TCK-009490,CUST-007575,2024-07-29,Technical,Medium,5.4,Resolved,4
TCK-009491,CUST-007578,2022-09-05,Technical,Low,56.4,Resolved,5
TCK-009492,CUST-007580,2024-01-20,Technical,Low,28.1,Closed,1
TCK-009493,CUST-007581,2023-01-06,Performance,Medium,1.5,Resolved,1
TCK-009494,CUST-007583,2024-02-25,Billing,Low,4.9,Resolved,2
TCK-009495,CUST-007583,2024-05-26,Performance,High,19.8,Resolved,1
TCK-009496,CUST-007584,2024-09-26,Technical,Low,0.5,Resolved,2
TCK-009497,CUST-007585,2023-12-26,Security,Low,14.3,Resolved,4
TCK-009498,CUST-007585,2024-01-23,Login,High,1.9,Closed,3
TCK-009499,CUST-007586,2024-02-15,Technical,Medium,4.1,Escalated,2
TCK-009500,CUST-007588,2024-07-26,Performance,Low,1.3,Resolved,3
TCK-009501,CUST-007592,2024-05-05,Integration,Critical,2.4,Resolved,4
TCK-009502,CUST-007593,2024-05-09,Feature Request,High,42.4,Resolved,4
TCK-009503,CUST-007593,2022-12-03,Feature Request,High,34.5,Resolved,1
TCK-009504,CUST-007594,2024-07-07,Technical,Medium,17.1,Resolved,5
TCK-009505,CUST-007595,2024-08-08,Technical,Medium,9.2,Resolved,4
TCK-009506,CUST-007595,2023-12-18,Performance,Critical,53.1,Resolved,5
TCK-009507,CUST-007596,2023-05-30,Billing,Medium,2.5,Resolved,4
TCK-009508,CUST-007597,2023-10-04,Billing,Low,7.9,Closed,5
TCK-009509,CUST-007598,2023-08-08,Performance,Low,45.7,Closed,3
TCK-009510,CUST-007598,2023-07-25,Billing,High,25.8,Pending,1
TCK-009511,CUST-007598,2023-07-30,Billing,Medium,28.0,Escalated,1
TCK-009512,CUST-007601,2023-12-29,Login,High,23.3,Closed,1
TCK-009513,CUST-007601,2024-02-02,Performance,High,38.0,Resolved,4
TCK-009514,CUST-007602,2022-09-04,Login,Low,12.0,Resolved,3
TCK-009515,CUST-007604,2024-08-31,Billing,Medium,10.5,Resolved,1
TCK-009516,CUST-007604,2024-02-24,Billing,Medium,23.8,Resolved,2
TCK-009517,CUST-007605,2022-07-26,Technical,Low,1.4,Resolved,5
TCK-009518,CUST-007606,2023-07-28,Technical,Medium,4.0,Escalated,2
TCK-009519,CUST-007607,2022-05-15,Technical,Medium,46.0,Resolved,3
TCK-009520,CUST-007607,2022-04-08,Performance,Low,0.5,Resolved,1
TCK-009521,CUST-007607,2022-07-09,Technical,Low,11.8,Resolved,1
TCK-009522,CUST-007608,2023-02-11,Security,Low,38.6,Closed,2
TCK-009523,CUST-007609,2023-09-01,Technical,Critical,79.3,Closed,1
TCK-009524,CUST-007610,2023-07-20,Login,Low,10.4,Closed,4
TCK-009525,CUST-007612,2024-07-07,Performance,Low,9.5,Resolved,4
TCK-009526,CUST-007613,2024-10-21,Billing,Medium,10.9,Resolved,4
TCK-009527,CUST-007614,2024-11-09,Technical,Low,2.4,Pending,1
TCK-009528,CUST-007614,2024-11-15,Technical,High,12.5,Resolved,5
TCK-009529,CUST-007614,12/11/2024,Login,Medium,15.4,Resolved,3
TCK-009530,CUST-007616,2022-08-20,Technical,High,49.4,Resolved,4
TCK-009531,CUST-007616,2023-11-28,Billing,Medium,2.0,Resolved,4
TCK-009532,CUST-007617,2024-07-16,Billing,Medium,5.0,Resolved,4
TCK-009533,CUST-007617,2024-08-25,Technical,Medium,14.7,Closed,5
TCK-009534,CUST-007617,2024-11-03,Performance,Low,4.8,Resolved,5
TCK-009535,CUST-007618,2023-09-01,Billing,High,19.9,Resolved,3
TCK-009536,CUST-007619,2023-12-14,Billing,Low,54.7,Closed,1
TCK-009537,CUST-007619,2023-08-03,Billing,High,10.3,Closed,2
TCK-009538,CUST-007621,2024-12-04,Billing,Medium,10.2,Resolved,5
TCK-009539,CUST-007621,2024-03-30,Integration,High,31.7,Resolved,5
TCK-009540,CUST-007626,2024-07-29,Login,Medium,40.7,Closed,5
TCK-009541,CUST-007628,2023-09-04,Integration,Medium,38.6,Resolved,1
TCK-009542,CUST-007629,2024-05-19,Technical,Medium,1.0,Closed,1
TCK-009543,CUST-007629,2023-12-30,Billing,Low,32.9,Resolved,1
TCK-009544,CUST-007630,2024-09-03,Billing,Medium,21.1,Resolved,2
TCK-009545,CUST-007632,2023-10-18,Feature Request,Medium,2.5,Resolved,2
TCK-009546,CUST-007632,2023-10-11,Login,Medium,16.6,Pending,1
TCK-009547,CUST-007633,22/03/2024,Performance,High,61.5,Closed,1
TCK-009548,CUST-007633,2024-03-02,Technical,Medium,34.1,Closed,3
TCK-009549,CUST-007634,2024-07-02,Integration,Medium,10.6,Resolved,4
TCK-009550,CUST-007635,2023-08-07,Billing,Low,11.3,Closed,5
TCK-009551,CUST-007638,2024-07-01,Login,Low,10.0,Resolved,3
TCK-009552,CUST-007640,19/07/2023,Technical,Low,24.8,Closed,1
TCK-009553,CUST-007640,2024-01-25,Billing,Low,24.0,Resolved,1
TCK-009554,CUST-007642,2023-09-23,Login,Low,39.7,Resolved,3
TCK-009555,CUST-007642,2024-11-20,Integration,Low,43.0,Resolved,4
TCK-009556,CUST-007643,15/03/2023,Login,Low,0.5,Closed,2
TCK-009557,CUST-007644,2024-01-13,Technical,High,75.2,Closed,5
TCK-009558,CUST-007644,2023-11-23,Billing,Low,6.7,Resolved,4
TCK-009559,CUST-007644,2024-11-22,Security,Low,31.3,Resolved,5
TCK-009560,CUST-007644,2024-09-26,Security,Critical,69.4,Closed,3
TCK-009561,CUST-007646,2023-07-02,Feature Request,Low,8.0,Resolved,4
TCK-009562,CUST-007646,2024-05-04,Integration,Low,2.1,Resolved,5
TCK-009563,CUST-007646,2023-03-07,Technical,High,7.9,Resolved,4
TCK-009564,CUST-007647,2024-04-07,Feature Request,Medium,19.9,Resolved,5
TCK-009565,CUST-007647,2023-06-05,Performance,Medium,0.5,Resolved,5
TCK-009566,CUST-007647,2023-08-16,Login,Medium,4.2,Resolved,4
TCK-009567,CUST-007647,2023-04-10,Billing,Low,5.2,Resolved,3
TCK-009568,CUST-007648,2024-10-12,Technical,Low,7.6,Resolved,2
TCK-009569,CUST-007650,2024-03-16,Security,Medium,9.1,Resolved,4
TCK-009570,CUST-007650,2024-09-25,Technical,Medium,2.1,Resolved,4
TCK-009571,CUST-007650,2024-05-24,Billing,Low,1.3,Resolved,3
TCK-009572,CUST-007651,2024-06-04,Technical,Low,32.8,Resolved,5
TCK-009573,CUST-007651,2024-11-21,Integration,Medium,1.6,Resolved,5
TCK-009574,CUST-007651,2024-06-04,Technical,Low,5.6,Resolved,4
TCK-009575,CUST-007651,2024-11-02,Integration,Low,0.6,Resolved,2
TCK-009576,CUST-007653,2022-07-28,Technical,Critical,0.5,Closed,2
TCK-009577,CUST-007653,2024-11-20,Login,Critical,14.3,Closed,5
TCK-009578,CUST-007654,2023-11-29,Performance,Low,32.8,Closed,5
TCK-009579,CUST-007655,2023-05-26,Feature Request,Low,11.5,Resolved,3
TCK-009580,CUST-007656,2023-12-03,Login,Medium,0.5,Closed,4
TCK-009581,CUST-007656,2024-06-09,Performance,Low,21.5,Resolved,2
TCK-009582,CUST-007656,2024-03-28,Technical,Medium,3.8,Resolved,2
TCK-009583,CUST-007657,2024-06-16,Login,Low,17.1,Resolved,2
TCK-009584,CUST-007657,2023-05-02,Login,Low,9.6,Resolved,4
TCK-009585,CUST-007661,2022-10-03,Performance,High,1.6,Resolved,3
TCK-009586,CUST-007661,2023-06-04,Technical,Medium,8.6,Resolved,5
TCK-009587,CUST-007663,2023-01-01,Integration,High,25.6,Escalated,1
TCK-009588,CUST-007663,2022-10-05,Performance,Critical,82.7,Escalated,1
TCK-009589,CUST-007665,2024-06-20,Technical,Low,29.7,Resolved,4
TCK-009590,CUST-007666,2023-01-22,Security,Medium,23.1,Escalated,1
TCK-009591,CUST-007666,2022-10-11,Integration,Medium,24.9,Closed,1
TCK-009592,CUST-007666,2022-10-10,Technical,Medium,23.1,Resolved,4
TCK-009593,CUST-007666,2022-11-12,Technical,Critical,12.3,Resolved,1
TCK-009594,CUST-007667,2024-06-04,Feature Request,Medium,1.2,Resolved,2
TCK-009595,CUST-007668,2023-05-27,Login,Low,9.2,Resolved,2
TCK-009596,CUST-007668,2022-12-25,Billing,Low,12.0,Pending,2
TCK-009597,CUST-007668,2023-04-14,Billing,Critical,25.2,Closed,1
TCK-009598,CUST-007668,2022-11-23,Billing,Medium,5.3,Pending,2
TCK-009599,CUST-007669,2024-08-25,Login,Low,28.5,Resolved,5
TCK-009600,CUST-007669,2022-12-24,Integration,Low,34.2,Resolved,4
TCK-009601,CUST-007671,2023-02-18,Billing,Low,6.7,Escalated,1
TCK-009602,CUST-007671,2024-10-17,Billing,Medium,19.4,Resolved,2
TCK-009603,CUST-007673,2024-07-02,Integration,Medium,9.7,Escalated,1
TCK-009604,CUST-007675,2024-07-19,Technical,Medium,11.9,Resolved,1
TCK-009605,CUST-007676,2022-08-18,Login,Medium,16.5,Resolved,2
TCK-009606,CUST-007676,2022-11-09,Technical,High,89.9,Resolved,3
TCK-009607,CUST-007678,2024-03-27,Billing,Low,13.4,Escalated,2
TCK-009608,CUST-007678,2024-05-24,Performance,Medium,13.5,Resolved,4
TCK-009609,CUST-007678,2024-05-21,Performance,Low,3.9,Resolved,3
TCK-009610,CUST-007681,2023-07-28,Technical,Medium,25.8,Resolved,3
TCK-009611,CUST-007681,2024-07-27,Technical,Medium,8.3,Resolved,4
TCK-009612,CUST-007682,2024-09-14,Billing,Low,10.3,Escalated,1
TCK-009613,CUST-007682,2024-08-22,Technical,Low,5.4,Escalated,1
TCK-009614,CUST-007683,2023-11-05,Technical,Low,5.3,Resolved,4
TCK-009615,CUST-007683,2024-10-24,Billing,Low,11.4,Resolved,3
TCK-009616,CUST-007684,2024-02-03,Billing,Medium,2.5,Resolved,4
TCK-009617,CUST-007684,2024-04-16,Billing,Medium,2.5,Closed,2
TCK-009618,CUST-007685,2022-03-27,Login,Medium,18.6,Resolved,3
TCK-009619,CUST-007687,18/09/2024,Technical,Low,17.3,Resolved,4
TCK-009620,CUST-007688,11/02/2024,Login,High,19.1,Resolved,2
TCK-009621,CUST-007689,2024-11-18,Technical,High,5.5,Resolved,5
TCK-009622,CUST-007690,2024-06-06,Billing,Low,0.5,Resolved,1
TCK-009623,CUST-007690,2024-10-04,Technical,Low,8.9,Resolved,3
TCK-009624,CUST-007693,2022-01-19,Billing,Medium,61.7,Resolved,2
TCK-009625,CUST-007693,2022-01-30,Feature Request,Low,18.1,Resolved,1
TCK-009626,CUST-007693,2022-01-26,Billing,Low,0.5,Resolved,1
TCK-009627,CUST-007693,2022-02-09,Feature Request,Medium,24.9,Resolved,2
TCK-009628,CUST-007693,2022-01-19,Feature Request,High,6.1,Escalated,1
TCK-009629,CUST-007695,2024-07-03,Billing,Low,28.6,Resolved,5
TCK-009630,CUST-007696,05/09/2022,Technical,Low,13.9,Closed,5
TCK-009631,CUST-007697,2024-02-15,Technical,Medium,22.2,Resolved,3
TCK-009632,CUST-007700,2024-07-30,Security,Low,27.4,Resolved,3
TCK-009633,CUST-007700,2024-03-05,Performance,Low,2.4,Resolved,3
TCK-009634,CUST-007700,2024-06-05,Technical,High,7.1,Resolved,4
TCK-009635,CUST-007702,2024-05-11,Billing,High,17.8,Resolved,4
TCK-009636,CUST-007705,2022-10-08,Performance,Low,7.9,Resolved,2
TCK-009637,CUST-007705,2022-10-29,Integration,Medium,41.0,Escalated,2
TCK-009638,CUST-007707,2023-09-18,Performance,Low,23.4,Resolved,4
TCK-009639,CUST-007707,2024-08-24,Billing,Low,14.3,Closed,3
TCK-009640,CUST-007708,2024-06-29,Login,High,86.1,Resolved,4
TCK-009641,CUST-007709,2024-08-31,Performance,Critical,14.6,Resolved,5
TCK-009642,CUST-007711,2023-12-15,Billing,High,45.0,Resolved,2
TCK-009643,CUST-007712,2024-06-16,Login,Medium,34.5,Resolved,5
TCK-009644,CUST-007713,2023-11-02,Billing,High,28.2,Escalated,1
TCK-009645,CUST-007713,2023-05-29,Technical,Medium,3.1,Resolved,1
TCK-009646,CUST-007714,2023-10-10,Billing,Medium,8.6,Resolved,5
TCK-009647,CUST-007714,2023-01-14,Billing,Low,37.4,Resolved,4
TCK-009648,CUST-007716,2022-04-09,Security,Low,30.0,Closed,3
TCK-009649,CUST-007716,2022-08-05,Integration,Medium,5.9,Closed,5
TCK-009650,CUST-007717,2023-08-05,Billing,Low,22.0,Resolved,5
TCK-009651,CUST-007717,2023-07-24,Security,High,3.0,Closed,3
TCK-009652,CUST-007718,2024-11-17,Billing,Medium,2.4,Closed,1
TCK-009653,CUST-007718,2024-02-24,Feature Request,Medium,7.4,Resolved,4
TCK-009654,CUST-007719,2023-11-07,Technical,Low,8.9,Resolved,3
TCK-009655,CUST-007719,2023-11-21,Security,Low,7.8,Pending,1
TCK-009656,CUST-007719,2023-11-06,Performance,Critical,38.6,Pending,2
TCK-009657,CUST-007719,2023-12-25,Technical,Low,10.6,Resolved,2
TCK-009658,CUST-007720,01/10/2024,Performance,Medium,3.4,Resolved,4
TCK-009659,CUST-007720,2024-10-18,Performance,Low,17.4,Closed,4
TCK-009660,CUST-007720,2024-03-04,Billing,Low,22.0,Resolved,5
TCK-009661,CUST-007720,2024-01-22,Technical,Low,3.8,Resolved,4
TCK-009662,CUST-007721,2023-10-06,Technical,Medium,14.5,Resolved,2
TCK-009663,CUST-007722,2023-10-30,Login,High,14.1,Resolved,3
TCK-009664,CUST-007724,2024-07-19,Technical,Critical,59.9,Resolved,5
TCK-009665,CUST-007726,2024-04-25,Billing,Low,10.9,Resolved,3
TCK-009666,CUST-007726,2024-06-18,Integration,Low,6.5,Resolved,2
TCK-009667,CUST-007727,2024-06-25,Billing,Medium,14.2,Closed,1
TCK-009668,CUST-007727,2024-07-04,Integration,High,4.0,Resolved,5
TCK-009669,CUST-007727,2024-07-05,Performance,High,71.4,Closed,1
TCK-009670,CUST-007727,2024-06-18,Billing,Medium,99.8,Resolved,3
TCK-009671,CUST-007727,2024-06-27,Security,Critical,21.0,Pending,1
TCK-009672,CUST-007730,2023-12-02,Technical,High,118.1,Resolved,4
TCK-009673,CUST-007730,2024-02-11,Performance,Low,16.4,Resolved,5
TCK-009674,CUST-007730,2024-08-11,Billing,Low,8.9,Resolved,5
TCK-009675,CUST-007733,2024-03-09,Billing,Low,0.8,Resolved,2
TCK-009676,CUST-007733,2024-01-02,Billing,Medium,62.2,Closed,1
TCK-009677,CUST-007734,2024-02-06,Login,Medium,3.0,Resolved,4
TCK-009678,CUST-007734,2023-10-26,Technical,Medium,9.0,Closed,5
TCK-009679,CUST-007734,2024-10-04,Technical,High,7.0,Resolved,4
TCK-009680,CUST-007735,2024-07-06,Billing,Low,14.9,Resolved,2
TCK-009681,CUST-007736,2024-05-10,Security,Low,15.8,Resolved,2
TCK-009682,CUST-007737,2022-06-15,Technical,Medium,9.4,Resolved,1
TCK-009683,CUST-007737,2022-05-01,Technical,Medium,11.8,Resolved,5
TCK-009684,CUST-007737,2022-08-25,Technical,Low,36.0,Pending,1
TCK-009685,CUST-007737,2022-12-18,Technical,High,17.3,Resolved,1
TCK-009686,CUST-007738,2024-03-09,Technical,High,0.5,Resolved,2
TCK-009687,CUST-007738,2024-06-21,Technical,High,3.8,Resolved,5
TCK-009688,CUST-007738,2024-07-21,Billing,Low,28.7,Resolved,5
TCK-009689,CUST-007738,2024-02-22,Performance,Low,8.1,Resolved,4
TCK-009690,CUST-007739,2024-04-12,Login,Medium,11.6,Resolved,3
TCK-009691,CUST-007740,2024-08-08,Billing,Medium,16.5,Resolved,5
TCK-009692,CUST-007741,2024-01-16,Billing,High,39.3,Pending,2
TCK-009693,CUST-007741,2024-01-15,Login,Low,0.5,Resolved,3
TCK-009694,CUST-007742,2022-06-24,Integration,High,42.5,Resolved,2
TCK-009695,CUST-007742,2022-07-09,Feature Request,Medium,13.8,Resolved,1
TCK-009696,CUST-007744,2024-10-20,Login,Medium,18.1,Resolved,3
TCK-009697,CUST-007744,2024-12-02,Billing,Low,5.8,Resolved,1
TCK-009698,CUST-007744,2024-04-11,Login,Low,11.1,Closed,4
TCK-009699,CUST-007745,2024-01-15,Billing,Medium,89.1,Resolved,4
TCK-009700,CUST-007745,08/01/2024,Technical,Critical,33.5,Resolved,1
TCK-009701,CUST-007746,2022-08-17,Billing,Low,76.3,Resolved,3
TCK-009702,CUST-007748,2024-11-08,Security,High,1.3,Closed,3
TCK-009703,CUST-007748,2024-12-09,Technical,Medium,10.5,Resolved,4
TCK-009704,CUST-007748,2024-12-03,Technical,Low,28.0,Closed,4
TCK-009705,CUST-007749,2024-01-06,Performance,Medium,8.7,Resolved,1
TCK-009706,CUST-007752,2023-12-04,Performance,Low,87.5,Closed,4
TCK-009707,CUST-007753,2022-10-31,Technical,Low,40.2,Resolved,5
TCK-009708,CUST-007754,2024-06-05,Technical,Low,9.1,Resolved,4
TCK-009709,CUST-007755,2024-01-15,Technical,Medium,36.1,Resolved,2
TCK-009710,CUST-007755,2024-02-08,Technical,High,11.4,Resolved,1
TCK-009711,CUST-007755,2023-12-15,Integration,Low,4.6,Pending,3
TCK-009712,CUST-007756,2023-12-30,Technical,Medium,23.8,Resolved,5
TCK-009713,CUST-007757,2024-10-19,Billing,Medium,25.0,Closed,4
TCK-009714,CUST-007757,2024-09-12,Login,Low,2.8,Resolved,4
TCK-009715,CUST-007758,2023-01-23,Technical,Medium,20.6,Resolved,4
TCK-009716,CUST-007758,2022-12-13,Billing,Critical,23.2,Closed,4
TCK-009717,CUST-007760,2024-03-25,Login,Medium,2.2,Resolved,3
TCK-009718,CUST-007760,2024-05-07,Login,Critical,25.5,Resolved,1
TCK-009719,CUST-007760,2024-05-05,Technical,Low,59.1,Closed,3
TCK-009720,CUST-007763,2024-08-17,Performance,Medium,16.4,Resolved,4
TCK-009721,CUST-007764,2024-07-10,Login,Medium,15.6,Resolved,4
TCK-009722,CUST-007765,2023-10-16,Technical,High,39.2,Escalated,1
TCK-009723,CUST-007765,2023-10-13,Technical,Medium,36.9,Closed,3
TCK-009724,CUST-007765,2023-09-26,Billing,Medium,2.7,Closed,2
TCK-009725,CUST-007766,2024-03-19,Performance,Medium,1.8,Resolved,3
TCK-009726,CUST-007769,2022-12-01,Billing,High,47.5,Closed,2
TCK-009727,CUST-007770,2024-02-05,Security,High,31.0,Closed,2
TCK-009728,CUST-007772,2023-12-09,Login,High,17.8,Pending,1
TCK-009729,CUST-007772,2024-03-26,Billing,Low,4.2,Resolved,2
TCK-009730,CUST-007772,2023-09-02,Technical,High,36.1,Resolved,3
TCK-009731,CUST-007772,2024-06-05,Technical,Medium,14.3,Escalated,1
TCK-009732,CUST-007773,2024-03-15,Billing,Medium,1.4,Closed,1
TCK-009733,CUST-007773,2024-05-15,Performance,Medium,1.8,Pending,1
TCK-009734,CUST-007773,2024-04-08,Technical,Low,64.9,Resolved,1
TCK-009735,CUST-007773,2024-03-11,Technical,High,73.0,Pending,1
TCK-009736,CUST-007774,2024-09-18,Billing,Medium,12.2,Resolved,4
TCK-009737,CUST-007775,2023-12-17,Technical,Medium,5.9,Resolved,4
TCK-009738,CUST-007776,2024-11-08,Feature Request,Medium,1.4,Resolved,5
TCK-009739,CUST-007776,2024-11-16,Billing,Medium,9.7,Escalated,2
TCK-009740,CUST-007778,2024-06-07,Security,Low,21.0,Resolved,4
TCK-009741,CUST-007781,2024-07-11,Login,Medium,38.3,Escalated,3
TCK-009742,CUST-007781,2023-11-14,Technical,Medium,15.7,Closed,1
TCK-009743,CUST-007781,2024-05-17,Technical,Medium,12.8,Resolved,2
TCK-009744,CUST-007783,2024-11-19,Billing,Critical,2.2,Closed,2
TCK-009745,CUST-007783,2024-10-24,Technical,Medium,14.1,Closed,4
TCK-009746,CUST-007784,2023-05-09,Technical,High,2.2,Resolved,3
TCK-009747,CUST-007784,2023-12-20,Technical,High,20.3,Resolved,3
TCK-009748,CUST-007784,2023-11-18,Feature Request,Low,10.7,Resolved,1
TCK-009749,CUST-007784,2023-12-23,Login,Critical,27.6,Resolved,3
TCK-009750,CUST-007785,2023-08-13,Technical,Medium,10.8,Resolved,2
TCK-009751,CUST-007785,2023-09-03,Technical,High,3.5,Pending,3
TCK-009752,CUST-007786,2024-01-21,Technical,Low,10.6,Closed,2
TCK-009753,CUST-007787,2022-12-24,Technical,High,108.2,Closed,1
TCK-009754,CUST-007787,2023-06-30,Billing,Critical,19.0,Pending,2
TCK-009755,CUST-007788,2023-08-15,Performance,Low,3.4,Pending,2
TCK-009756,CUST-007790,2023-03-17,Integration,Medium,29.8,Resolved,5
TCK-009757,CUST-007791,2024-05-10,Integration,Low,57.3,Closed,1
TCK-009758,CUST-007791,2024-09-28,Technical,Medium,1.0,Resolved,1
TCK-009759,CUST-007793,2022-08-18,Billing,Critical,24.6,Resolved,5
TCK-009760,CUST-007793,30/01/2023,Login,Low,12.0,Resolved,5
TCK-009761,CUST-007793,2022-12-10,Performance,Medium,0.9,Resolved,5
TCK-009762,CUST-007794,2024-02-28,Billing,Medium,10.3,Closed,3
TCK-009763,CUST-007795,2024-09-23,Billing,High,21.2,Resolved,3
TCK-009764,CUST-007795,2024-01-11,Integration,Medium,0.6,Resolved,5
TCK-009765,CUST-007797,2023-05-03,Login,High,2.0,Resolved,5
TCK-009766,CUST-007798,12/11/2024,Login,Critical,1.5,Resolved,5
TCK-009767,CUST-007798,2024-05-24,Performance,Medium,0.9,Resolved,2
TCK-009768,CUST-007798,2024-11-22,Performance,Low,1.1,Resolved,4
TCK-009769,CUST-007798,2024-11-13,Feature Request,Medium,23.4,Resolved,4
TCK-009770,CUST-007799,2023-03-20,Login,Medium,9.8,Resolved,1
TCK-009771,CUST-007799,2023-11-29,Billing,Medium,49.3,Closed,4
TCK-009772,CUST-007799,2024-04-02,Billing,Medium,31.4,Escalated,1
TCK-009773,CUST-007801,2024-05-21,Billing,Low,12.6,Resolved,2
TCK-009774,CUST-007801,2024-06-02,Billing,Medium,32.6,Pending,3
TCK-009775,CUST-007801,2023-07-09,Performance,Medium,12.6,Resolved,4
TCK-009776,CUST-007801,2023-01-06,Technical,Low,84.4,Escalated,1
TCK-009777,CUST-007802,2024-04-08,Performance,High,1.8,Closed,3
TCK-009778,CUST-007803,2023-04-07,Integration,Medium,6.9,Closed,4
TCK-009779,CUST-007803,2023-12-02,Billing,Medium,9.4,Resolved,4
TCK-009780,CUST-007803,2024-11-27,Performance,Medium,7.5,Resolved,3
TCK-009781,CUST-007803,2023-11-06,Technical,Medium,19.6,Closed,3
TCK-009782,CUST-007805,2023-01-13,Integration,Low,71.8,Closed,1
TCK-009783,CUST-007807,2024-02-02,Billing,Low,29.8,Resolved,4
TCK-009784,CUST-007808,2024-02-12,Technical,Low,3.9,Resolved,5
TCK-009785,CUST-007808,2024-04-27,Login,Low,23.3,Closed,2
TCK-009786,CUST-007809,2024-03-28,Technical,Medium,17.1,Resolved,5
TCK-009787,CUST-007809,2024-10-10,Technical,Low,1.8,Closed,1
TCK-009788,CUST-007810,2024-10-30,Performance,High,15.7,Resolved,3
TCK-009789,CUST-007810,2024-05-17,Security,Low,18.7,Resolved,5
TCK-009790,CUST-007810,2024-05-08,Technical,Low,18.4,Resolved,3
TCK-009791,CUST-007811,2024-07-10,Technical,Medium,13.2,Resolved,4
TCK-009792,CUST-007812,2024-06-02,Security,Medium,20.8,Resolved,3
TCK-009793,CUST-007812,2024-10-15,Technical,Medium,34.8,Closed,4
TCK-009794,CUST-007813,2024-01-01,Billing,Medium,78.1,Closed,2
TCK-009795,CUST-007813,2024-05-21,Integration,Low,17.3,Resolved,1
TCK-009796,CUST-007816,2024-12-05,Performance,Medium,3.5,Closed,5
TCK-009797,CUST-007816,2023-10-28,Integration,Low,10.4,Resolved,5
TCK-009798,CUST-007818,2024-08-22,Technical,Low,8.3,Resolved,5
TCK-009799,CUST-007818,27/10/2024,Technical,Medium,32.9,Resolved,4
TCK-009800,CUST-007818,2024-10-17,Technical,Low,3.3,Closed,3
TCK-009801,CUST-007819,2022-11-24,Performance,Low,0.5,Resolved,4
TCK-009802,CUST-007820,2024-01-30,Login,Medium,26.2,Resolved,4
TCK-009803,CUST-007820,2024-01-17,Login,Medium,38.9,Closed,3
TCK-009804,CUST-007820,2024-07-18,Technical,Low,0.5,Escalated,3
TCK-009805,CUST-007823,2024-06-18,Billing,Medium,19.7,Resolved,2
TCK-009806,CUST-007823,2024-02-19,Technical,Medium,37.6,Pending,1
TCK-009807,CUST-007824,2023-10-27,Performance,Medium,8.1,Resolved,5
TCK-009808,CUST-007825,2024-06-17,Billing,Medium,31.2,Resolved,5
TCK-009809,CUST-007827,2024-10-28,Integration,Low,5.4,Resolved,4
TCK-009810,CUST-007829,2024-07-03,Technical,High,3.3,Closed,4
TCK-009811,CUST-007830,2023-03-28,Technical,Critical,46.9,Pending,1
TCK-009812,CUST-007831,2024-11-19,Technical,Medium,2.3,Closed,5
TCK-009813,CUST-007833,2023-06-11,Integration,High,19.4,Resolved,4
TCK-009814,CUST-007833,2024-05-19,Security,Critical,21.7,Closed,1
TCK-009815,CUST-007834,2023-11-28,Billing,Low,33.5,Resolved,5
TCK-009816,CUST-007835,2023-11-10,Billing,Medium,26.4,Resolved,3
TCK-009817,CUST-007836,2023-12-27,Billing,Medium,8.2,Resolved,5
TCK-009818,CUST-007837,2023-07-19,Technical,Medium,30.7,Resolved,4
TCK-009819,CUST-007838,2022-12-05,Billing,Low,27.9,Resolved,2
TCK-009820,CUST-007838,2022-11-26,Login,Medium,15.7,Closed,1
TCK-009821,CUST-007839,2024-03-21,Login,Medium,19.9,Resolved,4
TCK-009822,CUST-007840,2024-06-06,Performance,Low,4.9,Resolved,4
TCK-009823,CUST-007841,2024-06-17,Login,Low,1.1,Closed,4
TCK-009824,CUST-007843,2022-10-22,Technical,Low,13.4,Resolved,3
TCK-009825,CUST-007843,2023-12-02,Login,Low,3.3,Resolved,1
TCK-009826,CUST-007843,2024-11-12,Integration,Low,1.8,Resolved,5
TCK-009827,CUST-007843,2024-11-27,Integration,Low,11.6,Closed,4
TCK-009828,CUST-007845,2023-01-11,Security,Medium,13.9,Resolved,2
TCK-009829,CUST-007845,2024-03-21,Feature Request,Low,13.7,Escalated,1
TCK-009830,CUST-007846,2022-06-21,Billing,Medium,22.9,Resolved,2
TCK-009831,CUST-007846,2022-08-26,Technical,Critical,57.8,Pending,2
TCK-009832,CUST-007846,2022-07-24,Login,Low,33.7,Pending,3
TCK-009833,CUST-007846,2022-07-01,Login,Low,46.9,Closed,1
TCK-009834,CUST-007846,2022-08-31,Billing,Medium,4.0,Escalated,2
TCK-009835,CUST-007846,2022-07-14,Performance,Low,52.7,Pending,1
TCK-009836,CUST-007846,2022-07-08,Integration,Low,17.6,Resolved,3
TCK-009837,CUST-007846,2022-06-12,Integration,Medium,11.5,Resolved,1
TCK-009838,CUST-007847,2024-01-22,Integration,Low,6.3,Resolved,4
TCK-009839,CUST-007848,2022-06-23,Integration,Low,7.4,Resolved,1
TCK-009840,CUST-007848,2022-04-28,Billing,Low,58.3,Resolved,3
TCK-009841,CUST-007848,2023-01-15,Security,Low,24.4,Resolved,2
TCK-009842,CUST-007848,2022-12-09,Technical,Medium,40.4,Escalated,2
TCK-009843,CUST-007852,2023-04-01,Integration,Medium,2.2,Resolved,1
TCK-009844,CUST-007853,2022-04-25,Login,Medium,10.6,Resolved,3
TCK-009845,CUST-007856,2024-07-10,Integration,Low,24.4,Pending,2
TCK-009846,CUST-007857,2024-08-05,Login,Medium,7.4,Resolved,5
TCK-009847,CUST-007858,2024-06-02,Technical,Medium,4.9,Resolved,4
TCK-009848,CUST-007860,2022-12-20,Technical,Low,9.1,Escalated,3
TCK-009849,CUST-007860,2022-12-09,Technical,High,37.3,Closed,2
TCK-009850,CUST-007865,2022-10-12,Login,Medium,8.3,Resolved,5
TCK-009851,CUST-007866,2023-02-14,Billing,Medium,5.1,Resolved,3
TCK-009852,CUST-007866,2024-11-12,Integration,Low,6.8,Closed,3
TCK-009853,CUST-007867,2023-04-15,Technical,High,12.2,Resolved,4
TCK-009854,CUST-007867,2024-10-31,Login,Medium,10.1,Resolved,5
TCK-009855,CUST-007868,2022-07-06,Login,Critical,87.4,Closed,1
TCK-009856,CUST-007868,2022-11-12,Technical,High,4.2,Resolved,5
TCK-009857,CUST-007869,2024-12-05,Performance,Critical,16.3,Closed,3
TCK-009858,CUST-007869,2024-06-15,Integration,Medium,22.7,Resolved,5
TCK-009859,CUST-007870,2024-02-13,Performance,Medium,12.4,Resolved,3
TCK-009860,CUST-007870,2024-03-05,Billing,Low,8.2,Resolved,4
TCK-009861,CUST-007871,2023-03-13,Billing,Medium,1.0,Closed,3
TCK-009862,CUST-007871,2024-01-21,Performance,High,1.8,Resolved,2
TCK-009863,CUST-007871,2022-07-08,Billing,Medium,10.6,Closed,4
TCK-009864,CUST-007872,2024-05-14,Billing,Low,2.1,Resolved,2
TCK-009865,CUST-007872,2024-07-11,Integration,Low,11.1,Closed,2
TCK-009866,CUST-007872,2024-08-14,Technical,Low,58.3,Resolved,1
TCK-009867,CUST-007872,2024-05-13,Login,High,133.2,Escalated,1
TCK-009868,CUST-007872,2024-10-29,Billing,Medium,8.8,Escalated,2
TCK-009869,CUST-007873,2024-04-29,Security,Low,14.0,Closed,2
TCK-009870,CUST-007873,2024-03-29,Billing,High,0.5,Resolved,1
TCK-009871,CUST-007874,2024-07-03,Technical,Medium,9.6,Pending,1
TCK-009872,CUST-007878,2024-07-28,Feature Request,Critical,8.7,Resolved,2
TCK-009873,CUST-007878,2024-04-14,Billing,Medium,33.4,Closed,1
TCK-009874,CUST-007878,2024-03-11,Billing,Medium,8.5,Resolved,1
TCK-009875,CUST-007879,2024-06-13,Feature Request,Low,49.9,Closed,3
TCK-009876,CUST-007880,2024-07-13,Security,Critical,1.4,Closed,2
TCK-009877,CUST-007880,2024-07-14,Billing,Low,19.3,Pending,3
TCK-009878,CUST-007881,2024-11-08,Login,Low,3.9,Resolved,5
TCK-009879,CUST-007882,2024-08-01,Performance,Medium,10.0,Resolved,3
TCK-009880,CUST-007882,2023-03-27,Technical,High,19.3,Resolved,2
TCK-009881,CUST-007883,2023-08-13,Technical,Medium,48.4,Resolved,5
TCK-009882,CUST-007883,2023-10-18,Integration,Medium,20.9,Resolved,1
TCK-009883,CUST-007883,2023-02-26,Technical,Low,22.7,Closed,2
TCK-009884,CUST-007885,2022-10-15,Billing,Low,0.5,Resolved,4
TCK-009885,CUST-007885,2022-05-29,Billing,Medium,1.2,Resolved,4
TCK-009886,CUST-007885,2023-07-01,Billing,Medium,23.3,Resolved,5
TCK-009887,CUST-007886,2023-08-22,Security,Low,3.6,Resolved,1
TCK-009888,CUST-007888,2024-11-09,Login,Medium,31.7,Resolved,5
TCK-009889,CUST-007888,2024-06-04,Technical,Low,12.3,Resolved,5
TCK-009890,CUST-007889,2024-05-10,Login,Low,5.6,Closed,5
TCK-009891,CUST-007890,2023-10-29,Feature Request,Low,24.7,Resolved,4
TCK-009892,CUST-007890,2023-10-24,Billing,Critical,15.3,Closed,4
TCK-009893,CUST-007890,2024-08-07,Technical,Low,17.1,Resolved,4
TCK-009894,CUST-007891,2023-12-30,Feature Request,Low,38.9,Resolved,1
TCK-009895,CUST-007891,2023-07-14,Billing,Medium,13.0,Pending,1
TCK-009896,CUST-007893,2023-04-12,Technical,Low,6.8,Resolved,2
TCK-009897,CUST-007893,2024-06-18,Feature Request,Low,11.7,Closed,5
TCK-009898,CUST-007895,2022-08-09,Technical,Low,14.8,Resolved,3
TCK-009899,CUST-007897,2022-02-02,Integration,Medium,0.8,Resolved,3
TCK-009900,CUST-007898,2024-06-22,Login,Critical,11.6,Closed,4
TCK-009901,CUST-007899,2024-05-10,Integration,Medium,1.8,Resolved,1
TCK-009902,CUST-007900,2024-10-11,Technical,Low,1.6,Resolved,5
TCK-009903,CUST-007901,2024-09-12,Technical,Low,5.7,Resolved,3
TCK-009904,CUST-007901,2024-09-22,Technical,Medium,77.4,Closed,5
TCK-009905,CUST-007902,2024-01-08,Technical,Medium,11.3,Resolved,4
TCK-009906,CUST-007905,2024-08-25,Billing,Low,42.5,Resolved,4
TCK-009907,CUST-007905,2023-09-24,Feature Request,High,34.5,Closed,4
TCK-009908,CUST-007906,2024-03-21,Integration,High,38.5,Pending,2
TCK-009909,CUST-007906,02/01/2024,Login,Medium,7.7,Closed,2
TCK-009910,CUST-007907,2022-12-09,Performance,Medium,5.6,Resolved,2
TCK-009911,CUST-007907,2023-07-05,Billing,High,6.0,Resolved,4
TCK-009912,CUST-007909,2023-06-25,Billing,Medium,19.8,Closed,4
TCK-009913,CUST-007909,2023-05-01,Technical,Low,22.8,Resolved,3
TCK-009914,CUST-007909,2024-08-24,Performance,High,19.8,Resolved,3
TCK-009915,CUST-007909,2024-01-08,Login,Low,16.5,Resolved,3
TCK-009916,CUST-007910,2024-09-27,Technical,Low,16.3,Closed,3
TCK-009917,CUST-007910,2024-07-28,Integration,Critical,42.2,Closed,3
TCK-009918,CUST-007910,2024-04-08,Technical,Low,20.1,Resolved,2
TCK-009919,CUST-007910,2024-02-27,Technical,High,144.0,Closed,3
TCK-009920,CUST-007910,2024-08-06,Feature Request,Low,5.7,Escalated,2
TCK-009921,CUST-007911,2022-10-12,Feature Request,Medium,2.4,Resolved,4
TCK-009922,CUST-007913,2023-07-28,Feature Request,Medium,15.3,Resolved,4
TCK-009923,CUST-007914,2023-03-07,Performance,Medium,7.8,Pending,2
TCK-009924,CUST-007917,2024-07-05,Billing,Low,3.4,Resolved,1
TCK-009925,CUST-007918,2024-05-10,Technical,Low,9.1,Resolved,4
TCK-009926,CUST-007919,2024-06-15,Technical,Medium,8.8,Resolved,5
TCK-009927,CUST-007920,2024-08-30,Integration,Critical,53.6,Closed,4
TCK-009928,CUST-007921,2024-02-01,Performance,Medium,13.9,Resolved,4
TCK-009929,CUST-007921,2022-10-07,Technical,High,17.3,Resolved,1
TCK-009930,CUST-007922,2024-01-04,Login,High,21.3,Resolved,4
TCK-009931,CUST-007923,2022-07-25,Technical,Low,11.5,Resolved,3
TCK-009932,CUST-007923,2022-05-22,Technical,Medium,5.2,Resolved,4
TCK-009933,CUST-007923,2024-12-04,Integration,Medium,1.6,Resolved,2
TCK-009934,CUST-007924,2024-08-11,Technical,Medium,4.5,Resolved,5
TCK-009935,CUST-007924,2023-07-07,Billing,Low,16.0,Resolved,4
TCK-009936,CUST-007925,2023-05-04,Performance,Critical,7.1,Resolved,2
TCK-009937,CUST-007925,2022-05-09,Billing,Low,15.6,Closed,2
TCK-009938,CUST-007925,2022-11-12,Login,High,25.3,Resolved,4
TCK-009939,CUST-007926,2022-11-06,Login,Low,13.7,Resolved,2
TCK-009940,CUST-007926,2023-01-19,Feature Request,Low,53.5,Resolved,1
TCK-009941,CUST-007926,2023-05-19,Technical,High,6.0,Resolved,1
TCK-009942,CUST-007926,2022-11-24,Login,Low,6.9,Resolved,4
TCK-009943,CUST-007926,2023-05-31,Login,Medium,0.7,Resolved,3
TCK-009944,CUST-007927,2022-11-10,Security,Critical,38.1,Closed,2
TCK-009945,CUST-007928,2024-09-26,Integration,Low,6.8,Resolved,3
TCK-009946,CUST-007928,2024-06-24,Login,Low,5.4,Closed,2
TCK-009947,CUST-007930,2023-11-11,Feature Request,Medium,32.6,Resolved,2
TCK-009948,CUST-007932,2024-08-02,Technical,Low,7.4,Resolved,4
TCK-009949,CUST-007933,2024-01-01,Billing,Low,4.9,Closed,1
TCK-009950,CUST-007933,2024-01-13,Technical,Medium,21.5,Closed,2
TCK-009951,CUST-007934,2024-06-30,Integration,Medium,2.6,Resolved,4
TCK-009952,CUST-007934,2023-10-01,Technical,Low,3.8,Closed,5
TCK-009953,CUST-007935,2024-09-14,Billing,High,2.9,Resolved,5
TCK-009954,CUST-007936,2023-11-12,Login,Low,2.5,Resolved,4
TCK-009955,CUST-007937,2022-09-16,Technical,High,68.8,Resolved,5
TCK-009956,CUST-007938,2024-11-02,Feature Request,Low,18.7,Resolved,5
TCK-009957,CUST-007939,2023-09-15,Billing,High,3.9,Escalated,1
TCK-009958,CUST-007939,2023-06-14,Integration,Low,42.1,Escalated,1
TCK-009959,CUST-007939,2023-07-27,Billing,Low,3.5,Resolved,3
TCK-009960,CUST-007939,2023-08-13,Billing,Medium,1.1,Closed,3
TCK-009961,CUST-007940,2023-09-03,Billing,Medium,7.1,Resolved,3
TCK-009962,CUST-007942,2023-05-08,Login,Medium,23.7,Resolved,4
TCK-009963,CUST-007942,2023-09-07,Login,Medium,2.1,Resolved,3
TCK-009964,CUST-007942,2024-04-18,Feature Request,Low,0.8,Closed,5
TCK-009965,CUST-007943,2024-07-10,Billing,Medium,36.2,Closed,3
TCK-009966,CUST-007944,2024-06-23,Integration,Critical,87.1,Closed,1
TCK-009967,CUST-007945,2023-09-30,Performance,Low,0.5,Resolved,3
TCK-009968,CUST-007945,2024-02-14,Billing,Medium,20.8,Resolved,2
TCK-009969,CUST-007946,2024-03-12,Billing,Low,14.3,Closed,5
TCK-009970,CUST-007947,2023-03-16,Login,High,18.6,Closed,4
TCK-009971,CUST-007947,2023-11-11,Login,High,75.9,Resolved,5
TCK-009972,CUST-007948,2024-03-25,Security,Low,8.6,Resolved,1
TCK-009973,CUST-007948,2023-12-04,Billing,Medium,50.5,Resolved,1
TCK-009974,CUST-007949,2023-07-17,Integration,Low,24.8,Escalated,1
TCK-009975,CUST-007949,2023-04-16,Login,Critical,37.6,Closed,2
TCK-009976,CUST-007949,2023-06-22,Integration,Low,9.0,Resolved,1
TCK-009977,CUST-007950,2022-08-07,Integration,Low,15.6,Resolved,4
TCK-009978,CUST-007952,2024-03-25,Performance,Medium,10.2,Resolved,4
TCK-009979,CUST-007953,2023-07-25,Billing,Medium,9.1,Resolved,4
TCK-009980,CUST-007955,2024-04-06,Technical,Low,28.8,Resolved,5
TCK-009981,CUST-007955,2023-08-09,Security,Low,6.0,Resolved,4
TCK-009982,CUST-007958,2023-10-10,Login,High,58.9,Closed,2
TCK-009983,CUST-007961,2024-11-02,Billing,Low,42.8,Resolved,2
TCK-009984,CUST-007962,2024-07-23,Billing,Medium,36.5,Resolved,2
TCK-009985,CUST-007962,2024-08-19,Technical,Low,2.2,Closed,3
TCK-009986,CUST-007963,2024-06-18,Billing,Medium,81.1,Escalated,2
TCK-009987,CUST-007963,2024-10-27,Integration,Medium,14.4,Resolved,3
TCK-009988,CUST-007963,2024-09-08,Technical,Low,21.0,Pending,1
TCK-009989,CUST-007963,2024-08-20,Technical,Medium,6.6,Escalated,2
TCK-009990,CUST-007963,2024-06-24,Technical,High,22.8,Resolved,1
TCK-009991,CUST-007964,2023-11-29,Technical,Low,3.3,Resolved,2
TCK-009992,CUST-007966,2024-02-14,Technical,Medium,10.7,Closed,3
TCK-009993,CUST-007967,2023-09-09,Billing,High,8.8,Closed,5
TCK-009994,CUST-007967,2023-02-12,Login,Medium,1.6,Resolved,5
TCK-009995,CUST-007967,2023-01-26,Performance,Medium,8.2,Resolved,2
TCK-009996,CUST-007967,2023-06-03,Technical,Low,25.2,Pending,3
TCK-009997,CUST-007968,2024-05-19,Billing,Medium,23.0,Closed,2
TCK-009998,CUST-007969,2023-05-24,Integration,Critical,46.3,Escalated,2
TCK-009999,CUST-007969,2022-05-05,Feature Request,Low,38.2,Resolved,1
TCK-010000,CUST-007969,2022-10-20,Performance,Low,66.2,Resolved,1
TCK-010001,CUST-007970,2024-12-01,Performance,Low,36.3,Closed,4
TCK-010002,CUST-007972,2024-07-01,Technical,Medium,10.1,Closed,1
TCK-010003,CUST-007972,2023-12-19,Login,Medium,58.9,Closed,1
TCK-010004,CUST-007974,2024-09-11,Technical,Low,7.0,Resolved,4
TCK-010005,CUST-007974,2024-07-22,Technical,High,92.5,Resolved,1
TCK-010006,CUST-007974,2024-06-23,Billing,Low,52.1,Closed,1
TCK-010007,CUST-007974,2024-07-07,Feature Request,High,49.2,Resolved,1
TCK-010008,CUST-007974,2024-06-26,Security,Medium,30.2,Resolved,1
TCK-010009,CUST-007975,2023-07-25,Technical,Low,3.2,Resolved,3
TCK-010010,CUST-007976,2024-11-19,Performance,High,44.8,Closed,4
TCK-010011,CUST-007977,2024-06-17,Performance,Low,18.6,Resolved,3
TCK-010012,CUST-007978,2024-10-30,Technical,Low,4.8,Resolved,2
TCK-010013,CUST-007979,2024-07-22,Technical,High,72.7,Resolved,4
TCK-010014,CUST-007980,2024-06-27,Login,High,6.8,Resolved,5
TCK-010015,CUST-007982,2024-02-06,Feature Request,High,15.0,Resolved,1
TCK-010016,CUST-007982,2024-05-31,Feature Request,Medium,2.3,Escalated,2
TCK-010017,CUST-007983,2023-07-04,Login,Medium,18.3,Resolved,1
TCK-010018,CUST-007983,2023-06-24,Performance,Medium,44.1,Resolved,3
TCK-010019,CUST-007983,2023-06-22,Billing,Low,4.9,Resolved,1
TCK-010020,CUST-007983,18/06/2023,Technical,Low,7.9,Closed,1
TCK-010021,CUST-007983,2023-08-10,Feature Request,Medium,7.8,Closed,2
TCK-010022,CUST-007984,2024-05-05,Technical,Medium,43.4,Resolved,4
TCK-010023,CUST-007986,2024-07-20,Technical,Low,26.4,Resolved,5
TCK-010024,CUST-007986,2024-04-25,Security,Low,21.0,Resolved,5
TCK-010025,CUST-007989,2023-12-27,Technical,Medium,0.6,Resolved,2
TCK-010026,CUST-007990,2023-03-08,Feature Request,Medium,2.7,Resolved,1
TCK-010027,CUST-007992,2024-02-07,Billing,Medium,20.4,Resolved,3
TCK-010028,CUST-007992,2023-05-10,Integration,Low,25.6,Resolved,2
TCK-010029,CUST-007992,2023-12-28,Login,Low,83.1,Resolved,4
TCK-010030,CUST-007992,2023-06-16,Technical,Medium,37.2,Closed,1
TCK-010031,CUST-007992,2023-01-18,Technical,Medium,12.7,Resolved,1
TCK-010032,CUST-007993,2024-08-11,Technical,Critical,5.7,Closed,4
TCK-010033,CUST-007994,2024-03-17,Feature Request,Medium,22.2,Resolved,2
TCK-010034,CUST-007995,2022-08-15,Login,Medium,2.1,Resolved,3
TCK-010035,CUST-007997,05/08/2024,Login,Critical,32.7,Closed,2
TCK-010036,CUST-007998,2024-09-21,Login,Low,20.1,Closed,4
TCK-010037,CUST-008000,2024-09-28,Technical,Medium,2.0,Resolved,5
TCK-010038,CUST-008000,2024-11-21,Security,Low,12.0,Resolved,4
TCK-010039,CUST-008000,2024-11-23,Technical,Low,48.1,Resolved,2
TCK-010040,CUST-008001,2023-07-08,Technical,High,9.6,Escalated,1
TCK-010041,CUST-008002,2024-06-27,Login,Low,31.0,Resolved,3
TCK-010042,CUST-008002,2024-07-06,Billing,Low,7.3,Closed,4
TCK-010043,CUST-008004,2024-11-28,Billing,Low,7.6,Resolved,3
TCK-010044,CUST-008004,2024-06-06,Billing,Medium,24.0,Resolved,5
TCK-010045,CUST-008004,2024-04-01,Technical,Low,17.9,Resolved,3
TCK-010046,CUST-008005,2023-06-26,Technical,High,24.0,Resolved,2
TCK-010047,CUST-008005,2024-02-13,Security,Medium,5.1,Resolved,4
TCK-010048,CUST-008005,2024-04-20,Technical,Medium,0.9,Resolved,3
TCK-010049,CUST-008005,2024-09-10,Technical,Medium,10.2,Resolved,4
TCK-010050,CUST-008006,2024-09-04,Technical,Critical,109.1,Resolved,2
TCK-010051,CUST-008006,2024-05-24,Technical,Medium,0.5,Resolved,1
TCK-010052,CUST-008006,2024-09-22,Performance,Low,5.6,Resolved,5
TCK-010053,CUST-008006,2024-08-12,Billing,Medium,14.2,Resolved,4
TCK-010054,CUST-008007,2024-07-28,Performance,Critical,19.0,Closed,4
TCK-010055,CUST-008010,2024-03-21,Billing,Medium,74.4,Resolved,2
TCK-010056,CUST-008010,2024-02-19,Integration,High,47.6,Closed,1
TCK-010057,CUST-008011,2024-02-02,Login,High,4.8,Resolved,5
TCK-010058,CUST-008011,2023-04-17,Login,Medium,21.2,Resolved,5
TCK-010059,CUST-008012,2024-06-01,Technical,High,63.8,Resolved,2
TCK-010060,CUST-008012,2024-09-07,Login,Medium,0.9,Closed,3
TCK-010061,CUST-008013,2024-09-04,Login,Medium,27.2,Closed,3
TCK-010062,CUST-008015,2022-07-30,Performance,High,18.6,Resolved,3
TCK-010063,CUST-008017,2023-01-22,Performance,Critical,40.6,Closed,1
TCK-010064,CUST-008017,2024-02-22,Security,High,7.9,Closed,1
TCK-010065,CUST-008019,2024-03-27,Integration,Medium,2.3,Resolved,4
TCK-010066,CUST-008019,2023-09-23,Login,High,68.3,Closed,2
TCK-010067,CUST-008020,2024-02-10,Billing,Medium,34.9,Resolved,5
TCK-010068,CUST-008022,2024-02-02,Billing,High,10.5,Closed,5
TCK-010069,CUST-008023,2023-02-07,Performance,Low,36.4,Resolved,3
TCK-010070,CUST-008024,2024-10-25,Login,Low,10.3,Resolved,4
TCK-010071,CUST-008024,2024-07-13,Technical,High,135.2,Resolved,1
TCK-010072,CUST-008024,2024-07-31,Technical,Medium,10.4,Resolved,4
TCK-010073,CUST-008026,2024-09-24,Security,Critical,5.7,Resolved,3
TCK-010074,CUST-008028,2024-12-18,Integration,Medium,35.3,Resolved,2
TCK-010075,CUST-008029,2022-05-23,Performance,Low,7.2,Resolved,3
TCK-010076,CUST-008029,2022-05-22,Technical,Medium,6.5,Pending,1
TCK-010077,CUST-008030,2023-12-12,Login,Low,18.5,Closed,1
TCK-010078,CUST-008030,2024-02-11,Integration,Low,8.6,Resolved,4
TCK-010079,CUST-008030,2023-05-13,Integration,High,17.7,Resolved,1
TCK-010080,CUST-008032,2024-07-12,Technical,Low,0.7,Closed,5
TCK-010081,CUST-008032,2023-08-18,Billing,Low,2.5,Resolved,5
TCK-010082,CUST-008033,2023-02-24,Feature Request,Low,3.8,Resolved,5
TCK-010083,CUST-008034,2024-08-10,Integration,Medium,15.0,Resolved,5
TCK-010084,CUST-008036,2024-08-16,Performance,Low,9.6,Pending,1
TCK-010085,CUST-008037,2024-08-20,Technical,Medium,7.1,Resolved,5
TCK-010086,CUST-008039,2024-09-11,Billing,Medium,10.6,Resolved,3
TCK-010087,CUST-008039,2024-01-07,Billing,Low,0.5,Closed,3
TCK-010088,CUST-008040,2023-12-23,Integration,Medium,4.5,Resolved,4
TCK-010089,CUST-008041,2024-04-22,Billing,Low,36.2,Resolved,2
TCK-010090,CUST-008041,2024-11-05,Login,Low,9.4,Resolved,3
TCK-010091,CUST-008043,2024-04-17,Technical,Low,18.9,Closed,4
TCK-010092,CUST-008044,2024-07-12,Integration,Medium,7.6,Resolved,4
TCK-010093,CUST-008045,2022-08-16,Feature Request,Medium,24.0,Closed,2
TCK-010094,CUST-008045,2022-05-25,Feature Request,High,5.0,Resolved,5
TCK-010095,CUST-008045,2022-08-20,Technical,High,9.1,Resolved,2
TCK-010096,CUST-008046,2022-05-02,Technical,Medium,4.0,Pending,1
TCK-010097,CUST-008046,2022-07-08,Performance,Medium,72.1,Escalated,1
TCK-010098,CUST-008047,2024-10-23,Feature Request,High,23.4,Resolved,4
TCK-010099,CUST-008048,2023-02-08,Technical,Low,13.2,Closed,1
TCK-010100,CUST-008049,2023-08-20,Billing,High,50.6,Resolved,3
TCK-010101,CUST-008050,2024-02-13,Billing,High,24.6,Resolved,1
TCK-010102,CUST-008050,28/01/2024,Technical,Medium,2.4,Resolved,4
TCK-010103,CUST-008050,2024-02-06,Performance,Low,3.3,Closed,2
TCK-010104,CUST-008053,2024-11-02,Billing,Medium,5.0,Resolved,5
TCK-010105,CUST-008053,2024-09-16,Billing,Medium,28.6,Resolved,5
TCK-010106,CUST-008053,2024-04-28,Technical,High,77.6,Resolved,3
TCK-010107,CUST-008054,2022-07-19,Technical,Critical,23.1,Resolved,1
TCK-010108,CUST-008054,2022-05-01,Login,Medium,1.5,Resolved,2
TCK-010109,CUST-008054,2023-01-22,Performance,Medium,20.1,Resolved,3
TCK-010110,CUST-008055,27/02/2024,Billing,Low,37.9,Escalated,2
TCK-010111,CUST-008055,2023-06-08,Technical,Critical,11.5,Resolved,4
TCK-010112,CUST-008055,2023-06-14,Technical,Medium,28.1,Resolved,1
TCK-010113,CUST-008055,2024-02-09,Integration,Medium,0.5,Resolved,4
TCK-010114,CUST-008056,2024-09-04,Integration,Low,31.1,Resolved,3
TCK-010115,CUST-008056,2024-12-11,Technical,Medium,7.5,Closed,4
TCK-010116,CUST-008057,2023-12-26,Technical,Critical,16.2,Resolved,5
TCK-010117,CUST-008057,01/05/2024,Billing,Low,6.4,Resolved,5
TCK-010118,CUST-008060,2023-04-06,Performance,Medium,11.2,Resolved,4
TCK-010119,CUST-008063,2024-08-11,Technical,High,1.5,Closed,4
TCK-010120,CUST-008064,2024-03-02,Billing,Medium,0.5,Resolved,1
TCK-010121,CUST-008064,2024-03-05,Performance,High,121.6,Resolved,1
TCK-010122,CUST-008064,2024-02-28,Login,Medium,4.5,Closed,1
TCK-010123,CUST-008065,2024-03-25,Technical,Medium,33.4,Resolved,3
TCK-010124,CUST-008068,2024-06-03,Billing,Low,2.3,Closed,4
TCK-010125,CUST-008068,2024-06-14,Billing,Medium,5.8,Closed,2
TCK-010126,CUST-008068,2023-11-10,Login,Low,0.5,Resolved,4
TCK-010127,CUST-008070,2023-12-26,Performance,High,29.7,Resolved,5
TCK-010128,CUST-008071,2023-12-11,Billing,Low,11.5,Resolved,2
TCK-010129,CUST-008072,2024-04-20,Performance,Low,4.5,Closed,4
TCK-010130,CUST-008073,2024-09-26,Billing,Low,3.6,Resolved,4
TCK-010131,CUST-008073,2023-11-29,Billing,Medium,13.9,Resolved,5
TCK-010132,CUST-008074,2024-06-08,Billing,Medium,5.8,Resolved,1
TCK-010133,CUST-008074,18/01/2024,Login,Medium,39.1,Closed,1
TCK-010134,CUST-008074,2024-01-22,Login,Medium,84.4,Escalated,1
TCK-010135,CUST-008074,2024-08-12,Technical,Medium,45.8,Resolved,1
TCK-010136,CUST-008076,2022-10-31,Billing,Low,2.4,Resolved,3
TCK-010137,CUST-008077,2023-06-15,Technical,Low,12.6,Closed,4
TCK-010138,CUST-008077,2023-03-16,Technical,High,25.5,Resolved,1
TCK-010139,CUST-008078,2023-05-10,Technical,Medium,53.8,Closed,1
TCK-010140,CUST-008078,2023-01-06,Billing,High,48.5,Escalated,1
TCK-010141,CUST-008079,2023-03-13,Performance,Low,59.4,Resolved,3
TCK-010142,CUST-008080,2024-11-13,Performance,Medium,22.0,Closed,4
TCK-010143,CUST-008081,2023-06-29,Technical,Low,7.2,Resolved,5
TCK-010144,CUST-008082,2023-12-15,Security,Low,25.6,Resolved,2
TCK-010145,CUST-008082,2023-12-20,Technical,High,4.7,Resolved,1
TCK-010146,CUST-008082,2024-07-05,Login,Critical,66.4,Escalated,1
TCK-010147,CUST-008083,2024-07-02,Login,Low,10.5,Closed,5
TCK-010148,CUST-008084,2024-03-09,Login,Low,78.5,Closed,2
TCK-010149,CUST-008084,2023-03-18,Performance,Critical,14.1,Resolved,4
TCK-010150,CUST-008084,2024-09-03,Technical,High,14.2,Closed,3
TCK-010151,CUST-008085,2023-03-04,Login,High,58.3,Closed,2
TCK-010152,CUST-008085,2023-01-10,Login,Medium,34.8,Resolved,3
TCK-010153,CUST-008085,2023-02-22,Security,High,16.4,Resolved,1
TCK-010154,CUST-008085,2023-01-14,Integration,Low,10.7,Resolved,2
TCK-010155,CUST-008086,2024-09-12,Billing,Low,31.6,Closed,4
TCK-010156,CUST-008086,2024-11-20,Billing,Medium,2.7,Resolved,4
TCK-010157,CUST-008088,2022-09-03,Billing,Low,35.8,Resolved,3
TCK-010158,CUST-008089,2024-03-15,Billing,High,32.1,Closed,5
TCK-010159,CUST-008089,2024-01-02,Technical,Low,60.2,Pending,2
TCK-010160,CUST-008090,2024-03-15,Technical,Medium,0.8,Closed,5
TCK-010161,CUST-008090,2024-06-18,Integration,Low,1.5,Closed,4
TCK-010162,CUST-008091,2023-04-30,Login,Medium,50.2,Resolved,3
TCK-010163,CUST-008092,2023-09-28,Technical,Medium,2.9,Resolved,2
TCK-010164,CUST-008092,2023-12-15,Login,Medium,71.3,Escalated,2
TCK-010165,CUST-008094,2022-12-05,Billing,Medium,17.8,Pending,3
TCK-010166,CUST-008094,2023-12-31,Integration,Medium,17.2,Closed,1
TCK-010167,CUST-008094,07/03/2023,Performance,High,31.9,Closed,3
TCK-010168,CUST-008095,2023-10-27,Feature Request,Medium,22.6,Closed,4
TCK-010169,CUST-008096,2024-09-10,Login,High,24.8,Closed,3
TCK-010170,CUST-008096,2022-10-05,Technical,Low,25.2,Resolved,4
TCK-010171,CUST-008097,2023-11-23,Performance,Low,10.1,Escalated,1
TCK-010172,CUST-008097,2023-12-14,Billing,Low,6.2,Resolved,5
TCK-010173,CUST-008098,2023-06-05,Feature Request,Low,1.0,Resolved,4
TCK-010174,CUST-008099,2023-09-08,Performance,Medium,73.0,Resolved,4
TCK-010175,CUST-008100,2024-10-20,Billing,Medium,5.8,Closed,4
TCK-010176,CUST-008101,2024-02-13,Billing,Medium,1.6,Resolved,2
TCK-010177,CUST-008101,2023-08-10,Performance,Medium,5.8,Closed,5
TCK-010178,CUST-008102,2024-10-21,Performance,Low,19.6,Closed,3
TCK-010179,CUST-008102,2024-09-22,Security,Critical,8.5,Resolved,3
TCK-010180,CUST-008102,2024-07-30,Login,Medium,3.4,Resolved,4
TCK-010181,CUST-008104,2024-04-12,Login,Medium,17.4,Resolved,4
TCK-010182,CUST-008106,2024-09-24,Technical,Critical,42.7,Resolved,3
TCK-010183,CUST-008107,2023-02-16,Billing,Medium,0.9,Resolved,4
TCK-010184,CUST-008108,2023-09-24,Billing,Low,1.8,Resolved,1
TCK-010185,CUST-008108,2024-01-20,Performance,Low,29.4,Resolved,2
TCK-010186,CUST-008109,16/10/2022,Feature Request,Critical,27.8,Resolved,3
TCK-010187,CUST-008109,2024-10-11,Performance,High,43.9,Resolved,4
TCK-010188,CUST-008110,2023-06-30,Billing,Critical,13.9,Closed,2
TCK-010189,CUST-008110,2023-03-26,Login,Medium,0.5,Resolved,3
TCK-010190,CUST-008110,2024-08-05,Login,Low,29.6,Resolved,1
TCK-010191,CUST-008111,2023-11-06,Login,Low,16.4,Closed,4
TCK-010192,CUST-008112,2024-02-28,Technical,Medium,12.4,Resolved,4
TCK-010193,CUST-008113,2023-03-01,Billing,High,40.1,Resolved,3
TCK-010194,CUST-008114,2024-04-30,Performance,Medium,44.8,Pending,1
TCK-010195,CUST-008116,2024-03-24,Billing,Critical,12.5,Pending,1
TCK-010196,CUST-008117,2024-05-09,Login,Critical,41.4,Resolved,4
TCK-010197,CUST-008118,2023-09-25,Performance,Medium,19.7,Resolved,1
TCK-010198,CUST-008119,2023-10-07,Technical,Medium,18.8,Closed,5
TCK-010199,CUST-008119,2023-09-02,Technical,High,3.1,Resolved,4
TCK-010200,CUST-008120,2024-05-19,Login,Medium,6.6,Resolved,3
TCK-010201,CUST-008121,2024-05-10,Technical,Medium,23.7,Resolved,1
TCK-010202,CUST-008121,2024-01-22,Technical,Low,29.2,Resolved,4
TCK-010203,CUST-008121,2024-03-08,Billing,Low,8.9,Resolved,5
TCK-010204,CUST-008122,2024-10-12,Technical,Medium,5.3,Closed,3
TCK-010205,CUST-008123,2024-04-22,Login,Low,52.9,Resolved,1
TCK-010206,CUST-008123,2022-02-07,Technical,Low,6.5,Resolved,3
TCK-010207,CUST-008123,2023-08-21,Integration,High,46.9,Resolved,2
TCK-010208,CUST-008124,2023-01-30,Feature Request,Medium,9.4,Escalated,3
TCK-010209,CUST-008124,2022-12-30,Billing,Low,36.6,Closed,2
TCK-010210,CUST-008125,2024-02-11,Technical,High,23.7,Resolved,5
TCK-010211,CUST-008125,07/09/2024,Technical,Low,1.6,Resolved,4
TCK-010212,CUST-008126,2024-06-25,Login,Low,4.1,Resolved,2
TCK-010213,CUST-008126,2024-08-01,Security,High,34.2,Resolved,1
TCK-010214,CUST-008127,2023-06-18,Login,Medium,7.4,Pending,1
TCK-010215,CUST-008129,2024-05-01,Technical,Medium,12.1,Closed,4
TCK-010216,CUST-008130,2024-03-09,Billing,Low,29.5,Resolved,4
TCK-010217,CUST-008130,26/07/2023,Technical,Low,21.2,Resolved,5
TCK-010218,CUST-008130,2023-07-23,Technical,Medium,6.5,Resolved,4
TCK-010219,CUST-008131,2024-03-25,Billing,Low,0.6,Resolved,5
TCK-010220,CUST-008131,2024-06-01,Billing,Low,2.8,Closed,5
TCK-010221,CUST-008131,2024-01-07,Billing,Low,4.5,Resolved,5
TCK-010222,CUST-008131,2024-03-31,Integration,High,74.6,Resolved,4
TCK-010223,CUST-008133,2023-10-02,Billing,Critical,19.2,Resolved,1
TCK-010224,CUST-008135,2024-03-20,Login,Low,9.7,Resolved,5
TCK-010225,CUST-008136,2024-10-12,Billing,Medium,12.5,Resolved,4
TCK-010226,CUST-008136,2024-04-18,Security,Low,2.8,Resolved,4
TCK-010227,CUST-008138,2022-05-31,Technical,High,84.6,Closed,4
TCK-010228,CUST-008138,2023-01-28,Billing,High,25.5,Resolved,1
TCK-010229,CUST-008139,2024-04-23,Billing,High,9.8,Closed,4
TCK-010230,CUST-008139,2024-08-01,Billing,Low,9.1,Resolved,4
TCK-010231,CUST-008140,2024-03-20,Technical,Medium,3.6,Escalated,1
TCK-010232,CUST-008140,2024-03-21,Performance,Medium,15.3,Resolved,1
TCK-010233,CUST-008142,2024-03-24,Login,Medium,6.5,Resolved,5
TCK-010234,CUST-008143,2023-02-01,Integration,Low,1.0,Closed,2
TCK-010235,CUST-008143,2023-01-23,Feature Request,High,18.0,Resolved,2
TCK-010236,CUST-008144,2024-04-17,Performance,Low,32.1,Closed,4
TCK-010237,CUST-008144,2024-02-19,Login,Medium,62.6,Closed,4
TCK-010238,CUST-008147,2024-04-06,Billing,Medium,3.6,Resolved,4
TCK-010239,CUST-008148,2023-05-26,Performance,Low,9.2,Resolved,5
TCK-010240,CUST-008149,2022-10-27,Login,High,7.6,Resolved,5
TCK-010241,CUST-008151,2024-07-29,Technical,Medium,15.9,Pending,1
TCK-010242,CUST-008151,2023-12-09,Billing,High,76.1,Resolved,2
TCK-010243,CUST-008151,2024-06-05,Billing,Low,30.8,Resolved,1
TCK-010244,CUST-008151,2023-11-01,Billing,Medium,7.7,Resolved,2
TCK-010245,CUST-008151,2024-07-30,Billing,Medium,13.3,Resolved,1
TCK-010246,CUST-008153,2024-06-05,Billing,Low,20.4,Closed,3
TCK-010247,CUST-008153,2024-07-31,Billing,Low,16.9,Resolved,5
TCK-010248,CUST-008153,2024-04-23,Security,Low,1.0,Resolved,5
TCK-010249,CUST-008154,2023-05-11,Technical,Low,7.8,Resolved,3
TCK-010250,CUST-008154,2024-04-18,Billing,Low,15.2,Closed,3
TCK-010251,CUST-008155,2023-08-17,Login,Medium,2.1,Resolved,5
TCK-010252,CUST-008155,2023-09-03,Technical,Medium,26.4,Resolved,4
TCK-010253,CUST-008156,2022-12-27,Technical,Low,3.5,Resolved,1
TCK-010254,CUST-008156,2024-01-20,Technical,Low,25.9,Resolved,2
TCK-010255,CUST-008156,2023-12-25,Billing,Medium,64.2,Escalated,1
TCK-010256,CUST-008157,2023-05-26,Technical,Low,19.5,Closed,3
TCK-010257,CUST-008162,2023-11-17,Technical,High,40.3,Resolved,4
TCK-010258,CUST-008163,2023-08-26,Technical,Medium,26.8,Resolved,3
TCK-010259,CUST-008163,2024-04-17,Technical,Low,1.4,Resolved,2
TCK-010260,CUST-008164,2024-05-24,Technical,Medium,29.6,Resolved,4
TCK-010261,CUST-008164,2024-04-11,Login,Medium,4.7,Resolved,2
TCK-010262,CUST-008165,2022-08-10,Billing,Medium,7.2,Resolved,1
TCK-010263,CUST-008165,2024-09-01,Billing,High,12.2,Escalated,2
TCK-010264,CUST-008167,2023-11-30,Technical,High,62.3,Resolved,2
TCK-010265,CUST-008167,2023-12-18,Billing,Medium,23.2,Closed,1
TCK-010266,CUST-008167,2023-12-08,Security,Low,26.7,Resolved,3
TCK-010267,CUST-008168,2023-12-14,Integration,Low,17.3,Closed,3
TCK-010268,CUST-008169,2023-05-18,Billing,High,11.5,Resolved,2
TCK-010269,CUST-008169,2023-07-07,Integration,High,22.4,Resolved,4
TCK-010270,CUST-008171,2023-04-17,Performance,Low,0.8,Resolved,2
TCK-010271,CUST-008173,2023-06-27,Billing,Medium,38.9,Closed,2
TCK-010272,CUST-008173,2023-05-31,Performance,Low,29.8,Pending,2
TCK-010273,CUST-008174,2024-07-16,Billing,Low,46.6,Escalated,2
TCK-010274,CUST-008174,2023-09-09,Feature Request,Medium,50.6,Closed,3
TCK-010275,CUST-008174,2023-09-17,Technical,Low,10.5,Closed,5
TCK-010276,CUST-008174,2024-03-31,Billing,Low,0.7,Escalated,2
TCK-010277,CUST-008175,2024-11-14,Billing,Medium,20.2,Resolved,1
TCK-010278,CUST-008175,2023-02-02,Performance,Low,33.6,Resolved,5
TCK-010279,CUST-008176,2023-06-29,Technical,Medium,12.8,Resolved,5
TCK-010280,CUST-008176,2022-12-20,Technical,Critical,35.8,Resolved,4
TCK-010281,CUST-008176,2024-05-09,Feature Request,High,2.9,Resolved,4
TCK-010282,CUST-008177,2023-05-17,Billing,High,11.4,Resolved,4
TCK-010283,CUST-008178,2024-09-05,Technical,Critical,79.7,Closed,5
TCK-010284,CUST-008179,2024-09-20,Security,Medium,3.3,Closed,5
TCK-010285,CUST-008180,2024-07-21,Integration,Medium,3.5,Escalated,1
TCK-010286,CUST-008181,2024-08-25,Technical,Medium,2.3,Closed,4
TCK-010287,CUST-008182,2024-06-16,Technical,Medium,7.1,Resolved,3
TCK-010288,CUST-008183,2024-08-14,Technical,Medium,7.2,Closed,2
TCK-010289,CUST-008185,2024-06-23,Billing,High,14.5,Resolved,5
TCK-010290,CUST-008188,2022-12-11,Billing,Medium,24.9,Closed,3
TCK-010291,CUST-008193,2024-05-28,Billing,High,12.0,Closed,5
TCK-010292,CUST-008195,2022-05-02,Feature Request,Medium,21.1,Closed,4
TCK-010293,CUST-008195,2024-03-06,Technical,Low,43.6,Closed,4
TCK-010294,CUST-008199,2023-09-18,Billing,Low,28.2,Closed,2
TCK-010295,CUST-008200,2024-09-14,Integration,High,15.2,Resolved,5
TCK-010296,CUST-008201,2024-03-16,Integration,High,21.0,Resolved,3
TCK-010297,CUST-008203,2024-07-28,Feature Request,High,18.8,Pending,1
TCK-010298,CUST-008204,2024-08-29,Login,High,12.7,Resolved,5
TCK-010299,CUST-008204,2024-07-15,Security,Medium,1.4,Resolved,4
TCK-010300,CUST-008205,2024-04-05,Technical,Medium,10.3,Closed,3
TCK-010301,CUST-008207,2023-11-30,Performance,Medium,11.7,Pending,1
TCK-010302,CUST-008209,2024-02-26,Technical,Low,6.3,Resolved,4
TCK-010303,CUST-008212,2024-01-10,Technical,Low,0.5,Closed,2
TCK-010304,CUST-008213,2023-11-10,Billing,Low,1.7,Closed,3
TCK-010305,CUST-008214,2022-07-25,Technical,High,12.1,Resolved,4
TCK-010306,CUST-008215,2024-09-28,Performance,Low,7.9,Resolved,4
TCK-010307,CUST-008215,2023-08-08,Billing,Medium,47.6,Resolved,5
TCK-010308,CUST-008216,2024-12-07,Login,High,27.1,Closed,3
TCK-010309,CUST-008218,2023-08-18,Billing,Low,58.0,Escalated,1
TCK-010310,CUST-008218,2022-10-02,Technical,High,78.2,Resolved,4
TCK-010311,CUST-008219,2023-11-19,Performance,High,31.4,Resolved,1
TCK-010312,CUST-008219,2023-11-22,Security,Medium,10.8,Pending,1
TCK-010313,CUST-008219,2023-11-16,Technical,High,5.9,Resolved,2
TCK-010314,CUST-008219,2023-11-12,Technical,Critical,10.1,Resolved,1
TCK-010315,CUST-008219,2023-11-22,Technical,Medium,5.5,Resolved,3
TCK-010316,CUST-008224,2024-02-24,Login,High,33.1,Resolved,3
TCK-010317,CUST-008225,2022-12-04,Technical,Medium,59.5,Resolved,3
TCK-010318,CUST-008226,2023-02-28,Technical,Low,8.1,Resolved,5
TCK-010319,CUST-008226,2023-02-01,Login,Low,9.3,Resolved,4
TCK-010320,CUST-008227,2024-02-16,Technical,High,3.6,Resolved,2
TCK-010321,CUST-008227,2024-10-30,Login,Medium,9.0,Resolved,4
TCK-010322,CUST-008227,2023-07-31,Integration,Medium,3.0,Closed,5
TCK-010323,CUST-008229,2023-03-23,Login,Low,57.2,Closed,2
TCK-010324,CUST-008229,2023-04-01,Performance,Low,27.9,Resolved,1
TCK-010325,CUST-008230,2023-12-23,Performance,Medium,41.1,Resolved,5
TCK-010326,CUST-008230,2022-01-30,Login,Medium,33.6,Resolved,2
TCK-010327,CUST-008231,2024-10-13,Performance,Low,8.5,Resolved,1
TCK-010328,CUST-008232,2024-10-09,Login,High,65.5,Resolved,2
TCK-010329,CUST-008234,2024-11-11,Integration,High,55.6,Resolved,5
TCK-010330,CUST-008235,2024-05-11,Technical,High,90.2,Resolved,2
TCK-010331,CUST-008235,2023-11-09,Feature Request,Medium,4.4,Resolved,4
TCK-010332,CUST-008236,2022-02-13,Billing,High,86.2,Resolved,2
TCK-010333,CUST-008236,2022-05-03,Technical,Low,9.0,Resolved,3
TCK-010334,CUST-008236,2022-04-09,Billing,Low,45.4,Escalated,1
TCK-010335,CUST-008238,28/03/2024,Security,Medium,6.1,Resolved,5
TCK-010336,CUST-008239,2023-07-02,Technical,Medium,24.7,Resolved,4
TCK-010337,CUST-008239,2022-08-01,Login,Critical,3.0,Resolved,1
TCK-010338,CUST-008240,2024-07-09,Billing,Critical,9.0,Resolved,1
TCK-010339,CUST-008240,2024-09-16,Billing,Medium,81.3,Pending,2
TCK-010340,CUST-008243,2022-07-19,Technical,High,27.3,Resolved,2
TCK-010341,CUST-008244,2024-08-31,Integration,High,7.5,Resolved,4
TCK-010342,CUST-008245,2023-08-15,Technical,Medium,10.7,Closed,2
TCK-010343,CUST-008245,2024-06-14,Technical,Low,7.9,Resolved,2
TCK-010344,CUST-008245,2024-02-23,Billing,Low,3.0,Resolved,1
TCK-010345,CUST-008246,2023-04-28,Security,Critical,126.1,Resolved,2
TCK-010346,CUST-008246,2023-08-26,Security,Low,101.1,Closed,4
TCK-010347,CUST-008247,02/08/2023,Billing,Medium,19.1,Resolved,2
TCK-010348,CUST-008248,2022-05-22,Billing,Low,15.4,Resolved,2
TCK-010349,CUST-008248,2022-04-06,Performance,Medium,13.5,Closed,2
TCK-010350,CUST-008248,2022-04-28,Technical,High,24.1,Closed,1
TCK-010351,CUST-008250,2022-02-27,Performance,Low,64.2,Resolved,1
TCK-010352,CUST-008250,2022-02-17,Billing,Critical,21.8,Resolved,3
TCK-010353,CUST-008250,2022-02-27,Technical,Low,10.6,Resolved,2
TCK-010354,CUST-008251,2024-03-15,Billing,High,1.9,Resolved,5
TCK-010355,CUST-008253,2023-12-10,Performance,Low,1.9,Resolved,4
TCK-010356,CUST-008254,2023-12-27,Feature Request,Low,14.4,Closed,1
TCK-010357,CUST-008254,2023-12-25,Technical,Medium,7.1,Resolved,3
TCK-010358,CUST-008254,2023-11-19,Performance,Low,63.9,Resolved,1
TCK-010359,CUST-008255,2023-12-24,Technical,Medium,31.4,Closed,2
TCK-010360,CUST-008255,2024-04-20,Login,Critical,31.0,Closed,2
TCK-010361,CUST-008256,2023-11-30,Technical,High,55.2,Resolved,5
TCK-010362,CUST-008259,2024-07-04,Technical,High,43.8,Closed,3
TCK-010363,CUST-008260,2024-12-05,Integration,Critical,7.0,Resolved,2
TCK-010364,CUST-008262,2023-12-13,Performance,High,20.0,Resolved,3
TCK-010365,CUST-008262,2024-02-23,Billing,Low,6.7,Resolved,4
TCK-010366,CUST-008264,2024-04-04,Technical,Medium,23.1,Resolved,5
TCK-010367,CUST-008265,2023-01-24,Performance,Critical,11.0,Resolved,4
TCK-010368,CUST-008265,2023-05-06,Billing,High,13.3,Closed,2
TCK-010369,CUST-008266,2024-03-28,Integration,Medium,7.1,Resolved,3
TCK-010370,CUST-008266,2022-08-25,Billing,Medium,29.9,Resolved,5
TCK-010371,CUST-008267,2024-08-28,Integration,Critical,13.0,Resolved,3
TCK-010372,CUST-008269,2024-02-21,Billing,Critical,182.1,Resolved,2
TCK-010373,CUST-008269,2024-04-21,Login,Medium,7.4,Pending,1
TCK-010374,CUST-008269,2024-02-27,Billing,High,1.9,Escalated,1
TCK-010375,CUST-008269,2024-03-07,Technical,High,52.4,Closed,1
TCK-010376,CUST-008270,2023-01-19,Technical,High,12.7,Resolved,3
TCK-010377,CUST-008271,2024-06-29,Performance,Medium,6.5,Resolved,5
TCK-010378,CUST-008271,2024-02-01,Login,High,42.3,Resolved,4
TCK-010379,CUST-008272,2024-11-04,Technical,Medium,4.4,Resolved,4
TCK-010380,CUST-008273,2024-05-07,Billing,Low,9.6,Resolved,3
TCK-010381,CUST-008274,2024-04-18,Technical,Low,4.8,Closed,2
TCK-010382,CUST-008275,2022-06-30,Billing,Medium,8.8,Resolved,2
TCK-010383,CUST-008276,2024-01-16,Technical,Low,11.6,Resolved,4
TCK-010384,CUST-008276,2024-01-01,Performance,Medium,22.5,Resolved,3
TCK-010385,CUST-008277,2023-06-19,Technical,Low,17.0,Resolved,2
TCK-010386,CUST-008277,2024-07-07,Technical,Medium,13.0,Resolved,2
TCK-010387,CUST-008277,2023-12-06,Login,High,18.3,Resolved,2
TCK-010388,CUST-008277,2023-05-11,Technical,Medium,13.3,Resolved,1
TCK-010389,CUST-008278,2023-08-15,Technical,Low,30.4,Resolved,5
TCK-010390,CUST-008278,04/01/2023,Technical,Critical,15.2,Closed,3
TCK-010391,CUST-008278,14/10/2022,Login,Low,0.8,Closed,4
TCK-010392,CUST-008278,2024-03-30,Login,Medium,4.0,Resolved,4
TCK-010393,CUST-008281,2024-08-07,Billing,Medium,9.6,Closed,5
TCK-010394,CUST-008282,2024-07-02,Technical,Medium,18.3,Resolved,4
TCK-010395,CUST-008283,2024-06-28,Login,Low,1.7,Resolved,3
TCK-010396,CUST-008286,2023-01-18,Technical,Critical,6.1,Resolved,1
TCK-010397,CUST-008286,2023-02-08,Technical,Low,56.8,Resolved,4
TCK-010398,CUST-008286,2023-03-16,Billing,Medium,3.5,Escalated,2
TCK-010399,CUST-008286,2023-02-02,Billing,Medium,35.0,Resolved,2
TCK-010400,CUST-008286,2022-12-15,Feature Request,Medium,12.1,Closed,3
TCK-010401,CUST-008286,2023-03-19,Technical,High,999.9,Resolved,2
TCK-010402,CUST-008287,15/08/2022,Feature Request,High,17.0,Closed,5
TCK-010403,CUST-008287,2022-11-26,Technical,Medium,12.5,Closed,5
TCK-010404,CUST-008288,2023-12-18,Technical,Critical,67.2,Resolved,2
TCK-010405,CUST-008288,2024-08-19,Technical,Medium,7.3,Resolved,5
TCK-010406,CUST-008290,2024-07-26,Performance,Medium,14.6,Resolved,4
TCK-010407,CUST-008290,2023-03-24,Technical,Low,1.7,Closed,4
TCK-010408,CUST-008291,2022-11-30,Login,Critical,36.2,Resolved,2
TCK-010409,CUST-008291,2022-11-13,Feature Request,Medium,126.7,Resolved,2
TCK-010410,CUST-008293,2024-06-24,Performance,Medium,108.5,Resolved,1
TCK-010411,CUST-008293,2024-05-28,Technical,Medium,26.0,Pending,2
TCK-010412,CUST-008293,2024-07-05,Login,Low,3.5,Closed,1
TCK-010413,CUST-008293,2024-05-22,Technical,Medium,8.4,Resolved,3
TCK-010414,CUST-008294,2024-06-21,Billing,Low,11.2,Closed,2
TCK-010415,CUST-008294,2024-04-25,Integration,Medium,6.9,Closed,4
TCK-010416,CUST-008295,2023-02-11,Login,Low,19.5,Resolved,1
TCK-010417,CUST-008295,2023-06-20,Billing,Low,18.3,Resolved,4
TCK-010418,CUST-008297,2023-06-09,Billing,Low,15.8,Resolved,1
TCK-010419,CUST-008298,2024-11-07,Billing,Medium,4.1,Resolved,1
TCK-010420,CUST-008299,2024-09-09,Login,Medium,5.5,Resolved,1
TCK-010421,CUST-008301,2024-02-04,Performance,Medium,5.7,Pending,2
TCK-010422,CUST-008301,2024-06-01,Technical,Medium,53.4,Escalated,2
TCK-010423,CUST-008301,2024-05-10,Login,High,5.5,Pending,2
TCK-010424,CUST-008301,2024-03-01,Performance,Low,45.9,Resolved,1
TCK-010425,CUST-008301,2024-06-04,Technical,Medium,12.6,Closed,1
TCK-010426,CUST-008301,2024-06-22,Billing,Medium,120.2,Escalated,1
TCK-010427,CUST-008302,2024-04-23,Performance,Low,4.0,Resolved,5
TCK-010428,CUST-008302,2024-10-07,Technical,High,14.1,Closed,4
TCK-010429,CUST-008303,2023-05-30,Login,High,17.3,Resolved,2
TCK-010430,CUST-008304,2023-09-23,Login,Low,22.2,Resolved,4
TCK-010431,CUST-008305,2024-11-23,Technical,Medium,10.4,Resolved,1
TCK-010432,CUST-008308,2024-01-28,Technical,Low,1.7,Resolved,4
TCK-010433,CUST-008308,2023-10-03,Billing,Low,26.4,Resolved,1
TCK-010434,CUST-008308,2023-11-18,Feature Request,High,24.2,Resolved,2
TCK-010435,CUST-008309,2023-12-13,Billing,Low,33.3,Closed,1
TCK-010436,CUST-008310,2024-03-18,Integration,Low,18.6,Resolved,5
TCK-010437,CUST-008313,2023-10-04,Login,Medium,1.8,Resolved,2
TCK-010438,CUST-008313,2024-10-28,Performance,Medium,2.0,Resolved,5
TCK-010439,CUST-008313,2024-01-11,Technical,Medium,12.8,Closed,4
TCK-010440,CUST-008315,2023-12-30,Billing,Medium,11.4,Resolved,3
TCK-010441,CUST-008316,2023-05-05,Feature Request,Medium,66.1,Closed,5
TCK-010442,CUST-008316,2023-03-16,Login,Medium,1.1,Resolved,4
TCK-010443,CUST-008316,2024-10-07,Technical,Critical,29.3,Resolved,4
TCK-010444,CUST-008317,2022-08-13,Integration,Medium,14.7,Resolved,3
TCK-010445,CUST-008318,2023-11-14,Billing,Medium,7.0,Resolved,4
TCK-010446,CUST-008319,2022-07-15,Security,Low,5.6,Resolved,3
TCK-010447,CUST-008321,2024-01-04,Technical,High,44.4,Closed,2
TCK-010448,CUST-008322,2024-03-27,Feature Request,Medium,3.1,Resolved,5
TCK-010449,CUST-008322,2023-08-14,Integration,High,37.2,Resolved,3
TCK-010450,CUST-008324,2023-11-26,Billing,Low,44.8,Escalated,2
TCK-010451,CUST-008324,2023-09-28,Feature Request,High,101.4,Resolved,5
TCK-010452,CUST-008326,2022-06-15,Technical,High,54.9,Resolved,5
TCK-010453,CUST-008327,2023-12-18,Billing,High,17.6,Resolved,1
TCK-010454,CUST-008327,19/01/2024,Performance,Low,4.0,Pending,1
TCK-010455,CUST-008327,2024-01-31,Feature Request,Medium,1.0,Resolved,2
TCK-010456,CUST-008328,2023-07-10,Billing,High,29.6,Closed,1
TCK-010457,CUST-008328,2023-06-04,Login,Medium,999.9,Pending,1
TCK-010458,CUST-008328,2024-01-03,Technical,Low,4.3,Closed,2
TCK-010459,CUST-008328,2023-09-02,Technical,Medium,7.7,Pending,1
TCK-010460,CUST-008329,2024-03-13,Technical,Critical,4.2,Resolved,1
TCK-010461,CUST-008329,2024-03-11,Technical,High,42.8,Resolved,2
TCK-010462,CUST-008330,2024-03-25,Billing,High,18.9,Resolved,4
TCK-010463,CUST-008331,2024-06-06,Technical,Low,3.6,Resolved,3
TCK-010464,CUST-008333,2024-08-09,Technical,Medium,45.3,Pending,2
TCK-010465,CUST-008333,2024-02-24,Technical,High,16.4,Resolved,3
TCK-010466,CUST-008333,2024-05-04,Login,Low,8.4,Escalated,3
TCK-010467,CUST-008333,2024-05-25,Feature Request,Medium,10.2,Pending,1
TCK-010468,CUST-008334,30/08/2023,Performance,Medium,40.0,Resolved,3
TCK-010469,CUST-008334,01/09/2024,Billing,Low,20.7,Resolved,1
TCK-010470,CUST-008335,2024-02-12,Performance,Medium,41.7,Resolved,1
TCK-010471,CUST-008336,12/07/2024,Login,Medium,30.7,Closed,5
TCK-010472,CUST-008337,2024-05-01,Technical,Medium,3.3,Closed,5
TCK-010473,CUST-008338,2024-05-12,Billing,High,3.2,Resolved,3
TCK-010474,CUST-008339,2022-11-22,Billing,High,9.5,Resolved,3
TCK-010475,CUST-008339,07/11/2022,Billing,Medium,0.5,Resolved,3
TCK-010476,CUST-008339,2022-12-13,Performance,Medium,35.2,Resolved,4
TCK-010477,CUST-008339,2023-03-25,Technical,High,61.0,Resolved,2
TCK-010478,CUST-008342,2024-05-03,Login,Medium,1.8,Resolved,5
TCK-010479,CUST-008342,2022-08-04,Technical,Medium,31.6,Resolved,3
TCK-010480,CUST-008342,2024-03-10,Integration,Medium,40.9,Closed,4
TCK-010481,CUST-008345,2024-10-03,Technical,Medium,20.0,Resolved,5
TCK-010482,CUST-008346,2023-10-01,Performance,Low,21.5,Resolved,2
TCK-010483,CUST-008346,2023-09-26,Login,Low,8.0,Escalated,1
TCK-010484,CUST-008346,2023-12-11,Integration,Medium,9.9,Resolved,1
TCK-010485,CUST-008348,2024-02-02,Performance,High,22.5,Pending,2
TCK-010486,CUST-008348,2022-10-30,Billing,High,204.6,Resolved,2
TCK-010487,CUST-008350,2023-08-06,Performance,Medium,23.4,Resolved,3
TCK-010488,CUST-008350,2023-07-28,Security,Medium,27.0,Closed,2
TCK-010489,CUST-008351,2024-03-30,Security,Low,0.6,Resolved,3
TCK-010490,CUST-008351,2023-04-13,Billing,Low,56.9,Resolved,3
TCK-010491,CUST-008354,2024-01-19,Technical,Medium,8.3,Resolved,4
TCK-010492,CUST-008355,2023-12-28,Technical,Medium,7.7,Resolved,2
TCK-010493,CUST-008355,2023-10-18,Performance,Critical,11.7,Pending,1
TCK-010494,CUST-008358,2023-11-16,Performance,Low,0.9,Resolved,5
TCK-010495,CUST-008359,2024-07-16,Feature Request,High,41.2,Resolved,5
TCK-010496,CUST-008361,2023-06-16,Billing,Low,8.2,Closed,5
TCK-010497,CUST-008361,2023-12-09,Technical,High,14.3,Resolved,5
TCK-010498,CUST-008362,2024-04-10,Billing,Medium,3.6,Closed,5
TCK-010499,CUST-008362,2024-12-29,Billing,Low,11.2,Resolved,5
TCK-010500,CUST-008363,2023-01-03,Security,High,8.1,Resolved,3
TCK-010501,CUST-008363,2024-08-09,Performance,Medium,5.9,Resolved,3
TCK-010502,CUST-008364,2022-01-06,Integration,Medium,7.9,Escalated,3
TCK-010503,CUST-008365,2023-10-06,Login,High,39.4,Resolved,3
TCK-010504,CUST-008366,2024-08-10,Login,High,34.4,Resolved,5
TCK-010505,CUST-008367,2023-11-20,Feature Request,High,10.7,Resolved,1
TCK-010506,CUST-008367,2023-04-14,Login,Low,18.1,Resolved,5
TCK-010507,CUST-008368,2024-09-19,Login,Low,9.0,Closed,3
TCK-010508,CUST-008369,2022-02-16,Technical,Low,33.2,Resolved,4
TCK-010509,CUST-008369,2024-02-21,Login,Medium,3.3,Resolved,3
TCK-010510,CUST-008369,2023-07-11,Billing,Low,13.3,Resolved,4
TCK-010511,CUST-008369,2023-12-04,Integration,Low,0.5,Resolved,4
TCK-010512,CUST-008370,2023-05-05,Billing,Medium,22.2,Resolved,5
TCK-010513,CUST-008371,2024-04-16,Billing,Low,8.9,Resolved,5
TCK-010514,CUST-008372,2023-10-25,Login,Low,4.4,Resolved,5
TCK-010515,CUST-008375,2024-05-16,Technical,Critical,95.3,Closed,4
TCK-010516,CUST-008376,2023-09-23,Performance,Low,5.7,Resolved,1
TCK-010517,CUST-008376,2023-11-26,Billing,High,25.4,Closed,1
TCK-010518,CUST-008376,2023-12-04,Performance,High,57.1,Resolved,5
TCK-010519,CUST-008377,2024-07-14,Billing,Medium,11.2,Resolved,3
TCK-010520,CUST-008377,2024-05-22,Login,High,45.9,Closed,2
TCK-010521,CUST-008377,2024-06-22,Performance,Low,16.2,Resolved,2
TCK-010522,CUST-008377,2024-04-05,Login,Medium,29.0,Resolved,2
TCK-010523,CUST-008378,2024-08-25,Technical,Medium,15.7,Resolved,2
TCK-010524,CUST-008378,2024-10-05,Technical,Low,67.0,Resolved,3
TCK-010525,CUST-008379,2024-07-14,Performance,Low,6.2,Closed,3
TCK-010526,CUST-008380,2023-11-29,Technical,Low,10.4,Escalated,1
TCK-010527,CUST-008380,2023-04-22,Login,Low,1.6,Closed,1
TCK-010528,CUST-008381,2024-05-09,Integration,Medium,2.1,Resolved,2
TCK-010529,CUST-008382,2024-11-18,Billing,High,115.4,Resolved,4
TCK-010530,CUST-008383,2022-08-23,Integration,Low,15.3,Resolved,5
TCK-010531,CUST-008383,2023-09-01,Technical,Medium,0.5,Resolved,4
TCK-010532,CUST-008384,2024-01-18,Login,High,37.0,Resolved,2
TCK-010533,CUST-008385,2023-05-09,Technical,Medium,1.4,Closed,3
TCK-010534,CUST-008385,2024-06-29,Billing,High,7.8,Resolved,3
TCK-010535,CUST-008387,2024-11-22,Performance,Medium,9.0,Resolved,2
TCK-010536,CUST-008388,2023-12-31,Feature Request,Low,10.9,Resolved,3
TCK-010537,CUST-008389,2024-01-05,Feature Request,High,10.4,Resolved,5
TCK-010538,CUST-008389,2024-09-29,Performance,Critical,14.2,Resolved,4
TCK-010539,CUST-008389,2024-11-01,Technical,Medium,23.3,Resolved,5
TCK-010540,CUST-008390,2022-07-30,Billing,Low,28.7,Resolved,2
TCK-010541,CUST-008390,2022-12-30,Technical,Low,18.2,Resolved,3
TCK-010542,CUST-008391,2022-06-01,Login,High,15.0,Resolved,2
TCK-010543,CUST-008391,2022-05-25,Technical,Medium,14.3,Resolved,1
TCK-010544,CUST-008391,2022-05-22,Integration,Medium,4.1,Resolved,2
TCK-010545,CUST-008391,2022-06-09,Technical,High,163.8,Pending,2
TCK-010546,CUST-008393,2024-10-12,Performance,Medium,17.3,Resolved,5
TCK-010547,CUST-008393,2024-11-10,Billing,Medium,2.5,Resolved,3
TCK-010548,CUST-008394,2024-04-22,Performance,Medium,26.4,Resolved,4
TCK-010549,CUST-008394,2024-09-15,Technical,High,20.6,Resolved,4
TCK-010550,CUST-008397,2023-10-28,Technical,High,60.9,Closed,4
TCK-010551,CUST-008397,2024-10-20,Billing,Low,7.4,Resolved,1
TCK-010552,CUST-008400,2023-04-21,Billing,Low,52.5,Resolved,5
TCK-010553,CUST-008401,13/12/2024,Technical,Low,2.3,Resolved,3
TCK-010554,CUST-008401,2024-06-26,Login,Critical,1.8,Resolved,3
TCK-010555,CUST-008401,2024-03-08,Technical,Medium,6.6,Resolved,5
TCK-010556,CUST-008402,2022-12-14,Login,Low,33.5,Resolved,1
TCK-010557,CUST-008402,2023-02-04,Technical,Low,53.7,Escalated,1
TCK-010558,CUST-008402,2023-01-28,Integration,Medium,30.9,Closed,1
TCK-010559,CUST-008402,2022-11-11,Performance,High,44.8,Escalated,2
TCK-010560,CUST-008403,2024-09-11,Technical,Medium,15.9,Resolved,2
TCK-010561,CUST-008404,2023-04-29,Security,Low,10.9,Resolved,5
TCK-010562,CUST-008404,2022-12-05,Integration,Medium,42.6,Closed,3
TCK-010563,CUST-008404,2023-11-17,Technical,Medium,7.2,Resolved,3
TCK-010564,CUST-008405,2022-12-28,Integration,Low,8.0,Resolved,4
TCK-010565,CUST-008406,2022-07-28,Performance,High,24.2,Closed,1
TCK-010566,CUST-008407,2023-07-30,Technical,Medium,6.0,Resolved,4
TCK-010567,CUST-008407,2024-08-25,Technical,Medium,11.2,Pending,1
TCK-010568,CUST-008407,2023-08-14,Performance,High,30.6,Closed,1
TCK-010569,CUST-008407,2024-09-05,Performance,Medium,64.8,Pending,2
TCK-010570,CUST-008408,2024-09-22,Billing,Low,6.4,Resolved,4
TCK-010571,CUST-008410,2024-09-22,Performance,Medium,29.3,Resolved,2
TCK-010572,CUST-008410,2024-08-13,Technical,Low,3.9,Closed,2
TCK-010573,CUST-008410,2024-07-27,Login,Low,12.1,Pending,3
TCK-010574,CUST-008410,2024-08-06,Billing,Low,1.1,Closed,1
TCK-010575,CUST-008410,2024-05-10,Billing,Medium,12.5,Resolved,1
TCK-010576,CUST-008415,2024-02-18,Technical,Medium,2.3,Resolved,2
TCK-010577,CUST-008416,2024-09-14,Technical,Low,5.2,Resolved,4
TCK-010578,CUST-008417,2024-05-14,Login,Medium,2.2,Resolved,2
TCK-010579,CUST-008417,10/08/2024,Billing,Low,26.5,Resolved,2
TCK-010580,CUST-008417,2024-02-16,Billing,Low,90.7,Pending,2
TCK-010581,CUST-008420,2024-03-20,Technical,Medium,16.5,Resolved,2
TCK-010582,CUST-008420,2023-11-23,Login,Low,17.5,Resolved,4
TCK-010583,CUST-008422,2024-09-08,Technical,Medium,5.7,Closed,4
TCK-010584,CUST-008422,2024-04-03,Technical,Medium,5.4,Resolved,4
TCK-010585,CUST-008424,2024-07-03,Integration,Low,25.4,Resolved,5
TCK-010586,CUST-008425,2024-10-28,Technical,Medium,44.0,Closed,2
TCK-010587,CUST-008425,05/12/2024,Billing,Low,4.5,Resolved,5
TCK-010588,CUST-008426,2024-03-31,Login,High,8.1,Resolved,5
TCK-010589,CUST-008427,2022-12-27,Technical,Low,28.2,Resolved,4
TCK-010590,CUST-008427,2023-03-13,Login,High,0.5,Closed,2
TCK-010591,CUST-008427,2023-05-11,Performance,Medium,5.2,Pending,1
TCK-010592,CUST-008429,2022-09-17,Login,Low,1.0,Closed,5
TCK-010593,CUST-008430,2024-05-15,Technical,Low,26.0,Resolved,5
TCK-010594,CUST-008430,2024-02-04,Billing,Low,7.5,Resolved,5
TCK-010595,CUST-008432,2023-02-03,Performance,Low,35.0,Pending,2
TCK-010596,CUST-008432,2022-09-28,Feature Request,High,48.1,Closed,3
TCK-010597,CUST-008432,2024-06-27,Technical,Medium,11.2,Resolved,3
TCK-010598,CUST-008434,2022-02-13,Technical,Medium,14.4,Pending,1
TCK-010599,CUST-008434,2022-02-12,Technical,High,0.5,Resolved,1
TCK-010600,CUST-008435,2024-08-28,Technical,Low,33.1,Resolved,3
TCK-010601,CUST-008436,2024-07-03,Login,Medium,2.2,Resolved,1
TCK-010602,CUST-008437,2024-07-10,Billing,Medium,12.7,Resolved,3
TCK-010603,CUST-008437,2024-08-29,Login,Medium,14.9,Closed,2
TCK-010604,CUST-008438,2024-10-11,Technical,Low,26.4,Resolved,5
TCK-010605,CUST-008440,2024-08-20,Performance,Medium,4.1,Closed,1
TCK-010606,CUST-008440,2024-08-15,Feature Request,Medium,3.6,Closed,2
TCK-010607,CUST-008442,2024-09-19,Billing,High,40.8,Resolved,3
TCK-010608,CUST-008443,2024-11-26,Technical,Low,8.0,Closed,4
TCK-010609,CUST-008443,2024-07-10,Billing,Low,8.0,Resolved,3
TCK-010610,CUST-008445,2023-12-23,Billing,Low,4.5,Resolved,1
TCK-010611,CUST-008446,2023-10-29,Security,Medium,11.5,Closed,2
TCK-010612,CUST-008446,2023-07-02,Performance,Medium,77.8,Escalated,1
TCK-010613,CUST-008447,2024-03-14,Technical,Low,18.7,Pending,1
TCK-010614,CUST-008447,2023-10-13,Technical,High,26.5,Resolved,4
TCK-010615,CUST-008447,2023-10-09,Technical,High,999.9,Closed,3
TCK-010616,CUST-008447,2023-12-04,Login,Low,10.7,Pending,1
TCK-010617,CUST-008448,2023-06-01,Technical,Low,16.2,Resolved,5
TCK-010618,CUST-008449,2024-08-03,Technical,High,132.5,Escalated,1
TCK-010619,CUST-008450,2023-05-23,Technical,Medium,137.0,Closed,3
TCK-010620,CUST-008450,2024-03-10,Integration,Low,32.4,Resolved,3
TCK-010621,CUST-008450,2023-08-11,Integration,Low,91.3,Resolved,3
TCK-010622,CUST-008450,2023-12-02,Feature Request,High,7.8,Pending,1
TCK-010623,CUST-008451,2022-05-09,Security,High,23.7,Resolved,5
TCK-010624,CUST-008451,2022-05-12,Feature Request,Medium,110.7,Closed,3
TCK-010625,CUST-008452,2024-12-11,Billing,Medium,4.0,Closed,4
TCK-010626,CUST-008453,2024-09-05,Billing,Low,2.2,Resolved,4
TCK-010627,CUST-008455,2022-11-03,Feature Request,Critical,49.8,Resolved,1
TCK-010628,CUST-008455,2023-05-27,Technical,Low,46.9,Resolved,2
TCK-010629,CUST-008456,2022-08-13,Technical,High,63.7,Resolved,1
TCK-010630,CUST-008457,2023-10-30,Feature Request,Medium,10.5,Resolved,4
TCK-010631,CUST-008457,2023-09-21,Integration,High,51.0,Closed,2
TCK-010632,CUST-008457,2022-11-01,Feature Request,Low,41.9,Resolved,5
TCK-010633,CUST-008458,2023-12-08,Technical,Low,134.3,Pending,2
TCK-010634,CUST-008459,2024-05-31,Billing,Medium,5.4,Resolved,1
TCK-010635,CUST-008459,2024-05-25,Billing,Low,56.7,Resolved,4
TCK-010636,CUST-008460,2024-06-22,Technical,High,37.5,Pending,1
TCK-010637,CUST-008462,2023-01-19,Technical,High,35.1,Escalated,1
TCK-010638,CUST-008465,2024-08-22,Technical,Critical,28.0,Resolved,3
TCK-010639,CUST-008466,2024-11-11,Technical,Medium,36.0,Resolved,2
TCK-010640,CUST-008466,2024-08-30,Technical,Medium,16.1,Resolved,5
TCK-010641,CUST-008467,2024-05-30,Technical,Medium,22.5,Resolved,5
TCK-010642,CUST-008468,2024-11-20,Technical,Medium,3.3,Resolved,3
TCK-010643,CUST-008468,2024-11-29,Security,Low,37.7,Resolved,5
TCK-010644,CUST-008468,2024-07-11,Technical,Medium,6.5,Resolved,4
TCK-010645,CUST-008469,2024-08-18,Billing,High,5.5,Resolved,3
TCK-010646,CUST-008469,2024-06-07,Billing,High,10.4,Resolved,5
TCK-010647,CUST-008470,2024-10-12,Technical,High,6.9,Resolved,3
TCK-010648,CUST-008470,2024-07-19,Billing,High,24.0,Closed,4
TCK-010649,CUST-008471,2023-10-03,Login,High,13.0,Resolved,3
TCK-010650,CUST-008471,2024-06-30,Performance,High,17.7,Resolved,2
TCK-010651,CUST-008472,2023-10-14,Technical,High,14.3,Closed,4
TCK-010652,CUST-008472,2023-10-28,Technical,Low,12.6,Resolved,4
TCK-010653,CUST-008473,2024-10-29,Billing,High,1.3,Resolved,2
TCK-010654,CUST-008474,2024-03-09,Login,Medium,73.1,Resolved,2
TCK-010655,CUST-008474,2023-11-28,Billing,Medium,3.3,Closed,1
TCK-010656,CUST-008475,2023-07-24,Technical,Medium,4.7,Resolved,4
TCK-010657,CUST-008477,2022-12-12,Technical,High,26.4,Closed,2
TCK-010658,CUST-008477,2023-08-05,Technical,Medium,39.2,Closed,4
TCK-010659,CUST-008477,2023-10-10,Login,High,7.4,Resolved,4
TCK-010660,CUST-008478,2022-11-25,Technical,Medium,8.9,Closed,2
TCK-010661,CUST-008478,2022-11-28,Performance,Low,9.1,Resolved,3
TCK-010662,CUST-008479,2023-11-10,Technical,Critical,3.2,Resolved,4
TCK-010663,CUST-008479,2024-10-21,Billing,Medium,3.9,Resolved,3
TCK-010664,CUST-008483,2024-04-02,Technical,Medium,13.8,Closed,4
TCK-010665,CUST-008484,2024-10-17,Billing,Critical,2.7,Resolved,1
TCK-010666,CUST-008484,2023-06-05,Login,Medium,24.9,Resolved,5
TCK-010667,CUST-008484,2024-06-17,Integration,Medium,11.4,Resolved,4
TCK-010668,CUST-008487,2024-03-28,Integration,Low,53.2,Resolved,5
TCK-010669,CUST-008488,2022-04-23,Technical,High,6.2,Resolved,4
TCK-010670,CUST-008488,2022-10-16,Technical,Low,2.1,Resolved,5
TCK-010671,CUST-008488,2023-11-05,Login,Medium,10.8,Resolved,2
TCK-010672,CUST-008488,2023-03-17,Billing,High,21.2,Resolved,3
TCK-010673,CUST-008489,2022-10-15,Security,Low,9.1,Closed,2
TCK-010674,CUST-008489,2022-11-13,Technical,Medium,12.0,Resolved,4
TCK-010675,CUST-008489,2024-02-23,Technical,High,86.2,Resolved,3
TCK-010676,CUST-008490,2023-09-26,Technical,Critical,65.4,Resolved,5
TCK-010677,CUST-008494,2023-10-05,Technical,Medium,10.3,Pending,1
TCK-010678,CUST-008494,2023-12-13,Performance,Medium,10.7,Resolved,1
TCK-010679,CUST-008494,2023-08-16,Feature Request,Critical,33.5,Pending,1
TCK-010680,CUST-008494,2022-03-27,Billing,Low,15.0,Resolved,3
TCK-010681,CUST-008496,2022-10-18,Billing,Medium,41.0,Resolved,1
TCK-010682,CUST-008496,2022-11-05,Billing,Low,5.4,Resolved,1
TCK-010683,CUST-008497,2024-04-19,Technical,Low,16.1,Resolved,1
TCK-010684,CUST-008499,2023-02-20,Integration,Low,32.0,Resolved,2
TCK-010685,CUST-008499,2022-03-08,Performance,High,39.3,Resolved,4
TCK-010686,CUST-008499,2023-07-22,Feature Request,Medium,23.4,Resolved,1
TCK-010687,CUST-008499,2023-02-03,Integration,Medium,9.1,Escalated,1
TCK-010688,CUST-008500,2023-03-24,Integration,Medium,5.3,Resolved,1
TCK-010689,CUST-008502,2023-01-31,Technical,Low,3.2,Resolved,4
TCK-010690,CUST-008503,2023-05-01,Billing,Medium,7.9,Closed,2
TCK-010691,CUST-008503,2023-07-23,Feature Request,Medium,0.5,Resolved,1
TCK-010692,CUST-008503,2023-02-18,Billing,Low,19.6,Resolved,1
TCK-010693,CUST-008504,2023-01-29,Technical,High,2.9,Resolved,2
TCK-010694,CUST-008504,2023-03-16,Technical,Low,33.4,Pending,2
TCK-010695,CUST-008504,2022-09-09,Login,Low,25.2,Closed,4
TCK-010696,CUST-008504,2023-02-18,Billing,Medium,36.8,Pending,2
TCK-010697,CUST-008505,2024-04-10,Feature Request,Medium,4.0,Resolved,4
TCK-010698,CUST-008506,2022-08-12,Performance,Low,16.4,Closed,5
TCK-010699,CUST-008506,2023-05-21,Technical,High,1.4,Closed,1
TCK-010700,CUST-008506,2023-07-22,Technical,High,5.5,Resolved,4
TCK-010701,CUST-008513,2023-06-21,Performance,Low,1.7,Resolved,4
TCK-010702,CUST-008513,2024-07-08,Login,Low,7.1,Resolved,4
TCK-010703,CUST-008514,2023-08-02,Technical,Medium,0.5,Escalated,2
TCK-010704,CUST-008514,2023-09-01,Technical,Medium,3.6,Resolved,1
TCK-010705,CUST-008515,2023-09-25,Technical,Critical,153.1,Resolved,2
TCK-010706,CUST-008515,2023-05-14,Billing,Low,24.6,Resolved,5
TCK-010707,CUST-008516,2024-06-27,Login,Low,3.7,Escalated,2
TCK-010708,CUST-008516,2024-07-09,Technical,Medium,36.7,Resolved,1
TCK-010709,CUST-008516,2024-06-29,Feature Request,Medium,7.7,Resolved,1
TCK-010710,CUST-008516,2024-07-06,Performance,Low,51.1,Closed,2
TCK-010711,CUST-008517,2024-11-06,Technical,Medium,7.8,Resolved,4
TCK-010712,CUST-008517,2024-08-13,Integration,Medium,8.3,Resolved,3
TCK-010713,CUST-008519,2024-04-02,Billing,Low,14.0,Closed,5
TCK-010714,CUST-008519,2023-12-17,Billing,High,23.0,Closed,5
TCK-010715,CUST-008519,2023-08-20,Billing,Medium,1.4,Resolved,3
TCK-010716,CUST-008521,2024-03-04,Login,Medium,36.4,Closed,1
TCK-010717,CUST-008523,2024-11-29,Login,Low,3.3,Resolved,5
TCK-010718,CUST-008524,2024-05-11,Login,Low,25.5,Resolved,4
TCK-010719,CUST-008524,2024-06-18,Performance,Critical,11.8,Escalated,1
TCK-010720,CUST-008527,2024-12-01,Technical,Low,6.2,Closed,3
TCK-010721,CUST-008527,2024-04-01,Billing,Critical,12.4,Closed,4
TCK-010722,CUST-008528,2023-02-20,Technical,Medium,1.9,Closed,4
TCK-010723,CUST-008528,2023-08-23,Technical,Low,23.7,Pending,2
TCK-010724,CUST-008528,2023-05-01,Integration,Low,25.0,Resolved,2
TCK-010725,CUST-008529,2024-04-11,Technical,Medium,17.4,Resolved,3
TCK-010726,CUST-008529,2024-01-24,Billing,Low,10.5,Resolved,1
TCK-010727,CUST-008529,2024-03-27,Login,High,95.2,Escalated,1
TCK-010728,CUST-008529,2024-07-23,Billing,Low,44.5,Closed,2
TCK-010729,CUST-008530,2024-09-20,Billing,Low,7.4,Closed,2
TCK-010730,CUST-008531,2024-09-11,Security,Critical,34.9,Resolved,3
TCK-010731,CUST-008532,2024-01-08,Billing,Low,18.4,Resolved,2
TCK-010732,CUST-008532,2023-07-28,Billing,Low,999.9,Closed,1
TCK-010733,CUST-008532,2023-10-12,Technical,Medium,3.9,Closed,5
TCK-010734,CUST-008534,2024-06-15,Performance,Medium,10.0,Closed,1
TCK-010735,CUST-008534,2024-07-21,Performance,High,49.6,Resolved,1
TCK-010736,CUST-008534,2024-07-31,Performance,Low,17.1,Closed,3
TCK-010737,CUST-008535,2023-07-01,Technical,Medium,101.1,Resolved,1
TCK-010738,CUST-008535,2023-02-04,Performance,Medium,14.5,Resolved,3
TCK-010739,CUST-008535,2023-05-24,Login,Low,8.0,Closed,1
TCK-010740,CUST-008535,2023-03-23,Technical,Low,63.0,Escalated,1
TCK-010741,CUST-008536,2022-10-26,Login,High,62.7,Resolved,3
TCK-010742,CUST-008536,2022-10-21,Billing,High,38.2,Resolved,4
TCK-010743,CUST-008536,2023-03-05,Login,Critical,23.7,Closed,1
TCK-010744,CUST-008537,2024-10-07,Billing,Medium,19.2,Resolved,4
TCK-010745,CUST-008539,2024-08-21,Integration,Medium,21.2,Resolved,4
TCK-010746,CUST-008539,2024-08-10,Login,Critical,19.0,Resolved,5
TCK-010747,CUST-008540,2024-04-03,Security,High,10.5,Resolved,3
TCK-010748,CUST-008540,2023-03-20,Technical,Medium,23.9,Resolved,1
TCK-010749,CUST-008540,2024-03-20,Technical,Medium,31.5,Resolved,3
TCK-010750,CUST-008541,2024-02-21,Feature Request,Medium,9.4,Resolved,5
TCK-010751,CUST-008543,2023-10-30,Performance,Medium,19.0,Escalated,1
TCK-010752,CUST-008543,2024-06-18,Login,High,14.1,Resolved,2
TCK-010753,CUST-008543,2023-09-24,Login,Low,9.6,Resolved,2
TCK-010754,CUST-008544,2022-04-06,Integration,High,8.7,Resolved,3
TCK-010755,CUST-008544,2023-08-18,Billing,Low,1.8,Resolved,3
TCK-010756,CUST-008546,2022-03-01,Billing,Low,1.0,Resolved,1
TCK-010757,CUST-008546,2022-03-14,Billing,Low,7.5,Closed,1
TCK-010758,CUST-008547,2024-04-14,Security,Low,11.2,Closed,5
TCK-010759,CUST-008547,2024-01-20,Billing,Medium,11.0,Closed,4
TCK-010760,CUST-008548,2024-11-27,Performance,Medium,17.3,Resolved,3
TCK-010761,CUST-008548,2024-07-03,Billing,Low,1.8,Resolved,4
TCK-010762,CUST-008548,2023-01-27,Login,High,25.9,Resolved,4
TCK-010763,CUST-008551,2024-11-26,Feature Request,Low,16.1,Resolved,1
TCK-010764,CUST-008553,2024-03-07,Billing,Medium,41.3,Resolved,3
TCK-010765,CUST-008554,2024-04-30,Integration,Low,10.5,Resolved,3
TCK-010766,CUST-008555,2023-11-01,Technical,Low,4.5,Resolved,5
TCK-010767,CUST-008555,2023-11-21,Billing,Low,63.8,Resolved,4
TCK-010768,CUST-008556,2024-02-17,Performance,Critical,12.8,Closed,3
TCK-010769,CUST-008557,2023-04-26,Security,Medium,109.1,Resolved,1
TCK-010770,CUST-008559,2023-11-07,Feature Request,Medium,37.1,Escalated,1
TCK-010771,CUST-008561,2024-10-01,Integration,Low,22.0,Resolved,5
TCK-010772,CUST-008561,2024-06-13,Technical,Low,2.5,Resolved,4
TCK-010773,CUST-008563,2024-05-20,Login,Low,26.0,Resolved,4
TCK-010774,CUST-008566,2022-06-23,Technical,Medium,52.6,Escalated,2
TCK-010775,CUST-008566,2022-06-02,Billing,Medium,0.7,Pending,2
TCK-010776,CUST-008567,2023-08-17,Login,Medium,0.8,Resolved,1
TCK-010777,CUST-008567,2023-08-28,Performance,Medium,14.2,Resolved,4
TCK-010778,CUST-008570,2024-08-24,Integration,Low,4.9,Resolved,1
TCK-010779,CUST-008571,02/09/2023,Technical,Low,9.2,Resolved,4
TCK-010780,CUST-008571,2023-09-02,Login,Medium,45.8,Resolved,2
TCK-010781,CUST-008572,2024-06-24,Billing,Medium,3.1,Resolved,4
TCK-010782,CUST-008572,2023-08-14,Performance,Low,11.1,Resolved,4
TCK-010783,CUST-008573,2024-11-28,Feature Request,Low,8.8,Resolved,2
TCK-010784,CUST-008575,2023-11-27,Billing,Low,56.9,Pending,1
TCK-010785,CUST-008575,2023-03-12,Billing,Low,10.5,Pending,2
TCK-010786,CUST-008576,2024-08-25,Security,Critical,71.1,Closed,4
TCK-010787,CUST-008578,12/08/2024,Billing,High,16.7,Resolved,4
TCK-010788,CUST-008579,2024-11-25,Technical,High,14.6,Resolved,5
TCK-010789,CUST-008580,2022-08-20,Technical,Medium,24.3,Resolved,3
TCK-010790,CUST-008580,2022-09-07,Technical,Medium,59.6,Resolved,1
TCK-010791,CUST-008580,2022-08-26,Technical,Low,12.9,Resolved,1
TCK-010792,CUST-008580,2022-08-20,Feature Request,Medium,71.6,Closed,5
TCK-010793,CUST-008581,2024-07-15,Billing,Low,22.4,Resolved,4
TCK-010794,CUST-008581,2024-06-28,Feature Request,Medium,1.5,Closed,5
TCK-010795,CUST-008581,2024-08-01,Login,Medium,12.2,Closed,4
TCK-010796,CUST-008584,2024-03-17,Security,Medium,26.0,Resolved,3
TCK-010797,CUST-008587,2024-01-07,Integration,Medium,5.7,Resolved,5
TCK-010798,CUST-008588,2024-05-28,Security,Low,11.9,Closed,3
TCK-010799,CUST-008590,2023-05-30,Technical,Medium,62.3,Resolved,2
TCK-010800,CUST-008590,2023-10-01,Technical,High,96.6,Resolved,3
TCK-010801,CUST-008595,2024-02-08,Technical,Medium,62.3,Escalated,1
TCK-010802,CUST-008597,2024-12-20,Login,Medium,32.8,Resolved,2
TCK-010803,CUST-008597,2024-08-12,Technical,Medium,49.5,Resolved,3
TCK-010804,CUST-008599,2024-08-05,Login,Medium,23.1,Resolved,3
TCK-010805,CUST-008599,2024-11-01,Billing,Medium,1.6,Resolved,5
TCK-010806,CUST-008601,2024-10-09,Performance,Low,9.5,Resolved,4
TCK-010807,CUST-008602,2023-03-24,Feature Request,High,2.4,Resolved,3
TCK-010808,CUST-008602,2022-03-30,Performance,Medium,21.7,Escalated,2
TCK-010809,CUST-008602,2022-02-16,Performance,Low,19.5,Resolved,2
TCK-010810,CUST-008603,06/08/2024,Technical,Low,36.0,Pending,1
TCK-010811,CUST-008603,2024-12-12,Integration,Medium,35.2,Pending,1
TCK-010812,CUST-008603,2024-10-05,Performance,Low,6.2,Resolved,4
TCK-010813,CUST-008603,2024-11-19,Technical,Low,27.5,Closed,3
TCK-010814,CUST-008603,2024-12-09,Billing,Medium,14.9,Resolved,2
TCK-010815,CUST-008603,2024-09-09,Login,Medium,21.4,Resolved,1
TCK-010816,CUST-008603,2024-12-10,Technical,Medium,24.3,Resolved,2
TCK-010817,CUST-008605,2023-11-19,Technical,Medium,3.6,Closed,5
TCK-010818,CUST-008606,2024-02-12,Login,Medium,3.2,Closed,4
TCK-010819,CUST-008606,2024-08-25,Technical,Low,2.3,Resolved,3
TCK-010820,CUST-008607,2022-12-01,Security,High,30.8,Resolved,5
TCK-010821,CUST-008607,2023-06-25,Technical,High,9.8,Resolved,4
TCK-010822,CUST-008611,2023-11-09,Billing,Medium,16.4,Resolved,3
TCK-010823,CUST-008612,08/06/2024,Feature Request,Medium,65.5,Resolved,1
TCK-010824,CUST-008612,2024-01-15,Billing,Medium,20.1,Pending,1
TCK-010825,CUST-008613,2022-10-13,Integration,Medium,17.5,Resolved,1
TCK-010826,CUST-008614,2024-02-22,Technical,High,0.5,Closed,4
TCK-010827,CUST-008614,2023-02-21,Login,Low,4.0,Resolved,4
TCK-010828,CUST-008615,2023-12-28,Billing,Medium,36.5,Resolved,4
TCK-010829,CUST-008615,2023-01-27,Billing,High,5.1,Resolved,2
TCK-010830,CUST-008617,2024-08-21,Security,Low,40.5,Resolved,5
TCK-010831,CUST-008618,2023-03-15,Feature Request,Low,29.3,Resolved,5
TCK-010832,CUST-008618,2023-03-11,Technical,Medium,33.4,Resolved,1
TCK-010833,CUST-008619,2023-04-03,Integration,Medium,15.4,Closed,3
TCK-010834,CUST-008619,2023-04-03,Login,High,21.9,Resolved,1
TCK-010835,CUST-008619,2023-04-20,Integration,Medium,11.9,Resolved,4
TCK-010836,CUST-008619,2023-04-12,Billing,Medium,52.0,Escalated,3
TCK-010837,CUST-008619,2023-04-13,Technical,Low,6.9,Resolved,1
TCK-010838,CUST-008619,2023-04-09,Login,High,26.9,Resolved,1
TCK-010839,CUST-008621,2024-10-24,Billing,Low,33.6,Escalated,1
TCK-010840,CUST-008621,2024-08-07,Billing,Medium,39.8,Closed,1
TCK-010841,CUST-008622,2023-12-06,Login,Low,4.2,Resolved,3
TCK-010842,CUST-008623,2023-08-28,Technical,Low,9.8,Resolved,5
TCK-010843,CUST-008623,2023-12-18,Login,High,5.8,Resolved,2
TCK-010844,CUST-008628,2024-10-24,Billing,Low,11.2,Resolved,2
TCK-010845,CUST-008629,2024-10-20,Performance,Low,4.1,Resolved,1
TCK-010846,CUST-008629,2024-11-22,Login,Medium,0.8,Resolved,4
TCK-010847,CUST-008630,23/07/2023,Integration,Low,64.0,Resolved,1
TCK-010848,CUST-008630,2023-09-13,Performance,Low,12.1,Resolved,3
TCK-010849,CUST-008631,2024-06-22,Technical,Low,35.9,Resolved,4
TCK-010850,CUST-008631,2024-01-13,Technical,Low,9.3,Closed,3
TCK-010851,CUST-008632,2023-05-27,Security,High,71.9,Resolved,1
TCK-010852,CUST-008632,2024-07-16,Technical,Low,33.8,Resolved,2
TCK-010853,CUST-008632,2023-08-19,Login,Low,30.8,Closed,2
TCK-010854,CUST-008634,2022-06-02,Billing,Medium,27.3,Resolved,4
TCK-010855,CUST-008634,2022-06-09,Billing,Medium,16.5,Resolved,2
TCK-010856,CUST-008636,2023-12-08,Login,High,39.9,Closed,1
TCK-010857,CUST-008636,2023-06-17,Billing,Medium,20.1,Resolved,5
TCK-010858,CUST-008638,2023-05-04,Technical,Low,21.2,Resolved,5
TCK-010859,CUST-008638,2022-08-30,Billing,Low,0.5,Resolved,5
TCK-010860,CUST-008638,2024-10-24,Login,Medium,17.2,Resolved,3
TCK-010861,CUST-008639,2024-07-01,Billing,Low,10.7,Resolved,4
TCK-010862,CUST-008639,2023-11-04,Performance,Low,13.1,Closed,4
TCK-010863,CUST-008640,2024-08-24,Billing,Medium,2.1,Resolved,4
TCK-010864,CUST-008642,2024-02-20,Login,Low,31.5,Resolved,1
TCK-010865,CUST-008642,2024-02-12,Integration,Low,5.1,Closed,2
TCK-010866,CUST-008643,2024-04-10,Performance,Low,44.3,Closed,1
TCK-010867,CUST-008643,2024-04-12,Login,Low,48.3,Closed,2
TCK-010868,CUST-008644,2024-10-02,Technical,Low,2.3,Closed,4
TCK-010869,CUST-008646,2022-12-06,Performance,High,28.7,Closed,4
TCK-010870,CUST-008646,2024-08-11,Billing,High,5.5,Closed,4
TCK-010871,CUST-008647,2023-02-26,Technical,Low,2.6,Resolved,3
TCK-010872,CUST-008647,2023-02-27,Login,Medium,0.5,Closed,2
TCK-010873,CUST-008647,2023-04-15,Performance,High,6.4,Resolved,5
TCK-010874,CUST-008647,2023-03-20,Feature Request,High,111.3,Resolved,5
TCK-010875,CUST-008647,2023-03-06,Login,Low,70.7,Closed,3
TCK-010876,CUST-008648,2024-10-21,Technical,High,17.2,Resolved,5
TCK-010877,CUST-008649,2024-09-29,Billing,High,102.4,Escalated,2
TCK-010878,CUST-008649,2024-08-09,Technical,High,47.6,Resolved,3
TCK-010879,CUST-008649,2024-08-01,Billing,High,67.7,Resolved,5
TCK-010880,CUST-008652,2024-07-03,Technical,High,25.9,Closed,2
TCK-010881,CUST-008652,2023-11-07,Login,Medium,11.1,Resolved,4
TCK-010882,CUST-008652,2023-08-22,Login,Medium,43.3,Resolved,1
TCK-010883,CUST-008652,2024-07-18,Integration,Medium,12.2,Resolved,2
TCK-010884,CUST-008652,2024-01-27,Integration,Low,3.1,Pending,2
TCK-010885,CUST-008655,2023-07-25,Billing,Low,41.9,Resolved,1
TCK-010886,CUST-008656,2024-11-07,Integration,High,27.1,Resolved,1
TCK-010887,CUST-008657,2023-01-15,Technical,High,42.7,Resolved,5
TCK-010888,CUST-008657,2024-06-21,Performance,High,13.1,Resolved,3
TCK-010889,CUST-008658,2023-08-19,Technical,Medium,6.4,Resolved,3
TCK-010890,CUST-008659,2023-05-22,Technical,Medium,30.6,Resolved,2
TCK-010891,CUST-008659,2024-07-22,Billing,Medium,76.3,Escalated,1
TCK-010892,CUST-008659,2023-03-10,Technical,Medium,41.5,Closed,1
TCK-010893,CUST-008659,2023-11-06,Login,Low,9.1,Closed,2
TCK-010894,CUST-008660,2023-06-02,Technical,High,23.3,Resolved,4
TCK-010895,CUST-008660,2024-09-19,Technical,Low,30.0,Resolved,2
TCK-010896,CUST-008661,2023-11-14,Technical,High,23.0,Resolved,4
TCK-010897,CUST-008661,2024-08-10,Security,Low,27.5,Resolved,4
TCK-010898,CUST-008663,2024-05-20,Technical,Medium,0.5,Resolved,4
TCK-010899,CUST-008663,2024-01-08,Integration,High,3.2,Resolved,4
TCK-010900,CUST-008664,2024-05-07,Billing,Medium,9.6,Resolved,3
TCK-010901,CUST-008664,2024-04-18,Login,Medium,19.1,Resolved,4
TCK-010902,CUST-008664,2024-06-05,Technical,Medium,0.5,Resolved,4
TCK-010903,CUST-008664,2024-01-17,Login,Medium,23.5,Resolved,5
TCK-010904,CUST-008664,2023-12-06,Technical,Low,3.1,Closed,4
TCK-010905,CUST-008665,2024-10-28,Technical,Critical,20.4,Resolved,1
TCK-010906,CUST-008665,2024-09-21,Performance,High,4.0,Escalated,3
TCK-010907,CUST-008667,2023-07-24,Technical,Low,30.5,Resolved,4
TCK-010908,CUST-008671,2024-09-27,Technical,Low,3.6,Resolved,5
TCK-010909,CUST-008673,2022-10-06,Billing,High,21.3,Resolved,3
TCK-010910,CUST-008673,2022-05-17,Feature Request,Low,1.9,Resolved,2
TCK-010911,CUST-008674,2023-01-23,Feature Request,Medium,20.3,Closed,5
TCK-010912,CUST-008674,2024-09-18,Feature Request,Low,4.3,Closed,5
TCK-010913,CUST-008675,2023-11-14,Technical,Medium,55.9,Closed,5
TCK-010914,CUST-008676,2024-07-19,Billing,Low,5.6,Resolved,2
TCK-010915,CUST-008676,2024-09-18,Performance,Medium,4.9,Resolved,5
TCK-010916,CUST-008678,2024-12-19,Billing,Medium,46.2,Resolved,4
TCK-010917,CUST-008680,2024-07-05,Integration,High,9.9,Resolved,4
TCK-010918,CUST-008681,2022-08-23,Technical,Medium,2.8,Escalated,1
TCK-010919,CUST-008681,2023-08-06,Login,Low,22.1,Resolved,1
TCK-010920,CUST-008681,2023-04-02,Performance,Critical,6.7,Resolved,2
TCK-010921,CUST-008682,2024-08-01,Login,Medium,9.3,Resolved,5
TCK-010922,CUST-008682,2024-10-19,Technical,Medium,3.0,Resolved,5
TCK-010923,CUST-008683,2023-05-15,Technical,Low,0.8,Closed,4
TCK-010924,CUST-008684,2023-10-29,Security,Low,14.2,Resolved,5
TCK-010925,CUST-008685,2024-05-22,Login,Low,0.9,Escalated,1
TCK-010926,CUST-008685,2024-05-12,Login,Low,102.9,Pending,2
TCK-010927,CUST-008685,2024-06-22,Technical,Low,0.5,Resolved,1
TCK-010928,CUST-008685,2024-05-30,Technical,Low,40.9,Resolved,3
TCK-010929,CUST-008685,2024-06-16,Login,Low,21.7,Escalated,3
TCK-010930,CUST-008685,2024-04-27,Integration,High,34.8,Resolved,1
TCK-010931,CUST-008685,2024-06-11,Performance,Medium,39.1,Resolved,4
TCK-010932,CUST-008687,2022-09-18,Billing,Low,6.0,Resolved,2
TCK-010933,CUST-008689,2024-07-04,Feature Request,Medium,0.5,Closed,4
TCK-010934,CUST-008689,2023-10-17,Security,Low,12.6,Resolved,4
TCK-010935,CUST-008690,2024-08-15,Integration,High,10.7,Resolved,1
TCK-010936,CUST-008691,2024-02-20,Billing,High,6.8,Closed,3
TCK-010937,CUST-008691,2024-02-16,Integration,Medium,2.3,Resolved,5
TCK-010938,CUST-008692,2024-10-05,Technical,High,3.3,Resolved,3
TCK-010939,CUST-008692,2024-07-13,Feature Request,Medium,2.6,Resolved,4
TCK-010940,CUST-008693,2022-09-16,Billing,High,49.9,Closed,2
TCK-010941,CUST-008693,2023-10-03,Integration,High,29.2,Resolved,1
TCK-010942,CUST-008694,2023-07-08,Billing,Medium,0.5,Resolved,4
TCK-010943,CUST-008695,2024-03-25,Billing,Medium,8.4,Closed,5
TCK-010944,CUST-008695,2024-04-26,Feature Request,Medium,28.8,Closed,4
TCK-010945,CUST-008696,2024-10-27,Integration,Low,30.9,Closed,2
TCK-010946,CUST-008696,2024-11-06,Technical,Low,18.7,Pending,1
TCK-010947,CUST-008696,2024-07-04,Integration,Low,11.6,Resolved,2
TCK-010948,CUST-008696,2024-10-07,Integration,Low,7.0,Closed,3
TCK-010949,CUST-008697,2023-06-11,Technical,Low,21.3,Closed,3
TCK-010950,CUST-008697,2022-01-20,Login,Medium,16.9,Closed,2
TCK-010951,CUST-008698,2024-08-22,Login,Low,1.5,Resolved,5
TCK-010952,CUST-008700,2024-04-25,Technical,Low,7.9,Resolved,5
TCK-010953,CUST-008702,2023-10-31,Login,Low,30.3,Resolved,2
TCK-010954,CUST-008702,2024-02-29,Integration,Low,10.1,Resolved,2
TCK-010955,CUST-008704,2024-04-26,Integration,High,28.8,Pending,3
TCK-010956,CUST-008704,2023-05-13,Billing,Low,0.5,Pending,2
TCK-010957,CUST-008704,2023-05-02,Billing,Medium,4.4,Closed,3
TCK-010958,CUST-008705,2023-02-01,Technical,Low,16.1,Pending,1
TCK-010959,CUST-008707,2023-09-28,Billing,Medium,3.0,Resolved,4
TCK-010960,CUST-008708,2024-08-08,Billing,High,10.6,Closed,4
TCK-010961,CUST-008708,2024-05-23,Performance,High,14.1,Closed,3
TCK-010962,CUST-008709,2023-11-03,Technical,Medium,8.9,Resolved,2
TCK-010963,CUST-008710,2023-04-20,Technical,Medium,10.0,Resolved,5
TCK-010964,CUST-008711,2024-05-17,Technical,High,50.6,Resolved,2
TCK-010965,CUST-008713,2023-12-12,Login,Critical,1.5,Resolved,5
TCK-010966,CUST-008713,2024-11-10,Login,Low,0.8,Resolved,2
TCK-010967,CUST-008714,2023-04-17,Login,Medium,8.3,Escalated,2
TCK-010968,CUST-008714,2023-02-09,Technical,Critical,0.5,Resolved,1
TCK-010969,CUST-008715,2024-12-11,Technical,High,11.9,Resolved,2
TCK-010970,CUST-008715,2024-06-06,Billing,Low,2.7,Resolved,3
TCK-010971,CUST-008718,2022-04-25,Performance,Medium,25.1,Resolved,3
TCK-010972,CUST-008718,2022-03-14,Feature Request,Medium,1.8,Resolved,3
TCK-010973,CUST-008718,2022-04-20,Performance,Critical,2.1,Resolved,2
TCK-010974,CUST-008719,2024-10-22,Login,Medium,23.4,Resolved,5
TCK-010975,CUST-008721,2023-01-31,Billing,Low,24.8,Escalated,2
TCK-010976,CUST-008721,2022-09-19,Performance,Medium,16.4,Closed,1
TCK-010977,CUST-008721,2022-09-21,Technical,Low,66.3,Resolved,1
TCK-010978,CUST-008722,2024-06-25,Integration,Medium,16.7,Resolved,2
TCK-010979,CUST-008722,2024-06-07,Technical,Low,1.7,Resolved,3
TCK-010980,CUST-008723,2024-08-02,Login,Low,8.2,Closed,4
TCK-010981,CUST-008724,2024-08-02,Performance,Low,15.5,Resolved,2
TCK-010982,CUST-008728,2023-10-08,Technical,Medium,3.9,Resolved,4
TCK-010983,CUST-008728,2024-03-31,Performance,Medium,31.3,Resolved,4
TCK-010984,CUST-008729,2024-04-27,Technical,High,56.9,Resolved,3
TCK-010985,CUST-008729,2024-11-13,Billing,Low,50.7,Resolved,2
TCK-010986,CUST-008730,2024-08-27,Login,Low,21.9,Resolved,4
TCK-010987,CUST-008732,2023-09-03,Login,Medium,33.6,Closed,5
TCK-010988,CUST-008735,2023-10-01,Login,High,103.3,Closed,2
TCK-010989,CUST-008735,2024-01-23,Technical,Low,8.2,Resolved,4
TCK-010990,CUST-008736,2022-06-23,Billing,Medium,14.3,Resolved,1
TCK-010991,CUST-008736,2023-02-08,Feature Request,High,34.1,Resolved,2
TCK-010992,CUST-008737,2024-11-10,Login,High,65.5,Resolved,5
TCK-010993,CUST-008737,2024-06-27,Technical,Low,106.1,Escalated,3
TCK-010994,CUST-008738,2022-12-21,Billing,Low,9.1,Resolved,2
TCK-010995,CUST-008739,2024-08-23,Billing,Critical,23.4,Closed,5
TCK-010996,CUST-008740,2024-02-15,Technical,High,72.3,Pending,2
TCK-010997,CUST-008740,2024-06-13,Billing,Low,1.7,Resolved,2
TCK-010998,CUST-008740,2024-07-01,Billing,Low,71.5,Escalated,1
TCK-010999,CUST-008743,2023-12-17,Login,Medium,21.6,Resolved,4
TCK-011000,CUST-008745,2024-10-23,Billing,High,15.8,Resolved,3
TCK-011001,CUST-008748,2022-07-28,Billing,High,46.8,Resolved,2
TCK-011002,CUST-008748,2022-10-03,Billing,Medium,7.4,Resolved,3
TCK-011003,CUST-008748,2022-09-17,Login,Low,60.7,Escalated,2
TCK-011004,CUST-008749,2023-11-27,Technical,Medium,44.3,Resolved,1
TCK-011005,CUST-008749,2023-10-23,Technical,Low,16.4,Resolved,3
TCK-011006,CUST-008750,2024-05-11,Billing,Medium,0.5,Resolved,5
TCK-011007,CUST-008755,2023-04-20,Billing,Low,2.0,Closed,4
TCK-011008,CUST-008755,2023-01-22,Billing,Low,7.1,Resolved,1
TCK-011009,CUST-008757,2024-12-16,Billing,Medium,27.0,Resolved,2
TCK-011010,CUST-008758,2022-12-07,Feature Request,High,4.7,Resolved,4
TCK-011011,CUST-008758,2023-01-26,Billing,Medium,6.7,Closed,3
TCK-011012,CUST-008758,2024-01-01,Technical,Medium,1.2,Closed,5
TCK-011013,CUST-008759,2023-07-31,Technical,Low,11.7,Resolved,2
TCK-011014,CUST-008759,2022-07-07,Login,Medium,19.5,Resolved,3
TCK-011015,CUST-008759,2023-02-24,Billing,Medium,6.4,Resolved,2
TCK-011016,CUST-008759,2023-05-26,Security,Low,15.2,Resolved,1
TCK-011017,CUST-008760,2022-10-02,Integration,Medium,20.0,Closed,5
TCK-011018,CUST-008761,2024-03-28,Technical,Medium,30.1,Resolved,5
TCK-011019,CUST-008761,2024-06-18,Performance,Medium,0.7,Resolved,5
TCK-011020,CUST-008762,2024-03-15,Integration,Medium,15.9,Escalated,3
TCK-011021,CUST-008765,2023-12-26,Login,Low,9.4,Resolved,5
TCK-011022,CUST-008765,2023-01-29,Technical,Medium,10.8,Resolved,4
TCK-011023,CUST-008766,2024-04-17,Billing,Low,44.4,Resolved,5
TCK-011024,CUST-008768,2023-10-03,Technical,Critical,50.3,Resolved,3
TCK-011025,CUST-008768,2024-11-21,Performance,Low,0.5,Closed,3
TCK-011026,CUST-008769,2023-12-22,Integration,Medium,3.5,Resolved,2
TCK-011027,CUST-008770,2023-01-09,Login,High,29.5,Closed,3
TCK-011028,CUST-008771,2024-10-08,Billing,Low,19.6,Resolved,5
TCK-011029,CUST-008772,2024-07-30,Integration,High,63.5,Resolved,3
TCK-011030,CUST-008772,2023-12-12,Technical,Medium,36.6,Pending,1
TCK-011031,CUST-008773,2024-11-24,Technical,Critical,7.9,Closed,4
TCK-011032,CUST-008774,2023-12-27,Performance,Medium,19.9,Resolved,3
TCK-011033,CUST-008774,2024-08-04,Technical,High,18.2,Closed,3
TCK-011034,CUST-008775,2023-09-08,Login,Low,14.6,Resolved,4
TCK-011035,CUST-008778,2023-02-10,Technical,Low,11.6,Closed,4
TCK-011036,CUST-008778,2022-07-10,Billing,Medium,16.6,Closed,3
TCK-011037,CUST-008782,2024-11-25,Performance,Low,14.6,Resolved,3
TCK-011038,CUST-008782,2024-09-09,Login,Critical,21.1,Resolved,5
TCK-011039,CUST-008782,2024-12-16,Billing,High,10.3,Resolved,3
TCK-011040,CUST-008782,2024-06-08,Login,Medium,0.8,Closed,5
TCK-011041,CUST-008785,2024-07-30,Technical,Low,12.6,Escalated,1
TCK-011042,CUST-008785,2024-07-31,Integration,Low,9.9,Resolved,2
TCK-011043,CUST-008785,2024-08-12,Technical,Low,3.8,Closed,1
TCK-011044,CUST-008786,2024-02-26,Performance,Medium,8.9,Resolved,3
TCK-011045,CUST-008787,2024-07-17,Technical,Medium,3.5,Resolved,2
TCK-011046,CUST-008787,2024-10-04,Billing,Medium,13.1,Resolved,2
TCK-011047,CUST-008791,2024-02-27,Integration,Medium,5.5,Resolved,1
TCK-011048,CUST-008791,2024-02-26,Billing,Medium,69.8,Resolved,1
TCK-011049,CUST-008791,2024-02-28,Billing,High,41.5,Pending,1
TCK-011050,CUST-008792,2024-01-30,Login,Critical,12.5,Resolved,3
TCK-011051,CUST-008792,2024-02-14,Billing,Low,7.2,Resolved,2
TCK-011052,CUST-008792,2024-01-30,Feature Request,Low,18.4,Pending,1
TCK-011053,CUST-008792,2024-01-28,Performance,Medium,45.8,Resolved,2
TCK-011054,CUST-008792,2024-02-05,Performance,Low,15.0,Closed,3
TCK-011055,CUST-008793,2024-04-03,Billing,Medium,15.4,Resolved,1
TCK-011056,CUST-008793,2023-12-22,Technical,High,52.2,Closed,1
TCK-011057,CUST-008794,2023-06-20,Technical,Critical,4.1,Resolved,3
TCK-011058,CUST-008794,2024-06-21,Performance,Medium,0.5,Resolved,4
TCK-011059,CUST-008795,2024-04-24,Billing,High,68.2,Pending,2
TCK-011060,CUST-008795,2024-09-24,Integration,High,159.0,Resolved,1
TCK-011061,CUST-008797,2024-05-22,Performance,Medium,13.8,Closed,4
TCK-011062,CUST-008797,2024-02-24,Integration,Medium,6.4,Closed,4
TCK-011063,CUST-008801,2023-09-16,Technical,High,3.9,Resolved,1
TCK-011064,CUST-008801,2024-06-09,Performance,Low,93.8,Escalated,3
TCK-011065,CUST-008801,2024-05-08,Feature Request,High,45.5,Resolved,3
TCK-011066,CUST-008802,2023-07-22,Integration,Medium,0.8,Resolved,5
TCK-011067,CUST-008803,2024-11-15,Security,Low,4.3,Resolved,5
TCK-011068,CUST-008803,2024-06-26,Billing,Medium,0.7,Resolved,5
TCK-011069,CUST-008804,2024-11-16,Billing,Medium,21.7,Closed,3
TCK-011070,CUST-008804,2024-10-25,Billing,Low,42.6,Resolved,4
TCK-011071,CUST-008805,2023-01-01,Billing,Medium,12.2,Resolved,1
TCK-011072,CUST-008808,2024-08-08,Feature Request,Medium,26.0,Resolved,1
TCK-011073,CUST-008808,2024-06-12,Billing,Low,14.1,Pending,1
TCK-011074,CUST-008808,2024-03-07,Billing,High,78.6,Escalated,3
TCK-011075,CUST-008809,2024-11-22,Feature Request,Medium,21.0,Resolved,4
TCK-011076,CUST-008810,2023-09-26,Login,High,34.5,Closed,4
TCK-011077,CUST-008811,2023-06-10,Technical,Medium,29.8,Resolved,3
TCK-011078,CUST-008812,2024-05-13,Login,Low,12.9,Resolved,4
TCK-011079,CUST-008813,2024-10-02,Performance,Medium,6.2,Resolved,4
TCK-011080,CUST-008813,2023-06-15,Login,Low,0.5,Resolved,4
TCK-011081,CUST-008813,2024-10-27,Billing,Medium,10.1,Resolved,2
TCK-011082,CUST-008815,2024-11-08,Billing,High,45.8,Resolved,4
TCK-011083,CUST-008815,2024-09-04,Performance,Low,9.9,Resolved,2
TCK-011084,CUST-008815,2024-11-16,Feature Request,Medium,17.6,Resolved,5
TCK-011085,CUST-008816,2023-01-13,Integration,Medium,14.8,Resolved,2
TCK-011086,CUST-008816,2023-02-16,Technical,Medium,15.7,Escalated,2
TCK-011087,CUST-008816,2023-03-17,Technical,Low,54.0,Resolved,2
TCK-011088,CUST-008816,2023-02-05,Billing,Low,28.4,Closed,2
TCK-011089,CUST-008817,2024-02-26,Login,Low,30.9,Resolved,4
TCK-011090,CUST-008819,2023-12-31,Technical,Low,5.8,Closed,3
TCK-011091,CUST-008820,2024-07-18,Billing,Low,33.7,Resolved,2
TCK-011092,CUST-008821,2024-09-02,Feature Request,Medium,53.4,Resolved,4
TCK-011093,CUST-008821,2024-08-10,Technical,Medium,0.5,Resolved,5
TCK-011094,CUST-008823,2023-08-03,Login,Low,0.5,Resolved,5
TCK-011095,CUST-008823,2024-09-16,Login,Medium,0.5,Resolved,5
TCK-011096,CUST-008823,2023-07-13,Login,Medium,31.5,Resolved,4
TCK-011097,CUST-008824,2023-10-01,Technical,Low,0.7,Closed,5
TCK-011098,CUST-008825,2024-11-10,Billing,Medium,3.3,Closed,5
TCK-011099,CUST-008826,2024-06-18,Billing,Low,2.3,Resolved,4
TCK-011100,CUST-008826,2024-08-18,Technical,Low,16.4,Resolved,4
TCK-011101,CUST-008826,2024-06-10,Integration,Low,0.7,Closed,3
TCK-011102,CUST-008826,2024-01-14,Technical,High,26.1,Resolved,5
TCK-011103,CUST-008826,2024-06-13,Performance,Medium,999.9,Closed,3
TCK-011104,CUST-008826,2024-03-08,Technical,Medium,52.5,Resolved,2
TCK-011105,CUST-008828,2024-08-07,Feature Request,Medium,45.4,Resolved,3
TCK-011106,CUST-008828,2024-04-30,Technical,Medium,15.9,Resolved,2
TCK-011107,CUST-008828,2024-01-12,Login,Low,0.6,Escalated,2
TCK-011108,CUST-008829,2024-06-25,Feature Request,Low,42.5,Resolved,5
TCK-011109,CUST-008832,2024-11-13,Billing,Low,11.5,Resolved,3
TCK-011110,CUST-008832,2024-05-31,Performance,Critical,29.7,Closed,4
TCK-011111,CUST-008833,2023-07-03,Security,Medium,10.1,Closed,4
TCK-011112,CUST-008833,2024-10-25,Billing,Medium,21.6,Resolved,5
TCK-011113,CUST-008835,2024-04-02,Login,Medium,71.8,Resolved,1
TCK-011114,CUST-008835,2024-04-28,Performance,Critical,58.0,Resolved,3
TCK-011115,CUST-008835,2023-10-25,Technical,Medium,1.4,Closed,2
TCK-011116,CUST-008835,2023-12-25,Login,Low,7.6,Closed,2
TCK-011117,CUST-008835,2024-09-09,Performance,High,92.0,Resolved,4
TCK-011118,CUST-008835,2024-01-30,Billing,Medium,18.7,Resolved,2
TCK-011119,CUST-008836,2023-04-12,Performance,Low,31.4,Pending,3
TCK-011120,CUST-008836,2023-04-04,Integration,Medium,10.6,Resolved,3
TCK-011121,CUST-008836,2023-02-25,Login,Medium,92.4,Resolved,1
TCK-011122,CUST-008836,2023-03-02,Login,Low,47.1,Resolved,5
TCK-011123,CUST-008836,2023-04-09,Technical,Medium,24.3,Resolved,3
TCK-011124,CUST-008836,2023-04-12,Security,High,2.3,Closed,2
TCK-011125,CUST-008838,2022-03-12,Billing,Medium,5.9,Resolved,1
TCK-011126,CUST-008838,2024-06-09,Login,Medium,4.8,Resolved,1
TCK-011127,CUST-008839,2024-08-16,Integration,Low,8.0,Resolved,3
TCK-011128,CUST-008841,2023-12-29,Technical,Low,67.2,Resolved,5
TCK-011129,CUST-008842,2023-04-07,Login,Medium,19.5,Resolved,3
TCK-011130,CUST-008847,2024-10-19,Login,Medium,17.4,Resolved,4
TCK-011131,CUST-008847,2024-09-01,Billing,Medium,8.2,Resolved,5
TCK-011132,CUST-008848,2024-07-02,Performance,Medium,9.2,Closed,4
TCK-011133,CUST-008848,2024-10-01,Billing,Medium,3.2,Resolved,4
TCK-011134,CUST-008848,2024-05-24,Login,Critical,5.9,Resolved,4
TCK-011135,CUST-008849,2024-03-15,Performance,Low,18.8,Resolved,1
TCK-011136,CUST-008850,2024-08-20,Performance,Low,5.1,Closed,4
TCK-011137,CUST-008852,2023-07-07,Login,Medium,17.7,Resolved,3
TCK-011138,CUST-008852,2023-07-06,Technical,Medium,5.1,Resolved,1
TCK-011139,CUST-008852,2023-11-12,Technical,Low,10.1,Resolved,4
TCK-011140,CUST-008853,15/01/2023,Integration,High,4.1,Pending,1
TCK-011141,CUST-008854,2023-05-05,Performance,Medium,4.5,Resolved,5
TCK-011142,CUST-008857,2024-09-17,Billing,Low,1.8,Resolved,4
TCK-011143,CUST-008858,2024-01-14,Technical,Medium,17.0,Closed,1
TCK-011144,CUST-008858,2023-12-31,Integration,Medium,30.2,Resolved,2
TCK-011145,CUST-008859,2024-02-24,Integration,Low,3.4,Resolved,3
TCK-011146,CUST-008860,2023-10-21,Billing,Medium,4.5,Closed,5
TCK-011147,CUST-008860,2024-07-05,Technical,Low,3.1,Closed,1
TCK-011148,CUST-008861,2023-08-30,Technical,Medium,2.9,Pending,2
TCK-011149,CUST-008861,2023-09-04,Integration,Low,40.4,Resolved,3
TCK-011150,CUST-008862,2024-09-23,Login,Low,10.1,Resolved,1
TCK-011151,CUST-008862,2024-11-06,Performance,High,38.5,Resolved,1
TCK-011152,CUST-008863,2024-09-11,Performance,Medium,18.0,Closed,1
TCK-011153,CUST-008863,2024-02-28,Billing,Medium,6.0,Escalated,2
TCK-011154,CUST-008864,2024-08-20,Technical,Medium,12.1,Resolved,4
TCK-011155,CUST-008866,2024-07-05,Feature Request,Low,19.4,Pending,2
TCK-011156,CUST-008866,2024-07-27,Login,High,28.3,Resolved,5
TCK-011157,CUST-008867,2024-05-02,Security,Medium,0.5,Resolved,2
TCK-011158,CUST-008869,2022-08-07,Billing,High,66.7,Closed,1
TCK-011159,CUST-008869,2022-12-20,Technical,High,36.7,Closed,3
TCK-011160,CUST-008871,2024-12-22,Login,Low,14.3,Resolved,3
TCK-011161,CUST-008871,2023-12-30,Integration,Low,14.8,Closed,4
TCK-011162,CUST-008872,2024-08-16,Login,Medium,14.4,Resolved,1
TCK-011163,CUST-008872,2024-08-12,Technical,Low,27.5,Resolved,1
TCK-011164,CUST-008877,2024-03-22,Technical,Low,12.1,Resolved,4
TCK-011165,CUST-008877,2024-01-05,Login,High,12.7,Closed,4
TCK-011166,CUST-008880,07/12/2023,Login,High,52.3,Closed,3
TCK-011167,CUST-008880,2024-01-26,Billing,Critical,19.9,Resolved,4
TCK-011168,CUST-008882,2024-04-11,Billing,High,37.0,Resolved,4
TCK-011169,CUST-008883,2022-03-26,Login,Medium,70.7,Resolved,3
TCK-011170,CUST-008883,2023-10-02,Billing,Low,47.8,Resolved,2
TCK-011171,CUST-008884,2024-09-29,Technical,Critical,4.6,Resolved,3
TCK-011172,CUST-008884,2024-10-30,Performance,Medium,5.2,Resolved,2
TCK-011173,CUST-008884,2024-07-20,Performance,High,14.4,Resolved,4
TCK-011174,CUST-008886,2024-01-09,Billing,Medium,0.5,Resolved,2
TCK-011175,CUST-008886,2024-01-22,Billing,Medium,6.7,Resolved,2
TCK-011176,CUST-008886,2023-10-06,Login,Low,2.0,Resolved,2
TCK-011177,CUST-008887,2024-03-07,Technical,Medium,47.8,Closed,3
TCK-011178,CUST-008890,2024-10-22,Billing,Low,17.0,Resolved,4
TCK-011179,CUST-008891,01/11/2024,Performance,Medium,10.5,Resolved,2
TCK-011180,CUST-008893,2024-04-01,Performance,Medium,20.0,Closed,2
TCK-011181,CUST-008893,2024-09-10,Technical,Critical,45.8,Closed,3
TCK-011182,CUST-008893,2023-10-03,Technical,High,37.3,Closed,2
TCK-011183,CUST-008893,2023-08-04,Integration,Medium,16.2,Resolved,1
TCK-011184,CUST-008894,2024-05-15,Technical,Medium,15.3,Resolved,4
TCK-011185,CUST-008894,2024-05-16,Performance,Low,48.9,Closed,1
TCK-011186,CUST-008895,2024-08-12,Technical,High,35.7,Resolved,2
TCK-011187,CUST-008895,2024-09-01,Technical,High,43.5,Pending,3
TCK-011188,CUST-008896,2024-11-03,Billing,Low,1.4,Resolved,3
TCK-011189,CUST-008896,2024-07-12,Login,High,29.4,Resolved,5
TCK-011190,CUST-008896,2024-08-21,Technical,High,21.1,Resolved,5
TCK-011191,CUST-008897,2023-11-11,Billing,Medium,24.2,Closed,1
TCK-011192,CUST-008897,2023-06-01,Login,Medium,3.1,Resolved,1
TCK-011193,CUST-008900,2024-05-19,Feature Request,Low,9.3,Resolved,5
TCK-011194,CUST-008902,2024-08-26,Security,Medium,8.7,Resolved,5
TCK-011195,CUST-008903,2024-05-08,Performance,Low,39.6,Resolved,2
TCK-011196,CUST-008903,2024-04-09,Billing,Medium,45.7,Closed,1
TCK-011197,CUST-008903,2024-08-25,Integration,Medium,16.2,Resolved,1
TCK-011198,CUST-008904,2023-07-08,Technical,Low,3.4,Resolved,5
TCK-011199,CUST-008904,2024-10-29,Integration,Low,8.0,Resolved,4
TCK-011200,CUST-008905,2023-05-24,Technical,Low,138.3,Resolved,2
TCK-011201,CUST-008905,2023-03-05,Billing,Medium,13.5,Closed,2
TCK-011202,CUST-008906,2024-08-15,Billing,Medium,2.3,Closed,5
TCK-011203,CUST-008906,2024-08-20,Billing,Low,31.9,Resolved,1
TCK-011204,CUST-008906,2023-06-18,Technical,Critical,56.2,Resolved,4
TCK-011205,CUST-008907,2024-08-08,Technical,Medium,16.7,Closed,3
TCK-011206,CUST-008908,2024-08-12,Billing,Low,12.0,Resolved,5
TCK-011207,CUST-008908,2024-12-24,Technical,Low,32.9,Resolved,5
TCK-011208,CUST-008908,2024-02-05,Technical,Medium,4.1,Closed,3
TCK-011209,CUST-008909,2023-11-14,Login,Low,12.6,Resolved,4
TCK-011210,CUST-008910,2024-12-02,Integration,Low,11.4,Resolved,2
TCK-011211,CUST-008910,2024-03-01,Security,Critical,6.6,Resolved,3
TCK-011212,CUST-008910,2024-12-02,Performance,Low,8.7,Resolved,4
TCK-011213,CUST-008912,2023-05-15,Feature Request,Critical,34.2,Resolved,3
TCK-011214,CUST-008912,2022-10-30,Integration,Critical,9.9,Resolved,2
TCK-011215,CUST-008914,2022-10-18,Technical,Low,41.7,Closed,4
TCK-011216,CUST-008914,2022-06-27,Billing,Low,30.9,Escalated,1
TCK-011217,CUST-008916,2024-08-16,Billing,Medium,2.5,Resolved,4
TCK-011218,CUST-008916,2024-03-12,Performance,Low,23.5,Closed,3
TCK-011219,CUST-008916,2023-12-31,Billing,Low,1.1,Resolved,3
TCK-011220,CUST-008917,2024-01-10,Performance,Medium,5.0,Closed,2
TCK-011221,CUST-008917,2024-04-18,Technical,Low,21.9,Escalated,1
TCK-011222,CUST-008917,2023-06-30,Billing,Medium,34.6,Escalated,3
TCK-011223,CUST-008922,2023-09-11,Technical,Medium,5.1,Resolved,5
TCK-011224,CUST-008923,2023-11-17,Billing,Medium,6.8,Resolved,3
TCK-011225,CUST-008923,2024-02-20,Login,Critical,84.8,Resolved,1
TCK-011226,CUST-008923,2023-12-16,Performance,Medium,4.3,Closed,5
TCK-011227,CUST-008923,2023-09-27,Technical,High,33.3,Resolved,4
TCK-011228,CUST-008924,2022-07-27,Login,Low,31.6,Resolved,3
TCK-011229,CUST-008924,2024-11-09,Billing,High,31.3,Closed,5
TCK-011230,CUST-008924,2022-11-02,Login,Low,3.6,Resolved,2
TCK-011231,CUST-008924,2023-07-20,Login,Low,4.3,Resolved,4
TCK-011232,CUST-008925,2023-12-04,Login,Medium,1.0,Resolved,5
TCK-011233,CUST-008925,04/09/2024,Billing,Medium,5.1,Closed,5
TCK-011234,CUST-008925,2023-12-31,Billing,Critical,8.1,Resolved,4
TCK-011235,CUST-008925,2024-12-03,Login,High,0.5,Resolved,4
TCK-011236,CUST-008927,2023-08-24,Technical,Medium,9.3,Resolved,5
TCK-011237,CUST-008928,2022-06-19,Technical,Low,2.6,Closed,5
TCK-011238,CUST-008928,2022-06-28,Technical,High,6.2,Resolved,3
TCK-011239,CUST-008928,2022-08-07,Technical,High,44.1,Escalated,2
TCK-011240,CUST-008928,2022-06-19,Performance,High,134.6,Resolved,2
TCK-011241,CUST-008928,2022-06-29,Performance,Medium,4.3,Pending,2
TCK-011242,CUST-008928,2022-06-15,Billing,Low,63.8,Pending,3
TCK-011243,CUST-008929,2024-09-09,Technical,Medium,3.3,Resolved,3
TCK-011244,CUST-008930,2023-12-27,Billing,Medium,168.7,Escalated,3
TCK-011245,CUST-008930,2024-04-15,Technical,Medium,14.7,Resolved,1
TCK-011246,CUST-008933,2024-03-22,Integration,Low,28.5,Closed,4
TCK-011247,CUST-008935,2023-07-24,Login,Critical,5.5,Resolved,5
TCK-011248,CUST-008936,2024-04-13,Integration,Medium,14.5,Resolved,4
TCK-011249,CUST-008937,2023-03-02,Integration,Low,19.3,Resolved,2
TCK-011250,CUST-008938,2024-07-02,Login,Medium,25.4,Closed,4
TCK-011251,CUST-008938,2024-06-26,Technical,Low,11.5,Resolved,5
TCK-011252,CUST-008939,2024-12-03,Technical,Medium,13.8,Closed,4
TCK-011253,CUST-008939,2024-07-31,Technical,Medium,13.9,Resolved,3
TCK-011254,CUST-008940,2024-02-24,Login,Medium,50.2,Resolved,5
TCK-011255,CUST-008940,2022-08-05,Technical,Low,18.9,Resolved,5
TCK-011256,CUST-008941,2022-08-06,Feature Request,Critical,48.3,Resolved,5
TCK-011257,CUST-008944,2022-05-13,Billing,High,103.8,Closed,3
TCK-011258,CUST-008944,2024-10-08,Login,Low,11.1,Closed,5
TCK-011259,CUST-008944,2022-11-30,Billing,Low,14.4,Resolved,5
TCK-011260,CUST-008945,2024-08-10,Technical,Low,1.4,Resolved,2
TCK-011261,CUST-008947,2024-11-23,Billing,Low,37.4,Resolved,5
TCK-011262,CUST-008947,2023-06-22,Login,Medium,25.4,Closed,4
TCK-011263,CUST-008947,2024-07-25,Login,High,44.4,Closed,5
TCK-011264,CUST-008949,2023-10-28,Integration,Low,48.6,Escalated,1
TCK-011265,CUST-008950,2023-12-14,Billing,Medium,12.8,Escalated,1
TCK-011266,CUST-008950,2024-02-02,Login,Low,64.3,Resolved,3
TCK-011267,CUST-008950,2024-02-08,Technical,Medium,24.7,Resolved,4
TCK-011268,CUST-008952,2024-06-03,Login,Low,21.9,Closed,5
TCK-011269,CUST-008953,2024-11-17,Login,Critical,18.0,Resolved,3
TCK-011270,CUST-008953,2024-06-15,Technical,Medium,18.7,Escalated,2
TCK-011271,CUST-008953,2024-11-25,Feature Request,High,2.8,Resolved,1
TCK-011272,CUST-008953,2024-07-04,Billing,Critical,9.8,Resolved,1
TCK-011273,CUST-008953,2024-06-18,Performance,Critical,14.7,Resolved,2
TCK-011274,CUST-008954,2024-06-26,Login,Low,7.3,Resolved,4
TCK-011275,CUST-008955,2023-12-14,Technical,Low,3.3,Resolved,5
TCK-011276,CUST-008956,2024-06-09,Performance,Low,1.1,Closed,2
TCK-011277,CUST-008956,2024-03-18,Login,Low,13.1,Resolved,4
TCK-011278,CUST-008956,2024-12-13,Integration,Critical,11.5,Resolved,5
TCK-011279,CUST-008957,2024-03-04,Login,Medium,28.1,Resolved,2
TCK-011280,CUST-008958,2024-10-03,Login,High,41.2,Resolved,3
TCK-011281,CUST-008959,2023-10-09,Login,Medium,5.7,Closed,4
TCK-011282,CUST-008960,2024-01-03,Performance,High,1.5,Resolved,1
TCK-011283,CUST-008960,2024-04-14,Billing,Critical,25.4,Resolved,2
TCK-011284,CUST-008960,2023-12-19,Login,Medium,57.5,Escalated,1
TCK-011285,CUST-008960,2023-11-01,Technical,High,37.0,Pending,1
TCK-011286,CUST-008960,2023-12-26,Billing,Low,31.2,Resolved,3
TCK-011287,CUST-008961,2024-04-05,Login,Medium,2.0,Resolved,3
TCK-011288,CUST-008961,2024-01-21,Technical,Medium,2.9,Resolved,1
TCK-011289,CUST-008962,02/11/2024,Login,Medium,6.5,Resolved,2
TCK-011290,CUST-008963,2024-02-25,Security,Low,17.7,Resolved,4
TCK-011291,CUST-008965,2024-08-31,Login,Medium,3.0,Resolved,5
TCK-011292,CUST-008967,2022-12-06,Technical,Low,75.3,Resolved,4
TCK-011293,CUST-008967,2022-04-19,Technical,High,61.6,Closed,3
TCK-011294,CUST-008969,28/06/2023,Login,Low,10.9,Closed,4
TCK-011295,CUST-008969,2023-06-02,Performance,Medium,11.0,Resolved,3
TCK-011296,CUST-008972,2024-06-09,Technical,Low,5.1,Resolved,2
TCK-011297,CUST-008972,2024-05-25,Billing,Medium,40.7,Pending,2
TCK-011298,CUST-008973,2023-11-15,Technical,Medium,15.1,Resolved,4
TCK-011299,CUST-008974,2023-06-11,Technical,Medium,2.2,Resolved,3
TCK-011300,CUST-008975,2024-03-08,Login,Medium,28.6,Pending,2
TCK-011301,CUST-008977,2024-07-02,Login,Low,13.6,Resolved,5
TCK-011302,CUST-008977,2024-03-25,Technical,Medium,6.7,Resolved,5
TCK-011303,CUST-008977,2024-11-23,Integration,Low,0.7,Resolved,5
TCK-011304,CUST-008977,2024-07-27,Login,High,36.4,Closed,1
TCK-011305,CUST-008978,2023-12-27,Billing,Medium,6.6,Resolved,1
TCK-011306,CUST-008978,2024-12-11,Integration,Critical,44.5,Resolved,5
TCK-011307,CUST-008978,2023-09-23,Technical,Medium,2.2,Resolved,2
TCK-011308,CUST-008979,2024-05-09,Technical,Low,9.3,Resolved,4
TCK-011309,CUST-008979,2022-12-13,Feature Request,Medium,3.6,Closed,5
TCK-011310,CUST-008981,2022-07-26,Technical,Medium,10.3,Resolved,1
TCK-011311,CUST-008981,2023-01-08,Performance,Medium,40.3,Resolved,3
TCK-011312,CUST-008981,2022-04-17,Technical,Low,69.4,Resolved,1
TCK-011313,CUST-008981,2023-01-11,Technical,High,8.9,Pending,2
TCK-011314,CUST-008981,2022-11-27,Technical,Low,11.3,Resolved,3
TCK-011315,CUST-008982,2022-11-03,Billing,Medium,4.1,Resolved,4
TCK-011316,CUST-008982,2022-07-11,Login,Critical,0.6,Resolved,4
TCK-011317,CUST-008982,2022-07-10,Security,Medium,33.3,Resolved,5
TCK-011318,CUST-008984,04/09/2024,Performance,Low,5.0,Resolved,3
TCK-011319,CUST-008984,2024-02-25,Security,High,39.1,Resolved,2
TCK-011320,CUST-008984,2024-12-03,Billing,Low,22.3,Resolved,2
TCK-011321,CUST-008985,2023-07-04,Performance,Low,27.2,Resolved,5
TCK-011322,CUST-008985,2022-11-18,Integration,Low,12.5,Resolved,2
TCK-011323,CUST-008986,04/08/2023,Billing,Low,57.9,Resolved,2
TCK-011324,CUST-008986,2023-05-22,Technical,Medium,106.8,Resolved,2
TCK-011325,CUST-008989,2024-10-12,Integration,Low,57.4,Closed,3
TCK-011326,CUST-008989,2024-10-23,Technical,Medium,7.5,Pending,1
TCK-011327,CUST-008990,2024-12-01,Integration,Low,13.1,Resolved,1
TCK-011328,CUST-008990,2024-07-22,Feature Request,Medium,5.0,Closed,3
TCK-011329,CUST-008992,2024-08-14,Integration,High,35.1,Resolved,4
TCK-011330,CUST-008992,2024-11-21,Billing,Low,9.7,Resolved,2
TCK-011331,CUST-008993,2024-08-10,Login,Low,72.6,Resolved,1
TCK-011332,CUST-008994,2023-06-20,Technical,Medium,22.6,Escalated,3
TCK-011333,CUST-008995,2024-06-03,Login,Medium,6.3,Closed,1
TCK-011334,CUST-008996,2024-02-13,Performance,Medium,5.3,Closed,5
TCK-011335,CUST-008996,2024-05-01,Technical,Medium,13.1,Closed,3
TCK-011336,CUST-008997,2024-09-01,Technical,Medium,6.5,Closed,1
TCK-011337,CUST-008997,2024-11-16,Integration,Medium,8.5,Resolved,4
TCK-011338,CUST-008997,2024-12-06,Feature Request,Medium,12.6,Resolved,5
TCK-011339,CUST-008998,2024-05-27,Performance,High,48.3,Resolved,4
TCK-011340,CUST-008999,2024-01-01,Login,Medium,8.7,Closed,3
TCK-011341,CUST-008999,2023-12-11,Performance,Medium,16.6,Resolved,3
TCK-011342,CUST-008999,2023-11-30,Login,Medium,58.1,Resolved,2
TCK-011343,CUST-009000,2022-12-31,Billing,Medium,6.7,Resolved,5
TCK-011344,CUST-009002,2023-02-03,Technical,Medium,16.4,Resolved,1
TCK-011345,CUST-009002,2023-04-04,Technical,Low,28.2,Resolved,3
TCK-011346,CUST-009003,2024-03-23,Security,Medium,65.5,Resolved,4
TCK-011347,CUST-009004,2024-02-22,Integration,Medium,0.7,Resolved,5
TCK-011348,CUST-009005,2024-01-01,Billing,Low,67.2,Resolved,2
TCK-011349,CUST-009005,2023-09-24,Performance,Low,24.1,Resolved,2
TCK-011350,CUST-009006,2024-01-31,Technical,Medium,1.9,Closed,4
TCK-011351,CUST-009007,2024-02-17,Performance,Medium,0.5,Resolved,5
TCK-011352,CUST-009007,2023-11-09,Performance,Medium,14.3,Resolved,5
TCK-011353,CUST-009009,2023-10-30,Integration,Low,0.5,Resolved,3
TCK-011354,CUST-009010,2024-04-30,Integration,Low,26.7,Resolved,3
TCK-011355,CUST-009010,2024-04-09,Technical,Medium,3.9,Resolved,4
TCK-011356,CUST-009010,2023-11-23,Performance,Low,14.3,Closed,3
TCK-011357,CUST-009012,2022-12-25,Login,Medium,3.0,Resolved,4
TCK-011358,CUST-009013,2022-11-14,Billing,Critical,3.2,Resolved,3
TCK-011359,CUST-009013,2023-05-07,Feature Request,High,20.9,Pending,1
TCK-011360,CUST-009013,2023-03-07,Billing,Medium,43.0,Resolved,2
TCK-011361,CUST-009014,2023-02-01,Feature Request,Medium,34.7,Resolved,2
TCK-011362,CUST-009014,2023-02-12,Login,Low,44.7,Resolved,1
TCK-011363,CUST-009014,2023-01-25,Technical,High,12.5,Resolved,1
TCK-011364,CUST-009014,2023-01-30,Technical,Low,54.4,Closed,1
TCK-011365,CUST-009015,2022-10-16,Integration,Low,17.7,Closed,2
TCK-011366,CUST-009020,2022-12-12,Feature Request,Low,37.9,Pending,1
TCK-011367,CUST-009021,2024-04-12,Technical,Medium,17.2,Closed,3
TCK-011368,CUST-009023,2023-01-26,Login,Low,7.8,Resolved,1
TCK-011369,CUST-009024,2024-07-10,Technical,Critical,35.6,Closed,5
TCK-011370,CUST-009024,2023-12-08,Integration,Medium,67.9,Resolved,5
TCK-011371,CUST-009026,2024-10-28,Billing,Medium,0.8,Resolved,4
TCK-011372,CUST-009026,2024-01-30,Technical,Medium,2.8,Closed,4
TCK-011373,CUST-009026,2024-11-28,Performance,Medium,9.8,Resolved,2
TCK-011374,CUST-009027,2024-08-10,Technical,High,25.2,Resolved,1
TCK-011375,CUST-009027,2024-05-23,Technical,Medium,14.4,Resolved,2
TCK-011376,CUST-009027,2024-07-05,Billing,High,51.2,Resolved,1
TCK-011377,CUST-009028,2023-04-15,Technical,High,18.3,Closed,1
TCK-011378,CUST-009028,2022-11-09,Feature Request,High,28.1,Resolved,3
TCK-011379,CUST-009029,2024-04-21,Performance,Low,43.9,Resolved,4
TCK-011380,CUST-009030,2024-08-05,Security,Medium,2.7,Resolved,5
TCK-011381,CUST-009030,16/09/2022,Technical,Medium,9.2,Resolved,4
TCK-011382,CUST-009031,2024-12-03,Billing,Low,19.5,Closed,3
TCK-011383,CUST-009033,2023-02-15,Login,Medium,19.4,Resolved,3
TCK-011384,CUST-009034,2023-06-16,Technical,Medium,8.8,Resolved,4
TCK-011385,CUST-009036,2024-08-05,Billing,Medium,23.3,Resolved,5
TCK-011386,CUST-009036,2024-12-03,Billing,Medium,2.7,Closed,4
TCK-011387,CUST-009037,2023-06-19,Billing,Low,35.5,Closed,5
TCK-011388,CUST-009038,2024-03-11,Performance,Critical,56.9,Resolved,4
TCK-011389,CUST-009039,2024-09-26,Login,Medium,97.9,Escalated,1
TCK-011390,CUST-009040,2022-10-21,Billing,Low,5.8,Resolved,1
TCK-011391,CUST-009040,2023-05-08,Security,Low,15.9,Escalated,1
TCK-011392,CUST-009042,2023-11-23,Login,Low,10.5,Resolved,3
TCK-011393,CUST-009046,2024-06-08,Performance,Medium,3.1,Resolved,4
TCK-011394,CUST-009046,2024-07-17,Billing,High,999.9,Closed,3
TCK-011395,CUST-009047,2022-12-23,Technical,High,102.5,Resolved,2
TCK-011396,CUST-009048,2023-08-17,Performance,Medium,11.6,Resolved,1
TCK-011397,CUST-009048,2023-09-11,Integration,Medium,9.5,Closed,1
TCK-011398,CUST-009048,2023-10-11,Billing,Low,23.0,Escalated,2
TCK-011399,CUST-009048,01/09/2023,Technical,Medium,9.6,Escalated,1
TCK-011400,CUST-009049,2024-01-29,Technical,Critical,31.9,Resolved,5
TCK-011401,CUST-009054,2024-05-14,Billing,Medium,9.3,Escalated,1
TCK-011402,CUST-009054,2024-08-28,Integration,Low,9.5,Closed,1
TCK-011403,CUST-009056,2022-04-25,Technical,Low,40.4,Resolved,4
TCK-011404,CUST-009056,2024-11-20,Technical,Medium,8.9,Resolved,4
TCK-011405,CUST-009056,2023-08-11,Login,Medium,1.7,Resolved,3
TCK-011406,CUST-009059,2023-05-05,Performance,Medium,6.1,Resolved,3
TCK-011407,CUST-009059,2023-08-19,Billing,Medium,37.3,Resolved,1
TCK-011408,CUST-009060,2024-09-20,Security,Low,23.1,Resolved,5
TCK-011409,CUST-009061,2023-09-20,Performance,Medium,16.6,Resolved,4
TCK-011410,CUST-009061,2023-10-08,Technical,Low,20.1,Resolved,3
TCK-011411,CUST-009062,2022-12-09,Billing,Medium,32.9,Escalated,3
TCK-011412,CUST-009062,2022-06-07,Performance,High,29.9,Closed,5
TCK-011413,CUST-009064,2024-03-12,Technical,Critical,3.5,Closed,4
TCK-011414,CUST-009064,2024-01-31,Technical,Medium,23.0,Resolved,4
TCK-011415,CUST-009065,2024-09-07,Performance,Low,51.2,Resolved,5
TCK-011416,CUST-009065,2023-05-23,Login,Medium,61.3,Resolved,4
TCK-011417,CUST-009067,2024-11-11,Billing,Low,25.8,Resolved,5
TCK-011418,CUST-009067,2024-07-23,Performance,Low,7.7,Resolved,5
TCK-011419,CUST-009067,2024-09-20,Performance,High,23.5,Resolved,5
TCK-011420,CUST-009068,2024-07-22,Login,Medium,5.0,Closed,4
TCK-011421,CUST-009071,2024-06-05,Login,Medium,10.5,Closed,3
TCK-011422,CUST-009073,2024-03-23,Integration,High,16.6,Resolved,5
TCK-011423,CUST-009073,2023-08-26,Performance,High,0.6,Closed,4
TCK-011424,CUST-009076,2022-10-23,Performance,Low,1.1,Resolved,1
TCK-011425,CUST-009077,2024-08-12,Technical,Low,23.7,Resolved,2
TCK-011426,CUST-009077,2022-09-16,Technical,Low,12.1,Pending,1
TCK-011427,CUST-009078,2023-11-25,Billing,High,29.1,Resolved,5
TCK-011428,CUST-009081,2023-07-13,Feature Request,Low,5.7,Closed,3
TCK-011429,CUST-009082,2023-12-21,Billing,Medium,3.7,Resolved,5
TCK-011430,CUST-009082,2024-02-16,Performance,High,54.2,Resolved,3
TCK-011431,CUST-009083,2023-05-16,Technical,Medium,24.7,Resolved,5
TCK-011432,CUST-009083,2022-09-05,Technical,Medium,15.9,Resolved,4
TCK-011433,CUST-009085,2024-10-01,Integration,High,40.2,Closed,5
TCK-011434,CUST-009085,2024-11-20,Performance,Low,33.2,Resolved,5
TCK-011435,CUST-009087,2023-01-04,Billing,Low,3.8,Resolved,5
TCK-011436,CUST-009087,2023-03-01,Technical,Medium,2.4,Escalated,1
TCK-011437,CUST-009087,2023-04-15,Integration,Medium,7.7,Pending,2
TCK-011438,CUST-009087,2022-08-04,Integration,Low,3.4,Resolved,5
TCK-011439,CUST-009087,2023-02-07,Technical,High,32.4,Pending,1
TCK-011440,CUST-009087,2022-10-12,Technical,Medium,1.7,Resolved,1
TCK-011441,CUST-009087,2023-01-27,Security,Medium,2.3,Resolved,3
TCK-011442,CUST-009089,2024-10-08,Security,High,95.4,Resolved,5
TCK-011443,CUST-009089,2024-11-12,Performance,Low,10.1,Closed,3
TCK-011444,CUST-009091,2023-04-12,Integration,Critical,22.6,Resolved,4
TCK-011445,CUST-009092,2024-03-12,Technical,Low,2.6,Pending,1
TCK-011446,CUST-009092,2024-01-15,Technical,Low,52.2,Closed,1
TCK-011447,CUST-009092,2024-04-24,Technical,Critical,77.9,Resolved,2
TCK-011448,CUST-009093,2022-08-22,Performance,Low,1.5,Resolved,4
TCK-011449,CUST-009094,2024-03-09,Feature Request,Medium,8.2,Pending,1
TCK-011450,CUST-009095,01/05/2024,Performance,Low,4.0,Resolved,4
TCK-011451,CUST-009097,2024-09-10,Billing,High,5.9,Closed,4
TCK-011452,CUST-009098,2024-09-05,Technical,Medium,4.7,Resolved,4
TCK-011453,CUST-009099,2023-10-10,Login,Low,33.8,Resolved,2
TCK-011454,CUST-009099,2024-05-20,Feature Request,Critical,45.9,Resolved,3
TCK-011455,CUST-009099,2024-04-30,Integration,Low,4.4,Resolved,5
TCK-011456,CUST-009100,2024-10-10,Billing,Medium,23.4,Closed,4
TCK-011457,CUST-009101,2023-11-12,Security,Low,4.0,Resolved,4
TCK-011458,CUST-009101,2024-12-14,Performance,Medium,4.4,Resolved,4
TCK-011459,CUST-009102,2024-04-06,Billing,Medium,3.8,Resolved,1
TCK-011460,CUST-009102,2024-06-19,Billing,Low,3.4,Escalated,1
TCK-011461,CUST-009102,2024-06-26,Integration,Medium,4.9,Pending,1
TCK-011462,CUST-009103,2024-09-11,Login,High,2.9,Closed,1
TCK-011463,CUST-009103,2024-07-21,Performance,Low,69.9,Resolved,2
TCK-011464,CUST-009103,2024-04-19,Login,Low,2.7,Closed,2
TCK-011465,CUST-009104,2023-06-17,Billing,Medium,3.4,Resolved,4
TCK-011466,CUST-009105,2023-08-26,Performance,Low,74.3,Resolved,4
TCK-011467,CUST-009105,2023-08-16,Billing,Low,15.9,Pending,3
TCK-011468,CUST-009107,2023-07-10,Security,Low,2.4,Resolved,5
TCK-011469,CUST-009107,2024-03-30,Feature Request,Medium,23.7,Closed,4
TCK-011470,CUST-009108,2023-08-27,Performance,Medium,1.4,Resolved,3
TCK-011471,CUST-009108,2024-04-15,Performance,High,16.0,Resolved,1
TCK-011472,CUST-009110,2024-06-22,Performance,Low,36.3,Closed,1
TCK-011473,CUST-009111,2022-05-28,Billing,Medium,8.7,Resolved,2
TCK-011474,CUST-009112,2022-09-12,Login,Low,15.8,Pending,1
TCK-011475,CUST-009112,2023-04-15,Technical,Medium,10.2,Closed,2
TCK-011476,CUST-009113,2023-11-10,Billing,Low,9.0,Closed,4
TCK-011477,CUST-009114,2024-10-30,Login,Medium,10.4,Closed,3
TCK-011478,CUST-009114,2023-08-30,Technical,High,35.9,Closed,3
TCK-011479,CUST-009116,2024-03-01,Login,Low,34.8,Closed,3
TCK-011480,CUST-009116,2024-03-29,Security,Medium,16.0,Resolved,3
TCK-011481,CUST-009116,2024-09-25,Technical,Medium,3.5,Resolved,5
TCK-011482,CUST-009117,2024-09-15,Billing,Medium,34.4,Resolved,1
TCK-011483,CUST-009118,2022-12-27,Performance,Critical,34.3,Resolved,2
TCK-011484,CUST-009119,2023-02-04,Technical,Low,0.5,Resolved,3
TCK-011485,CUST-009120,2023-09-20,Security,Low,8.1,Closed,4
TCK-011486,CUST-009120,2024-11-11,Technical,High,1.2,Closed,5
TCK-011487,CUST-009123,2024-09-18,Billing,Medium,8.8,Resolved,5
TCK-011488,CUST-009124,2024-08-22,Feature Request,High,16.7,Resolved,3
TCK-011489,CUST-009124,2024-03-20,Technical,Low,21.8,Closed,5
TCK-011490,CUST-009125,2024-10-09,Integration,Low,14.4,Resolved,2
TCK-011491,CUST-009126,2024-01-11,Performance,Low,37.4,Closed,3
TCK-011492,CUST-009127,2024-05-07,Login,Medium,19.4,Resolved,5
TCK-011493,CUST-009127,2024-07-20,Performance,Low,21.5,Closed,4
TCK-011494,CUST-009128,2023-09-23,Billing,Low,3.7,Resolved,4
TCK-011495,CUST-009129,2023-04-11,Technical,Low,4.8,Resolved,5
TCK-011496,CUST-009134,2022-03-09,Feature Request,Medium,59.7,Resolved,1
TCK-011497,CUST-009136,2023-04-04,Billing,Low,9.6,Resolved,3
TCK-011498,CUST-009136,2023-09-15,Performance,Medium,25.0,Closed,1
TCK-011499,CUST-009136,2023-10-09,Security,Medium,0.8,Escalated,1
TCK-011500,CUST-009137,2022-11-29,Billing,Low,20.4,Escalated,2
TCK-011501,CUST-009138,2024-06-05,Feature Request,Low,24.7,Resolved,1
TCK-011502,CUST-009139,2024-03-10,Security,Low,10.9,Closed,4
TCK-011503,CUST-009139,2023-05-10,Security,Critical,20.4,Resolved,2
TCK-011504,CUST-009139,2023-01-06,Billing,Medium,3.7,Closed,4
TCK-011505,CUST-009139,2024-01-18,Billing,Medium,8.8,Closed,3
TCK-011506,CUST-009139,2024-07-25,Billing,Medium,54.4,Closed,5
TCK-011507,CUST-009140,2024-01-11,Integration,Medium,8.2,Closed,3
TCK-011508,CUST-009143,2023-12-09,Integration,Low,1.1,Resolved,4
TCK-011509,CUST-009144,2024-08-25,Security,Low,0.6,Resolved,2
TCK-011510,CUST-009145,2024-05-13,Technical,Medium,20.9,Resolved,4
TCK-011511,CUST-009145,2024-05-28,Feature Request,Medium,4.9,Resolved,3
TCK-011512,CUST-009145,2024-09-04,Integration,Low,9.7,Closed,3
TCK-011513,CUST-009146,2024-01-29,Integration,High,21.1,Closed,2
TCK-011514,CUST-009147,2024-02-13,Performance,High,62.7,Closed,3
TCK-011515,CUST-009151,2023-03-11,Feature Request,Low,41.5,Pending,1
TCK-011516,CUST-009151,2023-03-20,Billing,Medium,25.5,Resolved,1
TCK-011517,CUST-009152,2024-09-11,Integration,Low,22.7,Resolved,3
TCK-011518,CUST-009153,2024-05-23,Feature Request,Low,9.9,Resolved,4
TCK-011519,CUST-009154,2024-03-06,Integration,High,66.7,Resolved,3
TCK-011520,CUST-009154,2023-12-11,Technical,Medium,38.9,Resolved,1
TCK-011521,CUST-009156,2023-12-08,Technical,Medium,4.8,Resolved,5
TCK-011522,CUST-009157,2024-02-14,Billing,Medium,31.3,Resolved,4
TCK-011523,CUST-009158,24/08/2024,Performance,Critical,15.3,Resolved,4
TCK-011524,CUST-009160,2022-12-09,Feature Request,Medium,22.4,Resolved,4
TCK-011525,CUST-009160,2023-03-08,Login,Medium,9.4,Escalated,1
TCK-011526,CUST-009160,2023-11-14,Technical,Medium,9.4,Resolved,2
TCK-011527,CUST-009160,2023-12-15,Performance,Low,58.9,Resolved,2
TCK-011528,CUST-009160,2023-08-26,Login,Low,49.1,Escalated,2
TCK-011529,CUST-009161,2022-12-11,Performance,Critical,26.2,Closed,1
TCK-011530,CUST-009161,2023-01-12,Billing,Critical,26.2,Resolved,3
TCK-011531,CUST-009162,2024-08-08,Login,Low,7.7,Resolved,1
TCK-011532,CUST-009162,2024-11-28,Technical,Low,0.5,Resolved,2
TCK-011533,CUST-009165,2023-10-15,Login,High,7.3,Resolved,2
TCK-011534,CUST-009165,2023-11-15,Billing,Medium,16.2,Resolved,2
TCK-011535,CUST-009166,2024-10-12,Login,Medium,14.9,Resolved,4
TCK-011536,CUST-009167,2024-09-28,Technical,Medium,17.8,Resolved,4
TCK-011537,CUST-009169,2023-11-09,Performance,Medium,22.4,Resolved,5
TCK-011538,CUST-009170,2024-04-22,Integration,Low,9.4,Resolved,3
TCK-011539,CUST-009172,2024-04-21,Login,Low,12.9,Escalated,1
TCK-011540,CUST-009172,2024-04-13,Billing,Medium,22.8,Resolved,1
TCK-011541,CUST-009172,2024-04-12,Technical,High,21.1,Pending,2
TCK-011542,CUST-009174,2024-07-15,Integration,Low,2.0,Resolved,4
TCK-011543,CUST-009174,2022-05-24,Performance,Low,46.4,Closed,2
TCK-011544,CUST-009174,2024-01-23,Performance,Medium,4.5,Resolved,3
TCK-011545,CUST-009176,2023-12-23,Login,Medium,43.3,Closed,5
TCK-011546,CUST-009177,2023-12-27,Technical,Low,20.5,Resolved,2
TCK-011547,CUST-009177,2023-11-08,Billing,Low,0.9,Resolved,2
TCK-011548,CUST-009177,2023-12-12,Billing,Medium,76.9,Closed,1
TCK-011549,CUST-009177,2024-02-21,Login,Medium,9.4,Escalated,2
TCK-011550,CUST-009178,2024-01-15,Technical,Medium,32.8,Escalated,3
TCK-011551,CUST-009178,2024-06-24,Integration,Low,0.5,Closed,1
TCK-011552,CUST-009178,2024-05-21,Login,Medium,12.4,Resolved,3
TCK-011553,CUST-009178,2024-03-06,Technical,Medium,23.2,Resolved,2
TCK-011554,CUST-009179,2023-08-07,Security,High,27.9,Closed,3
TCK-011555,CUST-009181,2023-07-09,Feature Request,High,38.1,Closed,3
TCK-011556,CUST-009181,2024-01-09,Performance,High,19.5,Escalated,1
TCK-011557,CUST-009182,2023-12-16,Feature Request,High,22.2,Resolved,5
TCK-011558,CUST-009183,2022-10-04,Performance,Low,74.9,Resolved,2
TCK-011559,CUST-009183,2022-04-19,Billing,Low,5.3,Resolved,2
TCK-011560,CUST-009183,2022-08-07,Integration,Medium,20.7,Closed,2
TCK-011561,CUST-009184,2023-09-14,Technical,Low,16.9,Escalated,1
TCK-011562,CUST-009184,2023-07-20,Technical,Medium,2.8,Resolved,1
TCK-011563,CUST-009186,08/01/2024,Billing,Low,18.9,Resolved,3
TCK-011564,CUST-009186,2023-09-04,Feature Request,Critical,5.6,Resolved,3
TCK-011565,CUST-009187,2023-09-15,Security,High,36.0,Closed,5
TCK-011566,CUST-009188,2024-09-18,Performance,Medium,10.3,Closed,5
TCK-011567,CUST-009191,2024-03-17,Billing,Medium,34.9,Pending,3
TCK-011568,CUST-009191,2024-03-10,Technical,High,3.9,Resolved,2
TCK-011569,CUST-009194,2022-06-20,Login,Critical,6.9,Resolved,4
TCK-011570,CUST-009194,2022-10-10,Security,High,31.0,Resolved,1
TCK-011571,CUST-009194,2022-08-22,Performance,High,49.3,Escalated,1
TCK-011572,CUST-009194,2022-08-15,Login,Low,72.7,Resolved,1
TCK-011573,CUST-009194,10/07/2023,Integration,Medium,30.5,Resolved,1
TCK-011574,CUST-009196,2024-12-04,Technical,Medium,3.6,Resolved,5
TCK-011575,CUST-009197,2022-11-20,Technical,Low,18.7,Closed,5
TCK-011576,CUST-009198,2023-09-28,Performance,Medium,9.3,Resolved,5
TCK-011577,CUST-009202,2024-06-25,Technical,Medium,44.2,Closed,2
TCK-011578,CUST-009202,2024-07-09,Integration,Critical,13.0,Resolved,1
TCK-011579,CUST-009204,2024-02-27,Integration,Medium,0.6,Resolved,2
TCK-011580,CUST-009206,07/06/2023,Feature Request,Medium,55.5,Closed,2
TCK-011581,CUST-009206,2023-05-13,Billing,Medium,0.6,Escalated,2
TCK-011582,CUST-009207,2024-05-16,Login,High,29.2,Closed,5
TCK-011583,CUST-009207,2024-07-23,Technical,Low,15.0,Resolved,4
TCK-011584,CUST-009207,2023-03-27,Technical,Low,28.4,Resolved,4
TCK-011585,CUST-009207,2024-10-25,Feature Request,Critical,42.7,Resolved,3
TCK-011586,CUST-009209,2022-11-23,Billing,High,32.4,Resolved,4
TCK-011587,CUST-009209,2022-10-11,Technical,Critical,42.2,Pending,2
TCK-011588,CUST-009209,2024-08-02,Login,Low,51.1,Resolved,1
TCK-011589,CUST-009211,2024-10-28,Technical,Low,1.4,Resolved,1
TCK-011590,CUST-009214,13/08/2024,Performance,Medium,15.9,Resolved,4
TCK-011591,CUST-009214,2024-09-20,Technical,High,25.4,Resolved,2
TCK-011592,CUST-009214,2024-07-18,Technical,Low,0.5,Closed,1
TCK-011593,CUST-009215,2022-04-28,Technical,Low,13.4,Resolved,4
TCK-011594,CUST-009215,2024-06-16,Billing,Low,19.2,Resolved,5
TCK-011595,CUST-009217,2023-08-31,Feature Request,Low,8.6,Resolved,1
TCK-011596,CUST-009217,2023-07-24,Technical,Low,12.4,Closed,3
TCK-011597,CUST-009218,2023-05-10,Technical,Medium,3.4,Resolved,5
TCK-011598,CUST-009219,2023-01-19,Billing,Medium,20.4,Pending,1
TCK-011599,CUST-009219,2023-07-24,Technical,Medium,20.9,Pending,3
TCK-011600,CUST-009220,2023-01-10,Login,Medium,27.5,Resolved,2
TCK-011601,CUST-009221,2023-08-11,Technical,Medium,14.5,Resolved,5
TCK-011602,CUST-009222,2024-08-11,Integration,Low,2.1,Resolved,2
TCK-011603,CUST-009223,2024-01-07,Billing,Medium,12.8,Resolved,5
TCK-011604,CUST-009228,08/05/2024,Technical,High,21.6,Resolved,3
TCK-011605,CUST-009229,2024-12-19,Login,Medium,1.8,Resolved,5
TCK-011606,CUST-009230,2024-10-19,Performance,Medium,7.0,Resolved,4
TCK-011607,CUST-009234,2024-04-10,Security,Low,21.5,Resolved,1
TCK-011608,CUST-009234,2024-03-31,Technical,Low,3.2,Closed,2
TCK-011609,CUST-009234,2024-02-26,Billing,Medium,13.5,Pending,1
TCK-011610,CUST-009237,2023-10-05,Billing,Low,28.4,Closed,1
TCK-011611,CUST-009237,2023-12-30,Login,Medium,1.3,Resolved,1
TCK-011612,CUST-009238,2024-05-13,Security,Medium,10.1,Resolved,2
TCK-011613,CUST-009238,2024-03-04,Billing,Critical,20.0,Resolved,3
TCK-011614,CUST-009238,2024-05-07,Technical,Low,19.3,Resolved,1
TCK-011615,CUST-009238,2024-02-13,Technical,Medium,17.8,Resolved,1
TCK-011616,CUST-009238,2024-05-15,Technical,Medium,92.0,Resolved,1
TCK-011617,CUST-009241,2024-06-19,Integration,Critical,22.9,Resolved,2
TCK-011618,CUST-009242,2024-02-23,Performance,Medium,6.1,Pending,1
TCK-011619,CUST-009242,2024-02-28,Integration,Medium,23.7,Closed,1
TCK-011620,CUST-009245,2024-03-12,Technical,Low,36.7,Resolved,4
TCK-011621,CUST-009246,2024-08-05,Billing,Medium,38.2,Resolved,5
TCK-011622,CUST-009251,2023-08-03,Billing,Medium,21.4,Resolved,1
TCK-011623,CUST-009251,2023-08-07,Feature Request,Medium,3.4,Pending,1
TCK-011624,CUST-009253,2023-12-13,Billing,Medium,1.7,Resolved,2
TCK-011625,CUST-009253,2023-09-17,Technical,Low,41.0,Pending,2
TCK-011626,CUST-009253,2023-08-05,Integration,Medium,43.8,Resolved,2
TCK-011627,CUST-009256,2023-07-28,Integration,Medium,3.7,Resolved,4
TCK-011628,CUST-009258,2023-12-29,Performance,Low,21.8,Closed,4
TCK-011629,CUST-009258,2023-05-08,Technical,Critical,14.0,Resolved,1
TCK-011630,CUST-009258,2023-05-05,Login,Low,1.0,Closed,4
TCK-011631,CUST-009260,2024-11-30,Billing,Low,7.0,Resolved,4
TCK-011632,CUST-009261,2023-06-29,Feature Request,Medium,27.8,Closed,1
TCK-011633,CUST-009261,2023-08-14,Performance,Low,77.9,Resolved,1
TCK-011634,CUST-009261,2023-07-02,Technical,Low,8.9,Resolved,1
TCK-011635,CUST-009264,2024-07-07,Feature Request,Medium,13.1,Resolved,4
TCK-011636,CUST-009265,2024-07-15,Billing,Medium,4.8,Resolved,3
TCK-011637,CUST-009265,2024-12-06,Performance,Low,38.3,Resolved,5
TCK-011638,CUST-009266,2023-04-02,Performance,Low,43.0,Closed,1
TCK-011639,CUST-009266,2022-11-10,Technical,Medium,19.0,Escalated,3
TCK-011640,CUST-009266,2023-05-19,Technical,Medium,64.8,Closed,4
TCK-011641,CUST-009266,2023-02-26,Feature Request,Low,11.1,Closed,2
TCK-011642,CUST-009266,2022-12-23,Performance,Medium,16.5,Resolved,2
TCK-011643,CUST-009268,2023-07-03,Technical,High,33.7,Closed,5
TCK-011644,CUST-009268,2023-05-08,Feature Request,Medium,3.2,Closed,2
TCK-011645,CUST-009269,2023-03-15,Technical,Medium,7.5,Closed,5
TCK-011646,CUST-009270,2024-06-06,Billing,Critical,23.3,Resolved,4
TCK-011647,CUST-009271,2024-02-22,Technical,Medium,6.0,Resolved,4
TCK-011648,CUST-009272,2024-07-01,Technical,High,10.0,Closed,4
TCK-011649,CUST-009272,2023-12-18,Login,High,20.7,Resolved,4
TCK-011650,CUST-009273,2024-04-21,Technical,Low,16.0,Resolved,5
TCK-011651,CUST-009273,2023-02-20,Technical,Low,10.5,Resolved,4
TCK-011652,CUST-009275,2024-12-03,Technical,Medium,26.7,Resolved,4
TCK-011653,CUST-009280,2023-11-20,Login,High,36.9,Resolved,4
TCK-011654,CUST-009281,2023-08-02,Billing,High,13.1,Resolved,5
TCK-011655,CUST-009281,2024-02-13,Technical,Low,3.2,Resolved,4
TCK-011656,CUST-009281,2024-05-09,Login,Low,37.2,Resolved,4
TCK-011657,CUST-009284,2023-07-11,Billing,Low,16.0,Resolved,1
TCK-011658,CUST-009284,2023-09-18,Billing,Low,9.4,Closed,4
TCK-011659,CUST-009284,2023-07-22,Technical,Critical,41.2,Closed,1
TCK-011660,CUST-009285,2023-08-28,Technical,Medium,57.0,Escalated,1
TCK-011661,CUST-009285,2023-04-08,Performance,Low,19.1,Closed,2
TCK-011662,CUST-009286,2024-04-27,Integration,Medium,0.8,Escalated,1
TCK-011663,CUST-009289,2024-05-14,Technical,Low,84.7,Closed,4
TCK-011664,CUST-009292,2024-08-17,Integration,Low,11.5,Pending,1
TCK-011665,CUST-009293,2024-11-23,Login,Medium,20.9,Resolved,2
TCK-011666,CUST-009294,2024-03-31,Billing,Medium,3.7,Closed,4
TCK-011667,CUST-009296,2023-09-07,Technical,Low,45.7,Resolved,1
TCK-011668,CUST-009296,2023-05-15,Technical,Low,71.9,Resolved,1
TCK-011669,CUST-009296,19/11/2022,Integration,Medium,75.1,Resolved,3
TCK-011670,CUST-009297,2023-09-08,Technical,Medium,3.5,Resolved,4
TCK-011671,CUST-009297,2022-09-23,Technical,Critical,44.5,Resolved,3
TCK-011672,CUST-009299,2024-04-16,Login,Low,49.0,Resolved,2
TCK-011673,CUST-009299,2024-04-13,Technical,High,56.6,Resolved,1
TCK-011674,CUST-009299,2024-07-02,Technical,Low,8.0,Resolved,1
TCK-011675,CUST-009299,2024-06-02,Login,Medium,5.5,Resolved,2
TCK-011676,CUST-009300,2024-07-21,Login,Low,1.6,Closed,4
TCK-011677,CUST-009301,16/08/2024,Login,Low,14.5,Resolved,5
TCK-011678,CUST-009302,2022-10-01,Performance,Medium,12.8,Resolved,5
TCK-011679,CUST-009302,2022-12-26,Billing,Medium,7.5,Resolved,5
TCK-011680,CUST-009302,2022-09-18,Integration,Medium,11.5,Resolved,3
TCK-011681,CUST-009302,2023-12-11,Technical,Medium,15.6,Closed,2
TCK-011682,CUST-009303,2024-02-04,Login,Low,48.6,Resolved,5
TCK-011683,CUST-009304,2023-12-13,Technical,Medium,4.7,Closed,3
TCK-011684,CUST-009305,2024-11-07,Billing,Low,9.1,Closed,4
TCK-011685,CUST-009305,2024-03-15,Technical,High,6.6,Resolved,5
TCK-011686,CUST-009308,2024-08-13,Feature Request,Low,8.3,Resolved,1
TCK-011687,CUST-009309,2024-02-17,Billing,High,10.2,Resolved,5
TCK-011688,CUST-009309,2023-07-10,Technical,High,4.4,Closed,5
TCK-011689,CUST-009309,2023-06-06,Login,Low,1.5,Resolved,5
TCK-011690,CUST-009310,10/06/2022,Performance,Low,69.2,Escalated,1
TCK-011691,CUST-009310,2023-05-08,Billing,Low,60.4,Resolved,2
TCK-011692,CUST-009311,2024-08-30,Billing,Medium,16.8,Escalated,2
TCK-011693,CUST-009313,2022-10-25,Login,Low,3.9,Closed,3
TCK-011694,CUST-009315,2024-04-18,Technical,Low,0.5,Resolved,4
TCK-011695,CUST-009315,2024-06-18,Performance,Low,10.8,Resolved,4
TCK-011696,CUST-009316,2024-03-24,Billing,High,5.8,Resolved,1
TCK-011697,CUST-009316,2023-04-01,Technical,High,51.8,Resolved,4
TCK-011698,CUST-009318,2024-05-31,Billing,Low,13.1,Closed,5
TCK-011699,CUST-009318,2024-03-26,Billing,High,45.6,Closed,5
TCK-011700,CUST-009318,2024-05-03,Billing,Medium,30.3,Closed,3
TCK-011701,CUST-009319,2024-07-03,Technical,Low,2.6,Closed,2
TCK-011702,CUST-009320,2023-02-16,Performance,Medium,0.7,Resolved,2
TCK-011703,CUST-009321,2023-10-07,Billing,Low,1.4,Closed,2
TCK-011704,CUST-009321,2023-11-03,Technical,Critical,187.0,Resolved,3
TCK-011705,CUST-009321,2023-11-01,Login,Low,63.3,Resolved,1
TCK-011706,CUST-009321,2023-09-28,Feature Request,High,150.9,Closed,2
TCK-011707,CUST-009323,11/07/2023,Login,High,64.5,Resolved,2
TCK-011708,CUST-009323,2023-06-18,Billing,Medium,28.6,Resolved,4
TCK-011709,CUST-009323,2023-09-01,Feature Request,Medium,6.2,Escalated,1
TCK-011710,CUST-009323,2023-06-27,Technical,Low,12.8,Resolved,3
TCK-011711,CUST-009324,2023-12-05,Billing,High,31.1,Resolved,4
TCK-011712,CUST-009324,2024-10-04,Integration,Medium,11.3,Resolved,3
TCK-011713,CUST-009325,2024-09-12,Technical,Medium,32.3,Pending,2
TCK-011714,CUST-009325,2024-06-13,Security,Low,7.8,Resolved,3
TCK-011715,CUST-009327,2023-08-22,Feature Request,Low,12.8,Resolved,3
TCK-011716,CUST-009327,2023-10-23,Integration,Medium,19.7,Closed,2
TCK-011717,CUST-009327,2024-03-21,Technical,High,173.4,Resolved,2
TCK-011718,CUST-009329,2023-04-11,Billing,Medium,2.6,Resolved,2
TCK-011719,CUST-009329,2022-12-25,Login,Medium,12.5,Resolved,5
TCK-011720,CUST-009329,2024-10-19,Technical,Medium,7.7,Closed,4
TCK-011721,CUST-009330,2023-12-22,Performance,Medium,1.8,Closed,4
TCK-011722,CUST-009331,2024-05-11,Technical,Medium,60.4,Closed,3
TCK-011723,CUST-009331,2024-04-14,Billing,Medium,1.5,Resolved,3
TCK-011724,CUST-009331,2023-11-12,Integration,Low,15.2,Closed,2
TCK-011725,CUST-009332,2022-08-28,Performance,Medium,56.7,Resolved,3
TCK-011726,CUST-009334,2023-05-30,Billing,Medium,39.3,Escalated,1
TCK-011727,CUST-009334,2023-10-02,Technical,Low,48.1,Resolved,1
TCK-011728,CUST-009334,2024-01-17,Integration,Medium,0.5,Resolved,4
TCK-011729,CUST-009334,2023-05-31,Integration,Medium,40.7,Closed,3
TCK-011730,CUST-009334,2023-08-25,Feature Request,Medium,32.7,Resolved,1
TCK-011731,CUST-009335,2024-05-05,Billing,Low,0.5,Resolved,2
TCK-011732,CUST-009335,2024-01-30,Technical,Critical,2.0,Resolved,1
TCK-011733,CUST-009336,2024-07-22,Technical,Medium,14.4,Closed,5
TCK-011734,CUST-009337,2023-06-27,Integration,Medium,29.3,Resolved,2
TCK-011735,CUST-009337,2023-09-19,Technical,Medium,25.1,Closed,5
TCK-011736,CUST-009338,2022-07-14,Technical,Low,5.1,Resolved,5
TCK-011737,CUST-009339,2024-03-29,Technical,High,33.8,Resolved,4
TCK-011738,CUST-009339,2024-01-24,Billing,Medium,30.6,Closed,4
TCK-011739,CUST-009340,2022-12-11,Technical,Low,10.0,Resolved,4
TCK-011740,CUST-009341,2024-09-30,Login,Medium,0.5,Closed,2
TCK-011741,CUST-009342,2023-03-18,Billing,Low,25.4,Closed,5
TCK-011742,CUST-009342,2023-11-04,Technical,High,1.2,Closed,4
TCK-011743,CUST-009344,2023-04-29,Billing,Low,3.0,Resolved,5
TCK-011744,CUST-009345,2024-08-19,Performance,High,27.8,Resolved,4
TCK-011745,CUST-009345,2023-11-16,Integration,Critical,1.4,Resolved,3
TCK-011746,CUST-009346,2022-03-18,Integration,Medium,10.1,Resolved,4
TCK-011747,CUST-009346,2023-11-28,Billing,Medium,8.9,Closed,5
TCK-011748,CUST-009346,2024-03-30,Performance,Low,3.8,Resolved,5
TCK-011749,CUST-009348,2023-03-23,Login,Low,9.1,Closed,4
TCK-011750,CUST-009348,2023-12-27,Feature Request,Medium,23.2,Resolved,3
TCK-011751,CUST-009349,2024-01-04,Login,High,7.2,Closed,2
TCK-011752,CUST-009349,2024-09-12,Billing,Medium,32.6,Resolved,5
TCK-011753,CUST-009352,2024-12-08,Feature Request,Medium,17.3,Resolved,1
TCK-011754,CUST-009354,20/05/2023,Billing,Low,10.6,Resolved,5
TCK-011755,CUST-009355,2024-07-26,Billing,Medium,8.3,Closed,4
TCK-011756,CUST-009357,2023-08-01,Login,Medium,11.9,Resolved,4
TCK-011757,CUST-009357,2024-11-12,Technical,Low,36.1,Resolved,3
TCK-011758,CUST-009360,2024-07-15,Technical,Low,1.5,Resolved,3
TCK-011759,CUST-009361,2024-11-30,Technical,Medium,1.7,Resolved,4
TCK-011760,CUST-009362,2024-03-04,Billing,Medium,5.1,Resolved,4
TCK-011761,CUST-009363,2023-05-10,Billing,Low,5.6,Closed,4
TCK-011762,CUST-009363,2023-05-19,Integration,High,14.6,Resolved,5
TCK-011763,CUST-009364,2024-07-23,Technical,Low,11.6,Resolved,5
TCK-011764,CUST-009364,2023-08-04,Security,Critical,9.4,Resolved,5
TCK-011765,CUST-009364,2023-12-06,Technical,Low,18.1,Closed,4
TCK-011766,CUST-009366,2023-08-09,Feature Request,Medium,25.6,Pending,2
TCK-011767,CUST-009367,2022-04-26,Login,High,41.0,Resolved,2
TCK-011768,CUST-009367,2022-06-20,Login,Medium,10.4,Resolved,1
TCK-011769,CUST-009367,2022-07-07,Performance,Medium,68.0,Resolved,2
TCK-011770,CUST-009368,2023-08-31,Performance,Low,33.5,Resolved,1
TCK-011771,CUST-009371,2024-06-10,Billing,High,43.7,Resolved,3
TCK-011772,CUST-009372,2022-04-30,Billing,Medium,25.3,Resolved,2
TCK-011773,CUST-009373,2024-11-11,Performance,Medium,29.5,Closed,5
TCK-011774,CUST-009374,2024-12-14,Billing,Medium,8.1,Resolved,4
TCK-011775,CUST-009375,2023-10-13,Billing,Medium,27.7,Pending,2
TCK-011776,CUST-009375,2023-08-15,Billing,Medium,14.8,Closed,2
TCK-011777,CUST-009377,2024-07-06,Technical,Low,20.7,Resolved,4
TCK-011778,CUST-009378,2024-04-27,Billing,Medium,15.0,Resolved,3
TCK-011779,CUST-009379,2024-06-22,Technical,Low,51.4,Resolved,3
TCK-011780,CUST-009379,2022-03-14,Billing,Low,17.9,Resolved,2
TCK-011781,CUST-009379,2022-04-20,Billing,High,68.9,Escalated,2
TCK-011782,CUST-009379,2023-09-25,Billing,Medium,12.8,Resolved,5
TCK-011783,CUST-009379,2022-03-09,Login,High,14.0,Resolved,2
TCK-011784,CUST-009380,2023-12-08,Feature Request,Medium,0.5,Resolved,5
TCK-011785,CUST-009381,2024-04-22,Feature Request,Low,0.8,Resolved,1
TCK-011786,CUST-009383,2023-08-03,Technical,Medium,13.4,Resolved,2
TCK-011787,CUST-009384,2023-05-02,Integration,Medium,55.6,Escalated,1
TCK-011788,CUST-009384,2023-07-23,Billing,Critical,14.4,Pending,3
TCK-011789,CUST-009386,2023-10-04,Security,High,31.2,Resolved,5
TCK-011790,CUST-009392,2024-12-02,Billing,Critical,57.5,Closed,5
TCK-011791,CUST-009392,2023-07-31,Integration,Medium,4.1,Closed,2
TCK-011792,CUST-009393,2024-01-06,Performance,Medium,18.8,Resolved,1
TCK-011793,CUST-009393,2023-03-31,Performance,Low,0.5,Resolved,4
TCK-011794,CUST-009394,2024-03-02,Technical,Medium,11.8,Closed,3
TCK-011795,CUST-009394,2024-04-07,Security,Medium,7.7,Resolved,4
TCK-011796,CUST-009396,2024-05-21,Integration,Low,4.8,Closed,2
TCK-011797,CUST-009397,2024-10-22,Billing,Medium,55.7,Resolved,2
TCK-011798,CUST-009397,2024-08-22,Integration,Critical,29.6,Escalated,2
TCK-011799,CUST-009397,2024-02-22,Technical,High,79.2,Resolved,2
TCK-011800,CUST-009397,2024-09-25,Security,Critical,24.8,Resolved,3
TCK-011801,CUST-009399,2024-02-07,Billing,Low,10.6,Resolved,2
TCK-011802,CUST-009399,2023-12-01,Technical,Low,6.4,Resolved,2
TCK-011803,CUST-009399,2024-03-11,Billing,Medium,38.5,Resolved,1
TCK-011804,CUST-009399,2024-06-28,Integration,Medium,5.2,Resolved,4
TCK-011805,CUST-009399,2024-03-23,Login,Medium,9.9,Resolved,4
TCK-011806,CUST-009399,2024-05-29,Technical,Medium,14.2,Pending,1
TCK-011807,CUST-009399,2024-02-15,Billing,Critical,23.0,Escalated,1
TCK-011808,CUST-009399,2024-03-13,Technical,Low,26.3,Escalated,2
TCK-011809,CUST-009400,2024-05-07,Feature Request,Low,20.5,Resolved,4
TCK-011810,CUST-009402,2023-07-04,Performance,High,6.5,Escalated,2
TCK-011811,CUST-009402,2024-05-24,Integration,Low,9.3,Pending,1
TCK-011812,CUST-009402,2024-04-06,Integration,High,37.7,Escalated,1
TCK-011813,CUST-009403,2024-07-06,Security,Medium,3.7,Pending,1
TCK-011814,CUST-009404,2024-05-07,Feature Request,Low,44.1,Resolved,4
TCK-011815,CUST-009405,2024-07-29,Login,Medium,1.5,Closed,3
TCK-011816,CUST-009405,2024-08-09,Performance,Low,0.6,Resolved,3
TCK-011817,CUST-009406,2024-12-20,Billing,Medium,19.2,Resolved,4
TCK-011818,CUST-009406,2024-09-19,Performance,Low,9.9,Resolved,5
TCK-011819,CUST-009409,2022-05-13,Billing,Medium,28.3,Closed,2
TCK-011820,CUST-009409,2022-05-14,Technical,Critical,73.0,Resolved,4
TCK-011821,CUST-009410,2023-04-16,Integration,Low,12.7,Closed,5
TCK-011822,CUST-009411,2023-08-28,Feature Request,Low,6.4,Resolved,3
TCK-011823,CUST-009415,2024-02-01,Security,Medium,5.5,Resolved,3
TCK-011824,CUST-009415,2024-11-20,Integration,Medium,22.9,Resolved,4
TCK-011825,CUST-009415,2024-01-22,Feature Request,High,3.2,Resolved,4
TCK-011826,CUST-009419,2024-04-14,Feature Request,Medium,17.5,Resolved,3
TCK-011827,CUST-009420,2022-07-30,Technical,Low,11.4,Resolved,3
TCK-011828,CUST-009421,2023-08-17,Billing,Low,999.9,Resolved,1
TCK-011829,CUST-009423,2024-09-22,Technical,Low,16.1,Resolved,5
TCK-011830,CUST-009425,2024-05-02,Integration,Medium,13.7,Resolved,4
TCK-011831,CUST-009426,2024-09-04,Performance,Low,6.9,Closed,4
TCK-011832,CUST-009426,2023-11-17,Technical,Low,11.7,Resolved,5
TCK-011833,CUST-009426,2024-08-03,Integration,Medium,36.5,Resolved,4
TCK-011834,CUST-009429,2024-11-19,Billing,Medium,15.7,Resolved,1
TCK-011835,CUST-009429,2024-11-04,Feature Request,Low,1.5,Resolved,5
TCK-011836,CUST-009430,2023-10-13,Login,Medium,32.8,Escalated,1
TCK-011837,CUST-009430,2024-07-19,Performance,Medium,115.8,Resolved,2
TCK-011838,CUST-009430,2023-03-03,Performance,Low,52.8,Resolved,3
TCK-011839,CUST-009430,2023-07-22,Performance,Low,25.1,Pending,3
TCK-011840,CUST-009430,2023-11-07,Billing,High,16.9,Resolved,1
TCK-011841,CUST-009430,2023-10-05,Billing,Medium,78.6,Closed,1
TCK-011842,CUST-009432,2024-11-07,Performance,High,44.3,Closed,5
TCK-011843,CUST-009432,2023-07-09,Technical,High,0.9,Closed,4
TCK-011844,CUST-009432,2023-07-14,Security,Low,3.7,Closed,4
TCK-011845,CUST-009434,2022-11-20,Performance,Low,1.5,Resolved,3
TCK-011846,CUST-009434,2022-12-12,Performance,Medium,11.6,Closed,5
TCK-011847,CUST-009434,2023-01-13,Integration,Low,36.1,Resolved,1
TCK-011848,CUST-009435,2024-05-09,Technical,High,33.3,Resolved,1
TCK-011849,CUST-009435,2024-08-22,Technical,Medium,2.2,Resolved,2
TCK-011850,CUST-009438,2023-07-31,Login,Medium,13.3,Resolved,4
TCK-011851,CUST-009439,2024-09-13,Technical,Medium,57.7,Closed,1
TCK-011852,CUST-009439,2024-11-04,Security,Medium,6.0,Resolved,1
TCK-011853,CUST-009440,2023-03-16,Login,Low,3.3,Resolved,4
TCK-011854,CUST-009440,2023-02-26,Billing,Medium,10.5,Resolved,5
TCK-011855,CUST-009440,2023-01-14,Billing,Medium,2.4,Pending,1
TCK-011856,CUST-009440,2023-02-09,Integration,Medium,23.4,Resolved,1
TCK-011857,CUST-009442,2023-02-09,Integration,Low,7.0,Resolved,3
TCK-011858,CUST-009442,2023-02-01,Billing,High,60.6,Pending,1
TCK-011859,CUST-009445,2022-01-16,Security,High,19.6,Resolved,3
TCK-011860,CUST-009445,2023-11-13,Billing,Low,19.8,Closed,3
TCK-011861,CUST-009446,2022-11-21,Login,Low,35.4,Closed,5
TCK-011862,CUST-009447,2023-11-17,Billing,Medium,1.1,Resolved,4
TCK-011863,CUST-009448,2023-08-03,Performance,Low,24.1,Escalated,2
TCK-011864,CUST-009448,2023-09-03,Technical,Medium,30.2,Resolved,3
TCK-011865,CUST-009448,2023-10-09,Technical,Medium,4.8,Closed,2
TCK-011866,CUST-009450,2022-10-08,Performance,High,40.5,Closed,2
TCK-011867,CUST-009450,2023-01-27,Login,Critical,120.6,Resolved,2
TCK-011868,CUST-009451,2022-11-01,Login,Low,85.0,Resolved,3
TCK-011869,CUST-009451,2022-09-14,Technical,Critical,3.5,Resolved,1
TCK-011870,CUST-009451,2023-08-04,Technical,Medium,28.1,Resolved,3
TCK-011871,CUST-009452,2024-09-15,Integration,Low,1.6,Resolved,2
TCK-011872,CUST-009452,2024-10-09,Security,Medium,26.8,Resolved,5
TCK-011873,CUST-009452,2024-09-13,Feature Request,Medium,18.2,Resolved,5
TCK-011874,CUST-009454,2022-07-28,Integration,High,7.2,Closed,5
TCK-011875,CUST-009455,2022-08-01,Login,High,30.8,Closed,1
TCK-011876,CUST-009456,2024-05-06,Technical,Medium,4.0,Closed,5
TCK-011877,CUST-009457,2022-05-21,Technical,Medium,109.3,Resolved,2
TCK-011878,CUST-009457,2022-04-21,Billing,Low,83.9,Pending,2
TCK-011879,CUST-009457,2022-04-21,Login,Low,5.9,Closed,3
TCK-011880,CUST-009458,2024-11-04,Billing,Critical,17.9,Resolved,4
TCK-011881,CUST-009458,2024-09-16,Billing,Medium,7.9,Closed,4
TCK-011882,CUST-009458,2024-07-28,Billing,High,4.3,Resolved,5
TCK-011883,CUST-009459,2024-06-18,Login,Medium,2.7,Resolved,5
TCK-011884,CUST-009461,2023-05-07,Login,High,41.5,Resolved,2
TCK-011885,CUST-009461,2024-08-14,Billing,Medium,9.0,Closed,2
TCK-011886,CUST-009462,2023-09-09,Technical,Medium,5.2,Resolved,1
TCK-011887,CUST-009463,2024-08-21,Login,Low,14.3,Resolved,3
TCK-011888,CUST-009464,2024-08-07,Feature Request,Medium,15.0,Closed,4
TCK-011889,CUST-009464,2024-06-06,Technical,Low,10.1,Closed,3
TCK-011890,CUST-009465,2024-01-28,Technical,Low,1.0,Resolved,3
TCK-011891,CUST-009465,2024-01-21,Security,High,191.2,Resolved,5
TCK-011892,CUST-009466,2024-12-06,Login,Critical,1.4,Resolved,4
TCK-011893,CUST-009466,2024-01-18,Integration,Medium,4.9,Resolved,4
TCK-011894,CUST-009467,2024-03-06,Billing,Critical,11.7,Closed,1
TCK-011895,CUST-009467,2024-07-20,Billing,High,22.2,Resolved,4
TCK-011896,CUST-009468,2023-07-29,Billing,Critical,24.9,Closed,2
TCK-011897,CUST-009468,2022-05-13,Performance,Medium,9.7,Resolved,5
TCK-011898,CUST-009469,2024-09-22,Technical,High,34.5,Resolved,3
TCK-011899,CUST-009469,2024-07-24,Feature Request,Medium,15.0,Resolved,4
TCK-011900,CUST-009469,2024-11-15,Login,Medium,8.3,Resolved,3
TCK-011901,CUST-009469,2024-09-28,Performance,Low,2.1,Closed,4
TCK-011902,CUST-009470,2023-09-19,Billing,Medium,36.7,Resolved,2
TCK-011903,CUST-009470,2023-10-27,Technical,Low,10.3,Resolved,1
TCK-011904,CUST-009470,2023-06-27,Technical,Low,26.6,Resolved,3
TCK-011905,CUST-009470,2023-08-03,Technical,Low,33.1,Escalated,3
TCK-011906,CUST-009471,2024-04-21,Technical,Low,0.8,Resolved,1
TCK-011907,CUST-009471,2024-08-21,Technical,Critical,27.1,Resolved,4
TCK-011908,CUST-009472,2023-02-05,Billing,Low,12.8,Resolved,4
TCK-011909,CUST-009472,2023-03-03,Integration,Low,21.3,Resolved,1
TCK-011910,CUST-009473,2022-10-01,Login,High,49.9,Resolved,4
TCK-011911,CUST-009473,2022-06-11,Technical,Critical,53.5,Resolved,1
TCK-011912,CUST-009473,2022-06-27,Billing,High,2.4,Pending,2
TCK-011913,CUST-009473,2022-07-11,Billing,Medium,9.8,Closed,1
TCK-011914,CUST-009474,2024-06-19,Performance,Medium,33.8,Resolved,5
TCK-011915,CUST-009475,2022-06-30,Technical,High,39.5,Resolved,4
TCK-011916,CUST-009476,2023-03-01,Performance,Medium,0.9,Resolved,4
TCK-011917,CUST-009476,2022-10-16,Billing,Low,5.6,Resolved,4
TCK-011918,CUST-009477,2023-06-23,Feature Request,Low,2.9,Resolved,4
TCK-011919,CUST-009478,2022-03-18,Technical,Medium,12.2,Escalated,1
TCK-011920,CUST-009478,2022-09-07,Technical,High,13.8,Resolved,1
TCK-011921,CUST-009479,2022-11-23,Technical,Critical,17.6,Pending,1
TCK-011922,CUST-009480,2024-04-13,Performance,High,6.6,Resolved,3
TCK-011923,CUST-009482,2024-09-16,Performance,Medium,26.2,Resolved,4
TCK-011924,CUST-009483,2023-09-17,Performance,Low,17.6,Closed,4
TCK-011925,CUST-009483,2023-03-07,Technical,Medium,22.3,Resolved,1
TCK-011926,CUST-009483,2023-10-24,Technical,Medium,9.7,Resolved,5
TCK-011927,CUST-009483,2023-07-29,Billing,Low,19.0,Pending,3
TCK-011928,CUST-009484,2023-06-04,Performance,Low,6.1,Resolved,3
TCK-011929,CUST-009485,2024-10-18,Technical,Low,31.2,Closed,5
TCK-011930,CUST-009486,2024-08-01,Performance,Medium,11.4,Closed,3
TCK-011931,CUST-009487,2023-08-17,Feature Request,High,40.9,Resolved,3
TCK-011932,CUST-009487,2023-06-22,Billing,Low,13.1,Resolved,3
TCK-011933,CUST-009487,2023-08-15,Billing,Low,29.8,Resolved,1
TCK-011934,CUST-009487,27/09/2023,Login,Medium,16.3,Resolved,2
TCK-011935,CUST-009487,2023-05-03,Performance,Low,31.2,Closed,3
TCK-011936,CUST-009487,2023-06-24,Security,Critical,8.8,Closed,3
TCK-011937,CUST-009487,2023-08-22,Feature Request,Low,53.2,Closed,2
TCK-011938,CUST-009488,2024-02-04,Performance,Medium,0.5,Closed,3
TCK-011939,CUST-009489,2024-05-27,Performance,Low,7.9,Closed,1
TCK-011940,CUST-009489,2024-04-15,Technical,High,15.7,Closed,5
TCK-011941,CUST-009490,2022-08-31,Technical,Medium,37.5,Resolved,2
TCK-011942,CUST-009491,2024-02-17,Login,Low,7.5,Closed,4
TCK-011943,CUST-009491,2023-12-16,Performance,Medium,2.9,Closed,4
TCK-011944,CUST-009494,2024-11-23,Technical,Medium,75.4,Resolved,3
TCK-011945,CUST-009494,2024-11-15,Technical,Low,16.6,Resolved,3
TCK-011946,CUST-009494,2024-03-03,Login,Medium,4.8,Resolved,1
TCK-011947,CUST-009494,2024-04-03,Login,High,7.5,Closed,2
TCK-011948,CUST-009494,2024-05-22,Technical,Low,29.8,Escalated,1
TCK-011949,CUST-009495,2023-07-24,Billing,Low,18.8,Resolved,3
TCK-011950,CUST-009497,2024-07-29,Technical,Low,7.0,Resolved,2
TCK-011951,CUST-009497,2024-07-18,Feature Request,High,11.7,Closed,4
TCK-011952,CUST-009497,2024-08-10,Billing,Medium,64.2,Resolved,2
TCK-011953,CUST-009498,2024-10-11,Billing,Medium,5.2,Resolved,5
TCK-011954,CUST-009499,2023-01-11,Technical,Medium,4.4,Resolved,4
TCK-011955,CUST-009501,2024-10-25,Billing,Low,137.3,Closed,1
TCK-011956,CUST-009501,2024-07-14,Billing,Medium,10.9,Pending,2
TCK-011957,CUST-009501,2024-06-05,Login,High,10.6,Resolved,3
TCK-011958,CUST-009501,2024-08-09,Billing,Low,12.8,Escalated,3
TCK-011959,CUST-009501,2024-06-06,Technical,Low,22.7,Pending,2
TCK-011960,CUST-009502,2022-03-14,Billing,Low,31.9,Resolved,1
TCK-011961,CUST-009502,2022-08-12,Performance,Low,8.6,Escalated,1
TCK-011962,CUST-009502,2022-02-22,Technical,High,142.5,Resolved,3
TCK-011963,CUST-009502,2022-04-01,Integration,Medium,160.7,Resolved,2
TCK-011964,CUST-009503,2024-05-30,Integration,High,4.2,Closed,5
TCK-011965,CUST-009505,2022-11-19,Technical,Low,7.4,Resolved,5
TCK-011966,CUST-009506,2023-04-29,Technical,Low,29.8,Pending,1
TCK-011967,CUST-009506,2023-04-20,Integration,Low,19.8,Resolved,1
TCK-011968,CUST-009507,2023-06-28,Integration,Medium,1.4,Resolved,5
TCK-011969,CUST-009507,2023-08-03,Performance,Medium,17.3,Resolved,4
TCK-011970,CUST-009509,2024-07-25,Billing,Medium,4.6,Closed,3
TCK-011971,CUST-009510,2023-10-27,Billing,High,3.7,Resolved,5
TCK-011972,CUST-009510,2022-11-22,Performance,Medium,19.6,Closed,3
TCK-011973,CUST-009513,03/05/2023,Technical,Medium,15.2,Resolved,1
TCK-011974,CUST-009513,2023-03-31,Billing,Medium,4.0,Closed,3
TCK-011975,CUST-009513,2023-03-26,Performance,Medium,19.4,Escalated,2
TCK-011976,CUST-009514,2022-07-09,Feature Request,Medium,25.2,Closed,3
TCK-011977,CUST-009514,2022-05-13,Billing,Medium,23.7,Resolved,1
TCK-011978,CUST-009514,2022-07-21,Security,Medium,57.0,Escalated,2
TCK-011979,CUST-009516,2023-08-03,Security,Low,3.3,Pending,3
TCK-011980,CUST-009517,2023-10-29,Login,Low,58.5,Closed,5
TCK-011981,CUST-009518,2024-01-03,Integration,Medium,19.3,Resolved,2
TCK-011982,CUST-009518,2023-11-10,Billing,Low,7.2,Resolved,1
TCK-011983,CUST-009518,2024-06-17,Login,Critical,89.6,Resolved,1
TCK-011984,CUST-009518,2024-05-20,Integration,Low,2.7,Pending,1
TCK-011985,CUST-009519,2023-09-24,Technical,Low,4.3,Resolved,5
TCK-011986,CUST-009519,02/01/2023,Login,High,21.1,Resolved,5
TCK-011987,CUST-009521,2024-05-23,Technical,Low,11.1,Resolved,4
TCK-011988,CUST-009521,2024-01-13,Feature Request,Low,11.2,Resolved,4
TCK-011989,CUST-009522,2023-07-27,Performance,Medium,14.8,Resolved,5
TCK-011990,CUST-009524,2023-05-21,Technical,High,20.6,Pending,3
TCK-011991,CUST-009524,2023-06-10,Login,High,86.9,Closed,1
TCK-011992,CUST-009524,2023-04-16,Integration,Medium,41.1,Escalated,1
TCK-011993,CUST-009526,2023-12-05,Technical,Low,3.7,Resolved,3
TCK-011994,CUST-009527,2023-07-14,Login,Low,4.0,Resolved,5
TCK-011995,CUST-009527,2023-05-19,Billing,High,14.9,Resolved,4
TCK-011996,CUST-009528,2024-06-08,Technical,Medium,1.2,Escalated,1
TCK-011997,CUST-009528,2023-12-25,Technical,High,60.3,Resolved,2
TCK-011998,CUST-009528,2024-04-30,Technical,Medium,25.0,Resolved,1
TCK-011999,CUST-009531,2022-12-08,Feature Request,Medium,30.8,Resolved,3
TCK-012000,CUST-009532,2022-11-20,Billing,Medium,9.4,Resolved,4
TCK-012001,CUST-009533,2024-08-24,Technical,Medium,0.7,Resolved,1
TCK-012002,CUST-009533,2024-08-08,Technical,Low,0.5,Closed,2
TCK-012003,CUST-009534,2023-02-06,Technical,High,24.6,Escalated,2
TCK-012004,CUST-009535,2024-05-25,Billing,Low,10.6,Closed,3
TCK-012005,CUST-009537,2024-10-02,Performance,High,78.1,Resolved,1
TCK-012006,CUST-009539,2024-11-10,Performance,Low,8.1,Resolved,4
TCK-012007,CUST-009541,2023-12-23,Billing,Low,0.5,Closed,3
TCK-012008,CUST-009541,2024-01-06,Technical,Low,12.1,Resolved,5
TCK-012009,CUST-009541,2023-11-05,Performance,Medium,35.4,Escalated,1
TCK-012010,CUST-009541,2024-01-14,Login,Critical,29.4,Resolved,1
TCK-012011,CUST-009542,2023-04-02,Feature Request,High,58.6,Resolved,4
TCK-012012,CUST-009543,29/11/2024,Login,Critical,25.9,Resolved,3
TCK-012013,CUST-009545,2023-01-16,Feature Request,High,19.3,Resolved,1
TCK-012014,CUST-009546,2023-10-13,Technical,Low,4.9,Closed,3
TCK-012015,CUST-009546,2024-01-29,Technical,High,17.8,Closed,4
TCK-012016,CUST-009546,2023-12-17,Performance,Low,12.5,Closed,5
TCK-012017,CUST-009548,2024-05-20,Integration,Low,60.9,Escalated,1
TCK-012018,CUST-009549,2022-11-27,Integration,High,13.0,Resolved,4
TCK-012019,CUST-009552,2024-08-15,Performance,Low,30.8,Resolved,4
TCK-012020,CUST-009554,2024-09-06,Login,Low,0.7,Resolved,2
TCK-012021,CUST-009554,2024-09-15,Feature Request,Medium,4.5,Escalated,2
TCK-012022,CUST-009554,2024-09-16,Technical,Medium,5.4,Resolved,2
TCK-012023,CUST-009555,2024-06-03,Performance,Low,10.0,Pending,2
TCK-012024,CUST-009555,2024-04-24,Technical,Low,41.8,Resolved,1
TCK-012025,CUST-009556,2023-02-17,Login,Medium,31.8,Resolved,5
TCK-012026,CUST-009557,2023-10-15,Billing,Low,4.4,Resolved,3
TCK-012027,CUST-009557,2022-11-20,Billing,Medium,5.8,Resolved,1
TCK-012028,CUST-009557,2024-04-25,Login,Medium,27.9,Resolved,2
TCK-012029,CUST-009561,2023-05-01,Technical,Low,1.2,Resolved,4
TCK-012030,CUST-009562,2024-05-20,Login,Low,18.6,Resolved,3
TCK-012031,CUST-009563,2024-01-19,Technical,High,7.2,Pending,1
TCK-012032,CUST-009564,2023-02-04,Billing,Medium,74.1,Closed,1
TCK-012033,CUST-009564,2023-08-20,Technical,Low,9.8,Resolved,5
TCK-012034,CUST-009564,2022-02-03,Technical,Medium,12.2,Resolved,2
TCK-012035,CUST-009564,2023-03-21,Performance,Medium,0.9,Pending,2
TCK-012036,CUST-009565,2023-09-16,Billing,High,28.4,Resolved,2
TCK-012037,CUST-009565,2023-10-19,Billing,Low,59.9,Resolved,1
TCK-012038,CUST-009566,2024-01-17,Technical,Low,41.7,Resolved,3
TCK-012039,CUST-009567,2022-11-26,Technical,Low,16.8,Escalated,1
TCK-012040,CUST-009567,2022-09-07,Login,Low,28.5,Closed,2
TCK-012041,CUST-009567,2022-09-20,Technical,Medium,35.9,Resolved,2
TCK-012042,CUST-009567,2023-01-21,Integration,High,93.2,Resolved,3
TCK-012043,CUST-009567,2022-11-16,Login,Low,17.4,Pending,1
TCK-012044,CUST-009568,2023-05-26,Billing,Medium,1.9,Resolved,2
TCK-012045,CUST-009568,2024-11-10,Technical,Medium,15.4,Resolved,3
TCK-012046,CUST-009570,2023-08-30,Performance,Medium,3.6,Closed,2
TCK-012047,CUST-009571,2024-03-01,Technical,Low,8.2,Resolved,4
TCK-012048,CUST-009572,05/03/2023,Performance,Medium,45.0,Pending,2
TCK-012049,CUST-009572,2023-02-25,Technical,Medium,5.1,Resolved,2
TCK-012050,CUST-009572,2022-07-31,Feature Request,High,2.3,Resolved,3
TCK-012051,CUST-009572,2023-01-08,Billing,Critical,13.6,Resolved,2
TCK-012052,CUST-009572,2022-09-08,Billing,Medium,22.1,Closed,4
TCK-012053,CUST-009572,2022-09-02,Technical,Low,6.3,Closed,4
TCK-012054,CUST-009573,2024-06-23,Billing,Medium,5.5,Resolved,1
TCK-012055,CUST-009575,2022-09-03,Login,Medium,16.7,Resolved,5
TCK-012056,CUST-009575,2022-10-15,Billing,Medium,1.3,Escalated,1
TCK-012057,CUST-009580,2022-12-10,Login,Low,5.6,Pending,2
TCK-012058,CUST-009583,2024-04-12,Integration,Critical,146.9,Pending,2
TCK-012059,CUST-009583,2024-04-21,Integration,Low,19.4,Resolved,1
TCK-012060,CUST-009584,2024-03-15,Technical,Low,20.1,Closed,4
TCK-012061,CUST-009585,2023-03-31,Billing,Medium,26.8,Resolved,2
TCK-012062,CUST-009587,2022-09-06,Technical,Medium,10.9,Closed,4
TCK-012063,CUST-009587,2023-08-12,Billing,High,8.6,Resolved,2
TCK-012064,CUST-009588,03/06/2024,Billing,Low,66.2,Resolved,5
TCK-012065,CUST-009591,2024-07-28,Technical,Medium,20.5,Closed,5
TCK-012066,CUST-009592,2023-09-03,Login,Critical,37.4,Resolved,4
TCK-012067,CUST-009592,2022-07-20,Login,Low,5.0,Closed,5
TCK-012068,CUST-009592,2022-07-24,Integration,Low,26.0,Resolved,4
TCK-012069,CUST-009593,2024-12-04,Login,Medium,7.4,Resolved,4
TCK-012070,CUST-009594,2023-12-18,Billing,Medium,2.2,Resolved,5
TCK-012071,CUST-009595,2024-08-25,Performance,Medium,0.5,Resolved,1
TCK-012072,CUST-009595,2024-07-09,Billing,Low,17.6,Closed,1
TCK-012073,CUST-009595,2024-08-06,Login,Medium,0.5,Closed,4
TCK-012074,CUST-009596,2024-11-05,Performance,Medium,2.2,Resolved,4
TCK-012075,CUST-009596,2024-08-05,Technical,Low,0.5,Resolved,5
TCK-012076,CUST-009596,2024-02-04,Billing,Critical,0.5,Resolved,3
TCK-012077,CUST-009597,2024-08-16,Integration,Medium,37.9,Resolved,5
TCK-012078,CUST-009598,2023-06-02,Billing,Medium,0.5,Resolved,4
TCK-012079,CUST-009599,2023-11-07,Integration,Medium,43.5,Resolved,5
TCK-012080,CUST-009599,2024-07-25,Billing,Medium,16.2,Resolved,4
TCK-012081,CUST-009599,2024-03-14,Performance,Critical,33.0,Resolved,4
TCK-012082,CUST-009600,2023-12-05,Technical,Medium,17.8,Resolved,5
TCK-012083,CUST-009600,2024-04-05,Login,Low,15.9,Resolved,4
TCK-012084,CUST-009601,2024-08-19,Integration,Critical,3.3,Closed,2
TCK-012085,CUST-009601,2024-02-16,Technical,Medium,20.1,Resolved,4
TCK-012086,CUST-009604,2023-09-19,Performance,Medium,43.8,Closed,1
TCK-012087,CUST-009604,2023-10-02,Billing,Medium,22.5,Closed,4
TCK-012088,CUST-009605,2023-01-19,Login,High,40.7,Closed,2
TCK-012089,CUST-009606,2023-09-10,Performance,Medium,2.2,Resolved,5
TCK-012090,CUST-009607,2024-11-26,Performance,Medium,2.8,Closed,3
TCK-012091,CUST-009607,2024-07-04,Technical,Low,33.1,Resolved,5
TCK-012092,CUST-009608,2023-06-13,Billing,Low,1.0,Resolved,5
TCK-012093,CUST-009610,2024-03-06,Billing,Medium,64.9,Resolved,1
TCK-012094,CUST-009612,2024-06-14,Billing,Medium,31.3,Resolved,5
TCK-012095,CUST-009612,2024-10-16,Login,Medium,29.0,Resolved,4
TCK-012096,CUST-009613,2024-05-25,Login,Low,14.1,Resolved,4
TCK-012097,CUST-009615,2024-02-20,Performance,High,4.5,Closed,3
TCK-012098,CUST-009615,2023-12-02,Performance,Medium,8.9,Resolved,2
TCK-012099,CUST-009615,2023-12-06,Feature Request,Low,3.7,Resolved,2
TCK-012100,CUST-009621,2023-02-13,Technical,Medium,90.3,Resolved,2
TCK-012101,CUST-009621,2023-03-02,Feature Request,Medium,33.3,Resolved,2
TCK-012102,CUST-009622,2024-11-02,Billing,Low,1.9,Closed,2
TCK-012103,CUST-009622,2024-06-25,Billing,Low,20.4,Resolved,4
TCK-012104,CUST-009623,2023-10-24,Technical,Low,0.7,Closed,1
TCK-012105,CUST-009623,2024-01-04,Login,Medium,14.3,Escalated,1
TCK-012106,CUST-009624,2024-04-17,Technical,Medium,11.3,Closed,4
TCK-012107,CUST-009624,2024-03-02,Login,Medium,9.4,Closed,2
TCK-012108,CUST-009624,2023-12-20,Technical,Medium,13.6,Closed,1
TCK-012109,CUST-009625,2024-05-20,Billing,Critical,17.1,Closed,3
TCK-012110,CUST-009626,2023-05-01,Login,High,20.6,Escalated,1
TCK-012111,CUST-009626,2024-08-26,Technical,Critical,9.8,Pending,2
TCK-012112,CUST-009626,2023-08-18,Integration,High,7.4,Pending,1
TCK-012113,CUST-009627,2024-11-07,Performance,Critical,20.1,Resolved,4
TCK-012114,CUST-009629,2024-12-11,Performance,Low,9.3,Resolved,2
TCK-012115,CUST-009629,2023-04-09,Login,Medium,10.9,Resolved,5
TCK-012116,CUST-009630,2022-06-08,Performance,Low,9.1,Resolved,1
TCK-012117,CUST-009630,2022-07-12,Security,Medium,16.6,Resolved,4
TCK-012118,CUST-009631,2024-08-06,Technical,Medium,9.5,Closed,4
TCK-012119,CUST-009632,2023-07-09,Technical,Low,12.2,Escalated,3
TCK-012120,CUST-009633,2022-10-05,Technical,Low,10.4,Resolved,1
TCK-012121,CUST-009634,2024-02-09,Technical,Critical,25.6,Closed,3
TCK-012122,CUST-009635,2024-07-15,Performance,Medium,7.3,Closed,3
TCK-012123,CUST-009637,2023-12-03,Feature Request,Medium,3.8,Resolved,4
TCK-012124,CUST-009637,2023-12-15,Security,Medium,23.8,Resolved,1
TCK-012125,CUST-009638,2022-10-15,Billing,Medium,4.2,Resolved,1
TCK-012126,CUST-009638,2023-03-30,Feature Request,High,107.9,Escalated,1
TCK-012127,CUST-009639,2024-09-22,Billing,Low,4.9,Resolved,5
TCK-012128,CUST-009639,09/04/2024,Performance,Medium,9.2,Resolved,4
TCK-012129,CUST-009640,2024-11-20,Integration,Medium,9.9,Closed,5
TCK-012130,CUST-009640,2024-09-25,Technical,Medium,0.5,Resolved,3
TCK-012131,CUST-009641,2024-07-09,Technical,Low,25.8,Resolved,5
TCK-012132,CUST-009641,2024-07-17,Billing,High,14.3,Resolved,3
TCK-012133,CUST-009641,2024-07-13,Billing,High,56.6,Resolved,2
TCK-012134,CUST-009641,2024-07-16,Login,High,24.2,Closed,4
TCK-012135,CUST-009642,2024-03-16,Technical,High,22.0,Escalated,2
TCK-012136,CUST-009642,2023-11-29,Technical,High,15.5,Closed,1
TCK-012137,CUST-009643,2022-11-20,Performance,High,64.6,Closed,2
TCK-012138,CUST-009643,2022-11-30,Login,Low,1.4,Resolved,3
TCK-012139,CUST-009643,2024-04-23,Performance,Critical,2.4,Closed,5
TCK-012140,CUST-009644,2024-08-14,Performance,Medium,3.5,Closed,2
TCK-012141,CUST-009646,2024-06-21,Technical,Low,1.9,Resolved,3
TCK-012142,CUST-009646,2024-07-18,Performance,Low,31.6,Resolved,2
TCK-012143,CUST-009647,2022-11-05,Technical,Medium,20.9,Resolved,2
TCK-012144,CUST-009647,2022-10-07,Billing,Low,50.0,Escalated,2
TCK-012145,CUST-009647,2023-02-14,Login,Medium,31.0,Resolved,2
TCK-012146,CUST-009647,2022-04-26,Billing,Low,95.6,Resolved,2
TCK-012147,CUST-009647,2023-01-23,Performance,Medium,43.0,Resolved,1
TCK-012148,CUST-009648,2024-08-29,Technical,Medium,15.1,Resolved,5
TCK-012149,CUST-009649,2024-03-22,Login,Medium,10.1,Resolved,5
TCK-012150,CUST-009649,2024-10-09,Login,Low,7.0,Resolved,3
TCK-012151,CUST-009650,2023-12-02,Feature Request,Medium,10.2,Resolved,2
TCK-012152,CUST-009650,2023-11-22,Billing,Low,13.0,Resolved,3
TCK-012153,CUST-009651,2023-12-07,Billing,Medium,26.7,Escalated,2
TCK-012154,CUST-009651,2023-10-27,Billing,High,27.9,Resolved,1
TCK-012155,CUST-009655,2024-01-07,Technical,Medium,30.9,Resolved,4
TCK-012156,CUST-009655,2022-12-23,Technical,High,26.6,Closed,5
TCK-012157,CUST-009655,2024-11-03,Technical,Medium,1.8,Resolved,4
TCK-012158,CUST-009655,2024-07-09,Billing,Low,3.0,Resolved,4
TCK-012159,CUST-009656,2023-03-20,Security,High,53.5,Escalated,3
TCK-012160,CUST-009656,2023-09-02,Billing,High,1.2,Closed,1
TCK-012161,CUST-009656,2023-07-09,Security,Low,7.5,Pending,2
TCK-012162,CUST-009656,2023-04-11,Billing,High,13.8,Resolved,5
TCK-012163,CUST-009658,2023-09-15,Login,High,39.2,Resolved,5
TCK-012164,CUST-009658,2024-01-12,Technical,Low,16.4,Closed,5
TCK-012165,CUST-009660,2024-10-27,Technical,Medium,14.4,Resolved,4
TCK-012166,CUST-009661,2024-10-14,Billing,Low,31.2,Closed,3
TCK-012167,CUST-009663,2024-09-19,Technical,High,30.8,Resolved,5
TCK-012168,CUST-009663,2024-10-21,Billing,High,41.8,Resolved,4
TCK-012169,CUST-009663,2024-07-14,Billing,High,10.1,Closed,3
TCK-012170,CUST-009665,2024-04-16,Technical,Low,20.3,Escalated,1
TCK-012171,CUST-009665,2024-07-30,Technical,Low,13.0,Escalated,1
TCK-012172,CUST-009666,2022-12-10,Performance,High,44.0,Resolved,5
TCK-012173,CUST-009667,2024-09-24,Technical,Critical,11.1,Resolved,5
TCK-012174,CUST-009668,2024-07-02,Login,High,40.5,Resolved,4
TCK-012175,CUST-009668,2024-06-01,Technical,Low,33.6,Escalated,3
TCK-012176,CUST-009668,2024-05-28,Technical,Low,47.1,Resolved,3
TCK-012177,CUST-009669,2024-07-07,Billing,Medium,6.7,Resolved,4
TCK-012178,CUST-009669,2024-05-26,Login,Low,8.6,Resolved,5
TCK-012179,CUST-009669,2022-10-27,Security,Low,5.3,Closed,3
TCK-012180,CUST-009670,2024-04-12,Feature Request,Medium,0.9,Closed,5
TCK-012181,CUST-009670,2024-10-16,Performance,Low,30.1,Resolved,3
TCK-012182,CUST-009671,2024-04-16,Billing,High,12.8,Closed,4
TCK-012183,CUST-009672,2024-07-12,Technical,Medium,1.0,Resolved,4
TCK-012184,CUST-009672,2024-05-24,Technical,Medium,5.6,Resolved,3
TCK-012185,CUST-009672,2024-10-29,Integration,Medium,6.7,Resolved,4
TCK-012186,CUST-009674,2024-11-06,Login,Medium,12.7,Resolved,5
TCK-012187,CUST-009675,2023-07-25,Technical,Critical,88.9,Closed,5
TCK-012188,CUST-009676,2023-08-22,Integration,Medium,6.4,Resolved,5
TCK-012189,CUST-009679,2023-05-10,Login,Low,9.2,Resolved,3
TCK-012190,CUST-009679,2023-08-19,Integration,Low,1.3,Closed,4
TCK-012191,CUST-009679,2024-06-13,Security,Low,17.6,Closed,3
TCK-012192,CUST-009680,2023-06-19,Technical,Low,11.7,Closed,4
TCK-012193,CUST-009681,2024-03-27,Billing,Low,9.1,Resolved,3
TCK-012194,CUST-009682,2024-06-27,Billing,Low,29.2,Resolved,5
TCK-012195,CUST-009682,2024-10-07,Security,Critical,3.9,Resolved,1
TCK-012196,CUST-009683,2023-12-21,Billing,Low,0.5,Resolved,4
TCK-012197,CUST-009684,2024-05-05,Technical,Medium,12.4,Resolved,5
TCK-012198,CUST-009686,2024-05-14,Technical,High,22.5,Escalated,1
TCK-012199,CUST-009686,2024-07-02,Feature Request,High,13.1,Resolved,3
TCK-012200,CUST-009687,2023-05-31,Technical,Low,17.7,Closed,2
TCK-012201,CUST-009687,2023-10-07,Billing,Low,36.1,Resolved,2
TCK-012202,CUST-009689,2024-06-23,Integration,Medium,5.1,Closed,3
TCK-012203,CUST-009691,2024-10-17,Integration,High,6.7,Resolved,4
TCK-012204,CUST-009692,2023-09-25,Technical,Critical,58.6,Resolved,5
TCK-012205,CUST-009693,2024-11-16,Integration,Medium,0.7,Resolved,2
TCK-012206,CUST-009693,2024-05-09,Login,Medium,23.9,Resolved,3
TCK-012207,CUST-009694,2023-11-28,Integration,Medium,20.3,Resolved,3
TCK-012208,CUST-009694,2023-06-12,Technical,Medium,26.1,Resolved,3
TCK-012209,CUST-009695,2024-06-16,Feature Request,Medium,9.7,Resolved,2
TCK-012210,CUST-009695,2024-05-19,Billing,Low,10.8,Resolved,2
TCK-012211,CUST-009697,2024-10-15,Billing,Low,6.6,Resolved,4
TCK-012212,CUST-009697,2024-04-05,Billing,Medium,33.1,Resolved,5
TCK-012213,CUST-009698,2024-07-23,Billing,High,58.7,Closed,1
TCK-012214,CUST-009698,2023-11-20,Performance,Medium,4.9,Resolved,5
TCK-012215,CUST-009699,2024-08-06,Feature Request,High,7.2,Resolved,4
TCK-012216,CUST-009700,2024-09-04,Technical,Medium,2.3,Escalated,2
TCK-012217,CUST-009701,2024-02-15,Technical,Medium,0.5,Closed,3
TCK-012218,CUST-009702,2022-07-23,Login,Low,45.7,Resolved,3
TCK-012219,CUST-009702,2024-11-23,Performance,Low,18.8,Closed,3
TCK-012220,CUST-009703,2024-06-29,Technical,Low,30.4,Resolved,5
TCK-012221,CUST-009704,2024-08-29,Technical,Low,1.3,Resolved,4
TCK-012222,CUST-009705,2024-01-20,Security,Low,47.2,Resolved,3
TCK-012223,CUST-009706,2024-03-06,Feature Request,High,45.2,Closed,4
TCK-012224,CUST-009711,12/01/2023,Technical,Critical,49.2,Resolved,3
TCK-012225,CUST-009711,2022-12-18,Billing,Low,7.4,Escalated,1
TCK-012226,CUST-009712,2023-01-07,Billing,High,46.3,Resolved,3
TCK-012227,CUST-009713,2024-09-09,Login,Medium,1.4,Resolved,2
TCK-012228,CUST-009714,2024-07-20,Integration,Medium,13.1,Resolved,4
TCK-012229,CUST-009714,2024-02-27,Billing,Low,2.5,Resolved,4
TCK-012230,CUST-009714,2024-05-12,Billing,High,39.6,Resolved,1
TCK-012231,CUST-009714,2024-10-03,Billing,Low,22.7,Resolved,2
TCK-012232,CUST-009715,2023-06-18,Technical,Low,7.8,Resolved,5
TCK-012233,CUST-009715,2023-07-27,Login,Low,1.4,Resolved,5
TCK-012234,CUST-009716,2024-04-28,Technical,Low,44.5,Resolved,3
TCK-012235,CUST-009716,2024-11-09,Billing,Medium,18.8,Resolved,4
TCK-012236,CUST-009716,2024-11-20,Technical,Low,21.8,Resolved,4
TCK-012237,CUST-009717,2022-11-02,Technical,High,121.0,Resolved,5
TCK-012238,CUST-009718,2024-06-09,Login,Medium,0.6,Resolved,4
TCK-012239,CUST-009718,2024-08-25,Technical,Low,7.5,Closed,5
TCK-012240,CUST-009718,2023-07-27,Login,High,5.5,Resolved,4
TCK-012241,CUST-009718,24/07/2023,Technical,Low,0.5,Resolved,5
TCK-012242,CUST-009719,2023-09-06,Technical,Low,17.8,Resolved,3
TCK-012243,CUST-009719,2024-02-17,Login,Medium,34.0,Resolved,1
TCK-012244,CUST-009719,2023-12-31,Technical,Low,9.7,Resolved,4
TCK-012245,CUST-009720,2024-11-14,Security,Low,1.0,Closed,2
TCK-012246,CUST-009720,2024-04-17,Billing,Medium,23.4,Resolved,3
TCK-012247,CUST-009721,2023-09-06,Technical,Low,8.0,Closed,4
TCK-012248,CUST-009721,2023-08-10,Performance,Medium,23.2,Resolved,3
TCK-012249,CUST-009722,2024-10-28,Integration,High,20.9,Resolved,4
TCK-012250,CUST-009723,2023-02-05,Login,Low,10.1,Closed,1
TCK-012251,CUST-009724,2024-05-29,Performance,Medium,19.2,Escalated,1
TCK-012252,CUST-009724,2024-03-01,Integration,Low,39.7,Resolved,2
TCK-012253,CUST-009724,03/12/2023,Login,Medium,19.6,Pending,1
TCK-012254,CUST-009724,2024-04-17,Integration,Medium,8.3,Pending,2
TCK-012255,CUST-009724,2024-03-18,Billing,Medium,70.3,Resolved,3
TCK-012256,CUST-009726,2023-09-05,Performance,Low,13.6,Closed,5
TCK-012257,CUST-009726,2024-01-30,Security,High,44.6,Closed,5
TCK-012258,CUST-009727,2023-08-28,Technical,Low,27.1,Resolved,2
TCK-012259,CUST-009727,2023-05-31,Security,Critical,46.0,Pending,2
TCK-012260,CUST-009729,2024-05-22,Feature Request,Low,0.9,Resolved,1
TCK-012261,CUST-009729,2024-06-09,Integration,High,0.5,Resolved,2
TCK-012262,CUST-009730,2024-09-23,Billing,Low,7.0,Closed,5
TCK-012263,CUST-009731,16/11/2024,Security,Medium,8.2,Resolved,3
TCK-012264,CUST-009733,2024-02-27,Performance,Low,10.6,Resolved,2
TCK-012265,CUST-009734,2024-02-20,Performance,Medium,26.3,Resolved,2
TCK-012266,CUST-009736,2023-02-11,Technical,Medium,43.6,Closed,3
TCK-012267,CUST-009737,2024-10-22,Technical,Medium,26.2,Resolved,4
TCK-012268,CUST-009738,2024-03-05,Login,Medium,0.5,Resolved,5
TCK-012269,CUST-009739,2023-11-03,Performance,Low,9.1,Closed,5
TCK-012270,CUST-009739,2024-03-28,Billing,Medium,25.4,Resolved,4
TCK-012271,CUST-009739,2024-01-12,Technical,Medium,21.5,Resolved,1
TCK-012272,CUST-009740,2023-11-17,Integration,Medium,15.5,Resolved,5
TCK-012273,CUST-009740,2023-09-26,Technical,High,18.8,Resolved,5
TCK-012274,CUST-009740,2023-09-12,Login,Medium,3.6,Closed,2
TCK-012275,CUST-009741,2024-01-10,Login,Medium,23.5,Resolved,3
TCK-012276,CUST-009742,2024-07-09,Billing,Medium,1.7,Resolved,4
TCK-012277,CUST-009745,2023-12-17,Login,Medium,8.4,Escalated,2
TCK-012278,CUST-009745,2023-07-02,Billing,High,82.3,Resolved,4
TCK-012279,CUST-009745,2023-09-23,Billing,Medium,0.5,Resolved,5
TCK-012280,CUST-009746,2022-05-08,Login,Medium,9.2,Closed,2
TCK-012281,CUST-009747,2024-09-14,Technical,Medium,0.7,Resolved,5
TCK-012282,CUST-009748,2024-07-04,Technical,Medium,5.8,Resolved,1
TCK-012283,CUST-009749,2024-09-01,Performance,High,65.6,Resolved,4
TCK-012284,CUST-009750,2024-03-21,Login,Low,0.9,Resolved,5
TCK-012285,CUST-009750,2023-10-30,Technical,Medium,0.7,Resolved,3
TCK-012286,CUST-009751,2024-01-23,Login,Medium,18.8,Resolved,2
TCK-012287,CUST-009752,2023-08-28,Login,Low,51.0,Resolved,3
TCK-012288,CUST-009752,2023-04-16,Performance,Medium,2.0,Resolved,5
TCK-012289,CUST-009752,2024-04-15,Technical,Low,0.8,Resolved,4
TCK-012290,CUST-009752,2023-11-19,Integration,High,50.9,Resolved,3
TCK-012291,CUST-009755,2022-09-07,Technical,Low,17.6,Closed,5
TCK-012292,CUST-009757,2023-10-20,Performance,High,30.9,Resolved,1
TCK-012293,CUST-009757,2023-10-10,Billing,Low,18.5,Closed,1
TCK-012294,CUST-009757,2023-10-08,Technical,Low,33.1,Closed,1
TCK-012295,CUST-009757,2023-12-04,Technical,Low,2.8,Resolved,4
TCK-012296,CUST-009758,2024-03-12,Performance,Low,5.5,Closed,4
TCK-012297,CUST-009758,2024-04-26,Login,High,7.5,Resolved,5
TCK-012298,CUST-009759,2023-11-30,Technical,Medium,23.4,Closed,1
TCK-012299,CUST-009760,2024-08-08,Technical,Low,5.7,Closed,1
TCK-012300,CUST-009760,2024-04-03,Billing,Medium,56.4,Escalated,1
TCK-012301,CUST-009761,2024-05-20,Feature Request,Low,23.7,Resolved,5
TCK-012302,CUST-009762,2022-03-03,Performance,Medium,25.0,Resolved,1
TCK-012303,CUST-009762,2023-08-05,Billing,Medium,13.8,Resolved,1
TCK-012304,CUST-009762,2024-05-26,Billing,Low,16.7,Pending,1
TCK-012305,CUST-009762,2024-01-06,Security,Medium,35.4,Resolved,1
TCK-012306,CUST-009762,2024-02-19,Billing,Low,5.1,Resolved,1
TCK-012307,CUST-009764,2024-03-27,Technical,Low,4.8,Closed,4
TCK-012308,CUST-009764,2024-02-23,Billing,Medium,2.9,Resolved,4
TCK-012309,CUST-009765,2023-08-14,Billing,Low,17.9,Resolved,3
TCK-012310,CUST-009765,2023-08-12,Technical,Medium,67.1,Pending,1
TCK-012311,CUST-009765,2023-08-11,Security,High,33.3,Closed,1
TCK-012312,CUST-009766,20/08/2023,Technical,High,8.6,Closed,3
TCK-012313,CUST-009766,2023-02-05,Security,Medium,10.6,Resolved,3
TCK-012314,CUST-009766,2022-09-09,Technical,Low,60.0,Resolved,2
TCK-012315,CUST-009767,2024-02-10,Login,Medium,12.8,Resolved,3
TCK-012316,CUST-009767,2024-04-07,Billing,Low,38.8,Resolved,2
TCK-012317,CUST-009768,2024-08-19,Login,Low,5.9,Resolved,4
TCK-012318,CUST-009769,2023-07-23,Performance,Low,12.0,Resolved,2
TCK-012319,CUST-009769,2023-04-12,Integration,Medium,8.2,Escalated,2
TCK-012320,CUST-009769,2023-04-04,Login,Low,17.5,Closed,1
TCK-012321,CUST-009769,2023-08-20,Performance,Low,2.4,Resolved,1
TCK-012322,CUST-009771,2024-10-10,Performance,Low,18.0,Resolved,5
TCK-012323,CUST-009772,2023-06-22,Performance,Medium,22.0,Resolved,1
TCK-012324,CUST-009773,2024-02-01,Login,Medium,1.6,Pending,2
TCK-012325,CUST-009775,2024-07-25,Integration,Low,31.2,Resolved,5
TCK-012326,CUST-009775,02/09/2024,Performance,High,11.7,Resolved,5
TCK-012327,CUST-009775,2024-08-16,Technical,Medium,31.2,Resolved,5
TCK-012328,CUST-009776,2024-11-29,Technical,Critical,14.3,Resolved,2
TCK-012329,CUST-009776,2022-09-21,Technical,Medium,5.8,Resolved,3
TCK-012330,CUST-009778,2024-11-11,Technical,Medium,3.8,Resolved,3
TCK-012331,CUST-009781,2024-09-05,Technical,Medium,11.7,Pending,2
TCK-012332,CUST-009782,2022-06-28,Billing,Medium,17.5,Closed,1
TCK-012333,CUST-009782,2022-07-18,Login,Medium,10.2,Pending,2
TCK-012334,CUST-009782,2022-07-12,Performance,Low,7.9,Closed,2
TCK-012335,CUST-009783,2023-07-26,Login,Medium,10.4,Resolved,3
TCK-012336,CUST-009784,2022-05-03,Technical,High,37.0,Resolved,1
TCK-012337,CUST-009787,2024-02-20,Security,Medium,11.1,Resolved,4
TCK-012338,CUST-009787,18/09/2023,Performance,Medium,2.3,Closed,3
TCK-012339,CUST-009788,2024-03-25,Login,Low,17.6,Resolved,1
TCK-012340,CUST-009789,2024-06-29,Technical,Critical,51.6,Resolved,2
TCK-012341,CUST-009790,2024-04-16,Technical,Low,16.4,Closed,4
TCK-012342,CUST-009791,2023-12-12,Performance,High,20.1,Resolved,1
TCK-012343,CUST-009791,2024-02-27,Technical,High,7.3,Pending,1
TCK-012344,CUST-009791,2023-06-24,Integration,Medium,21.6,Resolved,4
TCK-012345,CUST-009793,2022-08-06,Performance,Low,1.7,Resolved,2
TCK-012346,CUST-009794,2022-06-23,Login,Medium,16.8,Escalated,1
TCK-012347,CUST-009796,2024-03-20,Feature Request,Low,31.1,Resolved,1
TCK-012348,CUST-009796,2024-05-25,Technical,Low,59.5,Closed,3
TCK-012349,CUST-009796,2024-04-08,Performance,Low,12.0,Pending,1
TCK-012350,CUST-009796,2024-05-04,Billing,Low,12.5,Resolved,3
TCK-012351,CUST-009799,2024-12-11,Login,Low,0.5,Closed,2
TCK-012352,CUST-009799,2024-09-04,Feature Request,Low,5.3,Resolved,3
TCK-012353,CUST-009801,2024-01-15,Technical,Low,30.1,Closed,2
TCK-012354,CUST-009801,2024-07-07,Technical,Low,33.3,Pending,1
TCK-012355,CUST-009801,2023-06-21,Billing,Medium,58.9,Pending,1
TCK-012356,CUST-009801,2023-12-06,Billing,Low,6.3,Closed,1
TCK-012357,CUST-009802,2022-07-04,Billing,Low,10.1,Pending,2
TCK-012358,CUST-009802,2022-07-01,Billing,Low,36.9,Closed,2
TCK-012359,CUST-009802,2022-06-30,Feature Request,High,8.1,Escalated,3
TCK-012360,CUST-009803,2023-10-07,Technical,Low,21.4,Closed,4
TCK-012361,CUST-009803,2024-06-18,Performance,Low,10.9,Resolved,2
TCK-012362,CUST-009805,2023-04-02,Login,Medium,5.4,Closed,3
TCK-012363,CUST-009805,2024-02-21,Integration,Low,8.7,Resolved,2
TCK-012364,CUST-009807,2024-12-04,Feature Request,Medium,18.0,Resolved,3
TCK-012365,CUST-009807,2024-03-11,Billing,Medium,4.0,Closed,4
TCK-012366,CUST-009808,2023-09-24,Billing,Low,4.1,Closed,4
TCK-012367,CUST-009808,2024-11-18,Technical,Critical,33.1,Closed,3
TCK-012368,CUST-009809,2023-07-08,Technical,Low,5.1,Resolved,3
TCK-012369,CUST-009809,2024-08-21,Technical,High,18.0,Closed,3
TCK-012370,CUST-009810,2024-10-20,Technical,Low,21.1,Closed,4
TCK-012371,CUST-009813,2023-07-24,Performance,Medium,11.9,Resolved,2
TCK-012372,CUST-009814,2024-08-02,Technical,Medium,12.5,Pending,3
TCK-012373,CUST-009815,2023-11-09,Technical,Critical,39.9,Resolved,1
TCK-012374,CUST-009815,07/11/2023,Billing,Critical,5.3,Resolved,1
TCK-012375,CUST-009816,2024-03-22,Login,Medium,5.4,Resolved,4
TCK-012376,CUST-009818,2024-07-05,Technical,Medium,26.9,Closed,1
TCK-012377,CUST-009818,2024-06-27,Technical,Medium,22.8,Closed,2
TCK-012378,CUST-009820,2022-12-26,Billing,Low,0.5,Resolved,3
TCK-012379,CUST-009821,2022-05-09,Login,Medium,14.4,Closed,2
TCK-012380,CUST-009822,2023-08-04,Technical,Low,7.7,Escalated,1
TCK-012381,CUST-009823,2024-07-11,Technical,Low,27.3,Resolved,2
TCK-012382,CUST-009823,2024-10-09,Feature Request,Critical,8.0,Resolved,5
TCK-012383,CUST-009825,2024-08-05,Billing,Medium,3.4,Resolved,5
TCK-012384,CUST-009826,2022-11-18,Technical,Medium,0.8,Resolved,2
TCK-012385,CUST-009827,2024-12-03,Feature Request,Medium,5.2,Resolved,2
TCK-012386,CUST-009828,2024-07-20,Billing,Medium,3.9,Resolved,2
TCK-012387,CUST-009829,2024-03-16,Integration,High,4.1,Closed,3
TCK-012388,CUST-009830,2023-01-05,Technical,Low,0.5,Escalated,1
TCK-012389,CUST-009831,2024-08-25,Security,Critical,19.8,Resolved,4
TCK-012390,CUST-009831,2024-09-29,Technical,Medium,5.1,Resolved,4
TCK-012391,CUST-009832,2024-06-14,Integration,Medium,0.7,Escalated,1
TCK-012392,CUST-009832,2024-05-30,Performance,Low,27.5,Closed,4
TCK-012393,CUST-009833,2023-02-23,Performance,Medium,48.1,Resolved,5
TCK-012394,CUST-009833,2023-03-02,Technical,Low,62.3,Resolved,2
TCK-012395,CUST-009834,2022-09-02,Login,Low,19.4,Resolved,1
TCK-012396,CUST-009835,2022-10-29,Technical,Critical,9.7,Closed,2
TCK-012397,CUST-009835,2023-06-19,Login,Medium,1.4,Resolved,2
TCK-012398,CUST-009836,2024-04-15,Technical,Critical,34.7,Resolved,5
TCK-012399,CUST-009837,30/01/2024,Feature Request,High,44.0,Resolved,2
TCK-012400,CUST-009837,2024-06-27,Billing,Medium,7.8,Closed,2
TCK-012401,CUST-009838,2024-08-29,Technical,Low,24.1,Resolved,4
TCK-012402,CUST-009838,2024-10-17,Integration,Medium,1.2,Resolved,4
TCK-012403,CUST-009839,2024-05-10,Billing,Medium,999.9,Resolved,4
TCK-012404,CUST-009841,2022-09-11,Billing,Medium,6.2,Closed,1
TCK-012405,CUST-009841,2022-09-19,Billing,Medium,1.0,Closed,5
TCK-012406,CUST-009841,2022-06-05,Technical,Critical,15.1,Resolved,2
TCK-012407,CUST-009841,2022-12-20,Technical,High,64.7,Resolved,2
TCK-012408,CUST-009841,2022-08-04,Technical,Low,45.2,Resolved,2
TCK-012409,CUST-009842,2024-07-26,Login,Low,11.8,Resolved,5
TCK-012410,CUST-009843,2024-06-17,Technical,Medium,14.0,Closed,3
TCK-012411,CUST-009845,2024-06-03,Technical,Low,7.8,Resolved,4
TCK-012412,CUST-009845,2023-08-31,Technical,Medium,17.0,Resolved,4
TCK-012413,CUST-009846,2024-05-02,Technical,High,10.3,Resolved,1
TCK-012414,CUST-009849,2022-06-11,Billing,Medium,5.3,Closed,4
TCK-012415,CUST-009850,2023-11-23,Performance,Low,3.7,Closed,4
TCK-012416,CUST-009850,2022-01-30,Billing,Low,2.3,Closed,5
TCK-012417,CUST-009851,2024-04-29,Integration,High,4.0,Resolved,3
TCK-012418,CUST-009851,2024-05-27,Integration,Low,30.1,Resolved,2
TCK-012419,CUST-009851,2024-07-27,Login,Medium,21.0,Resolved,5
TCK-012420,CUST-009852,2024-10-04,Billing,Low,0.8,Closed,4
TCK-012421,CUST-009853,2023-11-02,Login,Medium,16.2,Closed,4
TCK-012422,CUST-009853,2024-04-18,Technical,Medium,44.9,Resolved,4
TCK-012423,CUST-009854,2024-07-04,Technical,Low,14.4,Resolved,5
TCK-012424,CUST-009854,2024-11-05,Billing,Medium,11.4,Closed,3
TCK-012425,CUST-009854,2024-09-01,Technical,Medium,18.0,Resolved,4
TCK-012426,CUST-009855,2023-11-07,Login,Low,8.7,Resolved,4
TCK-012427,CUST-009856,2024-09-03,Performance,Low,3.1,Resolved,1
TCK-012428,CUST-009857,2022-08-12,Billing,Medium,1.9,Resolved,4
TCK-012429,CUST-009857,2022-11-16,Security,Medium,3.2,Resolved,1
TCK-012430,CUST-009857,2022-10-15,Technical,Medium,4.4,Closed,1
TCK-012431,CUST-009859,2024-09-20,Technical,Medium,3.0,Resolved,5
TCK-012432,CUST-009861,2024-10-25,Billing,Low,3.9,Resolved,4
TCK-012433,CUST-009861,2023-10-15,Technical,Critical,71.7,Resolved,3
TCK-012434,CUST-009863,2022-12-08,Feature Request,Medium,46.0,Escalated,3
TCK-012435,CUST-009863,2023-09-25,Technical,Medium,80.4,Closed,1
TCK-012436,CUST-009863,2023-01-07,Security,Critical,80.7,Closed,2
TCK-012437,CUST-009863,2022-12-26,Technical,Medium,49.0,Closed,1
TCK-012438,CUST-009864,2023-01-14,Login,Medium,32.2,Resolved,2
TCK-012439,CUST-009868,2023-05-25,Performance,Medium,999.9,Resolved,4
TCK-012440,CUST-009868,2024-06-30,Technical,Medium,1.4,Resolved,5
TCK-012441,CUST-009869,2023-01-01,Performance,Medium,0.5,Resolved,2
TCK-012442,CUST-009869,2024-06-20,Security,Medium,8.1,Closed,5
TCK-012443,CUST-009870,2022-10-11,Billing,High,15.7,Escalated,1
TCK-012444,CUST-009870,2022-10-03,Billing,Low,20.4,Resolved,2
TCK-012445,CUST-009870,2022-10-13,Billing,Medium,68.3,Resolved,1
TCK-012446,CUST-009873,2024-05-15,Performance,High,41.6,Closed,5
TCK-012447,CUST-009873,2024-09-28,Performance,Low,46.4,Resolved,3
TCK-012448,CUST-009873,2024-03-02,Billing,Medium,3.9,Resolved,4
TCK-012449,CUST-009875,2024-03-14,Technical,Medium,17.8,Resolved,4
TCK-012450,CUST-009878,2024-05-25,Technical,Low,37.7,Closed,1
TCK-012451,CUST-009879,2024-02-13,Technical,Low,24.3,Resolved,2
TCK-012452,CUST-009880,2023-10-26,Billing,Medium,3.5,Resolved,5
TCK-012453,CUST-009880,2024-08-09,Technical,Medium,12.3,Resolved,5
TCK-012454,CUST-009880,2024-03-08,Performance,Low,3.1,Resolved,3
TCK-012455,CUST-009881,2023-12-13,Technical,Low,15.5,Resolved,2
TCK-012456,CUST-009882,2022-11-16,Integration,Low,17.1,Resolved,2
TCK-012457,CUST-009882,2024-06-02,Technical,Medium,7.3,Resolved,4
TCK-012458,CUST-009883,2024-05-26,Technical,High,52.6,Resolved,4
TCK-012459,CUST-009883,2024-07-17,Integration,Low,22.7,Resolved,4
TCK-012460,CUST-009884,2023-10-15,Technical,Medium,6.1,Resolved,5
TCK-012461,CUST-009884,2023-06-30,Technical,High,10.8,Resolved,2
TCK-012462,CUST-009885,2024-06-05,Performance,Medium,164.8,Resolved,1
TCK-012463,CUST-009886,2022-03-28,Integration,Medium,1.3,Escalated,1
TCK-012464,CUST-009886,2022-05-07,Technical,Low,25.9,Escalated,2
TCK-012465,CUST-009886,2022-03-19,Technical,Medium,18.8,Closed,2
TCK-012466,CUST-009889,2024-05-09,Login,Medium,25.1,Closed,3
TCK-012467,CUST-009890,2022-04-09,Login,High,6.9,Closed,2
TCK-012468,CUST-009890,2024-10-31,Billing,Low,14.2,Resolved,3
TCK-012469,CUST-009891,2024-06-20,Performance,High,7.9,Resolved,2
TCK-012470,CUST-009891,2024-07-15,Feature Request,Low,9.3,Resolved,4
TCK-012471,CUST-009893,2022-10-20,Technical,Low,2.1,Resolved,3
TCK-012472,CUST-009894,2023-08-23,Technical,Medium,7.3,Resolved,2
TCK-012473,CUST-009894,2023-10-26,Performance,Low,6.0,Resolved,5
TCK-012474,CUST-009899,2024-12-08,Performance,Low,10.7,Closed,4
TCK-012475,CUST-009901,2022-06-06,Security,High,18.2,Resolved,5
TCK-012476,CUST-009902,2023-10-07,Billing,High,40.5,Closed,5
TCK-012477,CUST-009903,2022-12-09,Performance,High,5.6,Resolved,5
TCK-012478,CUST-009903,2024-06-23,Technical,Medium,5.4,Closed,5
TCK-012479,CUST-009904,2023-09-19,Billing,Medium,7.2,Resolved,2
TCK-012480,CUST-009906,2024-09-16,Billing,High,98.4,Resolved,4
TCK-012481,CUST-009906,2022-09-09,Login,Medium,12.7,Resolved,4
TCK-012482,CUST-009908,2024-05-25,Billing,High,229.8,Escalated,1
TCK-012483,CUST-009908,2024-05-14,Integration,High,149.6,Resolved,1
TCK-012484,CUST-009908,2024-08-26,Technical,Medium,5.6,Resolved,1
TCK-012485,CUST-009909,2024-05-05,Integration,Medium,1.2,Resolved,3
TCK-012486,CUST-009910,2024-03-24,Technical,Low,18.0,Closed,1
TCK-012487,CUST-009911,2023-11-23,Billing,Medium,0.5,Resolved,5
TCK-012488,CUST-009912,2024-04-17,Performance,Low,11.8,Closed,3
TCK-012489,CUST-009912,2024-03-05,Billing,Low,5.3,Resolved,4
TCK-012490,CUST-009914,2024-08-20,Feature Request,High,39.0,Closed,4
TCK-012491,CUST-009914,2023-09-11,Login,High,149.5,Pending,2
TCK-012492,CUST-009915,2023-10-20,Integration,Low,4.8,Resolved,3
TCK-012493,CUST-009915,2024-02-08,Performance,Medium,9.8,Closed,4
TCK-012494,CUST-009916,2024-07-02,Login,High,51.2,Resolved,2
TCK-012495,CUST-009916,2024-06-01,Login,Low,33.2,Resolved,3
TCK-012496,CUST-009916,2024-05-15,Technical,Critical,33.6,Resolved,1
TCK-012497,CUST-009916,2024-04-25,Login,Low,63.8,Resolved,3
TCK-012498,CUST-009916,2024-06-15,Technical,Low,5.5,Escalated,1
TCK-012499,CUST-009917,2024-02-06,Performance,Low,21.6,Resolved,2
TCK-012500,CUST-009917,2024-05-06,Technical,High,24.5,Resolved,5
TCK-012501,CUST-009921,2023-03-31,Billing,High,53.6,Resolved,5
TCK-012502,CUST-009922,2024-08-14,Billing,High,3.3,Resolved,4
TCK-012503,CUST-009922,2024-08-23,Billing,Medium,8.8,Resolved,5
TCK-012504,CUST-009922,2023-11-19,Login,Medium,3.0,Resolved,3
TCK-012505,CUST-009925,2023-04-11,Integration,Critical,2.2,Resolved,2
TCK-012506,CUST-009925,2024-10-25,Billing,Low,14.0,Resolved,3
TCK-012507,CUST-009926,2024-03-19,Integration,Low,11.4,Escalated,1
TCK-012508,CUST-009926,2024-03-21,Integration,High,63.7,Resolved,1
TCK-012509,CUST-009927,2024-06-30,Performance,Low,4.4,Closed,5
TCK-012510,CUST-009927,2023-06-07,Technical,Critical,11.0,Closed,4
TCK-012511,CUST-009928,2023-08-06,Login,Medium,22.3,Closed,4
TCK-012512,CUST-009929,2023-10-05,Billing,Medium,59.4,Closed,3
TCK-012513,CUST-009929,2023-10-01,Login,Medium,20.8,Resolved,5
TCK-012514,CUST-009930,2024-07-19,Technical,Medium,12.7,Resolved,2
TCK-012515,CUST-009931,2024-11-07,Technical,Low,2.0,Resolved,2
TCK-012516,CUST-009932,2022-10-16,Login,Low,5.2,Resolved,2
TCK-012517,CUST-009933,2023-12-24,Feature Request,Medium,7.3,Closed,3
TCK-012518,CUST-009933,2022-10-24,Billing,Medium,11.9,Resolved,5
TCK-012519,CUST-009933,2024-03-09,Billing,Low,1.6,Resolved,3
TCK-012520,CUST-009934,2024-11-19,Integration,Medium,11.0,Resolved,5
TCK-012521,CUST-009937,2023-08-05,Technical,Medium,2.2,Resolved,1
TCK-012522,CUST-009937,09/10/2023,Billing,Medium,43.5,Resolved,2
TCK-012523,CUST-009939,2023-02-20,Technical,Medium,8.9,Resolved,2
TCK-012524,CUST-009940,2023-06-12,Technical,Low,25.5,Resolved,1
TCK-012525,CUST-009942,2023-10-25,Technical,Low,25.1,Resolved,5
TCK-012526,CUST-009943,2024-07-30,Technical,Medium,1.7,Resolved,4
TCK-012527,CUST-009944,2022-07-21,Technical,Medium,3.4,Resolved,4
TCK-012528,CUST-009946,2023-11-03,Performance,Low,104.1,Closed,2
TCK-012529,CUST-009946,2022-08-22,Login,Medium,14.6,Resolved,3
TCK-012530,CUST-009947,2022-07-08,Integration,Medium,1.7,Resolved,5
TCK-012531,CUST-009947,2023-05-14,Billing,Medium,16.7,Resolved,5
TCK-012532,CUST-009947,2023-01-14,Billing,Medium,19.4,Resolved,2
TCK-012533,CUST-009948,2023-08-14,Billing,Low,182.5,Resolved,2
TCK-012534,CUST-009951,2024-08-09,Performance,Medium,3.0,Resolved,2
TCK-012535,CUST-009952,2023-12-27,Technical,Low,19.6,Resolved,5
TCK-012536,CUST-009954,2023-12-01,Login,High,79.8,Resolved,5
TCK-012537,CUST-009956,2023-06-29,Billing,Low,3.2,Resolved,5
TCK-012538,CUST-009956,2023-02-11,Performance,Low,28.1,Closed,5
TCK-012539,CUST-009957,2023-12-18,Technical,High,3.9,Escalated,2
TCK-012540,CUST-009957,2023-11-08,Performance,Medium,47.8,Resolved,3
TCK-012541,CUST-009957,2023-11-03,Integration,Low,8.0,Escalated,3
TCK-012542,CUST-009957,2023-08-06,Performance,Low,11.8,Closed,2
TCK-012543,CUST-009957,2024-01-04,Integration,Low,18.3,Resolved,4
TCK-012544,CUST-009957,2023-03-28,Performance,Medium,29.3,Resolved,2
TCK-012545,CUST-009957,2023-09-23,Billing,Medium,5.1,Closed,2
TCK-012546,CUST-009957,2024-02-03,Billing,Medium,58.4,Resolved,2
TCK-012547,CUST-009958,2022-10-02,Technical,Low,5.8,Resolved,3
TCK-012548,CUST-009959,2024-08-30,Integration,Medium,57.7,Resolved,4
TCK-012549,CUST-009962,2024-09-12,Login,Medium,2.4,Resolved,4
TCK-012550,CUST-009963,2024-09-07,Login,Medium,15.5,Resolved,3
TCK-012551,CUST-009964,2024-09-24,Billing,Low,12.7,Resolved,2
TCK-012552,CUST-009967,2024-05-26,Billing,Medium,17.1,Resolved,3
TCK-012553,CUST-009968,2024-04-01,Performance,Low,5.5,Resolved,5
TCK-012554,CUST-009968,2024-03-12,Technical,Critical,12.0,Resolved,5
TCK-012555,CUST-009970,2024-10-07,Technical,High,99.7,Closed,3
TCK-012556,CUST-009971,2023-07-04,Billing,Low,4.5,Resolved,2
TCK-012557,CUST-009971,2024-03-03,Performance,High,1.6,Resolved,4
TCK-012558,CUST-009972,2024-12-06,Security,High,78.1,Resolved,3
TCK-012559,CUST-009972,2023-04-29,Billing,Low,1.1,Resolved,2
TCK-012560,CUST-009972,2023-01-28,Integration,High,30.6,Escalated,1
TCK-012561,CUST-009972,2024-11-25,Login,Low,10.9,Resolved,3
TCK-012562,CUST-009972,09/09/2023,Feature Request,High,30.2,Closed,3
TCK-012563,CUST-009973,2024-08-21,Billing,High,1.0,Resolved,1
TCK-012564,CUST-009973,2023-12-17,Billing,Low,5.3,Closed,5
TCK-012565,CUST-009974,2022-03-23,Technical,Low,16.8,Resolved,4
TCK-012566,CUST-009977,2024-11-10,Billing,Low,12.3,Resolved,2
TCK-012567,CUST-009977,2024-02-19,Security,Medium,14.8,Resolved,4
TCK-012568,CUST-009978,2024-06-10,Billing,Low,3.1,Resolved,5
TCK-012569,CUST-009979,2024-07-26,Login,Medium,24.0,Closed,4
TCK-012570,CUST-009982,2023-12-28,Performance,High,17.6,Resolved,4
TCK-012571,CUST-009983,2023-09-22,Login,Critical,43.8,Resolved,4
TCK-012572,CUST-009983,2024-06-03,Technical,Medium,24.7,Resolved,2
TCK-012573,CUST-009985,2023-11-18,Billing,Medium,5.4,Resolved,2
TCK-012574,CUST-009985,2023-10-10,Billing,Medium,999.9,Resolved,3
TCK-012575,CUST-009985,2023-12-04,Billing,Critical,17.1,Resolved,2
TCK-012576,CUST-009988,2024-09-23,Login,Medium,33.1,Resolved,5
TCK-012577,CUST-009993,2024-04-15,Performance,Low,14.7,Resolved,5
TCK-012578,CUST-009994,2023-06-17,Login,Medium,2.7,Resolved,3
TCK-012579,CUST-009996,2024-07-07,Billing,Medium,10.5,Resolved,4
TCK-012580,CUST-009996,2024-10-07,Billing,Medium,4.5,Resolved,4
TCK-012581,CUST-009997,2023-03-04,Billing,Low,5.4,Resolved,4
TCK-012582,CUST-009997,2024-12-01,Technical,Low,35.9,Closed,4
TCK-012583,CUST-009997,2024-02-02,Technical,Medium,2.3,Resolved,2
TCK-012584,CUST-009999,2024-04-23,Billing,Medium,12.7,Closed,4
TCK-012585,CUST-010002,2023-10-26,Technical,Medium,2.9,Resolved,3
TCK-012586,CUST-010004,2023-07-08,Technical,Medium,7.1,Resolved,5
TCK-012587,CUST-010004,2024-04-16,Performance,Critical,34.2,Closed,3
TCK-012588,CUST-010005,2023-05-07,Billing,Low,12.0,Resolved,3
TCK-012589,CUST-010006,2024-09-17,Feature Request,Low,29.1,Closed,5
TCK-012590,CUST-010007,2022-11-05,Login,Medium,7.8,Closed,1
TCK-012591,CUST-010007,2022-08-04,Performance,Low,9.2,Resolved,1
TCK-012592,CUST-010008,2022-11-07,Feature Request,Low,9.7,Resolved,5
TCK-012593,CUST-010009,2024-04-25,Feature Request,High,22.4,Resolved,5
TCK-012594,CUST-010010,2023-04-29,Feature Request,Low,14.3,Resolved,4
TCK-012595,CUST-010010,2023-11-26,Technical,Low,6.8,Resolved,2
TCK-012596,CUST-010011,2023-04-16,Billing,Medium,2.5,Resolved,5
TCK-012597,CUST-010013,2024-01-08,Integration,Low,5.7,Pending,2
TCK-012598,CUST-010015,2023-07-06,Billing,Medium,4.8,Resolved,2
TCK-012599,CUST-010015,2024-04-26,Performance,Medium,21.3,Resolved,5
TCK-012600,CUST-010015,2023-08-01,Performance,Low,14.4,Resolved,5
TCK-012601,CUST-010017,2023-06-17,Billing,Low,17.7,Resolved,2
TCK-012602,CUST-010018,2023-12-23,Login,High,113.0,Closed,2
TCK-012603,CUST-010019,2024-01-26,Integration,Low,35.5,Pending,1
TCK-012604,CUST-010019,2024-02-26,Login,Low,31.1,Resolved,3
TCK-012605,CUST-010019,2024-02-15,Integration,Low,80.6,Closed,3
TCK-012606,CUST-010020,28/04/2024,Login,High,4.1,Resolved,2
TCK-012607,CUST-010021,2023-07-05,Login,Medium,25.1,Pending,2
TCK-012608,CUST-010021,2023-07-07,Performance,Low,25.1,Pending,3
TCK-012609,CUST-010023,2024-03-08,Billing,Low,15.1,Resolved,4
TCK-012610,CUST-010024,2024-10-30,Login,Low,18.7,Resolved,5
TCK-012611,CUST-010025,2023-09-09,Technical,Low,55.1,Escalated,1
TCK-012612,CUST-010025,2023-10-31,Performance,Medium,13.3,Closed,3
TCK-012613,CUST-010026,2024-07-27,Login,Medium,5.4,Pending,2
TCK-012614,CUST-010027,2022-11-07,Technical,Medium,3.4,Pending,3
TCK-012615,CUST-010027,2022-11-08,Technical,Medium,35.7,Pending,1
TCK-012616,CUST-010027,2022-10-31,Technical,Low,11.6,Resolved,2
TCK-012617,CUST-010027,2022-10-17,Billing,Medium,1.1,Closed,4
TCK-012618,CUST-010028,2023-04-07,Login,Low,5.5,Closed,1
TCK-012619,CUST-010029,2024-04-06,Feature Request,Low,22.3,Resolved,5
TCK-012620,CUST-010030,2024-09-26,Performance,Critical,56.7,Resolved,5
TCK-012621,CUST-010031,2024-10-06,Billing,Medium,0.5,Resolved,5
TCK-012622,CUST-010031,2024-06-19,Feature Request,Medium,14.6,Resolved,4
TCK-012623,CUST-010031,2023-04-11,Login,Low,2.3,Resolved,4
TCK-012624,CUST-010032,2024-09-21,Technical,Low,9.6,Resolved,3
TCK-012625,CUST-010033,2023-06-25,Technical,Critical,6.0,Closed,3
TCK-012626,CUST-010033,22/09/2024,Technical,Low,37.3,Resolved,5
TCK-012627,CUST-010034,2024-05-06,Performance,Low,4.0,Resolved,3
TCK-012628,CUST-010034,2024-11-21,Integration,Medium,34.0,Resolved,4
TCK-012629,CUST-010035,2023-10-10,Login,High,74.7,Resolved,1
TCK-012630,CUST-010036,2024-11-28,Performance,Medium,4.8,Resolved,3
TCK-012631,CUST-010038,2024-04-17,Billing,High,11.3,Resolved,4
TCK-012632,CUST-010038,2024-05-24,Technical,Low,9.1,Resolved,5
TCK-012633,CUST-010038,2023-11-22,Billing,Medium,2.3,Resolved,4
TCK-012634,CUST-010039,2023-01-27,Billing,Low,1.6,Resolved,5
TCK-012635,CUST-010040,2023-10-06,Billing,Medium,13.7,Resolved,5
TCK-012636,CUST-010040,2023-06-12,Login,Medium,7.2,Closed,3
TCK-012637,CUST-010041,2024-11-12,Technical,Low,8.1,Resolved,2
TCK-012638,CUST-010044,2024-01-13,Feature Request,Medium,17.8,Resolved,5
TCK-012639,CUST-010044,2024-02-13,Technical,Medium,5.6,Resolved,5
TCK-012640,CUST-010046,2024-11-09,Technical,Low,19.1,Resolved,5
TCK-012641,CUST-010049,2023-06-03,Technical,Critical,6.2,Resolved,4
TCK-012642,CUST-010049,2022-12-03,Billing,Medium,4.0,Resolved,5
TCK-012643,CUST-010050,2023-05-18,Technical,Low,26.8,Resolved,3
TCK-012644,CUST-010050,2022-10-26,Performance,Medium,21.4,Closed,5
TCK-012645,CUST-010051,2024-08-30,Technical,Critical,8.2,Resolved,4
TCK-012646,CUST-010051,2024-07-02,Security,High,36.4,Resolved,3
TCK-012647,CUST-010052,2023-06-25,Performance,Medium,8.3,Closed,1
TCK-012648,CUST-010052,2024-11-23,Feature Request,Medium,11.1,Closed,4
TCK-012649,CUST-010052,2024-04-30,Performance,High,40.9,Resolved,4
TCK-012650,CUST-010053,2022-06-03,Integration,Medium,36.9,Resolved,5
TCK-012651,CUST-010053,2022-09-11,Performance,Low,12.2,Resolved,4
TCK-012652,CUST-010053,2024-11-01,Security,Medium,52.5,Closed,3
TCK-012653,CUST-010055,2022-06-21,Billing,Low,5.5,Closed,1
TCK-012654,CUST-010056,2023-07-25,Performance,Low,0.5,Resolved,5
TCK-012655,CUST-010058,2023-01-09,Technical,Medium,10.7,Resolved,2
TCK-012656,CUST-010058,2024-01-07,Billing,Low,8.6,Resolved,2
TCK-012657,CUST-010058,2024-01-20,Feature Request,High,59.6,Resolved,3
TCK-012658,CUST-010059,2024-06-19,Technical,Low,52.6,Resolved,3
TCK-012659,CUST-010059,2024-06-30,Login,Low,38.6,Closed,1
TCK-012660,CUST-010059,2024-06-19,Performance,Critical,5.5,Escalated,2
TCK-012661,CUST-010060,2023-06-22,Integration,High,61.1,Pending,1
TCK-012662,CUST-010063,2024-04-27,Technical,Medium,25.4,Resolved,2
TCK-012663,CUST-010063,2023-09-08,Login,Critical,23.4,Pending,2
TCK-012664,CUST-010063,2024-07-18,Billing,Medium,49.7,Pending,1
TCK-012665,CUST-010064,2024-11-14,Technical,Medium,39.3,Resolved,5
TCK-012666,CUST-010064,2024-06-16,Security,Critical,1.5,Resolved,4
TCK-012667,CUST-010065,2023-09-01,Billing,Low,37.2,Resolved,1
TCK-012668,CUST-010065,2024-05-21,Billing,Medium,15.0,Resolved,2
TCK-012669,CUST-010067,2023-09-29,Billing,Medium,30.1,Resolved,5
TCK-012670,CUST-010069,2022-08-28,Technical,Medium,37.6,Pending,1
TCK-012671,CUST-010069,2022-09-15,Feature Request,Low,5.3,Closed,5
TCK-012672,CUST-010070,2024-03-01,Technical,High,31.8,Closed,3
TCK-012673,CUST-010070,2023-07-31,Integration,Low,28.8,Resolved,2
TCK-012674,CUST-010070,2023-02-22,Performance,High,17.0,Closed,5
TCK-012675,CUST-010072,2024-02-09,Integration,Low,46.9,Closed,1
TCK-012676,CUST-010072,2023-12-20,Billing,Low,2.9,Resolved,1
TCK-012677,CUST-010073,2024-11-03,Billing,Low,0.5,Resolved,4
TCK-012678,CUST-010073,2024-12-25,Technical,Medium,21.0,Resolved,5
TCK-012679,CUST-010076,2024-10-31,Login,Low,2.7,Resolved,4
TCK-012680,CUST-010077,2024-04-08,Login,Medium,6.0,Resolved,4
TCK-012681,CUST-010078,2023-02-08,Billing,Medium,24.9,Closed,4
TCK-012682,CUST-010080,2023-04-10,Technical,Low,28.1,Closed,2
TCK-012683,CUST-010082,2024-03-29,Security,Medium,8.4,Closed,3
TCK-012684,CUST-010082,2023-04-18,Technical,Low,1.8,Resolved,4
TCK-012685,CUST-010082,2023-09-09,Performance,Medium,42.3,Resolved,4
TCK-012686,CUST-010082,2024-09-30,Performance,Medium,54.3,Resolved,4
TCK-012687,CUST-010082,2023-12-21,Login,Critical,18.3,Resolved,3
TCK-012688,CUST-010083,2023-01-02,Billing,Medium,22.2,Resolved,5
TCK-012689,CUST-010084,2024-01-02,Feature Request,Medium,9.1,Closed,4
TCK-012690,CUST-010084,2024-10-28,Technical,Low,14.7,Resolved,4
TCK-012691,CUST-010084,27/08/2024,Billing,High,2.4,Closed,4
TCK-012692,CUST-010086,2022-09-19,Login,Critical,0.6,Resolved,5
TCK-012693,CUST-010087,2024-02-29,Login,Medium,19.1,Resolved,3
TCK-012694,CUST-010088,2024-09-20,Technical,Medium,38.1,Resolved,3
TCK-012695,CUST-010089,2023-10-30,Performance,Medium,0.5,Resolved,4
TCK-012696,CUST-010090,2024-03-24,Technical,Low,5.2,Pending,2
TCK-012697,CUST-010090,2024-04-03,Integration,Low,97.4,Pending,1
TCK-012698,CUST-010090,2023-12-11,Billing,Medium,46.2,Escalated,2
TCK-012699,CUST-010090,2024-03-26,Security,Medium,23.8,Escalated,1
TCK-012700,CUST-010091,2023-10-29,Technical,Medium,3.1,Pending,1
TCK-012701,CUST-010093,2024-06-11,Performance,Medium,11.2,Closed,5
TCK-012702,CUST-010093,2024-02-01,Feature Request,Low,0.9,Resolved,4
TCK-012703,CUST-010093,2024-08-15,Integration,Medium,14.9,Resolved,2
TCK-012704,CUST-010093,2024-10-19,Technical,Medium,4.3,Resolved,4
TCK-012705,CUST-010094,2024-06-15,Billing,Medium,28.9,Resolved,1
TCK-012706,CUST-010094,2024-07-12,Login,Low,23.4,Escalated,2
TCK-012707,CUST-010095,2023-12-18,Technical,Low,7.8,Resolved,5
TCK-012708,CUST-010096,2024-03-01,Technical,Medium,31.9,Closed,4
TCK-012709,CUST-010097,2022-09-08,Technical,Medium,31.7,Escalated,2
TCK-012710,CUST-010097,2022-08-26,Technical,Low,17.9,Resolved,4
TCK-012711,CUST-010097,2022-09-01,Login,Low,13.0,Resolved,4
TCK-012712,CUST-010097,2022-08-28,Login,Low,0.6,Resolved,1
TCK-012713,CUST-010097,2022-08-25,Login,Low,11.7,Resolved,2
TCK-012714,CUST-010097,2022-08-21,Technical,Medium,6.8,Resolved,2
TCK-012715,CUST-010097,2022-08-28,Feature Request,High,19.6,Escalated,1
TCK-012716,CUST-010098,2024-07-27,Billing,Medium,40.6,Resolved,5
TCK-012717,CUST-010099,2023-05-23,Performance,Medium,8.9,Resolved,1
TCK-012718,CUST-010099,2023-07-02,Billing,Medium,8.9,Resolved,3
TCK-012719,CUST-010100,2024-04-14,Technical,Medium,12.9,Resolved,1
TCK-012720,CUST-010100,2024-07-26,Billing,High,37.9,Resolved,1
TCK-012721,CUST-010101,2023-10-25,Login,High,27.5,Resolved,5
TCK-012722,CUST-010101,2024-01-23,Feature Request,Low,9.6,Resolved,5
TCK-012723,CUST-010102,2023-12-02,Billing,Medium,25.5,Resolved,3
TCK-012724,CUST-010103,2024-09-17,Security,Low,20.0,Resolved,5
TCK-012725,CUST-010103,2024-12-08,Login,Medium,25.7,Resolved,4
TCK-012726,CUST-010104,2023-06-13,Billing,High,1.9,Resolved,3
TCK-012727,CUST-010104,2024-06-24,Performance,High,26.9,Closed,3
TCK-012728,CUST-010104,2022-12-06,Performance,Medium,35.2,Resolved,2
TCK-012729,CUST-010105,2024-04-03,Technical,Medium,0.7,Resolved,5
TCK-012730,CUST-010105,2023-09-28,Performance,High,18.9,Resolved,1
TCK-012731,CUST-010105,2024-10-07,Technical,Medium,14.0,Resolved,2
TCK-012732,CUST-010107,2022-12-12,Technical,Medium,14.3,Resolved,2
TCK-012733,CUST-010107,2024-09-13,Billing,High,11.5,Resolved,5
TCK-012734,CUST-010107,2022-10-14,Integration,Low,11.4,Resolved,3
TCK-012735,CUST-010108,2024-06-17,Technical,Critical,14.6,Closed,4
TCK-012736,CUST-010109,2023-11-16,Technical,Medium,7.7,Closed,5
TCK-012737,CUST-010110,2024-01-18,Billing,Critical,1.3,Resolved,2
TCK-012738,CUST-010111,2024-09-17,Security,Medium,4.0,Resolved,5
TCK-012739,CUST-010111,2024-08-14,Login,Low,11.9,Resolved,5
TCK-012740,CUST-010111,2024-09-22,Login,Medium,20.6,Resolved,5
TCK-012741,CUST-010113,2023-11-22,Technical,Low,20.1,Closed,4
TCK-012742,CUST-010113,2023-08-01,Security,Low,1.1,Resolved,5
TCK-012743,CUST-010113,2024-09-02,Integration,Low,7.2,Resolved,5
TCK-012744,CUST-010114,2024-04-10,Security,High,6.2,Resolved,3
TCK-012745,CUST-010114,2024-05-01,Billing,Medium,1.5,Closed,4
TCK-012746,CUST-010116,2023-09-08,Integration,Low,6.2,Resolved,4
TCK-012747,CUST-010117,2024-05-26,Technical,Low,7.1,Resolved,2
TCK-012748,CUST-010117,2024-07-05,Feature Request,High,4.4,Escalated,2
TCK-012749,CUST-010117,2024-05-06,Login,Medium,36.2,Resolved,1
TCK-012750,CUST-010120,2023-04-04,Technical,Low,17.8,Resolved,2
TCK-012751,CUST-010122,2024-03-15,Integration,Medium,55.4,Resolved,1
TCK-012752,CUST-010122,2024-02-13,Performance,Low,10.2,Resolved,4
TCK-012753,CUST-010123,2022-05-25,Technical,Low,6.3,Resolved,4
TCK-012754,CUST-010123,2022-07-08,Performance,Low,0.9,Closed,1
TCK-012755,CUST-010123,25/05/2022,Login,Medium,18.8,Resolved,1
TCK-012756,CUST-010124,2024-05-12,Feature Request,Critical,6.9,Closed,4
TCK-012757,CUST-010125,2024-01-08,Performance,Low,16.0,Closed,5
TCK-012758,CUST-010126,2024-06-19,Technical,Medium,4.8,Resolved,4
TCK-012759,CUST-010126,2024-05-24,Technical,High,9.9,Resolved,4
TCK-012760,CUST-010129,01/06/2024,Technical,Low,24.4,Closed,3
TCK-012761,CUST-010129,2024-03-14,Security,Low,32.8,Pending,3
TCK-012762,CUST-010129,2024-04-22,Technical,Medium,8.5,Resolved,3
TCK-012763,CUST-010131,2024-04-29,Integration,Critical,45.4,Closed,2
TCK-012764,CUST-010131,2024-08-08,Billing,Medium,13.5,Closed,4
TCK-012765,CUST-010131,2023-06-24,Billing,High,0.5,Pending,1
TCK-012766,CUST-010131,2023-05-08,Performance,Medium,55.6,Closed,2
TCK-012767,CUST-010131,2023-05-04,Billing,Low,0.5,Closed,1
TCK-012768,CUST-010132,2024-01-11,Login,Low,16.0,Resolved,4
TCK-012769,CUST-010133,2023-07-22,Billing,High,28.5,Resolved,4
TCK-012770,CUST-010135,2024-08-31,Technical,Medium,13.4,Resolved,4
TCK-012771,CUST-010135,2024-06-19,Login,Medium,14.0,Resolved,4
TCK-012772,CUST-010135,2024-10-11,Technical,Medium,12.4,Resolved,3
TCK-012773,CUST-010137,2023-08-04,Technical,Critical,35.1,Resolved,2
TCK-012774,CUST-010137,2023-07-13,Integration,Low,4.5,Closed,3
TCK-012775,CUST-010138,2023-01-29,Login,Low,35.0,Resolved,1
TCK-012776,CUST-010139,2024-02-22,Integration,Medium,7.1,Resolved,3
TCK-012777,CUST-010139,2024-10-30,Login,High,0.5,Resolved,3
TCK-012778,CUST-010139,2023-12-31,Performance,Low,18.4,Resolved,4
TCK-012779,CUST-010140,2023-11-27,Performance,Medium,12.3,Resolved,1
TCK-012780,CUST-010141,2024-06-26,Security,High,47.3,Resolved,4
TCK-012781,CUST-010142,2024-09-07,Feature Request,Medium,0.8,Resolved,3
TCK-012782,CUST-010142,2024-11-27,Login,Medium,28.9,Resolved,4
TCK-012783,CUST-010144,07/04/2024,Billing,Low,48.1,Resolved,3
TCK-012784,CUST-010145,2023-07-11,Login,High,96.6,Closed,2
TCK-012785,CUST-010146,2024-10-14,Technical,Medium,25.9,Resolved,2
TCK-012786,CUST-010146,2024-08-08,Billing,Low,13.2,Closed,1
TCK-012787,CUST-010146,2024-08-26,Feature Request,Low,0.6,Pending,3
TCK-012788,CUST-010146,2024-05-24,Billing,Medium,32.6,Resolved,1
TCK-012789,CUST-010148,2024-07-22,Technical,High,10.9,Closed,3
TCK-012790,CUST-010149,2023-10-26,Billing,High,39.1,Resolved,2
TCK-012791,CUST-010150,2023-02-27,Login,High,15.7,Resolved,2
TCK-012792,CUST-010150,2023-04-20,Billing,Medium,26.0,Resolved,3
TCK-012793,CUST-010151,2024-12-19,Performance,Low,11.6,Closed,1
TCK-012794,CUST-010152,2024-06-11,Billing,Low,7.4,Resolved,5
TCK-012795,CUST-010155,2023-10-27,Billing,Medium,9.2,Closed,2
TCK-012796,CUST-010155,2024-03-14,Technical,High,32.1,Resolved,5
TCK-012797,CUST-010156,2024-03-15,Performance,Low,31.9,Resolved,3
TCK-012798,CUST-010156,2024-01-28,Technical,Low,11.5,Resolved,4
TCK-012799,CUST-010157,2023-10-20,Technical,Low,2.0,Resolved,4
TCK-012800,CUST-010157,2024-01-03,Integration,Low,18.5,Closed,4
TCK-012801,CUST-010158,2023-10-28,Performance,Medium,5.1,Closed,4
TCK-012802,CUST-010158,2023-06-20,Technical,High,8.9,Resolved,3
TCK-012803,CUST-010158,2024-06-23,Technical,Medium,3.1,Resolved,2
TCK-012804,CUST-010159,2024-06-26,Technical,Medium,12.4,Resolved,2
TCK-012805,CUST-010159,2024-06-12,Billing,Medium,14.1,Resolved,2
TCK-012806,CUST-010160,2023-09-10,Technical,Medium,20.4,Resolved,5
TCK-012807,CUST-010161,2023-03-17,Technical,Critical,16.7,Resolved,4
TCK-012808,CUST-010165,2022-08-04,Billing,Medium,8.9,Resolved,1
TCK-012809,CUST-010165,2022-07-10,Login,Medium,4.4,Resolved,4
TCK-012810,CUST-010165,2022-07-29,Security,Critical,29.5,Resolved,5
TCK-012811,CUST-010166,2024-04-27,Performance,Low,8.2,Closed,3
TCK-012812,CUST-010166,2024-11-06,Integration,Medium,16.8,Resolved,5
TCK-012813,CUST-010167,2023-09-12,Billing,Medium,3.4,Resolved,1
TCK-012814,CUST-010167,2023-09-26,Integration,Low,5.3,Closed,1
TCK-012815,CUST-010168,2024-03-24,Billing,High,64.0,Resolved,3
TCK-012816,CUST-010169,2023-11-20,Login,Low,10.3,Resolved,4
TCK-012817,CUST-010170,2024-09-09,Feature Request,Medium,2.1,Resolved,4
TCK-012818,CUST-010170,2024-11-16,Billing,Medium,32.9,Resolved,4
TCK-012819,CUST-010170,2024-04-15,Billing,Low,23.3,Closed,4
TCK-012820,CUST-010171,2024-11-25,Technical,Medium,0.5,Closed,2
TCK-012821,CUST-010171,2024-05-10,Technical,Low,25.9,Resolved,4
TCK-012822,CUST-010172,2024-01-19,Integration,Medium,8.8,Closed,3
TCK-012823,CUST-010176,2024-10-31,Login,Critical,0.7,Resolved,3
TCK-012824,CUST-010184,2024-11-30,Performance,Medium,19.5,Resolved,3
TCK-012825,CUST-010185,2024-03-17,Performance,Low,13.7,Resolved,3
TCK-012826,CUST-010185,2024-04-23,Billing,Medium,2.1,Resolved,5
TCK-012827,CUST-010185,2024-10-17,Technical,Critical,0.6,Resolved,4
TCK-012828,CUST-010187,2024-01-06,Billing,High,30.9,Resolved,4
TCK-012829,CUST-010188,2024-11-23,Feature Request,High,42.9,Resolved,5
TCK-012830,CUST-010189,2024-09-19,Login,Medium,3.9,Resolved,4
TCK-012831,CUST-010189,2024-03-14,Technical,Medium,26.5,Closed,4
TCK-012832,CUST-010191,2023-10-29,Security,Medium,4.4,Resolved,1
TCK-012833,CUST-010193,2024-10-09,Technical,Medium,24.8,Resolved,4
TCK-012834,CUST-010193,30/04/2024,Performance,Medium,26.7,Closed,5
TCK-012835,CUST-010193,2024-10-30,Technical,Critical,19.5,Resolved,5
TCK-012836,CUST-010195,03/06/2023,Billing,Medium,10.2,Resolved,4
TCK-012837,CUST-010195,2023-06-05,Performance,Critical,21.2,Resolved,4
TCK-012838,CUST-010196,2022-05-26,Performance,Low,7.4,Resolved,3
TCK-012839,CUST-010196,2024-05-16,Login,Medium,9.5,Closed,4
TCK-012840,CUST-010196,2022-11-30,Technical,Medium,10.7,Resolved,4
TCK-012841,CUST-010198,2023-11-11,Technical,High,32.0,Resolved,3
TCK-012842,CUST-010200,2024-03-08,Technical,High,13.7,Resolved,2
TCK-012843,CUST-010202,2024-09-12,Billing,Critical,10.0,Closed,4
TCK-012844,CUST-010204,2022-11-30,Billing,Low,15.2,Resolved,4
TCK-012845,CUST-010204,2024-07-01,Performance,Low,38.2,Resolved,3
TCK-012846,CUST-010204,2023-03-06,Performance,Medium,1.9,Resolved,4
TCK-012847,CUST-010204,2022-10-28,Integration,Medium,0.8,Resolved,2
TCK-012848,CUST-010205,2023-11-04,Performance,Low,9.0,Closed,2
TCK-012849,CUST-010205,2023-10-11,Technical,Medium,41.6,Escalated,1
TCK-012850,CUST-010205,2023-11-04,Login,Medium,22.1,Resolved,1
TCK-012851,CUST-010206,2022-06-02,Technical,Low,28.5,Escalated,3
TCK-012852,CUST-010210,2024-05-11,Integration,High,10.4,Resolved,4
TCK-012853,CUST-010211,2024-02-28,Technical,Low,56.9,Closed,3
TCK-012854,CUST-010211,2022-12-04,Billing,Critical,3.4,Closed,5
TCK-012855,CUST-010212,23/04/2024,Billing,Medium,13.6,Resolved,4
TCK-012856,CUST-010212,2023-09-07,Performance,High,33.8,Resolved,2
TCK-012857,CUST-010213,2024-07-13,Technical,Medium,1.1,Resolved,1
TCK-012858,CUST-010213,2024-06-21,Feature Request,Medium,36.3,Resolved,4
TCK-012859,CUST-010213,2024-08-27,Technical,Medium,13.9,Closed,2
TCK-012860,CUST-010214,2024-08-07,Performance,Low,10.0,Resolved,4
TCK-012861,CUST-010215,2023-10-24,Technical,Medium,6.7,Closed,4
TCK-012862,CUST-010217,2022-09-30,Technical,Medium,13.6,Escalated,2
TCK-012863,CUST-010217,2023-02-25,Billing,High,7.0,Resolved,2
TCK-012864,CUST-010218,2024-01-01,Login,Medium,17.7,Resolved,2
TCK-012865,CUST-010219,2024-04-13,Security,Medium,4.4,Resolved,5
TCK-012866,CUST-010220,2023-07-25,Billing,Medium,21.1,Resolved,3
TCK-012867,CUST-010220,2023-05-11,Technical,Medium,56.6,Resolved,3
TCK-012868,CUST-010221,2024-06-29,Technical,Critical,4.7,Resolved,5
TCK-012869,CUST-010222,2024-11-04,Billing,Medium,1.2,Closed,1
TCK-012870,CUST-010222,2024-06-09,Login,Low,9.1,Closed,4
TCK-012871,CUST-010224,2023-07-08,Login,Low,7.5,Resolved,1
TCK-012872,CUST-010225,2023-03-16,Technical,Low,32.7,Resolved,4
TCK-012873,CUST-010225,2023-07-12,Technical,Low,16.3,Closed,5
TCK-012874,CUST-010226,2024-10-07,Technical,Low,0.5,Resolved,4
TCK-012875,CUST-010227,2024-06-08,Billing,High,24.1,Pending,2
TCK-012876,CUST-010227,2024-03-13,Technical,Low,6.3,Closed,2
TCK-012877,CUST-010227,2024-04-09,Technical,High,8.1,Resolved,5
TCK-012878,CUST-010229,2023-01-25,Performance,Medium,6.5,Resolved,3
TCK-012879,CUST-010236,2024-02-08,Performance,High,50.2,Pending,1
TCK-012880,CUST-010236,2024-01-29,Technical,Medium,41.0,Closed,5
TCK-012881,CUST-010236,2024-04-28,Technical,Low,24.6,Resolved,1
TCK-012882,CUST-010238,2023-02-02,Billing,Medium,21.9,Resolved,4
TCK-012883,CUST-010238,2024-02-03,Billing,Low,6.4,Resolved,4
TCK-012884,CUST-010238,2023-12-14,Billing,Low,5.3,Closed,4
TCK-012885,CUST-010239,2023-09-24,Performance,Medium,7.4,Closed,3
TCK-012886,CUST-010239,2024-01-11,Performance,Low,11.1,Resolved,1
TCK-012887,CUST-010240,2024-07-16,Performance,Critical,109.3,Resolved,4
TCK-012888,CUST-010243,2024-05-28,Technical,Medium,9.9,Closed,3
TCK-012889,CUST-010243,2024-10-19,Technical,Low,13.7,Closed,5
TCK-012890,CUST-010244,2022-08-05,Billing,Low,61.6,Resolved,1
TCK-012891,CUST-010244,2022-07-27,Billing,Low,4.9,Escalated,2
TCK-012892,CUST-010244,2022-08-11,Billing,Low,25.3,Resolved,3
TCK-012893,CUST-010244,2022-04-22,Technical,Medium,20.7,Resolved,2
TCK-012894,CUST-010245,30/07/2022,Billing,High,28.1,Escalated,3
TCK-012895,CUST-010245,2024-08-04,Integration,High,35.1,Escalated,1
TCK-012896,CUST-010246,2023-12-07,Technical,Medium,1.1,Resolved,2
TCK-012897,CUST-010247,2024-10-07,Billing,Low,0.7,Resolved,2
TCK-012898,CUST-010247,2024-09-23,Billing,Medium,72.6,Pending,1
TCK-012899,CUST-010248,2023-12-27,Technical,High,31.9,Closed,3
TCK-012900,CUST-010248,2023-12-05,Performance,Medium,1.7,Resolved,1
TCK-012901,CUST-010248,2024-03-07,Billing,Medium,5.2,Resolved,3
TCK-012902,CUST-010248,2024-03-01,Login,Critical,38.3,Resolved,2
TCK-012903,CUST-010249,2024-08-29,Billing,Low,30.4,Resolved,4
TCK-012904,CUST-010249,2023-04-20,Security,Medium,25.6,Resolved,4
TCK-012905,CUST-010250,2023-02-28,Billing,Medium,0.5,Resolved,5
TCK-012906,CUST-010251,2024-10-03,Technical,Medium,18.2,Resolved,3
TCK-012907,CUST-010253,2024-01-03,Billing,Low,0.5,Pending,1
TCK-012908,CUST-010253,2022-11-27,Technical,Medium,127.9,Pending,3
TCK-012909,CUST-010253,2023-11-05,Technical,Medium,0.8,Resolved,2
TCK-012910,CUST-010254,2022-06-06,Login,Critical,50.8,Resolved,4
TCK-012911,CUST-010254,2023-02-28,Integration,Medium,10.0,Escalated,2
TCK-012912,CUST-010254,2022-03-25,Integration,Medium,65.7,Closed,3
TCK-012913,CUST-010256,2024-11-11,Technical,Low,9.5,Resolved,3
TCK-012914,CUST-010257,2023-09-24,Performance,Low,89.2,Resolved,1
TCK-012915,CUST-010257,2024-03-19,Performance,Low,41.1,Resolved,1
TCK-012916,CUST-010258,2024-02-06,Technical,Medium,27.0,Resolved,4
TCK-012917,CUST-010259,2023-08-24,Technical,Medium,5.3,Resolved,4
TCK-012918,CUST-010260,2023-08-16,Login,Low,6.6,Resolved,3
TCK-012919,CUST-010260,2024-11-04,Login,High,3.1,Resolved,4
TCK-012920,CUST-010261,2022-09-03,Technical,Medium,29.4,Closed,1
TCK-012921,CUST-010261,2022-09-04,Billing,Low,28.7,Resolved,4
TCK-012922,CUST-010263,2024-03-19,Security,High,13.8,Resolved,5
TCK-012923,CUST-010265,2023-09-19,Technical,High,10.1,Resolved,2
TCK-012924,CUST-010265,2024-06-12,Technical,Medium,15.6,Closed,1
TCK-012925,CUST-010265,2023-09-29,Technical,Medium,113.7,Resolved,2
TCK-012926,CUST-010265,2024-01-18,Login,High,21.2,Resolved,2
TCK-012927,CUST-010265,2023-10-22,Security,Medium,46.3,Resolved,5
TCK-012928,CUST-010265,2023-10-08,Technical,Medium,1.6,Resolved,3
TCK-012929,CUST-010265,2024-03-14,Login,Medium,19.8,Resolved,1
TCK-012930,CUST-010266,2024-07-01,Billing,Medium,54.4,Pending,1
TCK-012931,CUST-010268,2024-10-01,Billing,High,8.4,Resolved,4
TCK-012932,CUST-010268,2024-04-11,Integration,Low,17.7,Resolved,4
TCK-012933,CUST-010269,2023-12-10,Integration,Low,5.4,Closed,1
TCK-012934,CUST-010269,2024-06-28,Technical,Low,15.3,Resolved,1
TCK-012935,CUST-010269,2023-11-28,Technical,Low,5.9,Resolved,3
TCK-012936,CUST-010269,2024-03-26,Billing,Low,33.8,Resolved,1
TCK-012937,CUST-010269,2023-11-02,Billing,Medium,39.2,Resolved,3
TCK-012938,CUST-010269,2024-07-28,Performance,High,4.4,Resolved,1
TCK-012939,CUST-010269,2023-12-08,Login,Medium,24.4,Resolved,2
TCK-012940,CUST-010269,2024-07-20,Billing,Medium,21.5,Pending,1
TCK-012941,CUST-010270,2024-01-22,Billing,Medium,11.3,Resolved,1
TCK-012942,CUST-010270,2024-02-01,Integration,Low,15.7,Resolved,2
TCK-012943,CUST-010271,2024-05-14,Security,Medium,16.8,Resolved,2
TCK-012944,CUST-010274,2023-03-09,Technical,Low,6.3,Escalated,2
TCK-012945,CUST-010274,2023-01-27,Integration,Medium,28.7,Escalated,2
TCK-012946,CUST-010274,2023-09-14,Technical,Medium,22.0,Pending,2
TCK-012947,CUST-010276,2024-08-25,Technical,Low,42.0,Escalated,2
TCK-012948,CUST-010277,2023-07-03,Technical,High,65.1,Resolved,3
TCK-012949,CUST-010277,2023-11-04,Billing,Medium,98.8,Resolved,4
TCK-012950,CUST-010278,2024-05-23,Performance,Low,0.5,Resolved,3
TCK-012951,CUST-010279,2023-06-24,Technical,Low,46.5,Resolved,2
TCK-012952,CUST-010279,2023-03-22,Technical,Low,33.2,Resolved,1
TCK-012953,CUST-010279,2023-06-12,Billing,Medium,12.4,Resolved,2
TCK-012954,CUST-010281,2022-08-12,Billing,Low,23.6,Escalated,1
TCK-012955,CUST-010281,2022-11-13,Billing,Medium,35.2,Resolved,2
TCK-012956,CUST-010281,2022-03-19,Integration,High,71.4,Resolved,2
TCK-012957,CUST-010282,2024-04-01,Performance,Critical,102.7,Resolved,1
TCK-012958,CUST-010282,2024-03-26,Technical,Low,42.8,Resolved,2
TCK-012959,CUST-010282,2024-03-27,Login,Low,43.7,Resolved,2
TCK-012960,CUST-010286,2024-03-06,Technical,Low,33.5,Resolved,4
TCK-012961,CUST-010287,2024-08-29,Technical,Low,50.6,Closed,4
TCK-012962,CUST-010287,2024-08-01,Billing,High,24.4,Resolved,4
TCK-012963,CUST-010289,2024-06-03,Billing,Low,0.8,Resolved,3
TCK-012964,CUST-010289,2024-06-27,Billing,Medium,25.4,Resolved,2
TCK-012965,CUST-010290,2024-06-11,Technical,Medium,1.0,Resolved,4
TCK-012966,CUST-010290,2024-08-13,Billing,Low,25.0,Resolved,3
TCK-012967,CUST-010291,2024-05-16,Billing,Medium,19.0,Resolved,1
TCK-012968,CUST-010291,2024-04-29,Billing,Low,5.7,Resolved,3
TCK-012969,CUST-010292,2024-02-07,Billing,High,47.7,Resolved,4
TCK-012970,CUST-010295,2024-04-04,Billing,High,14.8,Closed,1
TCK-012971,CUST-010296,2024-06-28,Login,Medium,5.7,Resolved,1
TCK-012972,CUST-010296,2024-08-06,Billing,Medium,34.2,Resolved,3
TCK-012973,CUST-010298,2022-05-20,Technical,High,28.7,Resolved,5
TCK-012974,CUST-010299,2024-01-24,Billing,Medium,5.1,Resolved,4
TCK-012975,CUST-010300,2024-09-05,Performance,Medium,19.3,Resolved,3
TCK-012976,CUST-010300,2023-10-25,Billing,Low,6.0,Resolved,3
TCK-012977,CUST-010300,2024-09-03,Login,Medium,60.7,Resolved,1
TCK-012978,CUST-010300,2023-09-12,Security,Medium,32.2,Resolved,1
TCK-012979,CUST-010301,2024-05-24,Login,Low,19.5,Resolved,5
TCK-012980,CUST-010303,2024-03-22,Technical,Medium,9.0,Closed,2
TCK-012981,CUST-010304,2023-03-25,Performance,Low,22.4,Resolved,4
TCK-012982,CUST-010308,2024-07-19,Login,High,50.1,Escalated,3
TCK-012983,CUST-010308,2024-06-02,Security,Critical,18.7,Closed,2
TCK-012984,CUST-010308,2024-06-15,Billing,Low,0.5,Escalated,1
TCK-012985,CUST-010309,16/10/2024,Technical,Medium,5.7,Closed,4
TCK-012986,CUST-010310,2023-10-03,Billing,Medium,22.9,Closed,3
TCK-012987,CUST-010310,2024-09-16,Login,Low,10.3,Resolved,5
TCK-012988,CUST-010311,2024-12-12,Technical,Low,0.9,Resolved,5
TCK-012989,CUST-010311,2024-04-10,Performance,Medium,7.7,Escalated,3
TCK-012990,CUST-010313,2024-05-04,Login,Medium,0.5,Closed,1
TCK-012991,CUST-010314,2024-07-14,Login,High,69.0,Resolved,3
TCK-012992,CUST-010314,2024-07-23,Login,High,81.0,Closed,4
TCK-012993,CUST-010314,2024-07-27,Login,Low,12.4,Resolved,4
TCK-012994,CUST-010315,2024-03-06,Technical,Low,47.4,Resolved,3
TCK-012995,CUST-010316,2024-10-30,Login,Medium,10.7,Resolved,5
TCK-012996,CUST-010316,2024-08-03,Feature Request,Low,5.7,Resolved,2
TCK-012997,CUST-010316,2024-06-13,Technical,Low,8.7,Resolved,4
TCK-012998,CUST-010316,2024-05-18,Technical,Critical,91.9,Pending,2
TCK-012999,CUST-010316,2024-06-10,Performance,Low,18.2,Resolved,2
TCK-013000,CUST-010317,2024-11-20,Performance,High,22.5,Resolved,3
TCK-013001,CUST-010318,2024-08-19,Performance,Medium,11.3,Closed,5
TCK-013002,CUST-010320,2022-05-19,Performance,Medium,3.6,Resolved,1
TCK-013003,CUST-010323,2024-05-04,Performance,Low,7.0,Resolved,4
TCK-013004,CUST-010323,2024-06-05,Billing,Low,9.8,Resolved,4
TCK-013005,CUST-010325,2024-09-14,Integration,Medium,12.1,Resolved,5
TCK-013006,CUST-010326,2024-07-04,Technical,High,55.7,Resolved,2
TCK-013007,CUST-010326,2024-08-05,Login,Critical,39.9,Resolved,3
TCK-013008,CUST-010326,2024-09-17,Technical,Medium,1.1,Resolved,1
TCK-013009,CUST-010327,2024-09-27,Technical,Medium,16.4,Resolved,5
TCK-013010,CUST-010328,2022-11-18,Login,Medium,8.4,Closed,3
TCK-013011,CUST-010328,2024-04-13,Performance,Low,14.4,Closed,4
TCK-013012,CUST-010330,2022-11-16,Feature Request,High,56.7,Resolved,4
TCK-013013,CUST-010331,2023-05-10,Technical,Low,17.6,Closed,3
TCK-013014,CUST-010332,2024-09-02,Billing,Medium,2.5,Closed,3
TCK-013015,CUST-010332,2024-08-05,Integration,High,20.4,Resolved,4
TCK-013016,CUST-010334,2023-08-20,Login,Low,0.6,Resolved,4
TCK-013017,CUST-010334,2024-06-11,Login,Medium,8.7,Resolved,3
TCK-013018,CUST-010335,2023-08-29,Billing,High,33.2,Pending,1
TCK-013019,CUST-010337,2023-03-25,Billing,Medium,8.9,Closed,3
TCK-013020,CUST-010338,2024-04-14,Technical,Medium,18.2,Resolved,2
TCK-013021,CUST-010339,2024-06-01,Login,Medium,1.5,Closed,5
TCK-013022,CUST-010340,2022-11-21,Performance,Critical,2.4,Resolved,5
TCK-013023,CUST-010341,2024-10-31,Feature Request,Medium,1.2,Resolved,3
TCK-013024,CUST-010343,2022-04-11,Technical,Low,17.8,Closed,1
TCK-013025,CUST-010343,2022-06-07,Integration,Low,17.0,Resolved,1
TCK-013026,CUST-010343,2022-07-06,Technical,Low,9.6,Closed,3
TCK-013027,CUST-010343,2022-06-09,Feature Request,Low,27.8,Resolved,2
TCK-013028,CUST-010343,2022-04-08,Technical,Medium,1.8,Closed,4
TCK-013029,CUST-010345,2022-03-20,Billing,Low,47.1,Resolved,1
TCK-013030,CUST-010345,2022-04-16,Billing,High,20.3,Pending,1
TCK-013031,CUST-010346,2024-03-18,Technical,Medium,17.1,Closed,4
TCK-013032,CUST-010346,2024-07-31,Technical,High,46.9,Resolved,4
TCK-013033,CUST-010347,2024-07-31,Login,Low,61.5,Pending,1
TCK-013034,CUST-010347,2024-09-25,Technical,Low,11.6,Pending,2
TCK-013035,CUST-010347,2024-07-24,Technical,High,51.8,Resolved,1
TCK-013036,CUST-010347,2024-06-13,Billing,High,20.5,Resolved,2
TCK-013037,CUST-010348,2024-07-13,Login,Low,12.2,Resolved,4
TCK-013038,CUST-010349,2024-07-25,Technical,High,111.0,Closed,1
TCK-013039,CUST-010351,2024-06-15,Performance,Critical,14.6,Resolved,4
TCK-013040,CUST-010351,2024-05-08,Billing,High,20.0,Resolved,5
TCK-013041,CUST-010351,2024-05-30,Technical,Low,17.8,Resolved,3
TCK-013042,CUST-010354,2022-10-23,Technical,Medium,7.0,Resolved,4
TCK-013043,CUST-010354,2023-10-03,Login,Low,0.6,Resolved,5
TCK-013044,CUST-010355,2024-08-09,Performance,Low,30.3,Closed,1
TCK-013045,CUST-010355,2024-06-19,Billing,High,36.7,Resolved,4
TCK-013046,CUST-010356,2024-01-11,Security,Low,9.5,Closed,1
TCK-013047,CUST-010356,2023-10-21,Feature Request,Medium,11.5,Resolved,4
TCK-013048,CUST-010358,2023-12-07,Performance,High,0.8,Closed,2
TCK-013049,CUST-010358,2024-06-18,Technical,Medium,2.2,Resolved,3
TCK-013050,CUST-010358,2024-11-19,Technical,Low,16.8,Resolved,4
TCK-013051,CUST-010359,2024-10-01,Technical,High,19.0,Resolved,4
TCK-013052,CUST-010360,2024-11-30,Technical,Critical,6.3,Resolved,4
TCK-013053,CUST-010360,2024-08-15,Technical,High,32.4,Resolved,5
TCK-013054,CUST-010360,2024-08-06,Login,High,13.8,Closed,4
TCK-013055,CUST-010361,2024-03-21,Performance,Medium,3.1,Closed,4
TCK-013056,CUST-010362,25/01/2023,Billing,Critical,18.7,Resolved,1
TCK-013057,CUST-010362,2024-05-29,Technical,Low,61.2,Resolved,4
TCK-013058,CUST-010362,2024-01-03,Performance,Medium,0.6,Resolved,3
TCK-013059,CUST-010363,2024-04-28,Billing,Critical,999.9,Resolved,3
TCK-013060,CUST-010365,2024-07-20,Technical,Medium,29.6,Closed,1
TCK-013061,CUST-010365,2024-08-01,Performance,Low,49.3,Escalated,2
TCK-013062,CUST-010365,2024-05-17,Login,Medium,6.4,Resolved,3
TCK-013063,CUST-010366,2024-05-17,Technical,High,31.8,Resolved,3
TCK-013064,CUST-010367,2023-10-14,Feature Request,High,160.6,Resolved,5
TCK-013065,CUST-010368,2024-11-20,Technical,Low,7.6,Resolved,5
TCK-013066,CUST-010369,2023-10-06,Performance,High,18.1,Closed,2
TCK-013067,CUST-010370,2024-06-05,Performance,Medium,22.7,Resolved,1
TCK-013068,CUST-010373,2024-06-09,Billing,Low,6.5,Resolved,4
TCK-013069,CUST-010376,2023-06-07,Technical,Medium,1.3,Closed,2
TCK-013070,CUST-010376,2023-06-01,Login,Medium,9.4,Escalated,2
TCK-013071,CUST-010378,2023-04-25,Login,High,10.9,Closed,3
TCK-013072,CUST-010378,2024-09-08,Performance,Medium,1.5,Closed,2
TCK-013073,CUST-010379,2024-04-06,Feature Request,Low,2.5,Resolved,4
TCK-013074,CUST-010379,2024-02-21,Login,Medium,15.8,Resolved,4
TCK-013075,CUST-010379,2024-02-05,Technical,Medium,12.8,Resolved,3
TCK-013076,CUST-010381,2022-09-09,Technical,Medium,13.1,Pending,3
TCK-013077,CUST-010382,2024-09-18,Billing,Low,6.5,Resolved,4
TCK-013078,CUST-010382,2024-12-17,Performance,High,28.7,Resolved,4
TCK-013079,CUST-010385,2023-11-21,Billing,High,5.3,Closed,3
TCK-013080,CUST-010388,2024-10-04,Technical,High,20.0,Resolved,4
TCK-013081,CUST-010389,2024-08-10,Login,Low,12.1,Resolved,5
TCK-013082,CUST-010389,2023-11-05,Performance,Medium,40.6,Resolved,3
TCK-013083,CUST-010392,2024-10-06,Security,Low,6.5,Resolved,4
TCK-013084,CUST-010393,2023-11-03,Login,Critical,6.0,Resolved,5
TCK-013085,CUST-010393,2024-10-28,Performance,Low,4.9,Resolved,5
TCK-013086,CUST-010393,2024-04-13,Login,Critical,70.8,Closed,1
TCK-013087,CUST-010394,2024-04-03,Feature Request,High,13.6,Resolved,1
TCK-013088,CUST-010395,2024-10-02,Login,High,37.2,Closed,3
TCK-013089,CUST-010396,2024-11-30,Security,Low,1.1,Resolved,3
TCK-013090,CUST-010396,2024-01-16,Technical,Medium,10.2,Resolved,4
TCK-013091,CUST-010397,2023-09-12,Technical,Medium,13.0,Resolved,5
TCK-013092,CUST-010398,2024-11-29,Login,Low,0.5,Pending,2
TCK-013093,CUST-010398,2024-01-01,Login,Medium,51.2,Resolved,3
TCK-013094,CUST-010398,2024-04-10,Security,High,53.7,Resolved,1
TCK-013095,CUST-010398,17/04/2024,Billing,Low,21.4,Escalated,1
TCK-013096,CUST-010398,2024-02-01,Billing,Critical,8.9,Resolved,3
TCK-013097,CUST-010398,2024-12-09,Login,Critical,40.9,Closed,1
TCK-013098,CUST-010399,2024-05-08,Billing,Medium,4.7,Resolved,4
TCK-013099,CUST-010400,2024-11-23,Login,Low,28.9,Resolved,3
TCK-013100,CUST-010401,2024-06-22,Performance,Low,22.2,Resolved,5
TCK-013101,CUST-010402,2022-09-27,Billing,Low,40.7,Pending,2
TCK-013102,CUST-010403,2023-05-30,Performance,Medium,17.4,Resolved,2
TCK-013103,CUST-010403,2022-08-18,Security,Critical,14.1,Resolved,1
TCK-013104,CUST-010404,2024-11-05,Billing,Medium,23.7,Resolved,4
TCK-013105,CUST-010404,2024-03-25,Login,Medium,0.5,Resolved,5
TCK-013106,CUST-010404,2023-08-26,Billing,Critical,7.4,Resolved,4
TCK-013107,CUST-010404,2023-09-14,Login,High,16.2,Resolved,4
TCK-013108,CUST-010405,2024-04-27,Login,High,35.8,Resolved,5
TCK-013109,CUST-010405,2024-05-14,Technical,Low,5.5,Closed,5
TCK-013110,CUST-010405,2022-10-30,Technical,Medium,2.8,Resolved,4
TCK-013111,CUST-010406,2024-07-21,Billing,Low,109.9,Resolved,1
TCK-013112,CUST-010407,2023-05-07,Technical,Medium,26.6,Resolved,1
TCK-013113,CUST-010407,2023-05-22,Performance,Low,26.3,Resolved,2
TCK-013114,CUST-010408,2024-09-05,Technical,Medium,7.7,Escalated,2
TCK-013115,CUST-010409,2024-10-24,Integration,Medium,6.9,Resolved,5
TCK-013116,CUST-010411,2024-11-01,Billing,Low,37.1,Closed,1
TCK-013117,CUST-010411,2023-09-02,Technical,Low,4.8,Resolved,4
TCK-013118,CUST-010412,2024-09-19,Feature Request,Medium,88.1,Closed,1
TCK-013119,CUST-010412,2024-03-02,Feature Request,Critical,67.2,Resolved,1
TCK-013120,CUST-010412,2024-09-06,Performance,Critical,7.9,Closed,2
TCK-013121,CUST-010412,2024-04-26,Integration,Medium,16.9,Pending,2
TCK-013122,CUST-010412,2024-07-26,Technical,Low,4.8,Closed,3
TCK-013123,CUST-010412,2024-07-03,Login,Low,14.7,Resolved,3
TCK-013124,CUST-010412,2024-06-19,Login,High,35.6,Escalated,1
TCK-013125,CUST-010412,2024-09-17,Security,Medium,32.5,Resolved,4
TCK-013126,CUST-010415,2024-06-02,Security,Medium,1.1,Resolved,4
TCK-013127,CUST-010416,2024-11-13,Login,Medium,0.5,Resolved,5
TCK-013128,CUST-010416,2024-05-01,Login,Critical,6.3,Resolved,2
TCK-013129,CUST-010418,2023-11-10,Login,Medium,12.5,Resolved,1
TCK-013130,CUST-010420,2023-02-26,Integration,Medium,10.6,Pending,2
TCK-013131,CUST-010421,2023-03-22,Billing,Low,12.2,Resolved,5
TCK-013132,CUST-010422,2024-03-24,Billing,High,16.0,Closed,2
TCK-013133,CUST-010427,2022-12-17,Feature Request,Low,17.0,Closed,4
TCK-013134,CUST-010428,2024-09-04,Performance,High,14.3,Resolved,4
TCK-013135,CUST-010429,2024-08-14,Technical,High,7.5,Resolved,1
TCK-013136,CUST-010429,2024-07-26,Technical,Critical,50.4,Resolved,3
TCK-013137,CUST-010430,2024-04-08,Technical,Medium,22.3,Resolved,4
TCK-013138,CUST-010430,2024-10-20,Feature Request,Low,18.5,Closed,4
TCK-013139,CUST-010431,2024-05-12,Performance,Medium,3.5,Resolved,3
TCK-013140,CUST-010433,2024-01-23,Technical,Medium,15.1,Resolved,1
TCK-013141,CUST-010434,2024-07-27,Technical,Low,25.8,Resolved,1
TCK-013142,CUST-010435,2024-01-12,Billing,High,114.8,Resolved,2
TCK-013143,CUST-010436,2024-12-17,Performance,High,37.3,Resolved,2
TCK-013144,CUST-010436,2024-07-13,Performance,Low,32.9,Resolved,1
TCK-013145,CUST-010438,2024-03-27,Performance,Medium,30.8,Resolved,3
TCK-013146,CUST-010438,2023-09-06,Technical,Medium,11.3,Escalated,2
TCK-013147,CUST-010438,07/11/2023,Performance,Medium,6.5,Resolved,3
TCK-013148,CUST-010439,2023-08-28,Billing,High,27.3,Resolved,4
TCK-013149,CUST-010440,2024-02-03,Billing,Low,1.4,Resolved,2
TCK-013150,CUST-010441,2023-11-22,Integration,Medium,7.4,Closed,2
TCK-013151,CUST-010442,2024-11-11,Performance,Low,33.6,Closed,4
TCK-013152,CUST-010442,2024-08-04,Technical,Medium,11.9,Resolved,5
TCK-013153,CUST-010442,2024-02-23,Performance,Medium,35.8,Closed,4
TCK-013154,CUST-010443,2023-12-17,Feature Request,High,1.6,Resolved,3
TCK-013155,CUST-010445,2023-11-27,Technical,Medium,40.5,Resolved,4
TCK-013156,CUST-010445,2023-01-02,Login,Medium,1.5,Resolved,3
TCK-013157,CUST-010447,22/09/2023,Integration,High,6.6,Closed,5
TCK-013158,CUST-010447,2023-05-02,Billing,Medium,14.3,Resolved,5
TCK-013159,CUST-010447,2023-05-19,Billing,Medium,16.8,Closed,5
TCK-013160,CUST-010448,2024-01-22,Billing,High,2.4,Resolved,5
TCK-013161,CUST-010449,2024-11-09,Login,Low,26.8,Resolved,4
TCK-013162,CUST-010451,2023-10-19,Technical,Medium,2.4,Resolved,4
TCK-013163,CUST-010452,2024-08-21,Login,Critical,27.3,Resolved,1
TCK-013164,CUST-010453,2024-09-29,Security,Medium,3.0,Resolved,3
TCK-013165,CUST-010453,2023-11-12,Billing,Medium,10.2,Resolved,5
TCK-013166,CUST-010457,2023-10-20,Login,High,16.2,Resolved,5
TCK-013167,CUST-010457,2024-08-08,Technical,Medium,0.9,Resolved,3
TCK-013168,CUST-010457,2024-09-08,Integration,High,12.8,Resolved,5
TCK-013169,CUST-010458,2023-05-28,Technical,Medium,17.8,Resolved,4
TCK-013170,CUST-010460,2024-12-03,Technical,Medium,2.6,Resolved,3
TCK-013171,CUST-010461,2022-10-12,Login,Low,34.3,Resolved,3
TCK-013172,CUST-010461,2023-08-14,Integration,High,11.5,Resolved,3
TCK-013173,CUST-010461,2022-11-20,Billing,Medium,22.4,Closed,2
TCK-013174,CUST-010461,2022-09-23,Technical,Low,29.2,Resolved,1
TCK-013175,CUST-010463,2024-09-13,Feature Request,Medium,10.5,Resolved,4
TCK-013176,CUST-010463,2024-09-08,Login,Low,1.0,Closed,5
TCK-013177,CUST-010465,2024-02-25,Technical,Low,12.1,Resolved,1
TCK-013178,CUST-010467,2022-11-27,Performance,High,1.1,Closed,4
TCK-013179,CUST-010467,2023-11-05,Performance,High,25.5,Closed,5
TCK-013180,CUST-010468,2023-03-07,Integration,Low,3.5,Closed,1
TCK-013181,CUST-010469,2023-05-15,Performance,Medium,6.8,Resolved,1
TCK-013182,CUST-010469,2023-03-24,Login,High,86.3,Resolved,2
TCK-013183,CUST-010471,08/12/2023,Technical,Low,30.5,Closed,4
TCK-013184,CUST-010472,2024-04-17,Login,Low,50.5,Resolved,3
TCK-013185,CUST-010473,2023-11-20,Performance,Critical,7.7,Resolved,2
TCK-013186,CUST-010473,2024-02-13,Technical,Low,88.7,Resolved,1
TCK-013187,CUST-010473,2023-07-21,Integration,Medium,8.7,Resolved,3
TCK-013188,CUST-010474,2024-07-06,Performance,Medium,22.7,Resolved,5
TCK-013189,CUST-010474,2024-06-08,Performance,High,7.3,Resolved,5
TCK-013190,CUST-010474,2023-10-05,Login,Critical,22.7,Resolved,1
TCK-013191,CUST-010474,2024-03-29,Security,Medium,3.4,Resolved,5
TCK-013192,CUST-010476,2024-05-27,Login,Low,15.2,Pending,2
TCK-013193,CUST-010476,2023-01-28,Billing,Medium,6.1,Resolved,2
TCK-013194,CUST-010478,2023-10-07,Technical,Low,20.3,Closed,2
TCK-013195,CUST-010479,2022-04-21,Technical,Low,44.8,Resolved,5
TCK-013196,CUST-010479,2023-03-10,Performance,Medium,29.7,Closed,5
TCK-013197,CUST-010480,2024-08-01,Integration,Low,31.5,Resolved,4
TCK-013198,CUST-010481,2024-05-13,Technical,Low,5.6,Closed,2
TCK-013199,CUST-010481,2024-08-22,Login,Medium,21.0,Escalated,1
TCK-013200,CUST-010481,2024-05-29,Security,Medium,12.2,Closed,2
TCK-013201,CUST-010482,2023-07-08,Billing,Medium,5.4,Closed,2
TCK-013202,CUST-010483,2022-12-23,Billing,Low,22.6,Closed,3
TCK-013203,CUST-010484,2023-07-25,Technical,Medium,13.0,Resolved,5
TCK-013204,CUST-010485,06/07/2024,Technical,Medium,20.0,Resolved,1
TCK-013205,CUST-010486,2024-03-31,Feature Request,Low,11.9,Resolved,1
TCK-013206,CUST-010486,2023-05-26,Billing,Medium,20.0,Pending,2
TCK-013207,CUST-010486,2024-02-07,Security,Medium,24.3,Closed,3
TCK-013208,CUST-010486,2023-12-22,Technical,Medium,8.9,Escalated,2
TCK-013209,CUST-010486,2024-01-12,Billing,Low,7.4,Resolved,1
TCK-013210,CUST-010486,2023-10-20,Performance,Low,32.8,Resolved,3
TCK-013211,CUST-010486,2023-05-12,Login,Low,0.8,Resolved,5
TCK-013212,CUST-010487,2023-10-08,Performance,Medium,6.6,Resolved,2
TCK-013213,CUST-010490,2024-02-09,Login,Medium,31.0,Resolved,3
TCK-013214,CUST-010490,2024-12-15,Technical,Low,46.0,Resolved,4
TCK-013215,CUST-010491,2024-07-26,Integration,Low,5.1,Resolved,2
TCK-013216,CUST-010493,2023-07-14,Technical,Medium,74.5,Escalated,1
TCK-013217,CUST-010493,2023-08-17,Billing,Medium,13.2,Escalated,2
TCK-013218,CUST-010494,2023-11-24,Login,Medium,6.4,Resolved,3
TCK-013219,CUST-010495,2022-12-13,Billing,Low,16.6,Resolved,1
TCK-013220,CUST-010496,2024-04-23,Billing,High,12.8,Resolved,2
TCK-013221,CUST-010497,2024-02-07,Technical,High,30.2,Resolved,2
TCK-013222,CUST-010498,2024-03-04,Login,Medium,49.0,Escalated,1
TCK-013223,CUST-010500,2023-08-01,Billing,Low,6.1,Resolved,4
TCK-013224,CUST-010500,2023-10-06,Technical,Medium,12.3,Resolved,4
TCK-013225,CUST-010500,2024-08-14,Billing,Critical,22.1,Resolved,5
TCK-013226,CUST-010501,2024-06-30,Technical,Medium,45.9,Resolved,3
TCK-013227,CUST-010504,2023-02-15,Integration,Low,2.4,Resolved,5
TCK-013228,CUST-010504,2022-09-18,Billing,Medium,10.8,Resolved,3
TCK-013229,CUST-010505,2024-06-18,Technical,Low,15.9,Closed,1
TCK-013230,CUST-010505,2024-07-24,Billing,Medium,0.9,Closed,2
TCK-013231,CUST-010505,2024-07-02,Technical,Critical,6.4,Resolved,2
TCK-013232,CUST-010505,2024-04-17,Integration,Medium,56.9,Pending,3
TCK-013233,CUST-010506,2023-11-16,Integration,High,38.3,Resolved,2
TCK-013234,CUST-010509,2024-05-24,Billing,High,19.3,Closed,3
TCK-013235,CUST-010510,2023-05-18,Technical,Medium,1.0,Resolved,5
TCK-013236,CUST-010511,2022-07-02,Technical,Medium,28.7,Closed,1
TCK-013237,CUST-010511,2022-05-21,Technical,Low,73.5,Resolved,1
TCK-013238,CUST-010511,2022-06-02,Billing,Medium,12.3,Pending,1
TCK-013239,CUST-010511,2022-08-18,Feature Request,High,0.5,Escalated,1
TCK-013240,CUST-010511,2022-05-03,Billing,Medium,5.5,Resolved,4
TCK-013241,CUST-010511,2022-05-03,Security,Medium,2.1,Resolved,2
TCK-013242,CUST-010515,2024-03-24,Billing,Low,10.4,Resolved,4
TCK-013243,CUST-010515,2024-02-22,Technical,Medium,35.1,Resolved,3
TCK-013244,CUST-010515,2024-03-05,Billing,Low,30.3,Resolved,1
TCK-013245,CUST-010515,2024-02-28,Performance,High,93.0,Escalated,2
TCK-013246,CUST-010515,2024-03-05,Performance,Medium,14.1,Resolved,4
TCK-013247,CUST-010516,2023-05-19,Technical,High,10.5,Closed,4
TCK-013248,CUST-010517,2023-05-12,Technical,Low,19.0,Resolved,4
TCK-013249,CUST-010518,2024-11-06,Login,Low,14.2,Resolved,4
TCK-013250,CUST-010519,2022-05-24,Integration,Medium,33.8,Resolved,2
TCK-013251,CUST-010519,2023-05-01,Integration,Medium,9.5,Resolved,1
TCK-013252,CUST-010519,2023-01-28,Security,High,44.4,Resolved,2
TCK-013253,CUST-010519,2024-02-10,Performance,Medium,69.3,Resolved,2
TCK-013254,CUST-010519,2023-07-21,Technical,Medium,0.5,Escalated,2
TCK-013255,CUST-010519,2023-08-06,Billing,Medium,92.9,Resolved,2
TCK-013256,CUST-010519,2022-04-19,Technical,Low,116.8,Resolved,1
TCK-013257,CUST-010521,2024-06-30,Login,Low,33.8,Resolved,5
TCK-013258,CUST-010521,2023-07-23,Billing,High,18.7,Closed,2
TCK-013259,CUST-010522,2023-11-16,Performance,Low,1.4,Resolved,4
TCK-013260,CUST-010522,2024-05-13,Integration,Low,27.7,Closed,4
TCK-013261,CUST-010522,2024-01-16,Login,Medium,28.9,Closed,4
TCK-013262,CUST-010523,2024-11-05,Integration,Medium,12.7,Closed,5
TCK-013263,CUST-010527,2024-11-11,Performance,Low,2.3,Resolved,3
TCK-013264,CUST-010527,2023-09-13,Login,Low,8.9,Resolved,5
TCK-013265,CUST-010530,2024-08-21,Integration,High,18.1,Resolved,5
TCK-013266,CUST-010532,2024-10-24,Integration,Medium,44.2,Escalated,2
TCK-013267,CUST-010532,2022-10-06,Technical,Low,37.7,Closed,1
TCK-013268,CUST-010533,2024-05-14,Technical,Medium,86.2,Resolved,5
TCK-013269,CUST-010534,2022-05-10,Technical,Critical,1.8,Resolved,5
TCK-013270,CUST-010534,2024-10-16,Login,Low,12.8,Resolved,5
TCK-013271,CUST-010534,2024-10-10,Technical,Medium,8.9,Closed,3
TCK-013272,CUST-010536,2024-08-23,Technical,Medium,0.6,Resolved,5
TCK-013273,CUST-010538,2024-06-06,Billing,Low,10.5,Resolved,2
TCK-013274,CUST-010538,2024-07-20,Billing,Low,6.0,Resolved,1
TCK-013275,CUST-010538,2024-03-19,Technical,Medium,27.9,Resolved,3
TCK-013276,CUST-010538,2024-06-22,Billing,Low,10.4,Resolved,1
TCK-013277,CUST-010539,2023-04-06,Login,Critical,12.3,Resolved,5
TCK-013278,CUST-010539,2022-02-26,Billing,Low,5.2,Closed,3
TCK-013279,CUST-010540,2024-11-07,Performance,Medium,58.7,Resolved,4
TCK-013280,CUST-010540,2024-03-19,Billing,Low,4.1,Resolved,5
TCK-013281,CUST-010540,2024-11-13,Technical,Critical,7.9,Resolved,3
TCK-013282,CUST-010540,2023-12-02,Technical,Medium,9.3,Resolved,3
TCK-013283,CUST-010542,2024-07-20,Performance,Critical,32.1,Resolved,4
TCK-013284,CUST-010544,19/06/2023,Performance,Low,0.5,Resolved,2
TCK-013285,CUST-010544,2023-10-30,Security,Medium,3.5,Resolved,3
TCK-013286,CUST-010544,2023-10-17,Billing,Medium,64.2,Pending,2
TCK-013287,CUST-010545,2023-03-15,Billing,High,6.6,Closed,3
TCK-013288,CUST-010546,2023-09-30,Technical,Medium,4.5,Escalated,1
TCK-013289,CUST-010546,2024-09-13,Technical,Low,27.4,Closed,3
TCK-013290,CUST-010546,2024-03-14,Technical,Medium,2.8,Resolved,2
TCK-013291,CUST-010546,2023-12-24,Billing,High,2.8,Resolved,3
TCK-013292,CUST-010546,2023-09-30,Performance,Low,48.5,Pending,2
TCK-013293,CUST-010547,2024-05-26,Login,Medium,6.6,Resolved,5
TCK-013294,CUST-010549,2024-08-19,Integration,Medium,22.2,Pending,2
TCK-013295,CUST-010549,2023-12-21,Billing,Medium,20.7,Resolved,2
TCK-013296,CUST-010550,2023-12-10,Technical,Medium,5.7,Closed,4
TCK-013297,CUST-010551,2023-11-15,Login,High,6.6,Pending,2
TCK-013298,CUST-010551,2024-01-23,Performance,Medium,5.3,Closed,1
TCK-013299,CUST-010553,2024-02-10,Login,Medium,6.4,Resolved,2
TCK-013300,CUST-010554,2024-03-26,Technical,Medium,14.0,Resolved,1
TCK-013301,CUST-010555,2022-10-03,Billing,High,16.6,Escalated,2
TCK-013302,CUST-010555,30/04/2022,Billing,Medium,3.6,Escalated,2
TCK-013303,CUST-010555,2023-05-13,Billing,Low,27.8,Escalated,2
TCK-013304,CUST-010557,18/09/2024,Billing,Medium,24.0,Pending,2
TCK-013305,CUST-010557,2023-11-20,Technical,Medium,8.4,Resolved,3
TCK-013306,CUST-010557,2024-07-01,Login,Low,11.1,Resolved,1
TCK-013307,CUST-010557,29/11/2024,Technical,Low,23.3,Pending,1
TCK-013308,CUST-010558,2023-09-16,Technical,High,13.3,Pending,2
TCK-013309,CUST-010558,2023-08-29,Integration,High,15.2,Resolved,2
TCK-013310,CUST-010558,2023-07-30,Technical,High,49.8,Escalated,3
TCK-013311,CUST-010558,2024-01-14,Login,Medium,26.8,Escalated,1
TCK-013312,CUST-010559,2022-04-01,Technical,High,38.7,Resolved,3
TCK-013313,CUST-010559,2023-04-07,Technical,Medium,1.8,Resolved,5
TCK-013314,CUST-010561,2024-12-01,Performance,Medium,1.3,Closed,4
TCK-013315,CUST-010562,2024-03-04,Technical,High,41.0,Resolved,3
TCK-013316,CUST-010562,2023-07-27,Billing,Low,16.0,Resolved,2
TCK-013317,CUST-010562,2024-01-22,Billing,Critical,23.2,Closed,4
TCK-013318,CUST-010563,2024-09-01,Login,High,2.5,Closed,5
TCK-013319,CUST-010563,2023-10-25,Integration,Medium,20.0,Pending,1
TCK-013320,CUST-010564,2024-06-24,Technical,Medium,5.6,Closed,5
TCK-013321,CUST-010565,2024-06-20,Login,Low,4.3,Closed,1
TCK-013322,CUST-010565,2024-11-01,Technical,Low,10.7,Closed,3
TCK-013323,CUST-010565,2024-10-13,Feature Request,High,39.2,Resolved,2
TCK-013324,CUST-010566,2024-10-31,Performance,Medium,27.8,Closed,4
TCK-013325,CUST-010567,2023-12-12,Login,High,22.8,Resolved,2
TCK-013326,CUST-010568,2024-08-27,Integration,Medium,44.2,Resolved,3
TCK-013327,CUST-010568,2024-05-24,Login,High,10.0,Resolved,4
TCK-013328,CUST-010569,2023-09-25,Login,Medium,13.6,Resolved,5
TCK-013329,CUST-010569,2023-12-02,Technical,Medium,60.3,Resolved,5
TCK-013330,CUST-010570,2024-04-04,Billing,Medium,20.6,Pending,3
TCK-013331,CUST-010571,2024-09-04,Performance,Low,23.3,Resolved,1
TCK-013332,CUST-010572,2024-11-21,Performance,Medium,21.4,Resolved,1
TCK-013333,CUST-010573,2023-12-26,Performance,Low,9.6,Resolved,2
TCK-013334,CUST-010573,2023-03-25,Technical,Low,1.4,Closed,4
TCK-013335,CUST-010577,26/03/2023,Performance,Low,0.5,Resolved,4
TCK-013336,CUST-010578,2022-09-06,Login,Medium,29.7,Closed,4
TCK-013337,CUST-010581,2023-01-06,Technical,Medium,1.4,Resolved,1
TCK-013338,CUST-010582,2023-03-17,Performance,Critical,32.6,Resolved,5
TCK-013339,CUST-010582,2023-02-04,Technical,High,20.9,Resolved,4
TCK-013340,CUST-010583,2023-03-14,Login,High,30.8,Closed,2
TCK-013341,CUST-010583,2023-05-04,Billing,High,203.2,Pending,2
TCK-013342,CUST-010583,2023-02-19,Billing,High,118.0,Resolved,3
TCK-013343,CUST-010583,2023-03-23,Performance,Medium,53.3,Closed,1
TCK-013344,CUST-010585,2024-10-17,Integration,High,12.8,Resolved,2
TCK-013345,CUST-010586,2024-03-07,Feature Request,Medium,34.8,Resolved,5
TCK-013346,CUST-010586,2024-04-27,Technical,Critical,50.1,Closed,5
TCK-013347,CUST-010587,14/10/2023,Integration,High,85.5,Resolved,2
TCK-013348,CUST-010587,2024-05-03,Login,Medium,2.8,Resolved,2
TCK-013349,CUST-010589,2023-06-18,Technical,Critical,90.4,Resolved,2
TCK-013350,CUST-010590,21/06/2024,Performance,Low,3.1,Closed,4
TCK-013351,CUST-010590,2023-09-22,Technical,Medium,55.2,Resolved,2
TCK-013352,CUST-010590,2023-12-25,Login,High,103.1,Pending,1
TCK-013353,CUST-010591,2023-01-17,Technical,Medium,16.5,Resolved,5
TCK-013354,CUST-010591,2022-07-02,Technical,Critical,1.6,Resolved,5
TCK-013355,CUST-010591,2024-11-07,Billing,Low,14.2,Closed,5
TCK-013356,CUST-010592,2023-09-20,Login,Medium,14.7,Resolved,4
TCK-013357,CUST-010593,2023-09-23,Performance,Medium,60.5,Resolved,5
TCK-013358,CUST-010594,2024-10-22,Performance,Low,2.3,Resolved,5
TCK-013359,CUST-010596,2023-09-10,Login,Low,18.4,Resolved,2
TCK-013360,CUST-010597,2023-11-27,Integration,Low,7.0,Resolved,3
TCK-013361,CUST-010598,2023-05-30,Technical,Medium,37.1,Escalated,2
TCK-013362,CUST-010598,2023-01-09,Billing,Medium,1.9,Resolved,3
TCK-013363,CUST-010599,2023-05-26,Login,High,41.3,Closed,2
TCK-013364,CUST-010600,2024-02-12,Technical,High,8.9,Resolved,5
TCK-013365,CUST-010601,2023-12-17,Technical,Low,27.2,Closed,2
TCK-013366,CUST-010601,2024-09-10,Integration,High,31.6,Escalated,2
TCK-013367,CUST-010603,2023-10-09,Integration,Low,21.0,Resolved,1
TCK-013368,CUST-010603,2023-10-18,Performance,Medium,78.8,Escalated,1
TCK-013369,CUST-010604,2023-06-23,Technical,Medium,32.0,Resolved,3
TCK-013370,CUST-010605,2024-01-30,Performance,Medium,8.2,Resolved,4
TCK-013371,CUST-010605,2023-12-23,Technical,Low,9.4,Resolved,3
TCK-013372,CUST-010605,2022-11-23,Login,High,35.6,Resolved,5
TCK-013373,CUST-010606,2023-06-10,Login,Low,60.4,Closed,4
TCK-013374,CUST-010606,2024-11-29,Performance,Low,2.9,Resolved,3
TCK-013375,CUST-010606,2023-12-07,Integration,Low,13.5,Resolved,5
TCK-013376,CUST-010607,2022-10-05,Performance,Low,8.0,Closed,1
TCK-013377,CUST-010607,2023-05-29,Billing,Medium,2.3,Resolved,2
TCK-013378,CUST-010608,2024-12-06,Billing,Medium,3.7,Resolved,5
TCK-013379,CUST-010610,2024-04-03,Login,Medium,28.8,Pending,1
TCK-013380,CUST-010610,2024-05-12,Integration,Medium,43.6,Resolved,3
TCK-013381,CUST-010611,2024-12-11,Technical,Medium,4.4,Resolved,5
TCK-013382,CUST-010611,2023-04-11,Login,Low,9.0,Resolved,4
TCK-013383,CUST-010612,2023-07-18,Technical,Low,15.3,Closed,3
TCK-013384,CUST-010612,2023-09-22,Login,Low,8.9,Closed,1
TCK-013385,CUST-010613,2024-07-08,Technical,High,2.4,Resolved,2
TCK-013386,CUST-010614,2024-07-11,Performance,Medium,36.5,Resolved,1
TCK-013387,CUST-010614,2024-08-30,Technical,Low,2.4,Closed,3
TCK-013388,CUST-010616,2023-10-21,Security,High,7.6,Resolved,4
TCK-013389,CUST-010616,2024-12-13,Performance,Medium,4.1,Resolved,2
TCK-013390,CUST-010617,2024-06-23,Technical,Low,0.5,Closed,4
TCK-013391,CUST-010617,2023-02-16,Login,High,80.6,Resolved,2
TCK-013392,CUST-010618,2024-10-01,Feature Request,Low,2.3,Resolved,4
TCK-013393,CUST-010618,2024-11-05,Login,Low,12.6,Closed,4
TCK-013394,CUST-010618,2024-06-03,Integration,Low,4.1,Resolved,3
TCK-013395,CUST-010618,2024-11-23,Login,High,60.4,Closed,5
TCK-013396,CUST-010619,2024-08-24,Billing,Critical,21.2,Closed,1
TCK-013397,CUST-010620,2024-11-01,Performance,High,1.2,Closed,3
TCK-013398,CUST-010620,2024-07-06,Billing,High,58.3,Resolved,3
TCK-013399,CUST-010620,2023-06-12,Performance,Low,12.2,Resolved,1
TCK-013400,CUST-010622,2023-08-01,Technical,Medium,6.8,Resolved,1
TCK-013401,CUST-010622,2023-09-21,Technical,Low,26.9,Resolved,3
TCK-013402,CUST-010622,2023-05-13,Billing,Critical,12.3,Closed,1
TCK-013403,CUST-010622,2023-06-15,Technical,Low,3.0,Resolved,1
TCK-013404,CUST-010624,06/04/2022,Technical,Medium,29.4,Closed,5
TCK-013405,CUST-010624,2024-08-24,Login,Low,0.5,Resolved,5
TCK-013406,CUST-010625,2023-02-17,Login,High,55.9,Resolved,3
TCK-013407,CUST-010625,2024-02-04,Technical,Medium,15.2,Resolved,2
TCK-013408,CUST-010625,2023-11-01,Integration,Medium,18.8,Resolved,2
TCK-013409,CUST-010628,16/04/2024,Feature Request,Low,1.6,Closed,4
TCK-013410,CUST-010630,2024-10-11,Billing,Medium,23.7,Resolved,4
TCK-013411,CUST-010632,2024-03-16,Integration,Critical,12.7,Closed,4
TCK-013412,CUST-010632,2024-05-10,Technical,Medium,54.9,Closed,3
TCK-013413,CUST-010632,2024-10-25,Technical,High,42.0,Resolved,3
TCK-013414,CUST-010633,2022-12-05,Technical,Low,4.9,Resolved,3
TCK-013415,CUST-010633,2022-09-26,Technical,High,38.2,Resolved,3
TCK-013416,CUST-010638,2024-06-27,Technical,High,36.8,Pending,2
TCK-013417,CUST-010638,2024-06-27,Login,Low,74.0,Resolved,1
TCK-013418,CUST-010640,2022-08-24,Performance,Medium,2.8,Resolved,2
TCK-013419,CUST-010642,2023-11-18,Security,High,20.2,Escalated,3
TCK-013420,CUST-010642,2024-01-14,Login,High,2.6,Closed,4
TCK-013421,CUST-010642,2023-08-23,Billing,Medium,7.6,Closed,2
TCK-013422,CUST-010643,2024-03-19,Billing,Low,0.5,Resolved,5
TCK-013423,CUST-010643,2023-07-26,Technical,Low,11.3,Closed,1
TCK-013424,CUST-010643,2023-03-13,Technical,Critical,58.0,Resolved,4
TCK-013425,CUST-010644,2024-05-08,Billing,Medium,9.4,Resolved,4
TCK-013426,CUST-010645,14/04/2023,Performance,High,49.7,Escalated,1
TCK-013427,CUST-010645,2023-06-28,Performance,High,21.8,Resolved,1
TCK-013428,CUST-010646,2023-06-30,Login,High,8.5,Resolved,4
TCK-013429,CUST-010648,2024-10-30,Billing,Medium,2.1,Resolved,3
TCK-013430,CUST-010650,2024-07-10,Performance,Low,24.3,Closed,3
TCK-013431,CUST-010650,2024-09-06,Technical,Low,12.9,Closed,5
TCK-013432,CUST-010651,2024-06-01,Billing,Medium,1.3,Resolved,4
TCK-013433,CUST-010652,2022-12-03,Technical,Medium,4.4,Resolved,2
TCK-013434,CUST-010652,2024-07-15,Technical,Medium,13.1,Resolved,5
TCK-013435,CUST-010653,2024-10-31,Login,Low,3.0,Resolved,4
TCK-013436,CUST-010654,2022-12-25,Technical,Medium,25.6,Resolved,5
TCK-013437,CUST-010655,2024-02-06,Billing,High,111.4,Resolved,3
TCK-013438,CUST-010655,2024-03-18,Billing,Low,15.3,Resolved,1
TCK-013439,CUST-010656,2024-07-08,Technical,Medium,2.9,Resolved,4
TCK-013440,CUST-010659,2023-04-08,Login,Low,42.0,Resolved,4
TCK-013441,CUST-010661,2022-08-26,Billing,Medium,22.9,Resolved,3
TCK-013442,CUST-010663,2024-06-06,Integration,Low,19.9,Resolved,5
TCK-013443,CUST-010665,2024-01-12,Billing,High,33.8,Resolved,5
TCK-013444,CUST-010667,2024-10-09,Performance,Low,10.8,Closed,3
TCK-013445,CUST-010668,2023-02-24,Performance,Medium,9.7,Resolved,4
TCK-013446,CUST-010668,2024-05-03,Technical,Low,18.7,Resolved,5
TCK-013447,CUST-010670,2023-11-18,Technical,Medium,35.9,Resolved,2
TCK-013448,CUST-010672,2023-01-04,Performance,Critical,19.1,Resolved,5
TCK-013449,CUST-010674,2024-09-24,Billing,Medium,17.2,Resolved,5
TCK-013450,CUST-010674,2024-10-23,Billing,Medium,18.0,Closed,5
TCK-013451,CUST-010675,2024-02-22,Billing,Low,7.9,Closed,4
TCK-013452,CUST-010675,2024-06-16,Technical,High,1.3,Resolved,3
TCK-013453,CUST-010675,2023-07-14,Technical,Low,18.6,Resolved,1
TCK-013454,CUST-010677,2023-12-05,Login,Medium,1.5,Resolved,5
TCK-013455,CUST-010678,2024-11-14,Billing,High,1.5,Resolved,4
TCK-013456,CUST-010679,2023-10-23,Technical,Medium,14.6,Resolved,4
TCK-013457,CUST-010681,2024-07-18,Security,Low,75.4,Resolved,2
TCK-013458,CUST-010684,2024-08-19,Technical,Medium,7.3,Resolved,5
TCK-013459,CUST-010685,2024-08-24,Technical,Medium,7.3,Resolved,5
TCK-013460,CUST-010685,2024-08-11,Technical,Medium,1.8,Closed,4
TCK-013461,CUST-010687,2023-04-21,Technical,Low,2.6,Resolved,1
TCK-013462,CUST-010687,2023-03-02,Performance,Critical,13.2,Resolved,2
TCK-013463,CUST-010688,2024-01-24,Security,Medium,16.8,Resolved,3
TCK-013464,CUST-010690,2024-09-14,Integration,Medium,24.3,Resolved,3
TCK-013465,CUST-010690,2024-08-29,Technical,High,0.5,Resolved,4
TCK-013466,CUST-010690,2023-09-28,Login,Low,3.2,Resolved,4
TCK-013467,CUST-010691,2024-07-12,Login,Medium,11.2,Closed,3
TCK-013468,CUST-010691,2024-04-04,Technical,Medium,17.8,Closed,4
TCK-013469,CUST-010692,2022-05-16,Login,Medium,2.2,Resolved,5
TCK-013470,CUST-010692,2023-11-24,Login,Critical,62.9,Closed,4
TCK-013471,CUST-010692,2024-12-07,Technical,Low,2.6,Resolved,4
TCK-013472,CUST-010692,2022-11-06,Billing,Medium,17.2,Resolved,5
TCK-013473,CUST-010693,2024-02-23,Login,Medium,6.4,Resolved,4
TCK-013474,CUST-010694,2024-06-05,Performance,Medium,0.5,Resolved,5
TCK-013475,CUST-010696,2023-01-30,Billing,Low,48.2,Resolved,4
TCK-013476,CUST-010696,2023-10-19,Technical,High,147.4,Resolved,1
TCK-013477,CUST-010698,2023-04-24,Billing,Medium,5.2,Resolved,4
TCK-013478,CUST-010699,2022-10-18,Billing,Low,44.4,Resolved,3
TCK-013479,CUST-010699,2023-01-29,Technical,Medium,39.4,Closed,5
TCK-013480,CUST-010700,2024-10-18,Billing,Low,10.4,Resolved,3
TCK-013481,CUST-010700,2024-09-14,Technical,Medium,2.7,Resolved,5
TCK-013482,CUST-010700,2024-10-18,Integration,High,0.5,Resolved,4
TCK-013483,CUST-010701,2023-12-06,Technical,Medium,1.4,Resolved,1
TCK-013484,CUST-010702,2023-12-22,Integration,Low,63.2,Resolved,4
TCK-013485,CUST-010703,2022-08-15,Login,High,7.7,Closed,4
TCK-013486,CUST-010703,2022-10-31,Technical,Medium,0.6,Resolved,1
TCK-013487,CUST-010703,2022-11-11,Technical,Low,18.1,Resolved,1
TCK-013488,CUST-010705,2024-03-01,Technical,Medium,27.2,Closed,3
TCK-013489,CUST-010706,2024-02-10,Technical,Low,26.6,Resolved,5
TCK-013490,CUST-010706,2024-09-08,Login,Medium,15.2,Resolved,4
TCK-013491,CUST-010706,2023-07-06,Integration,Medium,17.2,Resolved,2
TCK-013492,CUST-010706,2024-10-11,Login,Medium,9.1,Resolved,4
TCK-013493,CUST-010707,2024-10-14,Feature Request,Medium,5.2,Closed,2
TCK-013494,CUST-010707,2024-08-09,Technical,Medium,1.3,Resolved,3
TCK-013495,CUST-010710,2023-04-30,Technical,Low,16.0,Escalated,1
TCK-013496,CUST-010711,2024-03-06,Billing,Low,43.8,Resolved,2
TCK-013497,CUST-010714,2023-12-30,Feature Request,Low,6.7,Pending,2
TCK-013498,CUST-010714,2023-12-30,Integration,Medium,0.5,Closed,2
TCK-013499,CUST-010714,2023-08-31,Performance,High,12.3,Resolved,3
TCK-013500,CUST-010714,2023-10-06,Feature Request,Medium,11.9,Resolved,1
TCK-013501,CUST-010715,2024-08-01,Technical,High,13.7,Resolved,3
TCK-013502,CUST-010716,2024-09-12,Performance,Critical,17.0,Resolved,2
TCK-013503,CUST-010717,2024-03-13,Login,Low,9.2,Resolved,5
TCK-013504,CUST-010718,2023-10-07,Performance,Low,2.5,Resolved,3
TCK-013505,CUST-010718,2023-09-23,Performance,Medium,5.4,Pending,1
TCK-013506,CUST-010720,2023-11-16,Integration,Low,22.7,Resolved,4
TCK-013507,CUST-010721,2024-08-20,Integration,High,33.8,Closed,5
TCK-013508,CUST-010722,2024-08-16,Login,Low,8.3,Resolved,3
TCK-013509,CUST-010724,2024-07-12,Integration,Low,34.2,Resolved,3
TCK-013510,CUST-010725,2024-07-03,Technical,Low,11.5,Escalated,1
TCK-013511,CUST-010726,2022-10-08,Login,Medium,23.1,Resolved,1
TCK-013512,CUST-010726,2022-09-25,Technical,Low,24.1,Escalated,1
TCK-013513,CUST-010727,2024-11-21,Billing,Low,2.1,Closed,4
TCK-013514,CUST-010727,2024-10-08,Performance,Medium,43.6,Closed,4
TCK-013515,CUST-010727,2024-07-22,Technical,High,40.4,Resolved,4
TCK-013516,CUST-010728,2024-04-25,Performance,Medium,9.0,Closed,3
TCK-013517,CUST-010729,2022-04-25,Login,Low,0.9,Resolved,1
TCK-013518,CUST-010729,2023-06-14,Technical,Medium,6.5,Resolved,3
TCK-013519,CUST-010729,2022-04-08,Technical,Medium,19.7,Resolved,1
TCK-013520,CUST-010730,2024-05-11,Integration,Low,5.4,Resolved,5
TCK-013521,CUST-010731,2024-04-20,Technical,Low,47.6,Resolved,5
TCK-013522,CUST-010732,2023-04-19,Integration,Critical,20.1,Pending,1
TCK-013523,CUST-010732,2023-07-10,Billing,Medium,4.9,Resolved,5
TCK-013524,CUST-010732,2024-02-24,Billing,Low,27.6,Resolved,3
TCK-013525,CUST-010732,2024-07-15,Billing,High,51.1,Resolved,4
TCK-013526,CUST-010733,2023-08-24,Technical,Low,37.7,Escalated,3
TCK-013527,CUST-010734,2022-12-23,Technical,Medium,5.2,Closed,4
TCK-013528,CUST-010736,2024-07-26,Technical,Low,16.4,Closed,3
TCK-013529,CUST-010736,2024-03-25,Integration,Medium,50.6,Resolved,4
TCK-013530,CUST-010737,2024-05-04,Technical,Medium,16.6,Resolved,5
TCK-013531,CUST-010739,2024-01-23,Billing,Medium,20.8,Resolved,5
TCK-013532,CUST-010741,2024-11-17,Technical,High,34.0,Resolved,4
TCK-013533,CUST-010741,2024-11-01,Login,High,67.1,Closed,4
TCK-013534,CUST-010743,2023-09-13,Technical,Low,34.4,Resolved,5
TCK-013535,CUST-010743,2024-01-22,Technical,Critical,11.9,Resolved,1
TCK-013536,CUST-010744,2022-09-13,Billing,Low,1.8,Closed,4
TCK-013537,CUST-010744,2022-11-26,Technical,Low,13.7,Resolved,4
TCK-013538,CUST-010744,2022-11-14,Performance,Low,10.5,Closed,3
TCK-013539,CUST-010746,2024-11-01,Performance,Low,19.3,Resolved,5
TCK-013540,CUST-010748,2024-11-18,Technical,Medium,11.2,Closed,4
TCK-013541,CUST-010748,2024-11-25,Billing,High,0.8,Resolved,4
TCK-013542,CUST-010749,2023-05-22,Billing,Medium,32.5,Closed,4
TCK-013543,CUST-010750,2023-05-01,Performance,High,25.8,Resolved,4
TCK-013544,CUST-010751,2024-02-12,Login,Low,4.1,Resolved,4
TCK-013545,CUST-010752,2023-06-19,Technical,High,44.8,Resolved,1
TCK-013546,CUST-010752,2024-01-02,Billing,Low,18.7,Resolved,4
TCK-013547,CUST-010752,2023-02-14,Technical,Low,6.3,Resolved,1
TCK-013548,CUST-010753,2024-06-25,Billing,Low,16.6,Closed,1
TCK-013549,CUST-010754,06/04/2022,Technical,Low,8.5,Escalated,2
TCK-013550,CUST-010754,2022-05-28,Performance,Low,2.1,Resolved,3
TCK-013551,CUST-010754,2022-03-31,Security,High,44.3,Resolved,1
TCK-013552,CUST-010754,2022-04-16,Performance,High,22.0,Resolved,2
TCK-013553,CUST-010755,2023-09-04,Technical,Low,1.7,Resolved,5
TCK-013554,CUST-010756,2024-02-04,Billing,High,2.5,Resolved,2
TCK-013555,CUST-010756,2024-06-21,Performance,High,177.6,Pending,1
TCK-013556,CUST-010756,2024-01-31,Technical,Medium,56.7,Resolved,3
TCK-013557,CUST-010757,2024-08-29,Integration,Medium,0.5,Resolved,5
TCK-013558,CUST-010758,2024-09-20,Technical,Medium,17.7,Resolved,2
TCK-013559,CUST-010758,2024-08-30,Technical,Critical,4.4,Resolved,2
TCK-013560,CUST-010759,2024-07-19,Performance,High,86.7,Resolved,5
TCK-013561,CUST-010759,2024-12-04,Technical,Medium,0.5,Resolved,3
TCK-013562,CUST-010759,2024-04-22,Performance,Medium,18.1,Resolved,1
TCK-013563,CUST-010760,2024-05-03,Feature Request,Medium,17.1,Resolved,1
TCK-013564,CUST-010760,2024-04-25,Integration,Low,2.2,Resolved,4
TCK-013565,CUST-010760,2024-05-12,Billing,Low,21.3,Pending,2
TCK-013566,CUST-010760,2024-05-15,Billing,Critical,29.0,Escalated,2
TCK-013567,CUST-010761,2023-01-03,Integration,High,3.1,Closed,4
TCK-013568,CUST-010761,2023-12-10,Login,Medium,30.4,Resolved,2
TCK-013569,CUST-010762,2024-02-25,Performance,Medium,18.9,Resolved,4
TCK-013570,CUST-010764,2024-08-06,Integration,High,61.6,Resolved,5
TCK-013571,CUST-010769,2024-05-10,Technical,Medium,1.0,Closed,1
TCK-013572,CUST-010769,02/11/2024,Performance,Medium,1.2,Closed,5
TCK-013573,CUST-010769,2024-09-06,Billing,Medium,24.3,Resolved,4
TCK-013574,CUST-010770,2024-12-05,Technical,Critical,5.7,Resolved,4
TCK-013575,CUST-010771,2023-01-19,Integration,Medium,20.1,Resolved,5
TCK-013576,CUST-010773,2024-05-09,Technical,Low,27.9,Resolved,4
TCK-013577,CUST-010773,2024-04-18,Technical,Medium,0.5,Resolved,4
TCK-013578,CUST-010774,2024-09-12,Technical,High,4.0,Resolved,4
TCK-013579,CUST-010774,2024-06-11,Integration,Critical,35.5,Closed,5
TCK-013580,CUST-010776,2024-12-07,Login,Medium,20.5,Resolved,4
TCK-013581,CUST-010777,2024-03-18,Performance,Medium,15.6,Resolved,4
TCK-013582,CUST-010777,2024-08-03,Feature Request,Medium,0.5,Closed,4
TCK-013583,CUST-010779,2024-06-04,Technical,Low,7.9,Resolved,4
TCK-013584,CUST-010780,2024-11-26,Integration,Low,40.0,Resolved,5
TCK-013585,CUST-010780,2024-07-04,Technical,Low,4.2,Closed,3
TCK-013586,CUST-010781,2023-08-20,Login,Medium,10.6,Resolved,5
TCK-013587,CUST-010782,2023-09-15,Billing,Low,28.7,Resolved,2
TCK-013588,CUST-010784,2024-02-14,Technical,Low,3.1,Closed,2
TCK-013589,CUST-010784,2024-06-26,Billing,Medium,25.7,Resolved,4
TCK-013590,CUST-010787,2022-11-11,Technical,Medium,4.8,Resolved,5
TCK-013591,CUST-010789,2023-10-19,Technical,Low,10.8,Resolved,1
TCK-013592,CUST-010791,2024-09-19,Billing,Medium,12.6,Closed,3
TCK-013593,CUST-010791,2024-03-09,Technical,Critical,26.4,Resolved,4
TCK-013594,CUST-010792,2024-06-19,Technical,Low,10.1,Resolved,3
TCK-013595,CUST-010792,2024-05-27,Login,Low,1.1,Escalated,1
TCK-013596,CUST-010794,2024-12-12,Billing,Critical,0.7,Resolved,4
TCK-013597,CUST-010797,2024-10-23,Technical,High,13.4,Resolved,5
TCK-013598,CUST-010797,2024-06-01,Technical,High,4.0,Resolved,1
TCK-013599,CUST-010798,2023-02-18,Technical,Medium,6.1,Resolved,3
TCK-013600,CUST-010798,15/09/2022,Login,Low,14.1,Resolved,2
TCK-013601,CUST-010798,2022-06-10,Performance,Medium,3.3,Resolved,2
TCK-013602,CUST-010799,2023-03-11,Billing,Low,9.6,Closed,2
TCK-013603,CUST-010799,2023-02-13,Login,Critical,4.6,Resolved,4
TCK-013604,CUST-010800,2023-03-16,Technical,Low,86.6,Resolved,2
TCK-013605,CUST-010801,2023-12-24,Technical,Medium,3.0,Pending,2
TCK-013606,CUST-010802,2023-04-16,Performance,High,5.8,Resolved,4
TCK-013607,CUST-010803,2024-09-29,Feature Request,Medium,22.0,Resolved,5
TCK-013608,CUST-010804,2023-11-22,Technical,Low,7.5,Resolved,3
TCK-013609,CUST-010806,2024-10-09,Security,Medium,7.5,Closed,1
TCK-013610,CUST-010808,2024-03-07,Performance,High,142.5,Escalated,2
TCK-013611,CUST-010808,2024-07-31,Technical,Low,20.8,Escalated,1
TCK-013612,CUST-010808,2023-09-09,Login,Low,25.4,Resolved,4
TCK-013613,CUST-010809,2024-11-24,Performance,Medium,5.6,Closed,3
TCK-013614,CUST-010809,2024-10-20,Billing,Medium,4.4,Resolved,5
TCK-013615,CUST-010810,2023-01-29,Security,Medium,3.9,Resolved,2
TCK-013616,CUST-010811,2024-07-01,Performance,High,14.8,Resolved,2
TCK-013617,CUST-010812,2023-08-27,Login,Medium,95.7,Resolved,2
TCK-013618,CUST-010812,2024-02-26,Performance,High,103.0,Resolved,3
TCK-013619,CUST-010815,2024-09-14,Billing,Low,12.8,Resolved,5
TCK-013620,CUST-010815,2024-07-12,Security,High,1.7,Resolved,3
TCK-013621,CUST-010816,2023-09-05,Technical,Medium,0.7,Resolved,1
TCK-013622,CUST-010816,2023-02-18,Security,Medium,76.5,Resolved,1
TCK-013623,CUST-010816,2023-04-13,Billing,Medium,6.3,Pending,3
TCK-013624,CUST-010816,2023-02-22,Integration,High,80.3,Resolved,1
TCK-013625,CUST-010817,2024-01-18,Technical,Medium,1.5,Resolved,3
TCK-013626,CUST-010818,2023-07-19,Technical,Low,14.9,Resolved,1
TCK-013627,CUST-010818,2023-07-03,Performance,Low,25.0,Resolved,3
TCK-013628,CUST-010818,2023-09-24,Integration,Medium,47.5,Closed,1
TCK-013629,CUST-010818,2023-07-14,Feature Request,Medium,37.2,Closed,2
TCK-013630,CUST-010818,2023-08-16,Login,Low,33.5,Resolved,3
TCK-013631,CUST-010821,2024-04-17,Login,Low,5.7,Closed,5
TCK-013632,CUST-010821,2024-07-07,Feature Request,High,62.8,Resolved,3
TCK-013633,CUST-010823,2024-01-20,Integration,Medium,4.8,Resolved,3
TCK-013634,CUST-010825,2023-09-04,Technical,Low,1.2,Resolved,5
TCK-013635,CUST-010827,2024-01-27,Login,High,3.3,Resolved,2
TCK-013636,CUST-010827,2023-07-14,Billing,Medium,70.7,Resolved,1
TCK-013637,CUST-010828,22/01/2024,Billing,Low,16.2,Resolved,2
TCK-013638,CUST-010830,2023-04-27,Integration,Low,1.9,Resolved,5
TCK-013639,CUST-010833,2024-06-20,Login,Low,53.5,Resolved,4
TCK-013640,CUST-010834,2023-09-27,Technical,Low,10.0,Pending,3
TCK-013641,CUST-010834,31/01/2024,Login,Medium,29.0,Resolved,3
TCK-013642,CUST-010839,2024-08-19,Login,Medium,17.9,Closed,5
TCK-013643,CUST-010840,2024-03-08,Technical,High,23.0,Resolved,3
TCK-013644,CUST-010841,2024-10-29,Integration,Low,7.6,Resolved,4
TCK-013645,CUST-010841,2024-10-11,Integration,High,7.7,Resolved,4
TCK-013646,CUST-010842,2023-06-30,Technical,Low,5.6,Closed,5
TCK-013647,CUST-010842,2024-01-18,Feature Request,Medium,18.0,Resolved,4
TCK-013648,CUST-010843,2022-10-29,Technical,Low,33.0,Closed,1
TCK-013649,CUST-010843,2023-03-14,Performance,High,21.8,Resolved,3
TCK-013650,CUST-010843,2023-07-11,Login,Low,1.7,Escalated,1
TCK-013651,CUST-010843,2023-07-06,Billing,Low,8.1,Resolved,1
TCK-013652,CUST-010844,2023-10-03,Login,Low,9.6,Closed,1
TCK-013653,CUST-010844,2022-09-24,Login,High,77.6,Pending,2
TCK-013654,CUST-010844,2023-09-10,Feature Request,Medium,28.9,Escalated,2
TCK-013655,CUST-010844,2022-06-04,Technical,High,1.5,Resolved,2
TCK-013656,CUST-010845,2024-05-21,Billing,Critical,64.4,Resolved,5
TCK-013657,CUST-010845,2024-10-19,Billing,Low,49.7,Resolved,2
TCK-013658,CUST-010845,2024-04-28,Performance,Medium,41.2,Resolved,2
TCK-013659,CUST-010847,2024-01-26,Technical,Medium,6.5,Closed,5
TCK-013660,CUST-010851,2024-03-06,Billing,Low,7.5,Resolved,4
TCK-013661,CUST-010851,2023-06-27,Technical,Low,39.3,Resolved,2
TCK-013662,CUST-010853,2022-11-08,Technical,Low,2.0,Resolved,3
TCK-013663,CUST-010853,2022-07-25,Technical,Low,1.6,Resolved,2
TCK-013664,CUST-010854,2024-09-20,Technical,Medium,12.9,Closed,3
TCK-013665,CUST-010856,2024-08-08,Integration,Medium,11.9,Resolved,4
TCK-013666,CUST-010857,2023-10-29,Billing,Medium,20.1,Resolved,3
TCK-013667,CUST-010857,2024-04-29,Feature Request,Medium,32.3,Pending,2
TCK-013668,CUST-010857,2024-02-18,Billing,Medium,32.1,Pending,3
TCK-013669,CUST-010857,2024-06-19,Billing,Low,41.7,Resolved,2
TCK-013670,CUST-010857,2024-09-12,Billing,Medium,3.4,Closed,1
TCK-013671,CUST-010859,2023-03-01,Technical,Low,9.5,Closed,3
TCK-013672,CUST-010860,2022-12-19,Technical,Low,9.6,Resolved,5
TCK-013673,CUST-010861,2022-11-10,Security,Low,1.1,Resolved,4
TCK-013674,CUST-010861,2022-11-16,Technical,Low,13.9,Closed,4
TCK-013675,CUST-010863,2023-06-16,Billing,Low,3.3,Resolved,5
TCK-013676,CUST-010863,2023-05-19,Login,Low,2.9,Resolved,5
TCK-013677,CUST-010864,2023-10-31,Login,High,9.1,Resolved,5
TCK-013678,CUST-010865,2023-03-30,Performance,Medium,22.0,Resolved,1
TCK-013679,CUST-010865,2023-05-28,Technical,Low,21.0,Resolved,2
TCK-013680,CUST-010865,2023-06-14,Technical,High,35.0,Pending,1
TCK-013681,CUST-010865,2023-05-13,Technical,Low,6.2,Pending,2
TCK-013682,CUST-010866,2024-06-30,Login,Critical,5.6,Resolved,4
TCK-013683,CUST-010866,2024-10-09,Technical,Critical,18.1,Resolved,4
TCK-013684,CUST-010867,2024-04-25,Login,Medium,1.1,Escalated,1
TCK-013685,CUST-010867,2024-04-01,Billing,Medium,23.8,Pending,3
TCK-013686,CUST-010869,2024-04-04,Billing,Medium,5.6,Resolved,4
TCK-013687,CUST-010869,2024-08-02,Billing,Medium,0.7,Resolved,1
TCK-013688,CUST-010870,2024-08-23,Billing,Medium,2.9,Resolved,4
TCK-013689,CUST-010871,2024-05-25,Technical,Medium,35.4,Resolved,2
TCK-013690,CUST-010873,2024-03-09,Performance,Medium,49.8,Resolved,5
TCK-013691,CUST-010874,2022-08-13,Technical,Low,6.9,Pending,3
TCK-013692,CUST-010874,2023-01-08,Technical,Medium,12.9,Resolved,2
TCK-013693,CUST-010875,2024-10-21,Technical,Medium,1.5,Closed,2
TCK-013694,CUST-010875,2024-08-19,Technical,Low,3.6,Resolved,3
TCK-013695,CUST-010875,2024-04-21,Performance,Low,35.9,Resolved,4
TCK-013696,CUST-010877,2024-03-08,Technical,Low,16.0,Resolved,5
TCK-013697,CUST-010880,2024-02-21,Billing,Medium,6.4,Closed,3
TCK-013698,CUST-010883,2024-05-19,Technical,Low,13.5,Resolved,3
TCK-013699,CUST-010883,2024-12-04,Performance,Medium,25.6,Pending,1
TCK-013700,CUST-010884,2023-12-04,Billing,Low,4.5,Closed,2
TCK-013701,CUST-010886,2022-12-20,Billing,Low,84.7,Resolved,1
TCK-013702,CUST-010886,2024-03-01,Performance,Low,1.5,Resolved,3
TCK-013703,CUST-010886,2023-03-25,Billing,Medium,9.3,Resolved,1
TCK-013704,CUST-010887,2024-08-21,Technical,Medium,22.3,Resolved,3
TCK-013705,CUST-010888,29/12/2023,Billing,Medium,5.7,Resolved,4
TCK-013706,CUST-010888,2023-12-16,Technical,Low,7.3,Resolved,4
TCK-013707,CUST-010890,2024-03-14,Performance,Medium,3.6,Closed,4
TCK-013708,CUST-010890,2024-11-21,Login,Low,1.8,Closed,3
TCK-013709,CUST-010890,2024-10-24,Performance,Low,9.2,Closed,2
TCK-013710,CUST-010891,2024-04-07,Integration,Medium,2.9,Closed,4
TCK-013711,CUST-010891,2024-06-09,Technical,Medium,4.9,Resolved,3
TCK-013712,CUST-010891,2024-08-31,Billing,Medium,9.1,Resolved,3
TCK-013713,CUST-010893,2024-06-25,Performance,High,25.1,Closed,3
TCK-013714,CUST-010893,2024-10-01,Login,Low,28.1,Pending,2
TCK-013715,CUST-010893,2023-05-22,Technical,High,34.1,Resolved,2
TCK-013716,CUST-010893,2024-07-25,Technical,Low,58.3,Resolved,2
TCK-013717,CUST-010894,2024-03-12,Technical,High,59.8,Resolved,5
TCK-013718,CUST-010894,2023-01-29,Technical,Low,49.6,Resolved,3
TCK-013719,CUST-010896,2023-05-26,Performance,Medium,49.6,Closed,3
TCK-013720,CUST-010896,2023-07-24,Billing,Medium,17.8,Escalated,1
TCK-013721,CUST-010896,2023-10-15,Login,Medium,7.9,Resolved,3
TCK-013722,CUST-010898,13/10/2023,Technical,Medium,63.8,Pending,2
TCK-013723,CUST-010898,2023-11-07,Login,High,41.0,Resolved,1
TCK-013724,CUST-010898,2023-11-05,Technical,High,49.1,Closed,1
TCK-013725,CUST-010898,2024-02-22,Technical,Medium,51.5,Pending,2
TCK-013726,CUST-010899,2022-05-18,Feature Request,Medium,16.8,Resolved,1
TCK-013727,CUST-010899,2022-04-16,Technical,Low,5.5,Pending,3
TCK-013728,CUST-010899,2022-04-21,Technical,Medium,3.9,Resolved,2
TCK-013729,CUST-010899,2022-07-17,Billing,Medium,33.5,Resolved,5
TCK-013730,CUST-010900,2024-06-05,Login,Medium,35.2,Resolved,4
TCK-013731,CUST-010902,2022-08-29,Technical,High,31.0,Resolved,4
TCK-013732,CUST-010902,2023-01-01,Billing,High,25.1,Resolved,2
TCK-013733,CUST-010902,2022-09-18,Integration,Medium,0.5,Resolved,2
TCK-013734,CUST-010903,2023-04-04,Login,Medium,4.9,Resolved,5
TCK-013735,CUST-010904,2024-03-31,Security,Medium,10.7,Pending,1
TCK-013736,CUST-010905,2023-05-13,Login,Medium,7.4,Resolved,1
TCK-013737,CUST-010906,2024-02-03,Technical,Low,49.4,Closed,3
TCK-013738,CUST-010907,2024-11-22,Technical,Low,4.6,Resolved,5
TCK-013739,CUST-010908,2023-02-05,Feature Request,Medium,12.7,Escalated,1
TCK-013740,CUST-010908,2023-02-24,Performance,Low,8.8,Closed,2
TCK-013741,CUST-010908,2023-03-10,Technical,Low,14.2,Resolved,3
TCK-013742,CUST-010908,2023-01-06,Billing,Medium,32.4,Pending,1
TCK-013743,CUST-010911,2024-09-14,Feature Request,Low,18.4,Resolved,4
TCK-013744,CUST-010912,2023-08-01,Technical,Low,8.0,Resolved,4
TCK-013745,CUST-010912,2024-11-14,Technical,Medium,16.6,Resolved,4
TCK-013746,CUST-010912,2024-10-30,Billing,Medium,14.2,Resolved,5
TCK-013747,CUST-010913,2024-11-08,Login,Low,5.9,Resolved,5
TCK-013748,CUST-010913,2024-03-23,Billing,Medium,5.6,Resolved,4
TCK-013749,CUST-010913,2023-10-10,Technical,Critical,124.9,Closed,2
TCK-013750,CUST-010914,2023-03-10,Technical,High,121.9,Resolved,4
TCK-013751,CUST-010914,2024-06-27,Security,High,26.2,Pending,1
TCK-013752,CUST-010914,2023-10-23,Performance,Low,44.5,Closed,2
TCK-013753,CUST-010915,2024-05-05,Integration,Medium,16.0,Closed,4
TCK-013754,CUST-010921,2023-04-20,Billing,High,46.8,Resolved,1
TCK-013755,CUST-010922,2023-03-20,Billing,Low,9.8,Resolved,1
TCK-013756,CUST-010922,2022-08-11,Billing,Low,12.9,Resolved,5
TCK-013757,CUST-010925,2024-03-04,Login,High,31.5,Resolved,1
TCK-013758,CUST-010928,2024-12-17,Technical,Medium,4.3,Closed,5
TCK-013759,CUST-010929,2023-08-09,Billing,Low,28.4,Resolved,1
TCK-013760,CUST-010930,2024-04-05,Technical,Medium,4.6,Resolved,3
TCK-013761,CUST-010930,2023-06-11,Login,Medium,13.1,Resolved,4
TCK-013762,CUST-010930,2024-02-15,Technical,High,4.7,Resolved,4
TCK-013763,CUST-010931,2024-11-17,Billing,Medium,6.7,Resolved,4
TCK-013764,CUST-010931,2024-10-09,Login,Low,10.0,Resolved,5
TCK-013765,CUST-010931,2022-09-25,Login,High,55.7,Resolved,5
TCK-013766,CUST-010932,2022-11-24,Billing,High,15.8,Closed,5
TCK-013767,CUST-010933,2023-05-15,Performance,High,3.8,Resolved,2
TCK-013768,CUST-010934,2022-09-26,Technical,Medium,0.7,Closed,5
TCK-013769,CUST-010934,2022-05-10,Technical,Medium,0.5,Closed,4
TCK-013770,CUST-010935,2023-02-23,Security,Medium,4.3,Resolved,4
TCK-013771,CUST-010935,2024-05-21,Login,High,11.2,Closed,4
TCK-013772,CUST-010935,2022-11-08,Feature Request,Low,1.8,Resolved,2
TCK-013773,CUST-010936,2024-09-27,Billing,Medium,5.7,Resolved,4
TCK-013774,CUST-010936,2024-05-30,Technical,Low,37.1,Resolved,4
TCK-013775,CUST-010936,2024-04-06,Technical,Low,17.5,Resolved,4
TCK-013776,CUST-010937,2024-08-06,Technical,Medium,27.5,Closed,4
TCK-013777,CUST-010939,2024-08-30,Technical,High,40.1,Pending,1
TCK-013778,CUST-010940,2024-06-21,Technical,High,40.8,Resolved,5
TCK-013779,CUST-010941,2024-05-20,Billing,Low,3.4,Resolved,4
TCK-013780,CUST-010942,2024-08-21,Performance,Low,22.4,Resolved,4
TCK-013781,CUST-010943,2023-11-04,Technical,High,21.1,Resolved,5
TCK-013782,CUST-010943,2024-02-27,Technical,Low,1.5,Resolved,3
TCK-013783,CUST-010943,2024-07-14,Technical,Low,3.9,Resolved,2
TCK-013784,CUST-010944,2024-06-14,Integration,Medium,1.1,Resolved,1
TCK-013785,CUST-010944,2024-04-16,Billing,Low,35.8,Resolved,1
TCK-013786,CUST-010946,2023-09-03,Integration,Medium,10.2,Resolved,5
TCK-013787,CUST-010948,2024-02-03,Billing,Medium,19.1,Escalated,3
TCK-013788,CUST-010948,2024-07-22,Technical,Medium,71.7,Resolved,1
TCK-013789,CUST-010949,2024-07-19,Performance,Low,0.5,Closed,4
TCK-013790,CUST-010949,2024-09-24,Performance,Low,8.0,Resolved,4
TCK-013791,CUST-010949,2024-03-31,Billing,Low,7.0,Resolved,5
TCK-013792,CUST-010949,2022-10-03,Technical,Critical,22.1,Closed,4
TCK-013793,CUST-010949,2022-09-18,Login,Low,4.8,Closed,4
TCK-013794,CUST-010949,05/03/2024,Login,Medium,38.6,Resolved,3
TCK-013795,CUST-010951,2023-12-23,Technical,Medium,8.1,Resolved,5
TCK-013796,CUST-010952,2023-12-18,Integration,High,66.6,Resolved,5
TCK-013797,CUST-010954,2024-10-04,Login,Medium,25.3,Resolved,5
TCK-013798,CUST-010955,2024-10-14,Technical,Medium,47.8,Resolved,5
TCK-013799,CUST-010955,2024-09-26,Integration,Low,17.0,Resolved,1
TCK-013800,CUST-010956,2024-03-23,Billing,High,4.7,Resolved,2
TCK-013801,CUST-010956,2023-09-16,Billing,Medium,7.4,Resolved,3
TCK-013802,CUST-010957,2023-11-09,Feature Request,Low,14.7,Resolved,4
TCK-013803,CUST-010958,2023-09-21,Integration,Medium,74.8,Resolved,3
TCK-013804,CUST-010958,2022-07-23,Technical,High,3.1,Resolved,1
TCK-013805,CUST-010958,2022-10-29,Technical,High,39.1,Escalated,1
TCK-013806,CUST-010958,2022-11-26,Feature Request,High,3.5,Pending,2
TCK-013807,CUST-010958,2023-12-02,Login,High,19.4,Closed,1
TCK-013808,CUST-010960,2023-10-24,Technical,Medium,4.6,Resolved,3
TCK-013809,CUST-010960,2024-01-27,Billing,Medium,1.2,Resolved,4
TCK-013810,CUST-010961,2024-03-12,Login,Low,41.9,Resolved,2
TCK-013811,CUST-010962,2023-09-15,Technical,Low,35.5,Resolved,4
TCK-013812,CUST-010962,2023-09-24,Security,Medium,24.7,Resolved,1
TCK-013813,CUST-010962,2023-08-24,Login,Low,8.4,Closed,3
TCK-013814,CUST-010963,2024-05-28,Technical,Low,2.0,Resolved,5
TCK-013815,CUST-010964,2024-06-09,Technical,Medium,46.9,Resolved,2
TCK-013816,CUST-010965,2024-12-03,Billing,Low,48.4,Resolved,4
TCK-013817,CUST-010965,2024-11-15,Technical,High,66.5,Resolved,5
TCK-013818,CUST-010967,2023-01-05,Performance,Low,57.0,Resolved,2
TCK-013819,CUST-010967,2023-01-23,Performance,Low,37.5,Resolved,2
TCK-013820,CUST-010967,2023-01-13,Billing,Low,4.7,Resolved,1
TCK-013821,CUST-010968,2024-01-17,Login,Medium,34.4,Resolved,5
TCK-013822,CUST-010969,2023-06-12,Login,High,24.0,Resolved,2
TCK-013823,CUST-010970,2023-09-03,Billing,Low,11.0,Resolved,2
TCK-013824,CUST-010971,2023-11-26,Technical,Medium,24.8,Resolved,4
TCK-013825,CUST-010971,2023-09-06,Performance,Low,0.5,Closed,2
TCK-013826,CUST-010973,2024-11-18,Technical,Low,2.8,Closed,4
TCK-013827,CUST-010974,2024-04-26,Performance,Medium,4.9,Resolved,3
TCK-013828,CUST-010974,2024-09-02,Login,Medium,3.3,Closed,4
TCK-013829,CUST-010975,2024-08-19,Billing,Low,6.7,Closed,4
TCK-013830,CUST-010975,2024-03-01,Integration,High,0.9,Closed,5
TCK-013831,CUST-010977,2024-05-19,Login,Medium,17.6,Resolved,5
TCK-013832,CUST-010977,2024-02-03,Feature Request,Low,7.1,Resolved,4
TCK-013833,CUST-010978,2024-10-24,Billing,Critical,7.6,Resolved,1
TCK-013834,CUST-010978,2024-10-10,Integration,Medium,26.1,Escalated,1
TCK-013835,CUST-010979,2023-06-10,Technical,Medium,2.5,Resolved,4
TCK-013836,CUST-010980,2023-12-21,Performance,Low,25.5,Resolved,1
TCK-013837,CUST-010980,2023-12-31,Billing,Medium,36.3,Resolved,2
TCK-013838,CUST-010982,2023-11-18,Security,Low,68.2,Pending,1
TCK-013839,CUST-010983,2023-04-12,Technical,Medium,27.8,Resolved,4
TCK-013840,CUST-010983,2023-05-24,Technical,Low,7.7,Closed,4
TCK-013841,CUST-010983,2024-02-21,Login,High,6.8,Resolved,4
TCK-013842,CUST-010985,2023-08-29,Billing,Low,9.4,Escalated,1
TCK-013843,CUST-010985,2023-09-02,Integration,Medium,7.6,Resolved,1
TCK-013844,CUST-010986,2022-10-16,Billing,Low,40.9,Resolved,1
TCK-013845,CUST-010986,2023-03-08,Technical,Low,3.3,Resolved,1
TCK-013846,CUST-010989,2023-10-13,Login,Medium,0.5,Resolved,5
TCK-013847,CUST-010989,2022-08-15,Technical,Medium,24.3,Closed,4
TCK-013848,CUST-010989,2022-08-19,Billing,Low,1.8,Closed,4
TCK-013849,CUST-010990,2024-05-09,Technical,Medium,0.5,Resolved,3
TCK-013850,CUST-010990,2024-05-18,Login,Low,47.9,Resolved,1
TCK-013851,CUST-010991,2023-12-08,Billing,High,2.4,Resolved,1
TCK-013852,CUST-010991,2023-10-29,Login,High,9.8,Escalated,3
TCK-013853,CUST-010991,2023-07-29,Billing,Medium,28.3,Closed,3
TCK-013854,CUST-010992,2023-03-30,Technical,Low,39.8,Closed,3
TCK-013855,CUST-010992,2022-09-06,Technical,Medium,40.9,Resolved,2
TCK-013856,CUST-010992,2022-06-28,Performance,Medium,62.7,Resolved,2
TCK-013857,CUST-010992,2023-01-25,Performance,High,23.2,Escalated,1
TCK-013858,CUST-010994,2023-10-20,Billing,Medium,0.5,Resolved,3
TCK-013859,CUST-010994,2023-08-19,Integration,High,24.1,Resolved,5
TCK-013860,CUST-010995,2023-07-29,Technical,Low,40.7,Resolved,2
TCK-013861,CUST-010995,2023-07-29,Performance,Medium,4.0,Resolved,5
TCK-013862,CUST-010996,2024-05-03,Billing,Medium,18.5,Resolved,5
TCK-013863,CUST-010996,2024-04-27,Technical,Medium,6.3,Closed,2
TCK-013864,CUST-010996,2024-03-24,Login,Low,18.4,Resolved,2
TCK-013865,CUST-010998,12/12/2022,Billing,High,14.5,Closed,3
TCK-013866,CUST-010999,2022-10-14,Login,Medium,7.3,Resolved,5
TCK-013867,CUST-011000,2024-07-03,Login,Medium,37.7,Closed,4
TCK-013868,CUST-011001,2023-11-25,Performance,Low,12.2,Resolved,4
TCK-013869,CUST-011002,2023-02-14,Technical,Medium,3.2,Resolved,2
TCK-013870,CUST-011002,2022-12-14,Billing,Medium,30.6,Resolved,5
TCK-013871,CUST-011002,2024-03-02,Billing,Medium,6.1,Resolved,4
TCK-013872,CUST-011003,2023-12-20,Technical,Low,8.4,Resolved,2
TCK-013873,CUST-011003,2023-12-30,Technical,Medium,9.0,Resolved,3
TCK-013874,CUST-011004,2024-09-29,Technical,Low,0.9,Resolved,5
TCK-013875,CUST-011005,2024-01-26,Integration,Low,0.5,Resolved,3
TCK-013876,CUST-011007,2022-12-01,Performance,Medium,28.3,Resolved,5
TCK-013877,CUST-011007,2022-09-29,Integration,Medium,18.9,Resolved,4
TCK-013878,CUST-011008,2024-09-14,Technical,Critical,9.8,Closed,5
TCK-013879,CUST-011009,2023-03-10,Performance,Low,14.2,Closed,3
TCK-013880,CUST-011009,2023-12-25,Billing,Low,7.8,Closed,4
TCK-013881,CUST-011010,2024-02-23,Technical,Low,33.8,Resolved,1
TCK-013882,CUST-011010,2024-04-22,Performance,High,78.9,Escalated,2
TCK-013883,CUST-011010,2024-04-26,Feature Request,Low,0.8,Resolved,3
TCK-013884,CUST-011010,2024-04-22,Performance,Low,31.6,Resolved,2
TCK-013885,CUST-011011,2022-12-02,Billing,Low,4.7,Closed,4
TCK-013886,CUST-011011,2024-06-05,Login,Medium,8.4,Resolved,4
TCK-013887,CUST-011013,2024-04-07,Performance,Medium,13.4,Resolved,1
TCK-013888,CUST-011015,2024-11-17,Billing,Critical,26.3,Resolved,5
TCK-013889,CUST-011016,2022-07-29,Technical,Low,41.2,Pending,1
TCK-013890,CUST-011016,2022-08-22,Login,Low,5.5,Closed,3
TCK-013891,CUST-011016,2022-09-03,Technical,Medium,14.8,Resolved,2
TCK-013892,CUST-011019,2023-10-30,Performance,Medium,11.1,Closed,2
TCK-013893,CUST-011019,2024-07-26,Login,High,40.9,Closed,5
TCK-013894,CUST-011019,01/06/2023,Billing,Low,12.4,Resolved,1
TCK-013895,CUST-011020,2023-09-13,Billing,Critical,55.2,Resolved,1
TCK-013896,CUST-011020,2023-06-18,Billing,High,28.9,Closed,4
TCK-013897,CUST-011020,2023-04-10,Login,High,34.7,Closed,1
TCK-013898,CUST-011020,2023-11-26,Security,Medium,29.4,Closed,5
TCK-013899,CUST-011020,2023-06-19,Technical,Low,31.5,Resolved,1
TCK-013900,CUST-011024,2024-03-19,Login,Low,17.8,Closed,3
TCK-013901,CUST-011024,2023-11-25,Security,Medium,45.9,Resolved,3
TCK-013902,CUST-011025,2023-12-16,Security,Medium,2.3,Resolved,1
TCK-013903,CUST-011025,2023-07-14,Technical,High,37.7,Closed,1
TCK-013904,CUST-011025,16/07/2022,Security,Low,65.2,Pending,1
TCK-013905,CUST-011028,2022-09-05,Performance,Medium,8.4,Closed,5
TCK-013906,CUST-011028,2023-12-28,Performance,Medium,2.0,Resolved,3
TCK-013907,CUST-011028,2024-06-07,Login,Low,1.2,Resolved,5
TCK-013908,CUST-011028,2024-02-10,Technical,High,72.9,Resolved,4
TCK-013909,CUST-011030,2024-11-10,Billing,Medium,2.5,Resolved,5
TCK-013910,CUST-011031,2023-07-06,Billing,High,39.1,Resolved,4
TCK-013911,CUST-011031,2024-08-07,Performance,Low,11.0,Resolved,2
TCK-013912,CUST-011032,2024-01-25,Billing,Low,7.0,Resolved,1
TCK-013913,CUST-011032,28/01/2024,Technical,Medium,2.2,Resolved,3
TCK-013914,CUST-011032,2024-02-09,Login,Critical,15.1,Resolved,4
TCK-013915,CUST-011032,2023-09-02,Billing,Low,77.9,Closed,3
TCK-013916,CUST-011032,2023-09-16,Billing,High,56.1,Resolved,1
TCK-013917,CUST-011033,2023-10-08,Billing,Low,16.1,Resolved,2
TCK-013918,CUST-011033,2023-09-01,Integration,Low,3.9,Pending,1
TCK-013919,CUST-011034,2024-11-15,Billing,Medium,36.6,Resolved,2
TCK-013920,CUST-011034,2024-07-29,Billing,Medium,29.5,Escalated,1
TCK-013921,CUST-011035,2022-12-11,Billing,Low,9.8,Resolved,1
TCK-013922,CUST-011035,2022-12-09,Billing,Medium,3.4,Escalated,1
TCK-013923,CUST-011036,2024-09-29,Login,Medium,1.1,Resolved,4
TCK-013924,CUST-011038,2024-07-03,Technical,Medium,0.6,Resolved,1
TCK-013925,CUST-011038,2023-05-27,Billing,Medium,27.0,Resolved,3
TCK-013926,CUST-011038,2023-12-26,Login,High,7.8,Resolved,1
TCK-013927,CUST-011039,2024-02-03,Billing,Medium,0.7,Resolved,5
TCK-013928,CUST-011040,2024-11-01,Performance,Low,31.9,Closed,5
TCK-013929,CUST-011041,2023-03-17,Technical,Low,16.0,Escalated,2
TCK-013930,CUST-011041,2022-11-10,Technical,Critical,15.2,Pending,1
TCK-013931,CUST-011041,2022-09-24,Technical,Medium,1.7,Resolved,3
TCK-013932,CUST-011042,2024-09-09,Integration,Low,2.8,Resolved,5
TCK-013933,CUST-011043,2024-10-23,Login,High,22.2,Resolved,5
TCK-013934,CUST-011044,2023-06-17,Billing,Medium,15.0,Pending,3
TCK-013935,CUST-011044,2024-02-19,Technical,Medium,85.2,Resolved,4
TCK-013936,CUST-011044,2023-10-26,Performance,Low,10.7,Closed,2
TCK-013937,CUST-011045,2024-03-17,Billing,Low,33.7,Resolved,5
TCK-013938,CUST-011045,2024-01-11,Login,Critical,48.1,Closed,3
TCK-013939,CUST-011045,2024-08-16,Performance,Medium,17.5,Resolved,4
TCK-013940,CUST-011045,2024-10-02,Billing,Medium,24.8,Resolved,5
TCK-013941,CUST-011046,2024-07-13,Technical,Low,8.0,Closed,5
TCK-013942,CUST-011048,2023-11-16,Security,Low,0.5,Closed,2
TCK-013943,CUST-011048,2023-10-29,Performance,Critical,31.1,Resolved,3
TCK-013944,CUST-011049,2024-08-27,Integration,Medium,11.9,Resolved,2
TCK-013945,CUST-011052,2022-12-15,Performance,Low,28.2,Resolved,4
TCK-013946,CUST-011052,2023-07-02,Billing,Low,26.8,Resolved,1
TCK-013947,CUST-011052,2023-01-09,Performance,Low,31.1,Resolved,4
TCK-013948,CUST-011052,2023-09-16,Performance,Medium,41.2,Closed,1
TCK-013949,CUST-011052,2023-08-05,Login,High,3.6,Closed,1
TCK-013950,CUST-011053,2023-03-29,Technical,Medium,15.2,Resolved,2
TCK-013951,CUST-011053,2023-01-22,Integration,Low,40.3,Resolved,4
TCK-013952,CUST-011053,2022-09-07,Technical,Medium,9.8,Resolved,2
TCK-013953,CUST-011054,2023-07-24,Technical,Medium,19.3,Resolved,4
TCK-013954,CUST-011060,2024-09-25,Login,Medium,6.3,Resolved,4
TCK-013955,CUST-011061,2024-09-07,Login,Low,7.7,Resolved,5
TCK-013956,CUST-011061,2024-03-14,Integration,Medium,0.5,Resolved,3
TCK-013957,CUST-011062,2024-04-28,Performance,High,19.1,Pending,1
TCK-013958,CUST-011064,2022-11-05,Performance,Low,8.7,Resolved,2
TCK-013959,CUST-011066,2023-04-30,Billing,Low,1.3,Closed,2
TCK-013960,CUST-011069,2023-12-06,Technical,High,9.0,Resolved,2
TCK-013961,CUST-011073,2023-02-14,Technical,Medium,1.8,Resolved,3
TCK-013962,CUST-011073,2023-05-23,Technical,Medium,6.1,Escalated,1
TCK-013963,CUST-011074,2024-08-22,Technical,Medium,6.0,Resolved,3
TCK-013964,CUST-011074,2024-10-29,Login,Medium,1.9,Resolved,3
TCK-013965,CUST-011074,2024-10-30,Technical,Medium,14.0,Resolved,4
TCK-013966,CUST-011075,2023-06-08,Technical,Low,2.4,Pending,1
TCK-013967,CUST-011075,2023-06-09,Login,Medium,22.1,Pending,1
TCK-013968,CUST-011075,2023-03-03,Billing,Medium,54.2,Resolved,1
TCK-013969,CUST-011075,2023-09-28,Technical,Low,42.1,Resolved,1
TCK-013970,CUST-011077,2024-03-14,Technical,Low,18.0,Closed,3
TCK-013971,CUST-011078,2024-06-25,Technical,Low,8.8,Escalated,1
TCK-013972,CUST-011078,2024-11-21,Billing,Low,23.6,Resolved,3
TCK-013973,CUST-011078,2024-04-28,Billing,Medium,33.3,Resolved,1
TCK-013974,CUST-011078,2023-12-26,Integration,Medium,10.1,Resolved,2
TCK-013975,CUST-011078,2024-08-12,Integration,Medium,1.0,Resolved,3
TCK-013976,CUST-011078,08/06/2024,Billing,Medium,21.2,Resolved,1
TCK-013977,CUST-011080,2023-06-18,Technical,Low,5.0,Resolved,5
TCK-013978,CUST-011081,2024-08-03,Billing,Medium,0.5,Escalated,1
TCK-013979,CUST-011083,2022-03-09,Billing,Low,16.4,Resolved,4
TCK-013980,CUST-011083,2022-04-08,Login,Low,6.9,Closed,3
TCK-013981,CUST-011083,2024-08-04,Performance,Medium,20.7,Resolved,3
TCK-013982,CUST-011084,2024-02-02,Integration,Medium,5.8,Resolved,4
TCK-013983,CUST-011085,2023-01-20,Technical,Low,13.4,Closed,5
TCK-013984,CUST-011086,2022-09-10,Feature Request,High,23.0,Resolved,5
TCK-013985,CUST-011088,2023-01-12,Technical,Low,6.3,Resolved,4
TCK-013986,CUST-011088,2023-12-22,Performance,Low,6.6,Resolved,3
TCK-013987,CUST-011091,2024-07-01,Performance,High,25.3,Closed,2
TCK-013988,CUST-011091,2024-07-07,Billing,Low,13.0,Resolved,4
TCK-013989,CUST-011091,2024-11-30,Integration,Medium,1.1,Resolved,3
TCK-013990,CUST-011092,2024-08-13,Billing,Low,7.5,Closed,4
TCK-013991,CUST-011093,2024-01-03,Technical,High,11.6,Closed,4
TCK-013992,CUST-011093,2023-12-04,Security,Low,28.7,Resolved,4
TCK-013993,CUST-011094,2024-10-07,Performance,Low,2.4,Resolved,4
TCK-013994,CUST-011095,2023-11-05,Billing,Critical,78.7,Resolved,3
TCK-013995,CUST-011096,2024-02-17,Feature Request,Medium,3.4,Resolved,4
TCK-013996,CUST-011097,2023-09-14,Security,Low,26.0,Pending,3
TCK-013997,CUST-011097,2023-09-26,Login,Low,1.3,Resolved,1
TCK-013998,CUST-011097,2023-10-03,Performance,Low,36.4,Resolved,1
TCK-013999,CUST-011097,2023-08-11,Integration,High,44.7,Resolved,2
TCK-014000,CUST-011097,2024-07-02,Billing,Medium,4.9,Resolved,5
TCK-014001,CUST-011098,2024-07-28,Security,Low,3.9,Resolved,2
TCK-014002,CUST-011100,2024-01-18,Technical,High,92.6,Resolved,5
TCK-014003,CUST-011102,2024-06-27,Integration,Medium,10.6,Closed,3
TCK-014004,CUST-011102,2024-05-11,Feature Request,Low,53.6,Resolved,1
TCK-014005,CUST-011102,2024-06-26,Performance,Low,42.0,Resolved,3
TCK-014006,CUST-011103,2023-03-21,Login,Low,0.5,Pending,2
TCK-014007,CUST-011103,2023-08-14,Technical,High,53.8,Pending,1
TCK-014008,CUST-011103,07/10/2023,Feature Request,Low,18.9,Resolved,3
TCK-014009,CUST-011103,2023-09-27,Billing,High,57.6,Closed,1
TCK-014010,CUST-011103,2023-11-09,Feature Request,Medium,1.3,Escalated,1
TCK-014011,CUST-011104,2024-04-13,Technical,Low,0.5,Closed,4
TCK-014012,CUST-011109,2023-10-18,Technical,Medium,15.9,Closed,3
TCK-014013,CUST-011110,2024-04-20,Technical,Medium,34.7,Closed,2
TCK-014014,CUST-011110,2024-05-02,Technical,Medium,45.2,Resolved,3
TCK-014015,CUST-011113,2023-04-01,Technical,Low,3.5,Resolved,2
TCK-014016,CUST-011114,2024-02-22,Performance,Medium,8.6,Closed,5
TCK-014017,CUST-011114,2024-07-03,Billing,Low,1.9,Resolved,5
TCK-014018,CUST-011115,2024-08-23,Feature Request,Medium,14.2,Closed,5
TCK-014019,CUST-011118,2024-08-22,Performance,Low,6.1,Resolved,5
TCK-014020,CUST-011118,2024-06-27,Feature Request,Low,4.4,Resolved,3
TCK-014021,CUST-011118,2024-04-10,Login,Medium,3.5,Resolved,3
TCK-014022,CUST-011119,2023-07-27,Integration,Medium,6.2,Resolved,5
TCK-014023,CUST-011120,2024-02-01,Integration,Low,13.8,Closed,2
TCK-014024,CUST-011123,2023-06-14,Performance,Low,9.5,Closed,1
TCK-014025,CUST-011123,2022-09-17,Billing,Medium,42.0,Resolved,1
TCK-014026,CUST-011123,2022-12-17,Billing,Low,7.0,Pending,2
TCK-014027,CUST-011123,2023-10-02,Billing,Medium,7.2,Resolved,5
TCK-014028,CUST-011126,2022-11-05,Performance,High,47.0,Pending,3
TCK-014029,CUST-011126,2023-03-25,Login,Medium,43.1,Resolved,1
TCK-014030,CUST-011126,2023-09-10,Performance,Medium,21.7,Resolved,3
TCK-014031,CUST-011126,2022-11-22,Billing,Medium,33.3,Resolved,1
TCK-014032,CUST-011130,2023-10-23,Security,Medium,5.9,Escalated,2
TCK-014033,CUST-011130,2024-01-20,Billing,Medium,11.4,Resolved,2
TCK-014034,CUST-011131,2023-11-09,Performance,High,26.3,Closed,1
TCK-014035,CUST-011131,2023-11-19,Security,Medium,70.3,Resolved,3
TCK-014036,CUST-011132,2024-03-08,Technical,Low,47.6,Resolved,3
TCK-014037,CUST-011133,2023-12-28,Technical,Medium,0.5,Resolved,5
TCK-014038,CUST-011133,2024-05-25,Technical,Medium,2.6,Closed,4
TCK-014039,CUST-011133,2024-10-11,Technical,Low,13.2,Closed,5
TCK-014040,CUST-011134,2024-08-08,Feature Request,Low,43.6,Resolved,4
TCK-014041,CUST-011135,2023-11-15,Performance,Medium,74.5,Resolved,2
TCK-014042,CUST-011135,2023-10-03,Technical,Low,10.1,Escalated,1
TCK-014043,CUST-011136,2023-12-15,Login,Medium,3.4,Closed,3
TCK-014044,CUST-011139,01/06/2023,Technical,Critical,5.9,Resolved,2
TCK-014045,CUST-011139,2024-01-23,Technical,Low,26.0,Resolved,4
TCK-014046,CUST-011140,2024-09-13,Billing,Critical,25.5,Closed,4
TCK-014047,CUST-011141,2024-05-14,Integration,Low,12.9,Resolved,5
TCK-014048,CUST-011147,2024-09-24,Integration,High,142.9,Resolved,2
TCK-014049,CUST-011149,2024-07-06,Performance,Low,11.4,Closed,2
TCK-014050,CUST-011149,2024-07-27,Billing,High,29.7,Resolved,2
TCK-014051,CUST-011150,2022-12-21,Technical,Medium,14.8,Closed,2
TCK-014052,CUST-011150,2023-02-20,Login,High,53.9,Resolved,1
TCK-014053,CUST-011150,2023-02-02,Performance,Low,41.8,Resolved,4
TCK-014054,CUST-011150,2023-02-22,Feature Request,Low,129.2,Resolved,3
TCK-014055,CUST-011150,2023-07-23,Billing,Medium,9.4,Resolved,5
TCK-014056,CUST-011152,2023-08-24,Integration,Low,10.5,Resolved,3
TCK-014057,CUST-011152,2023-05-02,Billing,Low,1.1,Resolved,5
TCK-014058,CUST-011152,2024-05-28,Login,Medium,12.9,Resolved,5
TCK-014059,CUST-011153,2024-03-29,Technical,Critical,5.0,Closed,2
TCK-014060,CUST-011153,2023-10-31,Performance,Medium,14.8,Resolved,2
TCK-014061,CUST-011153,2024-03-14,Technical,Low,5.3,Resolved,3
TCK-014062,CUST-011154,25/10/2024,Performance,Medium,6.1,Resolved,1
TCK-014063,CUST-011154,2024-02-15,Technical,Low,16.1,Resolved,1
TCK-014064,CUST-011154,2024-08-13,Technical,High,9.5,Resolved,4
TCK-014065,CUST-011155,2023-08-21,Billing,Medium,17.0,Pending,1
TCK-014066,CUST-011157,2023-06-02,Login,Medium,9.9,Resolved,4
TCK-014067,CUST-011159,2022-04-03,Login,Medium,75.9,Escalated,2
TCK-014068,CUST-011159,2022-04-21,Login,Medium,1.4,Escalated,2
TCK-014069,CUST-011159,2022-03-08,Technical,Medium,9.6,Closed,1
TCK-014070,CUST-011159,2022-04-05,Billing,Low,6.2,Resolved,5
TCK-014071,CUST-011159,2022-04-24,Technical,Medium,20.8,Pending,1
TCK-014072,CUST-011163,2023-08-16,Billing,Medium,21.8,Closed,5
TCK-014073,CUST-011163,2024-07-28,Integration,Medium,3.7,Resolved,1
TCK-014074,CUST-011163,2023-07-04,Security,Low,2.0,Resolved,3
TCK-014075,CUST-011163,2023-11-05,Billing,Medium,10.1,Resolved,5
TCK-014076,CUST-011166,2024-06-21,Billing,Medium,6.4,Escalated,1
TCK-014077,CUST-011167,2023-03-24,Technical,High,11.4,Resolved,1
TCK-014078,CUST-011167,2023-06-06,Technical,Low,0.5,Resolved,1
TCK-014079,CUST-011168,2024-05-21,Integration,Low,5.1,Closed,5
TCK-014080,CUST-011168,2024-05-02,Technical,Medium,86.6,Resolved,3
TCK-014081,CUST-011169,2023-08-15,Login,Critical,24.1,Resolved,1
TCK-014082,CUST-011171,2023-11-10,Security,Medium,9.1,Resolved,1
TCK-014083,CUST-011172,2024-07-10,Billing,Medium,2.2,Resolved,2
TCK-014084,CUST-011172,2024-08-12,Billing,High,16.2,Resolved,2
TCK-014085,CUST-011173,03/11/2023,Technical,Low,2.7,Closed,2
TCK-014086,CUST-011173,2024-06-02,Integration,Low,18.3,Closed,5
TCK-014087,CUST-011174,2024-06-23,Integration,Medium,1.2,Resolved,5
TCK-014088,CUST-011174,2023-11-18,Feature Request,High,28.5,Resolved,5
TCK-014089,CUST-011174,2024-06-12,Technical,Low,24.0,Resolved,5
TCK-014090,CUST-011174,2023-07-01,Technical,Medium,15.5,Resolved,4
TCK-014091,CUST-011175,2024-07-02,Login,Low,37.7,Resolved,4
TCK-014092,CUST-011176,2024-05-17,Technical,Low,55.0,Resolved,5
TCK-014093,CUST-011178,2024-09-13,Integration,Low,13.5,Resolved,2
TCK-014094,CUST-011180,2023-08-12,Technical,Critical,0.5,Resolved,3
TCK-014095,CUST-011181,2024-02-18,Technical,High,18.6,Closed,2
TCK-014096,CUST-011184,2024-11-12,Feature Request,Critical,2.6,Resolved,3
TCK-014097,CUST-011184,2022-12-20,Login,High,17.1,Resolved,5
TCK-014098,CUST-011184,2023-03-20,Performance,Medium,2.4,Resolved,4
TCK-014099,CUST-011185,2024-10-01,Billing,Low,18.3,Resolved,4
TCK-014100,CUST-011186,2024-11-21,Technical,Low,4.9,Resolved,5
TCK-014101,CUST-011188,2024-01-03,Technical,Critical,16.8,Resolved,2
TCK-014102,CUST-011188,2023-07-11,Performance,Low,21.9,Resolved,3
TCK-014103,CUST-011189,2024-02-03,Technical,Medium,6.4,Escalated,1
TCK-014104,CUST-011190,2022-08-25,Technical,Low,13.0,Resolved,5
TCK-014105,CUST-011191,2024-01-01,Login,Medium,12.5,Resolved,3
TCK-014106,CUST-011193,2024-01-04,Billing,Medium,3.9,Pending,1
TCK-014107,CUST-011193,2023-05-24,Technical,Medium,7.9,Resolved,3
TCK-014108,CUST-011194,2023-10-25,Security,Low,0.5,Resolved,4
TCK-014109,CUST-011195,2024-07-01,Integration,Medium,0.6,Escalated,1
TCK-014110,CUST-011196,2024-04-10,Login,Medium,29.3,Resolved,2
TCK-014111,CUST-011196,2023-08-17,Billing,High,6.6,Resolved,2
TCK-014112,CUST-011196,2023-06-15,Billing,Low,0.6,Resolved,1
TCK-014113,CUST-011197,2024-06-28,Billing,Medium,5.7,Closed,4
TCK-014114,CUST-011197,2024-06-08,Security,Low,9.3,Closed,4
TCK-014115,CUST-011198,2024-11-04,Performance,Medium,14.7,Resolved,4
TCK-014116,CUST-011199,2023-05-19,Technical,Medium,30.7,Resolved,1
TCK-014117,CUST-011199,2023-03-20,Billing,Medium,5.1,Resolved,1
TCK-014118,CUST-011199,2023-07-27,Login,Medium,4.3,Resolved,4
TCK-014119,CUST-011199,2023-03-17,Performance,High,84.7,Resolved,3
TCK-014120,CUST-011200,2024-11-17,Technical,Low,0.5,Resolved,1
TCK-014121,CUST-011200,2024-05-28,Technical,Low,6.4,Closed,4
TCK-014122,CUST-011201,2024-07-22,Feature Request,Medium,33.9,Resolved,2
TCK-014123,CUST-011201,2024-09-24,Billing,Low,12.1,Escalated,1
TCK-014124,CUST-011201,2024-09-27,Login,Low,34.5,Resolved,3
TCK-014125,CUST-011201,2024-06-19,Login,High,8.6,Resolved,5
TCK-014126,CUST-011206,2022-08-06,Technical,Medium,46.8,Resolved,2
TCK-014127,CUST-011206,2023-11-04,Integration,High,3.5,Resolved,2
TCK-014128,CUST-011206,2022-03-02,Technical,High,41.3,Resolved,3
TCK-014129,CUST-011207,2024-09-16,Billing,Low,7.8,Resolved,5
TCK-014130,CUST-011207,2024-06-25,Technical,Medium,26.6,Resolved,5
TCK-014131,CUST-011208,2024-07-04,Billing,Low,5.9,Resolved,1
TCK-014132,CUST-011211,2024-07-12,Technical,Medium,6.0,Resolved,2
TCK-014133,CUST-011212,2024-01-29,Performance,High,11.3,Resolved,4
TCK-014134,CUST-011213,2024-11-08,Technical,Low,13.3,Resolved,5
TCK-014135,CUST-011213,2023-12-20,Integration,Low,3.6,Resolved,5
TCK-014136,CUST-011214,2022-11-22,Technical,Medium,57.6,Resolved,4
TCK-014137,CUST-011214,2023-05-08,Technical,High,55.6,Resolved,3
TCK-014138,CUST-011214,2023-10-21,Feature Request,Medium,10.5,Resolved,1
TCK-014139,CUST-011216,2023-05-20,Technical,Medium,6.5,Resolved,5
TCK-014140,CUST-011216,2023-09-27,Performance,Low,5.3,Escalated,1
TCK-014141,CUST-011217,2024-08-16,Feature Request,Medium,17.0,Closed,3
TCK-014142,CUST-011217,2023-07-20,Performance,Low,0.5,Resolved,2
TCK-014143,CUST-011217,2024-11-11,Billing,Low,8.0,Resolved,1
TCK-014144,CUST-011219,2023-01-02,Login,Low,11.4,Closed,5
TCK-014145,CUST-011219,2024-03-13,Billing,Low,7.9,Resolved,3
TCK-014146,CUST-011219,29/11/2023,Login,Medium,15.3,Closed,4
TCK-014147,CUST-011221,2024-05-27,Billing,Medium,49.9,Resolved,4
TCK-014148,CUST-011222,2024-03-12,Login,High,15.2,Pending,2
TCK-014149,CUST-011224,2022-10-11,Login,Medium,15.3,Resolved,2
TCK-014150,CUST-011227,2024-09-15,Integration,High,19.0,Closed,1
TCK-014151,CUST-011230,2023-04-21,Login,Medium,49.4,Resolved,2
TCK-014152,CUST-011231,2022-10-21,Integration,Low,78.5,Resolved,2
TCK-014153,CUST-011231,2023-01-08,Technical,Low,10.3,Resolved,3
TCK-014154,CUST-011231,2023-02-16,Billing,Medium,84.4,Resolved,1
TCK-014155,CUST-011232,2023-11-06,Login,Medium,14.4,Resolved,5
TCK-014156,CUST-011232,2022-11-21,Billing,Medium,37.4,Resolved,5
TCK-014157,CUST-011236,2024-07-25,Technical,Medium,7.4,Resolved,5
TCK-014158,CUST-011237,2024-08-19,Technical,Low,12.7,Resolved,4
TCK-014159,CUST-011237,2024-06-25,Technical,Medium,3.8,Resolved,3
TCK-014160,CUST-011237,2024-10-16,Performance,Low,1.4,Resolved,5
TCK-014161,CUST-011238,2024-12-01,Billing,Medium,9.1,Resolved,4
TCK-014162,CUST-011239,2024-06-20,Technical,Medium,16.7,Resolved,2
TCK-014163,CUST-011239,2024-03-15,Integration,Medium,3.9,Resolved,2
TCK-014164,CUST-011239,2024-03-08,Technical,Low,5.8,Closed,2
TCK-014165,CUST-011240,2023-05-11,Technical,Medium,1.3,Resolved,4
TCK-014166,CUST-011240,2024-10-14,Billing,Medium,2.6,Resolved,3
TCK-014167,CUST-011241,2024-06-18,Technical,High,24.9,Closed,1
TCK-014168,CUST-011243,2024-03-04,Integration,Medium,25.9,Resolved,1
TCK-014169,CUST-011243,2024-02-12,Integration,Low,13.9,Resolved,3
TCK-014170,CUST-011243,2024-03-07,Technical,Medium,12.8,Resolved,2
TCK-014171,CUST-011243,2024-02-05,Login,Low,7.0,Resolved,2
TCK-014172,CUST-011244,2024-11-02,Billing,Medium,1.1,Resolved,5
TCK-014173,CUST-011246,2023-09-28,Login,Medium,30.2,Closed,4
TCK-014174,CUST-011247,2024-07-04,Technical,Medium,0.6,Resolved,2
TCK-014175,CUST-011250,2023-06-16,Login,High,80.3,Closed,2
TCK-014176,CUST-011250,2023-06-09,Technical,Critical,9.4,Resolved,1
TCK-014177,CUST-011251,2024-11-27,Performance,Medium,1.4,Closed,2
TCK-014178,CUST-011252,2024-03-06,Integration,Low,12.1,Resolved,5
TCK-014179,CUST-011253,2023-07-25,Login,Medium,15.1,Resolved,2
TCK-014180,CUST-011253,07/05/2023,Technical,Medium,16.2,Closed,1
TCK-014181,CUST-011253,2023-07-20,Integration,High,12.1,Closed,3
TCK-014182,CUST-011254,2023-05-13,Billing,Medium,3.1,Resolved,1
TCK-014183,CUST-011254,2024-08-02,Billing,Low,4.2,Resolved,2
TCK-014184,CUST-011255,2024-02-10,Technical,Medium,58.8,Resolved,2
TCK-014185,CUST-011256,2022-11-10,Security,Low,38.2,Resolved,5
TCK-014186,CUST-011256,2022-08-30,Login,Medium,3.3,Resolved,1
TCK-014187,CUST-011258,2024-08-04,Feature Request,Low,48.0,Resolved,4
TCK-014188,CUST-011258,2024-07-24,Performance,Critical,5.1,Resolved,4
TCK-014189,CUST-011259,20/09/2023,Technical,High,26.5,Resolved,4
TCK-014190,CUST-011260,2023-07-19,Technical,Medium,69.0,Resolved,1
TCK-014191,CUST-011260,2024-02-10,Technical,Low,3.3,Pending,1
TCK-014192,CUST-011261,2023-01-16,Feature Request,Medium,11.4,Resolved,3
TCK-014193,CUST-011261,2023-08-08,Integration,Medium,18.5,Resolved,2
TCK-014194,CUST-011261,2023-01-28,Billing,High,28.8,Closed,5
TCK-014195,CUST-011262,2024-06-07,Feature Request,Medium,1.8,Pending,1
TCK-014196,CUST-011263,2022-07-26,Technical,Low,20.2,Resolved,3
TCK-014197,CUST-011265,2024-08-11,Technical,Low,7.5,Resolved,1
TCK-014198,CUST-011265,2022-06-10,Integration,Low,24.2,Resolved,2
TCK-014199,CUST-011265,2024-02-08,Login,Low,8.0,Escalated,3
TCK-014200,CUST-011265,2022-08-16,Billing,Medium,12.8,Resolved,2
TCK-014201,CUST-011265,2024-02-26,Technical,Medium,9.6,Resolved,4
TCK-014202,CUST-011265,2023-05-29,Feature Request,Medium,10.4,Escalated,1
TCK-014203,CUST-011267,2024-09-19,Technical,Low,0.5,Resolved,5
TCK-014204,CUST-011268,2024-10-23,Billing,Medium,10.4,Resolved,5
TCK-014205,CUST-011268,2024-09-22,Integration,Low,22.0,Resolved,4
TCK-014206,CUST-011271,2024-07-10,Performance,Low,25.8,Closed,3
TCK-014207,CUST-011272,2023-12-30,Billing,Medium,28.4,Pending,1
TCK-014208,CUST-011273,2024-01-27,Integration,Low,9.2,Resolved,3
TCK-014209,CUST-011274,2022-09-18,Login,Medium,2.0,Resolved,4
TCK-014210,CUST-011274,2022-05-31,Integration,High,65.7,Resolved,2
TCK-014211,CUST-011279,2023-12-17,Technical,High,22.8,Resolved,4
TCK-014212,CUST-011280,2024-04-04,Performance,High,15.6,Closed,5
TCK-014213,CUST-011281,2023-08-13,Login,Critical,51.2,Closed,4
TCK-014214,CUST-011283,2024-01-12,Login,High,2.7,Escalated,1
TCK-014215,CUST-011284,2024-08-09,Billing,Medium,14.7,Resolved,4
TCK-014216,CUST-011285,2024-03-15,Technical,High,5.7,Resolved,4
TCK-014217,CUST-011286,2024-01-24,Billing,Low,146.2,Closed,3
TCK-014218,CUST-011286,2023-12-11,Technical,Low,26.1,Resolved,5
TCK-014219,CUST-011286,2024-02-09,Technical,High,11.6,Pending,1
TCK-014220,CUST-011286,2024-04-13,Security,Medium,36.5,Resolved,1
TCK-014221,CUST-011289,2023-10-10,Login,Low,60.3,Resolved,2
TCK-014222,CUST-011289,2023-02-19,Billing,Critical,26.7,Closed,4
TCK-014223,CUST-011290,2023-11-27,Performance,Low,10.7,Resolved,3
TCK-014224,CUST-011290,2024-07-24,Technical,High,91.3,Closed,2
TCK-014225,CUST-011290,2023-11-02,Technical,Low,22.2,Resolved,1
TCK-014226,CUST-011291,2024-02-19,Login,High,43.1,Resolved,3
TCK-014227,CUST-011292,2024-09-02,Billing,Low,35.1,Closed,2
TCK-014228,CUST-011292,2023-05-08,Billing,Low,33.6,Resolved,4
TCK-014229,CUST-011293,2024-03-16,Feature Request,Low,28.2,Closed,4
TCK-014230,CUST-011293,2024-05-15,Integration,Medium,18.2,Resolved,1
TCK-014231,CUST-011293,2023-12-27,Technical,High,123.7,Escalated,1
TCK-014232,CUST-011297,2024-04-14,Performance,Critical,3.2,Resolved,3
TCK-014233,CUST-011297,2024-07-03,Performance,Low,3.3,Resolved,3
TCK-014234,CUST-011297,2024-05-23,Technical,Critical,13.3,Closed,3
TCK-014235,CUST-011298,2024-04-11,Billing,Low,54.4,Resolved,5
TCK-014236,CUST-011299,14/03/2024,Performance,Low,7.7,Resolved,5
TCK-014237,CUST-011299,2023-08-21,Billing,Low,54.7,Resolved,5
TCK-014238,CUST-011300,2023-06-17,Billing,Medium,2.5,Closed,4
TCK-014239,CUST-011300,2024-10-08,Technical,Medium,21.8,Resolved,5
TCK-014240,CUST-011302,2023-06-18,Billing,Critical,4.9,Closed,5
TCK-014241,CUST-011303,15/06/2023,Billing,Medium,0.7,Escalated,3
TCK-014242,CUST-011303,2023-08-04,Billing,High,14.2,Closed,4
TCK-014243,CUST-011303,2023-01-13,Technical,Medium,6.6,Escalated,1
TCK-014244,CUST-011303,2023-02-22,Billing,Critical,30.7,Resolved,1
TCK-014245,CUST-011304,2023-01-23,Integration,Medium,0.6,Pending,1
TCK-014246,CUST-011305,2024-07-18,Billing,Critical,34.3,Resolved,4
TCK-014247,CUST-011305,2024-04-20,Security,Low,36.4,Closed,4
TCK-014248,CUST-011305,2024-04-11,Technical,High,151.4,Resolved,4
TCK-014249,CUST-011306,2023-10-24,Integration,Low,13.2,Escalated,1
TCK-014250,CUST-011307,2023-04-18,Billing,Medium,52.5,Closed,3
TCK-014251,CUST-011307,2023-03-09,Login,Medium,2.0,Escalated,3
TCK-014252,CUST-011308,2024-12-04,Technical,Medium,9.1,Closed,5
TCK-014253,CUST-011312,2023-10-17,Technical,Low,0.5,Closed,2
TCK-014254,CUST-011313,2023-11-19,Billing,High,5.9,Closed,2
TCK-014255,CUST-011313,2023-11-15,Integration,High,18.3,Resolved,1
TCK-014256,CUST-011314,2023-11-17,Integration,High,7.2,Resolved,4
TCK-014257,CUST-011315,20/02/2024,Technical,Low,10.3,Resolved,4
TCK-014258,CUST-011315,2024-01-12,Login,Low,14.6,Closed,4
TCK-014259,CUST-011316,2024-03-23,Security,Medium,23.7,Resolved,5
TCK-014260,CUST-011316,2024-04-25,Technical,Low,11.0,Resolved,2
TCK-014261,CUST-011317,2024-01-11,Technical,Medium,10.9,Resolved,4
TCK-014262,CUST-011317,2024-11-05,Login,Medium,22.4,Resolved,4
TCK-014263,CUST-011319,2024-10-25,Technical,Medium,6.0,Closed,5
TCK-014264,CUST-011320,2023-04-29,Technical,High,24.1,Resolved,4
TCK-014265,CUST-011321,2024-05-09,Technical,Medium,40.9,Resolved,1
TCK-014266,CUST-011321,2024-05-22,Technical,Critical,19.3,Escalated,2
TCK-014267,CUST-011321,2024-05-02,Performance,Medium,4.2,Pending,1
TCK-014268,CUST-011321,2024-04-18,Feature Request,Low,7.5,Pending,1
TCK-014269,CUST-011322,2024-03-14,Technical,Medium,36.8,Resolved,4
TCK-014270,CUST-011322,2024-05-03,Performance,Low,31.0,Pending,1
TCK-014271,CUST-011322,2024-04-14,Billing,Medium,2.8,Resolved,1
TCK-014272,CUST-011322,2024-04-16,Performance,Medium,42.4,Resolved,3
TCK-014273,CUST-011322,2024-03-18,Technical,Medium,29.7,Resolved,4
TCK-014274,CUST-011324,2024-01-20,Performance,Low,5.4,Resolved,5
TCK-014275,CUST-011324,2024-09-02,Feature Request,High,19.3,Resolved,4
TCK-014276,CUST-011325,2023-01-18,Login,Low,15.1,Resolved,4
TCK-014277,CUST-011326,2023-07-18,Integration,Medium,6.6,Closed,5
TCK-014278,CUST-011327,2023-06-01,Performance,Medium,6.8,Resolved,3
TCK-014279,CUST-011327,2024-06-01,Billing,Critical,12.2,Closed,5
TCK-014280,CUST-011327,2024-06-25,Technical,Medium,5.2,Resolved,3
TCK-014281,CUST-011327,2024-12-10,Performance,Medium,1.2,Resolved,4
TCK-014282,CUST-011328,2024-01-25,Integration,Medium,11.8,Resolved,4
TCK-014283,CUST-011329,2024-12-04,Technical,High,83.3,Resolved,5
TCK-014284,CUST-011329,2023-06-10,Billing,Low,1.8,Closed,5
TCK-014285,CUST-011331,2024-07-09,Performance,High,9.4,Closed,5
TCK-014286,CUST-011331,2024-09-09,Technical,Critical,47.5,Closed,4
TCK-014287,CUST-011331,2024-06-25,Technical,Medium,45.0,Resolved,2
TCK-014288,CUST-011333,25/02/2024,Technical,Medium,60.4,Resolved,2
TCK-014289,CUST-011333,2024-05-20,Technical,Medium,11.0,Pending,1
TCK-014290,CUST-011338,2024-07-20,Billing,Medium,11.2,Resolved,4
TCK-014291,CUST-011338,2024-03-21,Billing,Medium,46.4,Closed,2
TCK-014292,CUST-011338,2023-01-19,Billing,Low,16.1,Resolved,4
TCK-014293,CUST-011338,2022-09-11,Login,Low,9.5,Resolved,1
TCK-014294,CUST-011338,2024-07-03,Billing,Medium,1.2,Resolved,4
TCK-014295,CUST-011341,2024-02-15,Login,Low,24.7,Resolved,1
TCK-014296,CUST-011341,2024-04-20,Performance,Low,16.6,Resolved,1
TCK-014297,CUST-011342,2024-10-13,Billing,Low,14.4,Closed,2
TCK-014298,CUST-011344,2023-10-28,Technical,Critical,12.6,Resolved,3
TCK-014299,CUST-011344,2023-03-11,Billing,Low,2.0,Resolved,4
TCK-014300,CUST-011346,2024-05-13,Login,Medium,16.1,Resolved,5
TCK-014301,CUST-011349,2023-05-23,Performance,Medium,47.0,Escalated,3
TCK-014302,CUST-011351,2024-06-10,Feature Request,High,10.0,Resolved,3
TCK-014303,CUST-011351,2024-12-22,Billing,Medium,23.1,Resolved,5
TCK-014304,CUST-011352,2023-06-06,Billing,Medium,3.2,Resolved,4
TCK-014305,CUST-011353,2022-12-28,Billing,Medium,9.9,Resolved,3
TCK-014306,CUST-011353,2023-04-03,Performance,Low,30.6,Closed,2
TCK-014307,CUST-011354,2024-05-30,Technical,Low,11.3,Resolved,1
TCK-014308,CUST-011357,2024-01-09,Login,Medium,4.3,Closed,4
TCK-014309,CUST-011359,2022-10-25,Performance,High,28.0,Resolved,4
TCK-014310,CUST-011363,2024-06-16,Security,Low,45.1,Resolved,5
TCK-014311,CUST-011364,2024-01-13,Feature Request,Medium,93.7,Closed,1
TCK-014312,CUST-011364,2024-02-16,Integration,Critical,4.2,Resolved,3
TCK-014313,CUST-011364,2023-10-06,Performance,Medium,32.1,Resolved,5
TCK-014314,CUST-011364,2023-11-25,Performance,High,136.8,Escalated,1
TCK-014315,CUST-011366,2024-06-29,Technical,Low,12.0,Resolved,1
TCK-014316,CUST-011366,2024-07-06,Technical,Low,17.4,Resolved,2
TCK-014317,CUST-011367,2024-01-31,Billing,Medium,16.9,Resolved,1
TCK-014318,CUST-011367,2024-03-27,Integration,Medium,7.8,Resolved,2
TCK-014319,CUST-011367,2024-04-06,Login,Medium,5.1,Resolved,1
TCK-014320,CUST-011367,2024-02-26,Billing,Medium,85.0,Resolved,4
TCK-014321,CUST-011369,2024-06-21,Billing,Medium,31.0,Resolved,2
TCK-014322,CUST-011375,2024-02-17,Technical,High,1.6,Closed,1
TCK-014323,CUST-011376,2023-11-03,Technical,Low,27.0,Resolved,1
TCK-014324,CUST-011376,2023-10-10,Login,Medium,15.7,Resolved,1
TCK-014325,CUST-011376,2023-12-16,Security,Low,11.5,Closed,3
TCK-014326,CUST-011376,2023-09-09,Technical,Medium,15.7,Resolved,1
TCK-014327,CUST-011378,2023-08-20,Technical,Low,20.6,Resolved,1
TCK-014328,CUST-011380,2023-05-07,Technical,High,100.9,Resolved,1
TCK-014329,CUST-011380,2024-03-10,Technical,Low,0.9,Resolved,1
TCK-014330,CUST-011382,2024-10-02,Technical,Low,6.3,Resolved,2
TCK-014331,CUST-011383,2024-12-22,Integration,Medium,5.7,Resolved,4
TCK-014332,CUST-011383,2023-06-28,Feature Request,Low,24.6,Closed,3
TCK-014333,CUST-011384,2024-04-28,Billing,Medium,14.8,Resolved,4
TCK-014334,CUST-011384,25/07/2024,Login,Low,8.7,Resolved,1
TCK-014335,CUST-011384,2022-08-04,Performance,High,91.4,Resolved,2
TCK-014336,CUST-011384,2023-12-05,Integration,Low,102.0,Resolved,4
TCK-014337,CUST-011386,2024-06-21,Integration,High,50.7,Resolved,5
TCK-014338,CUST-011387,2023-05-28,Technical,Low,52.9,Escalated,3
TCK-014339,CUST-011389,2023-07-09,Feature Request,High,35.0,Resolved,2
TCK-014340,CUST-011389,2023-12-18,Technical,Low,23.0,Resolved,4
TCK-014341,CUST-011389,2023-04-08,Performance,High,25.3,Resolved,3
TCK-014342,CUST-011392,2023-11-06,Login,High,6.7,Pending,1
TCK-014343,CUST-011394,2023-01-17,Billing,Medium,3.4,Resolved,5
TCK-014344,CUST-011394,2024-12-07,Technical,Low,11.1,Resolved,4
TCK-014345,CUST-011395,2023-06-01,Performance,High,64.5,Resolved,1
TCK-014346,CUST-011395,2023-05-16,Technical,Medium,6.4,Closed,1
TCK-014347,CUST-011395,2023-06-01,Billing,Medium,5.6,Resolved,2
TCK-014348,CUST-011395,2023-06-03,Billing,High,40.5,Resolved,1
TCK-014349,CUST-011395,2023-06-05,Performance,Medium,16.6,Resolved,2
TCK-014350,CUST-011396,2023-06-03,Billing,Critical,201.3,Closed,1
TCK-014351,CUST-011396,2024-02-04,Billing,Low,12.4,Resolved,2
TCK-014352,CUST-011397,2024-07-27,Security,High,36.9,Resolved,3
TCK-014353,CUST-011399,2024-05-26,Billing,Low,0.8,Closed,4
TCK-014354,CUST-011400,2023-03-26,Integration,Low,11.8,Closed,2
TCK-014355,CUST-011400,2023-03-22,Technical,Critical,52.7,Resolved,1
TCK-014356,CUST-011402,2022-07-12,Login,Low,8.9,Pending,1
TCK-014357,CUST-011404,2024-07-12,Billing,Medium,13.6,Resolved,4
TCK-014358,CUST-011405,2023-06-16,Technical,Low,7.0,Resolved,3
TCK-014359,CUST-011406,2024-03-12,Integration,Low,23.0,Resolved,1
TCK-014360,CUST-011406,2024-03-08,Feature Request,Medium,22.4,Pending,2
TCK-014361,CUST-011408,2024-03-31,Technical,Medium,36.8,Resolved,4
TCK-014362,CUST-011409,2024-05-27,Billing,Medium,68.9,Closed,5
TCK-014363,CUST-011410,2024-06-29,Billing,Low,3.6,Resolved,3
TCK-014364,CUST-011412,2024-04-01,Login,Medium,13.9,Resolved,5
TCK-014365,CUST-011412,2023-10-14,Login,Medium,26.8,Resolved,1
TCK-014366,CUST-011412,2024-04-11,Technical,Low,17.5,Closed,2
TCK-014367,CUST-011413,2023-10-06,Feature Request,Low,8.1,Resolved,3
TCK-014368,CUST-011413,2023-04-24,Login,Medium,4.1,Closed,4
TCK-014369,CUST-011413,2022-12-25,Technical,Low,23.2,Resolved,4
TCK-014370,CUST-011414,2022-04-29,Technical,Medium,42.9,Resolved,1
TCK-014371,CUST-011414,2022-03-23,Integration,Medium,17.4,Pending,1
TCK-014372,CUST-011414,2022-05-02,Billing,Critical,16.3,Closed,1
TCK-014373,CUST-011416,2023-03-28,Performance,Medium,23.1,Resolved,3
TCK-014374,CUST-011416,2022-06-25,Security,Medium,11.0,Escalated,1
TCK-014375,CUST-011417,2024-03-18,Technical,Medium,10.5,Resolved,5
TCK-014376,CUST-011418,2023-09-24,Integration,Low,3.2,Resolved,5
TCK-014377,CUST-011421,2024-04-09,Technical,Medium,18.4,Resolved,1
TCK-014378,CUST-011424,2022-05-03,Technical,Medium,8.8,Resolved,1
TCK-014379,CUST-011424,2022-05-01,Integration,Critical,4.6,Resolved,2
TCK-014380,CUST-011426,2023-02-03,Technical,Medium,59.6,Resolved,4
TCK-014381,CUST-011426,2024-05-25,Login,Low,10.8,Resolved,5
TCK-014382,CUST-011429,2024-04-03,Billing,Low,1.5,Resolved,2
TCK-014383,CUST-011430,2023-10-18,Integration,Medium,3.0,Resolved,4
TCK-014384,CUST-011431,2024-08-06,Login,High,9.9,Resolved,5
TCK-014385,CUST-011432,2023-06-02,Login,Medium,26.3,Escalated,2
TCK-014386,CUST-011432,30/10/2022,Performance,Low,16.2,Resolved,2
TCK-014387,CUST-011433,2024-01-03,Performance,High,53.0,Resolved,3
TCK-014388,CUST-011433,2024-06-02,Feature Request,Low,19.9,Closed,4
TCK-014389,CUST-011433,2024-10-12,Login,Medium,30.6,Closed,1
TCK-014390,CUST-011434,2024-01-03,Feature Request,Low,23.6,Resolved,4
TCK-014391,CUST-011434,2024-07-16,Technical,Low,39.8,Resolved,5
TCK-014392,CUST-011434,2024-08-22,Billing,High,12.5,Resolved,4
TCK-014393,CUST-011436,2023-04-05,Billing,Medium,21.5,Resolved,5
TCK-014394,CUST-011437,2023-08-15,Billing,Medium,8.2,Resolved,4
TCK-014395,CUST-011437,2023-01-08,Technical,Low,15.8,Resolved,2
TCK-014396,CUST-011438,2024-09-25,Technical,Low,31.7,Resolved,5
TCK-014397,CUST-011438,2024-09-24,Performance,Low,18.0,Resolved,3
TCK-014398,CUST-011439,2023-05-10,Performance,Medium,22.7,Resolved,5
TCK-014399,CUST-011439,2023-05-06,Technical,Critical,16.2,Resolved,3
TCK-014400,CUST-011439,2023-05-17,Technical,Low,2.9,Resolved,2
TCK-014401,CUST-011439,2023-07-14,Integration,Medium,14.5,Resolved,1
TCK-014402,CUST-011439,2023-04-08,Integration,Medium,29.6,Escalated,2
TCK-014403,CUST-011442,2023-10-30,Technical,High,5.2,Closed,3
TCK-014404,CUST-011442,2024-02-01,Billing,Medium,64.9,Resolved,2
TCK-014405,CUST-011442,2023-12-05,Technical,Low,60.0,Closed,1
TCK-014406,CUST-011444,2024-09-16,Technical,Low,6.0,Resolved,4
TCK-014407,CUST-011445,2024-03-04,Performance,Medium,4.2,Resolved,4
TCK-014408,CUST-011446,2023-07-29,Technical,Low,32.9,Closed,3
TCK-014409,CUST-011447,2024-08-07,Integration,High,22.7,Resolved,5
TCK-014410,CUST-011447,2024-05-26,Feature Request,Medium,8.4,Resolved,4
TCK-014411,CUST-011450,2024-10-19,Integration,Medium,100.1,Resolved,4
TCK-014412,CUST-011451,2024-01-08,Integration,High,16.3,Closed,1
TCK-014413,CUST-011451,2024-03-17,Security,Low,2.2,Resolved,1
TCK-014414,CUST-011454,2024-06-08,Technical,Low,6.0,Resolved,3
TCK-014415,CUST-011455,2023-04-21,Billing,Medium,6.4,Resolved,5
TCK-014416,CUST-011456,2023-08-29,Technical,Medium,8.4,Resolved,1
TCK-014417,CUST-011456,2024-06-21,Technical,High,11.0,Closed,1
TCK-014418,CUST-011457,2023-06-13,Performance,Critical,1.5,Resolved,3
TCK-014419,CUST-011457,2024-09-12,Integration,Low,6.1,Resolved,4
TCK-014420,CUST-011457,2024-08-20,Technical,Low,17.1,Resolved,4
TCK-014421,CUST-011457,2024-09-07,Integration,Low,11.3,Closed,4
TCK-014422,CUST-011458,2024-08-23,Performance,Medium,1.0,Closed,4
TCK-014423,CUST-011461,2024-04-13,Feature Request,High,25.0,Resolved,5
TCK-014424,CUST-011462,2023-04-13,Performance,Medium,12.4,Resolved,4
TCK-014425,CUST-011462,2024-01-08,Performance,Low,2.4,Resolved,4
TCK-014426,CUST-011464,2022-12-18,Billing,Low,8.0,Resolved,3
TCK-014427,CUST-011465,2024-07-25,Technical,Medium,30.8,Resolved,2
TCK-014428,CUST-011466,2024-06-10,Technical,Medium,28.8,Resolved,4
TCK-014429,CUST-011466,2023-12-07,Billing,Medium,16.6,Resolved,2
TCK-014430,CUST-011468,2022-10-05,Feature Request,Low,1.6,Resolved,3
TCK-014431,CUST-011468,2022-10-20,Billing,Medium,31.2,Escalated,1
TCK-014432,CUST-011470,2024-11-08,Billing,Low,3.3,Resolved,4
TCK-014433,CUST-011471,2024-04-23,Technical,Medium,18.7,Closed,4
TCK-014434,CUST-011471,05/05/2023,Integration,Medium,2.8,Closed,1
TCK-014435,CUST-011473,2024-04-03,Technical,High,43.7,Resolved,1
TCK-014436,CUST-011474,2023-10-11,Performance,Low,17.0,Resolved,4
TCK-014437,CUST-011474,2024-02-28,Integration,Low,4.6,Resolved,2
TCK-014438,CUST-011475,28/11/2023,Billing,Medium,41.1,Escalated,1
TCK-014439,CUST-011475,2023-12-23,Technical,Medium,23.0,Pending,2
TCK-014440,CUST-011476,2024-04-10,Integration,Low,21.8,Resolved,3
TCK-014441,CUST-011478,2023-12-28,Technical,Low,90.9,Pending,2
TCK-014442,CUST-011478,2023-06-07,Technical,High,2.5,Pending,1
TCK-014443,CUST-011478,2023-04-13,Technical,Medium,71.3,Closed,2
TCK-014444,CUST-011478,2023-06-14,Integration,Low,5.1,Resolved,2
TCK-014445,CUST-011480,2024-04-21,Technical,Medium,1.4,Resolved,5
TCK-014446,CUST-011480,2024-01-19,Billing,High,39.0,Resolved,4
TCK-014447,CUST-011481,2023-02-11,Billing,Medium,45.5,Escalated,1
TCK-014448,CUST-011481,2023-02-08,Billing,Low,37.1,Escalated,1
TCK-014449,CUST-011481,2022-09-05,Feature Request,Critical,62.5,Resolved,2
TCK-014450,CUST-011483,2023-02-05,Integration,Medium,0.9,Resolved,3
TCK-014451,CUST-011483,2023-11-17,Billing,Medium,27.8,Closed,2
TCK-014452,CUST-011483,2023-05-10,Technical,Medium,1.6,Resolved,4
TCK-014453,CUST-011483,2024-10-07,Technical,Medium,3.6,Closed,4
TCK-014454,CUST-011484,2023-07-24,Login,Low,0.5,Resolved,5
TCK-014455,CUST-011485,2023-01-05,Technical,Medium,29.2,Resolved,3
TCK-014456,CUST-011485,2022-10-06,Performance,Medium,77.2,Closed,1
TCK-014457,CUST-011486,2024-09-17,Integration,Low,0.8,Resolved,5
TCK-014458,CUST-011486,2024-11-23,Technical,Medium,9.2,Closed,5
TCK-014459,CUST-011486,2024-08-24,Billing,Medium,29.2,Resolved,3
TCK-014460,CUST-011487,2023-03-10,Billing,High,13.3,Pending,2
TCK-014461,CUST-011487,2023-03-05,Technical,Low,2.4,Resolved,1
TCK-014462,CUST-011487,2023-02-28,Integration,Low,7.2,Closed,1
TCK-014463,CUST-011488,2023-09-30,Billing,Medium,25.6,Resolved,1
TCK-014464,CUST-011488,2023-11-01,Login,Medium,10.8,Resolved,1
TCK-014465,CUST-011488,2023-10-07,Billing,Medium,9.7,Resolved,4
TCK-014466,CUST-011488,2023-08-14,Performance,High,7.1,Resolved,2
TCK-014467,CUST-011489,2024-10-07,Login,Critical,92.7,Resolved,1
TCK-014468,CUST-011490,2024-11-23,Security,Medium,26.8,Resolved,1
TCK-014469,CUST-011492,2024-02-28,Login,Critical,45.3,Resolved,1
TCK-014470,CUST-011492,2024-08-30,Feature Request,Low,56.7,Closed,2
TCK-014471,CUST-011492,2024-01-26,Technical,Medium,29.1,Resolved,2
TCK-014472,CUST-011493,2024-10-18,Technical,High,31.9,Resolved,5
TCK-014473,CUST-011494,2023-09-01,Billing,Medium,32.9,Closed,1
TCK-014474,CUST-011495,18/08/2022,Login,High,53.0,Escalated,2
TCK-014475,CUST-011495,2022-06-16,Technical,Low,4.3,Resolved,3
TCK-014476,CUST-011496,19/10/2023,Technical,Low,4.6,Resolved,4
TCK-014477,CUST-011499,2024-05-15,Login,High,22.7,Closed,2
TCK-014478,CUST-011500,2023-04-20,Billing,Critical,6.1,Closed,2
TCK-014479,CUST-011501,2024-06-08,Login,Low,22.1,Closed,2
TCK-014480,CUST-011502,2023-11-30,Billing,High,26.3,Resolved,4
TCK-014481,CUST-011503,2024-08-17,Billing,Medium,16.4,Closed,2
TCK-014482,CUST-011504,2023-11-02,Billing,High,51.9,Resolved,3
TCK-014483,CUST-011504,2023-11-15,Technical,Low,5.6,Pending,1
TCK-014484,CUST-011504,2023-09-15,Technical,Critical,46.0,Resolved,5
TCK-014485,CUST-011506,2022-09-09,Login,Medium,11.2,Resolved,5
TCK-014486,CUST-011507,2024-06-07,Technical,Low,8.8,Resolved,4
TCK-014487,CUST-011508,2023-07-07,Billing,Medium,6.2,Resolved,5
TCK-014488,CUST-011508,2023-02-21,Security,Medium,3.2,Resolved,3
TCK-014489,CUST-011508,2024-10-07,Billing,Medium,0.8,Resolved,3
TCK-014490,CUST-011508,2024-05-25,Billing,Critical,20.7,Closed,5
TCK-014491,CUST-011509,2024-02-28,Technical,Medium,83.4,Resolved,3
TCK-014492,CUST-011511,2024-09-23,Technical,High,33.9,Resolved,5
TCK-014493,CUST-011511,2024-12-08,Technical,Medium,9.6,Resolved,5
TCK-014494,CUST-011513,2023-06-29,Integration,Low,8.9,Resolved,2
TCK-014495,CUST-011513,2023-04-08,Login,Medium,7.8,Resolved,2
TCK-014496,CUST-011514,2024-03-30,Billing,Medium,42.0,Resolved,4
TCK-014497,CUST-011515,2023-01-05,Technical,Medium,23.0,Closed,1
TCK-014498,CUST-011516,2023-10-04,Login,Medium,21.1,Resolved,3
TCK-014499,CUST-011518,15/12/2024,Integration,Medium,11.4,Closed,1
TCK-014500,CUST-011520,2023-12-30,Login,High,12.2,Closed,1
TCK-014501,CUST-011521,2023-03-28,Technical,High,24.3,Resolved,2
TCK-014502,CUST-011522,2023-03-08,Billing,High,13.5,Closed,4
TCK-014503,CUST-011523,2023-01-29,Billing,High,36.9,Resolved,4
TCK-014504,CUST-011525,2023-09-06,Login,Medium,74.7,Escalated,1
TCK-014505,CUST-011525,2023-04-25,Security,Medium,15.3,Resolved,5
TCK-014506,CUST-011527,2024-03-10,Technical,Critical,45.3,Resolved,3
TCK-014507,CUST-011527,2023-10-17,Technical,Medium,34.0,Resolved,4
TCK-014508,CUST-011528,2023-09-04,Billing,Medium,5.1,Resolved,2
TCK-014509,CUST-011529,2023-02-28,Performance,Low,7.8,Closed,5
TCK-014510,CUST-011532,2023-06-13,Billing,High,22.2,Resolved,1
TCK-014511,CUST-011532,2023-03-20,Technical,Low,13.2,Resolved,5
TCK-014512,CUST-011533,2024-03-26,Technical,Low,2.5,Resolved,1
TCK-014513,CUST-011533,2024-02-29,Login,Low,38.3,Resolved,3
TCK-014514,CUST-011536,2023-07-29,Technical,Medium,5.1,Resolved,2
TCK-014515,CUST-011536,2023-08-05,Integration,High,19.4,Closed,2
TCK-014516,CUST-011536,2022-09-29,Billing,Medium,6.3,Resolved,1
TCK-014517,CUST-011537,2022-09-24,Login,Low,8.9,Resolved,2
TCK-014518,CUST-011538,2024-09-11,Billing,Critical,5.9,Resolved,4
TCK-014519,CUST-011538,2024-08-11,Technical,High,57.4,Resolved,5
TCK-014520,CUST-011540,2024-09-27,Security,High,37.3,Resolved,5
TCK-014521,CUST-011540,2024-12-11,Login,High,7.1,Resolved,2
TCK-014522,CUST-011540,2024-11-09,Billing,Medium,5.3,Resolved,2
TCK-014523,CUST-011542,2023-04-16,Billing,Medium,5.5,Resolved,3
TCK-014524,CUST-011543,2024-01-28,Technical,Medium,28.4,Resolved,1
TCK-014525,CUST-011543,2023-10-22,Technical,Low,14.2,Resolved,5
TCK-014526,CUST-011543,2023-10-21,Billing,Critical,137.1,Resolved,2
TCK-014527,CUST-011543,2023-11-28,Billing,Critical,22.7,Resolved,3
TCK-014528,CUST-011543,2023-11-12,Login,Low,11.7,Resolved,4
TCK-014529,CUST-011544,2023-04-02,Technical,Medium,12.8,Resolved,3
TCK-014530,CUST-011544,2024-02-15,Security,Critical,2.0,Resolved,5
TCK-014531,CUST-011546,2023-07-11,Feature Request,Medium,5.6,Resolved,2
TCK-014532,CUST-011546,2023-07-16,Technical,High,22.3,Escalated,2
TCK-014533,CUST-011546,2023-07-12,Login,Low,40.3,Pending,1
TCK-014534,CUST-011546,2023-07-09,Billing,Medium,35.1,Resolved,4
TCK-014535,CUST-011546,2023-06-06,Technical,Low,56.5,Escalated,1
TCK-014536,CUST-011547,2024-11-13,Technical,Medium,1.1,Resolved,4
TCK-014537,CUST-011547,2024-11-12,Technical,Medium,26.8,Resolved,2
TCK-014538,CUST-011553,2023-11-28,Billing,High,8.7,Resolved,1
TCK-014539,CUST-011555,2024-04-18,Billing,High,57.4,Resolved,5
TCK-014540,CUST-011555,2023-06-24,Performance,High,43.2,Closed,5
TCK-014541,CUST-011555,2024-03-04,Technical,High,22.7,Resolved,5
TCK-014542,CUST-011556,2023-03-14,Technical,Low,15.1,Resolved,1
TCK-014543,CUST-011559,2024-09-20,Feature Request,Low,11.4,Resolved,1
TCK-014544,CUST-011559,2024-09-16,Feature Request,Low,21.1,Resolved,1
TCK-014545,CUST-011560,2023-07-15,Billing,Medium,5.6,Resolved,4
TCK-014546,CUST-011563,2023-09-13,Login,Critical,87.4,Resolved,3
TCK-014547,CUST-011563,2024-07-05,Billing,Low,26.4,Closed,5
TCK-014548,CUST-011564,2024-01-01,Login,Medium,2.9,Resolved,5
TCK-014549,CUST-011564,2024-06-05,Technical,Medium,4.9,Resolved,4
TCK-014550,CUST-011564,2024-05-15,Technical,High,11.3,Resolved,5
TCK-014551,CUST-011564,2024-02-26,Technical,High,66.6,Closed,5
TCK-014552,CUST-011565,2024-06-21,Performance,Medium,62.9,Resolved,3
TCK-014553,CUST-011565,2024-03-02,Login,Medium,3.8,Resolved,1
TCK-014554,CUST-011565,2023-05-05,Technical,High,10.7,Resolved,1
TCK-014555,CUST-011567,2022-09-03,Login,Low,10.7,Pending,1
TCK-014556,CUST-011568,2024-02-29,Technical,Medium,32.3,Resolved,3
TCK-014557,CUST-011568,2024-04-08,Login,Critical,26.4,Resolved,4
TCK-014558,CUST-011568,2023-05-02,Performance,Medium,14.9,Resolved,2
TCK-014559,CUST-011568,2023-08-18,Login,High,4.5,Escalated,2
TCK-014560,CUST-011569,2024-08-05,Feature Request,Low,8.9,Closed,5
TCK-014561,CUST-011570,2024-02-08,Integration,Low,27.6,Resolved,2
TCK-014562,CUST-011570,2024-10-06,Performance,Medium,23.6,Resolved,5
TCK-014563,CUST-011571,2024-02-25,Billing,Medium,13.7,Pending,1
TCK-014564,CUST-011572,2023-03-09,Technical,High,90.5,Escalated,1
TCK-014565,CUST-011572,2023-06-20,Technical,Low,17.1,Resolved,1
TCK-014566,CUST-011573,2023-01-20,Login,Low,16.6,Resolved,5
TCK-014567,CUST-011573,2024-04-09,Billing,Medium,15.0,Resolved,5
TCK-014568,CUST-011574,2023-11-26,Technical,Low,18.9,Resolved,4
TCK-014569,CUST-011574,2023-11-12,Technical,Medium,8.3,Resolved,2
TCK-014570,CUST-011574,2023-08-31,Technical,Medium,8.7,Closed,5
TCK-014571,CUST-011575,2024-06-04,Integration,Low,5.3,Resolved,4
TCK-014572,CUST-011576,2024-03-13,Technical,Low,12.0,Resolved,5
TCK-014573,CUST-011576,2024-01-07,Login,Low,23.2,Resolved,4
TCK-014574,CUST-011579,2024-01-08,Billing,Low,26.1,Resolved,4
TCK-014575,CUST-011580,2022-09-01,Performance,Low,42.7,Resolved,2
TCK-014576,CUST-011580,2022-08-09,Feature Request,Medium,17.5,Resolved,2
TCK-014577,CUST-011580,2022-10-06,Billing,Low,4.3,Pending,1
TCK-014578,CUST-011581,2024-07-03,Performance,Low,10.6,Resolved,5
TCK-014579,CUST-011582,2024-01-07,Billing,Low,4.1,Resolved,2
TCK-014580,CUST-011582,10/07/2023,Performance,Critical,17.4,Closed,1
TCK-014581,CUST-011582,2023-08-19,Technical,High,90.6,Escalated,3
TCK-014582,CUST-011583,2022-09-03,Technical,Low,62.0,Resolved,3
TCK-014583,CUST-011584,2024-05-07,Technical,Medium,24.1,Resolved,3
TCK-014584,CUST-011586,2023-06-10,Performance,Low,13.4,Closed,5
TCK-014585,CUST-011586,2024-01-10,Billing,Critical,25.0,Resolved,4
TCK-014586,CUST-011587,2023-01-18,Performance,High,21.5,Resolved,4
TCK-014587,CUST-011587,2024-01-13,Billing,High,19.9,Resolved,2
TCK-014588,CUST-011587,2023-11-05,Performance,Medium,13.4,Pending,1
TCK-014589,CUST-011590,2024-10-11,Technical,Medium,4.3,Closed,4
TCK-014590,CUST-011592,2024-08-24,Integration,Low,36.8,Escalated,1
TCK-014591,CUST-011592,2024-11-07,Technical,Low,66.8,Closed,2
TCK-014592,CUST-011592,2024-08-23,Technical,Critical,7.1,Resolved,2
TCK-014593,CUST-011593,2024-10-21,Performance,Low,4.6,Resolved,4
TCK-014594,CUST-011594,2023-03-20,Integration,High,19.9,Escalated,1
TCK-014595,CUST-011594,2023-02-21,Performance,Medium,8.6,Escalated,1
TCK-014596,CUST-011595,2024-03-31,Login,Medium,54.7,Resolved,1
TCK-014597,CUST-011595,2023-12-09,Technical,Medium,37.2,Resolved,3
TCK-014598,CUST-011596,2024-09-29,Technical,High,45.9,Closed,3
TCK-014599,CUST-011600,2023-04-27,Integration,Low,44.7,Escalated,3
TCK-014600,CUST-011605,2024-12-07,Technical,Low,44.2,Resolved,3
TCK-014601,CUST-011607,2024-11-21,Technical,Medium,6.9,Resolved,2
TCK-014602,CUST-011608,2024-09-11,Login,High,109.8,Closed,2
TCK-014603,CUST-011609,2023-03-04,Login,High,3.6,Resolved,2
TCK-014604,CUST-011611,16/02/2023,Technical,Critical,21.8,Resolved,2
TCK-014605,CUST-011611,2023-05-13,Feature Request,High,22.5,Resolved,5
TCK-014606,CUST-011611,2022-07-14,Performance,Critical,8.3,Resolved,3
TCK-014607,CUST-011613,2024-01-06,Performance,Low,19.2,Escalated,3
TCK-014608,CUST-011616,2024-07-23,Technical,Low,10.1,Resolved,3
TCK-014609,CUST-011619,2024-10-16,Billing,Medium,5.5,Resolved,4
TCK-014610,CUST-011620,2024-11-10,Integration,Medium,9.5,Resolved,4
TCK-014611,CUST-011620,2023-06-25,Integration,Medium,11.9,Closed,5
TCK-014612,CUST-011621,2023-10-01,Feature Request,Medium,12.3,Closed,4
TCK-014613,CUST-011622,2024-10-09,Login,High,9.6,Resolved,3
TCK-014614,CUST-011622,2024-09-30,Login,Medium,15.7,Resolved,3
TCK-014615,CUST-011624,2024-03-31,Technical,Medium,0.6,Resolved,5
TCK-014616,CUST-011626,2023-05-31,Billing,Low,49.4,Pending,2
TCK-014617,CUST-011626,2023-06-23,Technical,Critical,34.5,Resolved,3
TCK-014618,CUST-011626,2023-10-11,Billing,Medium,103.6,Resolved,2
TCK-014619,CUST-011626,2023-10-09,Technical,Low,12.6,Resolved,3
TCK-014620,CUST-011627,2024-01-03,Technical,Low,50.6,Resolved,2
TCK-014621,CUST-011628,2023-12-22,Feature Request,Low,33.0,Resolved,2
TCK-014622,CUST-011629,2023-10-28,Technical,Medium,4.5,Closed,2
TCK-014623,CUST-011630,2024-05-09,Technical,Medium,4.2,Closed,4
TCK-014624,CUST-011630,2024-11-14,Login,Low,5.7,Resolved,2
TCK-014625,CUST-011631,2024-05-26,Billing,Low,12.0,Resolved,4
TCK-014626,CUST-011631,2024-07-01,Billing,Medium,16.3,Resolved,4
TCK-014627,CUST-011633,2022-10-29,Security,Medium,0.5,Resolved,4
TCK-014628,CUST-011636,2023-06-17,Technical,Medium,38.2,Resolved,3
TCK-014629,CUST-011636,2023-04-21,Integration,Low,1.9,Closed,1
TCK-014630,CUST-011636,2023-01-07,Billing,High,98.1,Closed,2
TCK-014631,CUST-011636,24/02/2023,Performance,High,109.7,Resolved,3
TCK-014632,CUST-011636,2022-12-13,Billing,Medium,20.1,Resolved,2
TCK-014633,CUST-011636,2022-12-20,Billing,High,20.0,Escalated,1
TCK-014634,CUST-011638,2024-08-11,Feature Request,Low,3.3,Resolved,1
TCK-014635,CUST-011638,2024-07-05,Performance,Medium,86.6,Closed,1
TCK-014636,CUST-011638,2024-06-05,Technical,Critical,13.4,Resolved,4
TCK-014637,CUST-011638,2024-09-25,Technical,Medium,1.5,Resolved,3
TCK-014638,CUST-011640,2024-02-04,Technical,Medium,33.1,Resolved,2
TCK-014639,CUST-011640,2022-12-01,Technical,Low,55.8,Closed,3
TCK-014640,CUST-011640,2022-11-07,Performance,Critical,17.7,Resolved,4
TCK-014641,CUST-011641,2024-06-30,Login,Medium,39.3,Resolved,1
TCK-014642,CUST-011641,2024-03-23,Technical,High,22.5,Resolved,2
TCK-014643,CUST-011641,2024-04-23,Performance,Low,11.2,Resolved,1
TCK-014644,CUST-011642,2023-08-10,Integration,Medium,16.9,Resolved,1
TCK-014645,CUST-011643,2024-07-11,Technical,Low,26.8,Resolved,2
TCK-014646,CUST-011644,2023-05-31,Billing,Medium,0.7,Resolved,3
TCK-014647,CUST-011644,2022-11-05,Billing,Medium,24.3,Resolved,3
TCK-014648,CUST-011644,2023-07-18,Feature Request,Low,16.5,Pending,1
TCK-014649,CUST-011645,2022-08-12,Login,Medium,44.7,Resolved,3
TCK-014650,CUST-011645,2023-11-13,Performance,Low,35.5,Closed,4
TCK-014651,CUST-011645,2024-08-02,Technical,Medium,7.8,Resolved,2
TCK-014652,CUST-011646,2024-10-28,Login,Critical,44.2,Resolved,2
TCK-014653,CUST-011647,2023-06-16,Security,Low,9.7,Escalated,3
TCK-014654,CUST-011647,2022-08-19,Login,Critical,60.5,Pending,2
TCK-014655,CUST-011647,2022-10-06,Technical,Medium,14.4,Resolved,2
TCK-014656,CUST-011647,2023-01-02,Login,Low,15.2,Closed,2
TCK-014657,CUST-011647,2023-02-17,Login,Medium,2.8,Closed,1
TCK-014658,CUST-011648,2023-12-16,Performance,Medium,1.9,Escalated,1
TCK-014659,CUST-011649,2024-04-22,Billing,High,18.0,Resolved,4
TCK-014660,CUST-011649,2024-04-15,Feature Request,High,31.6,Escalated,1
TCK-014661,CUST-011649,2024-03-16,Billing,Critical,0.8,Resolved,5
TCK-014662,CUST-011650,2024-06-18,Billing,High,32.3,Resolved,5
TCK-014663,CUST-011651,2023-10-05,Performance,Medium,30.5,Resolved,4
TCK-014664,CUST-011652,2024-09-26,Billing,Medium,8.2,Closed,5
TCK-014665,CUST-011653,2024-10-31,Integration,Medium,9.6,Closed,1
TCK-014666,CUST-011653,2024-05-05,Login,Low,19.1,Resolved,4
TCK-014667,CUST-011654,2024-04-22,Technical,Medium,3.2,Resolved,5
TCK-014668,CUST-011655,2024-03-03,Technical,Medium,8.3,Pending,1
TCK-014669,CUST-011655,2023-10-01,Security,Medium,6.7,Resolved,2
TCK-014670,CUST-011656,2024-12-05,Security,Critical,104.3,Pending,1
TCK-014671,CUST-011657,2023-03-12,Performance,Critical,18.2,Resolved,3
TCK-014672,CUST-011657,09/04/2023,Technical,Critical,191.5,Closed,1
TCK-014673,CUST-011658,2024-09-09,Integration,High,29.4,Resolved,3
TCK-014674,CUST-011658,2024-04-30,Integration,Medium,1.4,Resolved,5
TCK-014675,CUST-011660,2023-01-15,Technical,Medium,6.9,Resolved,3
TCK-014676,CUST-011660,2022-12-12,Security,Low,24.6,Escalated,2
TCK-014677,CUST-011660,2024-04-02,Billing,Medium,44.2,Resolved,2
TCK-014678,CUST-011660,2022-08-05,Technical,Medium,9.6,Closed,1
TCK-014679,CUST-011660,2023-01-02,Feature Request,Medium,22.3,Pending,2
TCK-014680,CUST-011662,2022-05-10,Technical,Medium,46.3,Resolved,2
TCK-014681,CUST-011664,2024-10-09,Technical,Medium,1.4,Closed,5
TCK-014682,CUST-011666,2024-02-25,Billing,High,11.0,Resolved,2
TCK-014683,CUST-011668,2023-02-01,Feature Request,Critical,24.7,Resolved,2
TCK-014684,CUST-011668,2023-08-16,Login,Medium,18.2,Resolved,4
TCK-014685,CUST-011671,2024-08-19,Security,High,39.0,Closed,4
TCK-014686,CUST-011671,2023-06-11,Technical,High,7.1,Resolved,4
TCK-014687,CUST-011672,2023-05-28,Security,Medium,11.9,Pending,1
TCK-014688,CUST-011673,2024-08-26,Billing,Medium,5.6,Resolved,4
TCK-014689,CUST-011674,2024-10-12,Login,Low,10.7,Pending,1
TCK-014690,CUST-011674,2024-06-21,Security,High,30.6,Closed,1
TCK-014691,CUST-011675,2024-08-07,Integration,High,89.5,Resolved,3
TCK-014692,CUST-011676,2024-01-01,Billing,Medium,1.5,Resolved,4
TCK-014693,CUST-011676,2023-09-10,Integration,Low,14.3,Resolved,3
TCK-014694,CUST-011676,2023-07-14,Technical,Medium,5.8,Resolved,2
TCK-014695,CUST-011677,2023-11-25,Integration,Low,6.2,Resolved,3
TCK-014696,CUST-011677,2023-02-28,Integration,High,87.0,Resolved,5
TCK-014697,CUST-011677,2024-11-28,Login,Medium,11.5,Resolved,4
TCK-014698,CUST-011679,2023-04-24,Login,High,43.1,Resolved,2
TCK-014699,CUST-011679,2023-05-08,Integration,Medium,9.5,Pending,2
TCK-014700,CUST-011680,2022-06-29,Technical,Medium,11.5,Resolved,4
TCK-014701,CUST-011680,2024-12-03,Billing,Medium,3.3,Resolved,4
TCK-014702,CUST-011682,2024-11-15,Technical,Medium,30.4,Closed,1
TCK-014703,CUST-011683,2023-07-04,Technical,Low,1.1,Pending,1
TCK-014704,CUST-011684,2024-01-05,Billing,High,0.8,Resolved,1
TCK-014705,CUST-011684,2023-03-06,Technical,High,35.9,Escalated,3
TCK-014706,CUST-011686,2022-06-19,Feature Request,Medium,10.2,Resolved,5
TCK-014707,CUST-011686,2022-06-04,Billing,Critical,45.3,Resolved,3
TCK-014708,CUST-011686,2022-09-19,Billing,Low,18.8,Resolved,2
TCK-014709,CUST-011687,2024-01-26,Technical,Medium,6.2,Resolved,3
TCK-014710,CUST-011688,2024-03-04,Billing,Low,17.5,Closed,5
TCK-014711,CUST-011688,2023-08-07,Billing,Low,5.5,Resolved,1
TCK-014712,CUST-011688,2024-02-06,Technical,Medium,19.0,Resolved,2
TCK-014713,CUST-011689,2023-10-01,Integration,Low,4.1,Resolved,5
TCK-014714,CUST-011689,2023-10-27,Integration,Medium,11.7,Closed,5
TCK-014715,CUST-011689,2024-08-12,Feature Request,Low,26.0,Resolved,4
TCK-014716,CUST-011690,2024-05-02,Billing,High,123.6,Escalated,1
TCK-014717,CUST-011692,2023-05-13,Security,High,12.6,Closed,3
TCK-014718,CUST-011693,2024-03-30,Login,Low,8.5,Resolved,1
TCK-014719,CUST-011693,2024-10-10,Technical,Low,3.1,Resolved,4
TCK-014720,CUST-011694,2022-11-30,Feature Request,Medium,6.0,Resolved,1
TCK-014721,CUST-011695,11/06/2024,Performance,Low,17.6,Pending,1
TCK-014722,CUST-011695,2024-10-05,Billing,Medium,13.2,Resolved,1
TCK-014723,CUST-011695,2024-08-24,Performance,Medium,105.6,Escalated,3
TCK-014724,CUST-011695,2024-06-24,Feature Request,High,18.4,Escalated,1
TCK-014725,CUST-011695,21/05/2024,Integration,Low,40.1,Resolved,1
TCK-014726,CUST-011699,2023-07-05,Technical,Low,10.0,Closed,5
TCK-014727,CUST-011699,2024-05-19,Performance,High,17.1,Resolved,5
TCK-014728,CUST-011699,2023-06-21,Billing,Low,1.3,Resolved,4
TCK-014729,CUST-011700,2023-12-01,Technical,High,0.5,Resolved,3
TCK-014730,CUST-011700,2024-01-04,Technical,Medium,127.2,Resolved,1
TCK-014731,CUST-011703,2024-07-25,Performance,Low,4.9,Resolved,1
TCK-014732,CUST-011704,2024-07-16,Technical,Low,21.7,Resolved,4
TCK-014733,CUST-011705,2022-04-03,Billing,Low,29.0,Resolved,4
TCK-014734,CUST-011707,2024-04-02,Billing,Medium,3.4,Resolved,1
TCK-014735,CUST-011707,2024-05-26,Technical,Low,38.4,Resolved,1
TCK-014736,CUST-011707,2024-02-05,Technical,Medium,6.2,Pending,1
TCK-014737,CUST-011707,2024-10-08,Billing,High,28.1,Resolved,4
TCK-014738,CUST-011707,2024-02-24,Login,High,46.1,Resolved,1
TCK-014739,CUST-011707,2024-09-20,Integration,High,31.2,Closed,3
TCK-014740,CUST-011709,2024-12-04,Security,Medium,31.5,Resolved,1
TCK-014741,CUST-011711,2024-08-12,Technical,Medium,32.1,Resolved,4
TCK-014742,CUST-011712,2024-10-11,Technical,High,16.0,Resolved,3
TCK-014743,CUST-011712,2024-05-07,Technical,Medium,30.9,Closed,4
TCK-014744,CUST-011715,2024-09-04,Technical,High,65.4,Resolved,4
TCK-014745,CUST-011717,2022-10-22,Billing,Medium,3.2,Pending,1
TCK-014746,CUST-011717,2024-04-04,Technical,Low,9.0,Resolved,1
TCK-014747,CUST-011717,2023-05-17,Feature Request,High,128.3,Resolved,2
TCK-014748,CUST-011718,2024-02-10,Technical,High,19.2,Closed,1
TCK-014749,CUST-011718,2024-03-06,Billing,Low,48.0,Resolved,5
TCK-014750,CUST-011718,2023-05-12,Technical,Low,12.7,Resolved,4
TCK-014751,CUST-011719,2024-08-24,Security,Medium,5.1,Resolved,5
TCK-014752,CUST-011720,2022-03-23,Technical,Medium,7.3,Resolved,4
TCK-014753,CUST-011720,2023-07-17,Login,High,163.6,Resolved,1
TCK-014754,CUST-011721,2023-05-27,Billing,Medium,0.8,Closed,4
TCK-014755,CUST-011721,2024-11-03,Integration,Medium,0.5,Resolved,4
TCK-014756,CUST-011723,2023-12-12,Technical,Medium,75.9,Resolved,1
TCK-014757,CUST-011723,2024-07-29,Billing,High,19.7,Resolved,3
TCK-014758,CUST-011725,24/04/2023,Billing,Medium,1.6,Resolved,2
TCK-014759,CUST-011725,2023-02-02,Technical,Low,20.4,Closed,3
TCK-014760,CUST-011725,2023-07-09,Login,Low,8.6,Resolved,2
TCK-014761,CUST-011725,2022-12-24,Billing,Medium,27.1,Resolved,2
TCK-014762,CUST-011728,2024-11-07,Technical,Low,0.5,Resolved,4
TCK-014763,CUST-011729,2024-06-20,Technical,Medium,64.8,Resolved,3
TCK-014764,CUST-011729,2023-11-28,Performance,Low,14.1,Resolved,4
TCK-014765,CUST-011730,2024-03-30,Integration,Medium,16.3,Closed,3
TCK-014766,CUST-011730,2024-02-28,Billing,High,17.8,Resolved,2
TCK-014767,CUST-011730,2024-02-06,Performance,High,44.1,Resolved,1
TCK-014768,CUST-011730,2024-02-23,Login,Medium,36.1,Closed,3
TCK-014769,CUST-011730,2024-02-18,Technical,Medium,45.0,Resolved,1
TCK-014770,CUST-011731,2024-04-23,Billing,High,52.7,Resolved,5
TCK-014771,CUST-011732,2023-12-13,Technical,Medium,15.7,Closed,5
TCK-014772,CUST-011732,2023-08-29,Security,Low,6.1,Pending,3
TCK-014773,CUST-011733,2024-12-09,Login,High,101.5,Resolved,2
TCK-014774,CUST-011734,2024-08-19,Login,Medium,27.2,Closed,4
TCK-014775,CUST-011734,2024-06-13,Technical,Low,24.8,Resolved,4
TCK-014776,CUST-011737,2023-09-24,Performance,High,13.2,Escalated,3
TCK-014777,CUST-011739,2024-04-22,Technical,Medium,20.8,Resolved,2
TCK-014778,CUST-011740,2024-04-11,Technical,Low,21.5,Resolved,1
TCK-014779,CUST-011740,2024-04-04,Billing,Medium,80.1,Resolved,2
TCK-014780,CUST-011741,2024-04-01,Integration,Medium,6.7,Resolved,1
TCK-014781,CUST-011742,2024-03-28,Billing,Critical,45.4,Resolved,1
TCK-014782,CUST-011742,2023-07-20,Technical,Low,25.7,Pending,2
TCK-014783,CUST-011743,2024-04-27,Integration,Medium,8.5,Resolved,4
TCK-014784,CUST-011744,2022-11-23,Performance,Medium,40.4,Resolved,1
TCK-014785,CUST-011745,31/07/2024,Login,Medium,28.5,Resolved,3
TCK-014786,CUST-011745,2024-06-24,Login,High,0.9,Resolved,1
TCK-014787,CUST-011745,2024-10-14,Performance,High,36.3,Resolved,1
TCK-014788,CUST-011745,2024-08-03,Integration,Low,13.1,Pending,2
TCK-014789,CUST-011748,2024-11-10,Integration,Medium,9.3,Resolved,4
TCK-014790,CUST-011750,2022-10-19,Technical,Critical,12.1,Resolved,4
TCK-014791,CUST-011750,2022-10-06,Technical,Critical,36.8,Resolved,3
TCK-014792,CUST-011751,2024-11-26,Integration,Low,4.6,Resolved,5
TCK-014793,CUST-011752,2022-12-31,Billing,Medium,12.4,Resolved,4
TCK-014794,CUST-011754,2024-06-09,Technical,Medium,10.6,Closed,5
TCK-014795,CUST-011754,2024-11-11,Feature Request,Low,12.4,Closed,5
TCK-014796,CUST-011755,2024-06-23,Login,Medium,10.2,Resolved,5
TCK-014797,CUST-011755,2024-09-21,Feature Request,High,10.2,Resolved,2
TCK-014798,CUST-011755,2024-08-06,Billing,Low,57.7,Resolved,2
TCK-014799,CUST-011755,2024-08-20,Technical,Low,35.0,Escalated,1
TCK-014800,CUST-011755,2024-08-18,Technical,Medium,27.2,Resolved,4
TCK-014801,CUST-011757,2023-09-06,Technical,Critical,0.5,Closed,5
TCK-014802,CUST-011757,2023-10-12,Integration,Medium,6.8,Resolved,4
TCK-014803,CUST-011757,2024-08-02,Technical,Low,4.1,Closed,4
TCK-014804,CUST-011758,2024-11-26,Billing,Medium,5.1,Resolved,5
TCK-014805,CUST-011758,2024-08-09,Technical,Medium,2.0,Closed,4
TCK-014806,CUST-011760,2023-10-13,Login,High,95.6,Resolved,4
TCK-014807,CUST-011760,2023-09-05,Security,Medium,1.5,Resolved,2
TCK-014808,CUST-011761,2024-11-15,Login,Critical,17.1,Resolved,5
TCK-014809,CUST-011763,2024-06-10,Feature Request,Medium,2.2,Closed,4
TCK-014810,CUST-011763,2024-07-23,Technical,Medium,52.1,Resolved,4
TCK-014811,CUST-011764,2024-06-26,Performance,High,5.2,Resolved,2
TCK-014812,CUST-011765,2023-10-02,Login,Critical,91.4,Closed,5
TCK-014813,CUST-011765,2024-06-02,Login,Medium,46.8,Closed,3
TCK-014814,CUST-011766,2023-06-28,Login,High,6.0,Resolved,3
TCK-014815,CUST-011767,2024-07-03,Billing,Low,26.1,Resolved,1
TCK-014816,CUST-011767,19/06/2024,Billing,Medium,3.7,Resolved,3
TCK-014817,CUST-011767,2024-07-11,Technical,Critical,26.6,Resolved,3
TCK-014818,CUST-011768,2024-02-19,Integration,Low,9.5,Closed,3
TCK-014819,CUST-011769,05/09/2023,Security,Medium,19.9,Closed,3
TCK-014820,CUST-011769,2024-06-19,Billing,Low,4.1,Resolved,5
TCK-014821,CUST-011770,2022-09-15,Login,Medium,7.6,Resolved,4
TCK-014822,CUST-011771,2023-03-05,Billing,High,16.9,Resolved,1
TCK-014823,CUST-011771,2022-09-09,Security,Medium,17.6,Resolved,2
TCK-014824,CUST-011772,2023-03-10,Billing,Medium,57.1,Resolved,4
TCK-014825,CUST-011773,2023-04-10,Billing,Critical,32.3,Closed,2
TCK-014826,CUST-011774,2023-07-24,Technical,Low,15.7,Closed,1
TCK-014827,CUST-011774,2023-04-18,Login,Critical,0.8,Closed,4
TCK-014828,CUST-011774,27/02/2023,Integration,Low,5.8,Resolved,1
TCK-014829,CUST-011774,2023-08-06,Technical,Low,69.7,Closed,1
TCK-014830,CUST-011777,02/12/2022,Login,High,15.9,Closed,2
TCK-014831,CUST-011777,2022-04-06,Feature Request,Low,22.6,Resolved,3
TCK-014832,CUST-011777,2022-12-18,Billing,Medium,28.9,Resolved,5
TCK-014833,CUST-011778,2023-04-15,Billing,Medium,9.0,Resolved,3
TCK-014834,CUST-011780,2024-09-06,Technical,Medium,15.8,Resolved,3
TCK-014835,CUST-011782,2024-04-19,Billing,Medium,2.3,Resolved,5
TCK-014836,CUST-011783,2023-12-30,Security,Critical,32.8,Pending,1
TCK-014837,CUST-011783,2023-10-18,Technical,Low,12.7,Resolved,2
TCK-014838,CUST-011783,2023-12-16,Integration,Low,19.9,Closed,1
TCK-014839,CUST-011783,2023-11-13,Performance,High,4.3,Closed,5
TCK-014840,CUST-011784,2023-05-23,Feature Request,Critical,2.1,Resolved,4
TCK-014841,CUST-011787,2023-01-16,Billing,High,22.7,Resolved,1
TCK-014842,CUST-011788,2024-03-13,Billing,Medium,7.0,Resolved,5
TCK-014843,CUST-011789,2024-03-22,Technical,Low,8.5,Resolved,2
TCK-014844,CUST-011791,2024-08-28,Billing,Medium,7.5,Resolved,3
TCK-014845,CUST-011791,2024-01-12,Feature Request,Low,6.1,Resolved,2
TCK-014846,CUST-011791,2024-04-14,Performance,Low,60.6,Resolved,1
TCK-014847,CUST-011791,2024-05-03,Billing,Medium,2.2,Resolved,3
TCK-014848,CUST-011792,2023-07-04,Technical,Medium,3.5,Resolved,1
TCK-014849,CUST-011792,2024-12-07,Integration,Medium,2.3,Resolved,5
TCK-014850,CUST-011793,2023-09-16,Login,Medium,24.6,Closed,5
TCK-014851,CUST-011794,2024-06-14,Integration,High,28.6,Resolved,1
TCK-014852,CUST-011794,2024-01-15,Integration,Low,0.5,Resolved,4
TCK-014853,CUST-011794,2024-08-12,Billing,High,20.5,Resolved,1
TCK-014854,CUST-011794,2023-11-23,Security,Medium,14.6,Resolved,5
TCK-014855,CUST-011796,2024-11-04,Billing,High,45.8,Resolved,3
TCK-014856,CUST-011796,2024-11-07,Login,Medium,27.1,Resolved,5
TCK-014857,CUST-011798,21/01/2023,Technical,Medium,7.6,Closed,5
TCK-014858,CUST-011799,2023-06-01,Login,Low,11.8,Closed,5
TCK-014859,CUST-011801,2023-02-08,Login,Low,43.7,Resolved,1
TCK-014860,CUST-011801,2023-05-17,Billing,High,22.3,Escalated,2
TCK-014861,CUST-011801,2023-04-11,Billing,Medium,1.6,Closed,2
TCK-014862,CUST-011802,2023-12-29,Technical,Critical,32.7,Resolved,5
TCK-014863,CUST-011803,2023-09-06,Login,Low,19.7,Resolved,1
TCK-014864,CUST-011803,2023-08-15,Feature Request,Low,77.4,Escalated,1
TCK-014865,CUST-011803,2023-08-28,Technical,Medium,2.9,Resolved,2
TCK-014866,CUST-011803,2023-08-24,Billing,Low,28.4,Resolved,2
TCK-014867,CUST-011804,2023-09-17,Technical,Medium,31.3,Resolved,3
TCK-014868,CUST-011804,2023-08-28,Technical,Critical,17.8,Pending,2
TCK-014869,CUST-011805,2024-04-16,Security,Low,26.5,Resolved,3
TCK-014870,CUST-011805,2024-05-10,Technical,Low,6.9,Closed,2
TCK-014871,CUST-011806,2023-11-14,Technical,Critical,106.2,Resolved,1
TCK-014872,CUST-011806,2023-11-16,Performance,High,2.8,Closed,1
TCK-014873,CUST-011806,2024-01-21,Feature Request,Medium,5.0,Resolved,3
TCK-014874,CUST-011807,2023-04-28,Billing,High,21.5,Closed,1
TCK-014875,CUST-011807,2023-10-01,Technical,High,26.3,Resolved,1
TCK-014876,CUST-011807,2024-03-18,Technical,Low,76.8,Resolved,5
TCK-014877,CUST-011808,2022-12-20,Billing,High,5.8,Resolved,3
TCK-014878,CUST-011812,2024-09-07,Billing,Medium,6.2,Resolved,4
TCK-014879,CUST-011812,2024-06-08,Performance,Low,1.9,Resolved,4
TCK-014880,CUST-011812,2024-05-05,Feature Request,Medium,19.0,Resolved,5
TCK-014881,CUST-011813,2024-04-03,Technical,Medium,1.8,Resolved,2
TCK-014882,CUST-011813,2024-04-26,Integration,Medium,6.2,Resolved,1
TCK-014883,CUST-011813,2024-04-08,Performance,Critical,19.7,Escalated,1
TCK-014884,CUST-011813,2024-04-23,Integration,Low,2.2,Escalated,1
TCK-014885,CUST-011813,2024-04-05,Security,Low,3.5,Closed,3
TCK-014886,CUST-011814,2024-11-29,Technical,Low,32.0,Resolved,4
TCK-014887,CUST-011814,2024-01-26,Login,Medium,4.3,Resolved,1
TCK-014888,CUST-011815,2022-06-04,Integration,Medium,10.3,Resolved,5
TCK-014889,CUST-011817,2024-07-09,Technical,Medium,29.6,Resolved,3
TCK-014890,CUST-011817,2024-08-23,Login,High,2.2,Resolved,5
TCK-014891,CUST-011818,2022-05-23,Billing,Low,26.5,Resolved,2
TCK-014892,CUST-011818,2023-01-04,Security,Medium,7.8,Resolved,1
TCK-014893,CUST-011819,2023-09-07,Technical,Medium,5.2,Resolved,3
TCK-014894,CUST-011820,2024-07-14,Technical,Medium,43.2,Closed,2
TCK-014895,CUST-011821,2023-09-13,Technical,High,29.3,Resolved,5
TCK-014896,CUST-011822,2023-04-15,Billing,High,8.0,Resolved,5
TCK-014897,CUST-011822,2024-09-01,Technical,Low,10.0,Resolved,2
TCK-014898,CUST-011823,2023-05-22,Integration,Medium,22.5,Escalated,3
TCK-014899,CUST-011823,2023-07-01,Billing,Low,50.4,Resolved,2
TCK-014900,CUST-011823,2023-05-18,Feature Request,Medium,116.7,Resolved,2
TCK-014901,CUST-011824,2024-09-01,Technical,High,95.7,Resolved,4
TCK-014902,CUST-011827,2024-03-13,Billing,Medium,4.7,Closed,1
TCK-014903,CUST-011829,2023-04-08,Billing,Critical,70.4,Escalated,2
TCK-014904,CUST-011831,2023-10-11,Billing,Medium,1.6,Resolved,5
TCK-014905,CUST-011833,2023-10-20,Login,Low,0.5,Closed,2
TCK-014906,CUST-011835,2024-01-31,Login,Low,5.5,Resolved,4
TCK-014907,CUST-011835,2024-02-05,Integration,Medium,0.5,Resolved,2
TCK-014908,CUST-011839,2024-09-25,Technical,Low,0.8,Resolved,3
TCK-014909,CUST-011841,2023-09-29,Integration,Low,4.8,Resolved,4
TCK-014910,CUST-011842,2024-12-07,Billing,Low,3.5,Resolved,3
TCK-014911,CUST-011844,2023-10-13,Security,Low,31.8,Resolved,4
TCK-014912,CUST-011844,2023-10-02,Billing,Medium,21.0,Closed,4
TCK-014913,CUST-011846,2023-10-16,Security,Low,0.9,Closed,3
TCK-014914,CUST-011848,2024-04-14,Technical,Low,27.8,Resolved,4
TCK-014915,CUST-011849,2024-09-05,Login,High,27.0,Resolved,4
TCK-014916,CUST-011852,2024-05-22,Technical,Low,53.2,Resolved,4
TCK-014917,CUST-011853,2023-10-29,Technical,Medium,24.9,Closed,4
TCK-014918,CUST-011853,2022-10-25,Technical,Low,38.2,Resolved,4
TCK-014919,CUST-011854,2023-02-21,Billing,Medium,4.7,Resolved,4
TCK-014920,CUST-011855,2024-08-16,Feature Request,Low,9.4,Closed,5
TCK-014921,CUST-011858,2024-12-05,Feature Request,Low,26.1,Resolved,4
TCK-014922,CUST-011858,2024-10-16,Technical,Medium,6.6,Closed,5
TCK-014923,CUST-011859,2023-04-02,Billing,Medium,0.7,Closed,5
TCK-014924,CUST-011859,2022-05-28,Technical,Low,0.8,Closed,4
TCK-014925,CUST-011859,2024-07-25,Technical,Medium,21.3,Resolved,5
TCK-014926,CUST-011860,2022-08-02,Integration,Low,2.8,Resolved,5
TCK-014927,CUST-011861,2022-12-15,Integration,Medium,6.4,Resolved,3
TCK-014928,CUST-011861,2023-01-23,Technical,High,44.3,Resolved,1
TCK-014929,CUST-011861,2022-12-04,Technical,Critical,38.0,Resolved,1
TCK-014930,CUST-011864,2024-05-18,Login,Medium,39.2,Escalated,3
TCK-014931,CUST-011864,2023-11-03,Security,High,52.3,Closed,4
TCK-014932,CUST-011864,2024-06-24,Technical,Medium,112.0,Resolved,1
TCK-014933,CUST-011865,2024-05-05,Technical,Low,7.0,Closed,4
TCK-014934,CUST-011865,2024-11-23,Billing,High,59.6,Resolved,4
TCK-014935,CUST-011867,2024-10-31,Billing,Medium,1.6,Resolved,1
TCK-014936,CUST-011869,2022-09-08,Performance,High,9.7,Closed,4
TCK-014937,CUST-011870,2024-06-19,Billing,Medium,1.3,Resolved,5
TCK-014938,CUST-011870,2024-05-19,Performance,Medium,15.5,Resolved,4
TCK-014939,CUST-011870,2024-12-12,Billing,Medium,44.5,Resolved,4
TCK-014940,CUST-011870,2024-09-05,Billing,Medium,1.9,Resolved,5
TCK-014941,CUST-011871,2023-07-04,Security,Medium,12.2,Closed,1
TCK-014942,CUST-011871,2023-06-26,Performance,Medium,21.1,Closed,4
TCK-014943,CUST-011872,2023-06-21,Integration,Medium,0.5,Resolved,4
TCK-014944,CUST-011872,2024-04-05,Technical,Low,19.6,Resolved,4
TCK-014945,CUST-011874,2023-10-29,Login,Low,1.9,Resolved,3
TCK-014946,CUST-011875,2022-07-10,Login,Medium,16.4,Escalated,1
TCK-014947,CUST-011875,2022-07-23,Technical,Low,7.1,Resolved,3
TCK-014948,CUST-011876,2023-08-26,Billing,High,30.1,Resolved,2
TCK-014949,CUST-011876,2023-08-15,Login,Medium,34.2,Pending,2
TCK-014950,CUST-011877,2024-06-03,Billing,Low,11.1,Resolved,1
TCK-014951,CUST-011879,2024-01-09,Technical,Low,47.0,Closed,2
TCK-014952,CUST-011879,2024-01-31,Technical,Low,39.0,Closed,3
TCK-014953,CUST-011879,2023-09-17,Feature Request,Low,0.5,Closed,1
TCK-014954,CUST-011880,2023-05-28,Billing,Low,11.1,Resolved,4
TCK-014955,CUST-011880,2023-10-23,Integration,Medium,1.5,Escalated,2
TCK-014956,CUST-011880,2024-03-29,Integration,High,15.0,Resolved,1
TCK-014957,CUST-011880,2024-05-01,Performance,Medium,36.8,Resolved,1
TCK-014958,CUST-011882,2023-12-27,Performance,Medium,7.1,Closed,3
TCK-014959,CUST-011882,2024-02-15,Performance,Low,1.3,Resolved,2
TCK-014960,CUST-011884,2022-07-01,Billing,Medium,32.5,Resolved,1
TCK-014961,CUST-011884,2022-06-12,Technical,Medium,12.2,Pending,3
TCK-014962,CUST-011886,2023-07-11,Login,Low,29.7,Resolved,1
TCK-014963,CUST-011886,2023-09-04,Performance,Critical,45.0,Pending,1
TCK-014964,CUST-011889,2022-06-30,Login,High,1.5,Resolved,1
TCK-014965,CUST-011889,2023-08-11,Integration,Low,68.7,Resolved,1
TCK-014966,CUST-011889,2023-03-17,Technical,High,70.0,Resolved,2
TCK-014967,CUST-011891,2024-05-14,Technical,Low,9.2,Resolved,4
TCK-014968,CUST-011891,2024-04-08,Login,High,72.7,Resolved,3
TCK-014969,CUST-011892,2024-11-09,Technical,Medium,5.5,Resolved,4
TCK-014970,CUST-011893,2024-10-21,Billing,Medium,1.6,Closed,2
TCK-014971,CUST-011895,2024-05-04,Login,Low,7.6,Closed,5
TCK-014972,CUST-011895,2024-12-01,Login,Low,4.0,Resolved,5
TCK-014973,CUST-011898,2024-08-30,Performance,Medium,11.1,Resolved,4
TCK-014974,CUST-011898,2024-02-24,Feature Request,Medium,1.4,Resolved,1
TCK-014975,CUST-011898,20/03/2024,Technical,High,48.8,Resolved,4
TCK-014976,CUST-011899,2023-12-24,Login,Low,9.5,Resolved,2
TCK-014977,CUST-011899,2024-06-21,Technical,Low,2.9,Resolved,3
TCK-014978,CUST-011900,2024-03-11,Technical,Critical,5.8,Closed,5
TCK-014979,CUST-011903,2024-02-27,Technical,Low,5.6,Resolved,3
TCK-014980,CUST-011903,2023-12-18,Integration,Medium,4.3,Resolved,4
TCK-014981,CUST-011905,2024-07-16,Performance,High,0.5,Resolved,4
TCK-014982,CUST-011906,2024-05-09,Integration,Medium,6.9,Closed,2
TCK-014983,CUST-011908,2022-10-28,Billing,Low,12.6,Resolved,3
TCK-014984,CUST-011908,2023-09-28,Feature Request,Low,18.8,Closed,2
TCK-014985,CUST-011908,2023-04-19,Performance,Low,9.1,Resolved,1
TCK-014986,CUST-011908,2023-01-24,Billing,Low,14.1,Pending,1
TCK-014987,CUST-011909,2024-02-04,Login,Medium,30.8,Closed,5
TCK-014988,CUST-011911,2024-03-13,Technical,Low,34.4,Closed,1
TCK-014989,CUST-011911,2023-11-30,Integration,Low,27.2,Resolved,1
TCK-014990,CUST-011911,2024-02-26,Technical,High,16.4,Resolved,5
TCK-014991,CUST-011912,2024-09-08,Feature Request,Low,3.3,Resolved,5
TCK-014992,CUST-011912,2024-09-08,Performance,High,17.3,Closed,5
TCK-014993,CUST-011919,2024-08-16,Billing,High,24.9,Resolved,5
TCK-014994,CUST-011919,2024-09-02,Technical,Medium,9.5,Closed,5
TCK-014995,CUST-011919,2024-04-27,Performance,Medium,4.0,Closed,3
TCK-014996,CUST-011920,2024-12-11,Feature Request,Medium,22.9,Closed,3
TCK-014997,CUST-011921,2023-05-09,Login,Medium,39.7,Closed,4
TCK-014998,CUST-011921,2023-11-17,Feature Request,Medium,73.4,Resolved,3
TCK-014999,CUST-011923,2024-09-29,Billing,High,43.3,Resolved,1
TCK-015000,CUST-011923,2024-09-21,Technical,Medium,13.6,Resolved,5
TCK-015001,CUST-011925,2024-02-18,Integration,Critical,18.0,Closed,2
TCK-015002,CUST-011925,2024-02-16,Technical,Medium,39.0,Resolved,2
TCK-015003,CUST-011926,2023-07-22,Technical,High,38.5,Resolved,1
TCK-015004,CUST-011926,2023-06-30,Technical,Medium,11.3,Resolved,1
TCK-015005,CUST-011926,2023-07-12,Login,Low,14.3,Closed,2
TCK-015006,CUST-011926,2024-08-18,Login,Low,19.4,Resolved,4
TCK-015007,CUST-011926,2022-08-13,Billing,Medium,24.9,Closed,3
TCK-015008,CUST-011927,2024-03-14,Login,High,30.8,Resolved,3
TCK-015009,CUST-011927,2024-10-26,Billing,High,15.7,Resolved,4
TCK-015010,CUST-011927,2024-08-04,Billing,Medium,9.7,Closed,3
TCK-015011,CUST-011928,2024-05-04,Feature Request,Medium,10.6,Resolved,1
TCK-015012,CUST-011930,2024-08-28,Billing,Medium,58.8,Resolved,4
TCK-015013,CUST-011934,2023-09-27,Integration,Medium,39.7,Closed,4
TCK-015014,CUST-011935,2022-07-22,Technical,Medium,0.9,Resolved,1
TCK-015015,CUST-011935,2023-01-14,Technical,Low,39.7,Resolved,2
TCK-015016,CUST-011937,2023-07-08,Billing,Medium,2.8,Escalated,3
TCK-015017,CUST-011938,2022-05-26,Technical,Low,5.6,Closed,2
TCK-015018,CUST-011938,2022-12-13,Billing,High,68.7,Resolved,2
TCK-015019,CUST-011939,2022-10-31,Login,Critical,8.0,Resolved,5
TCK-015020,CUST-011939,2024-12-01,Integration,Medium,8.0,Resolved,4
TCK-015021,CUST-011940,2024-02-08,Feature Request,Critical,26.9,Resolved,4
TCK-015022,CUST-011940,24/12/2024,Integration,Low,7.6,Resolved,2
TCK-015023,CUST-011943,2023-03-13,Login,Critical,68.7,Resolved,2
TCK-015024,CUST-011944,2024-05-29,Login,Medium,10.0,Closed,4
TCK-015025,CUST-011945,2024-01-29,Login,Critical,5.3,Resolved,3
TCK-015026,CUST-011947,2023-02-05,Performance,High,13.2,Resolved,4
TCK-015027,CUST-011950,2022-07-12,Technical,Low,25.3,Closed,1
TCK-015028,CUST-011950,2022-08-24,Technical,Medium,36.8,Resolved,3
TCK-015029,CUST-011951,2024-07-01,Performance,Medium,9.0,Resolved,1
TCK-015030,CUST-011953,2024-09-17,Billing,Medium,14.5,Resolved,5
TCK-015031,CUST-011953,2023-09-22,Technical,Medium,12.6,Closed,1
TCK-015032,CUST-011956,2024-07-18,Billing,Low,22.0,Resolved,4
TCK-015033,CUST-011958,2024-11-30,Technical,Low,35.6,Resolved,5
TCK-015034,CUST-011961,2023-01-19,Login,Low,12.0,Resolved,3
TCK-015035,CUST-011961,21/03/2023,Feature Request,Low,28.2,Closed,1
TCK-015036,CUST-011962,2024-03-04,Performance,Medium,17.0,Resolved,4
TCK-015037,CUST-011964,2024-06-06,Feature Request,Medium,38.7,Resolved,5
TCK-015038,CUST-011965,2024-09-23,Security,High,26.5,Resolved,2
TCK-015039,CUST-011966,2024-05-29,Technical,Low,92.1,Closed,1
TCK-015040,CUST-011967,2024-07-13,Billing,Medium,49.5,Pending,1
TCK-015041,CUST-011970,2024-01-12,Login,High,22.7,Resolved,5
TCK-015042,CUST-011970,2023-10-11,Security,Medium,2.8,Closed,5
TCK-015043,CUST-011972,2024-09-13,Feature Request,Critical,58.7,Resolved,1
TCK-015044,CUST-011972,2024-07-12,Login,High,2.1,Resolved,5
TCK-015045,CUST-011973,2024-10-31,Integration,High,40.1,Resolved,3
TCK-015046,CUST-011973,2022-12-05,Performance,Low,6.0,Closed,4
TCK-015047,CUST-011974,2024-08-06,Security,Low,7.0,Pending,3
TCK-015048,CUST-011974,2024-04-27,Integration,Medium,4.1,Resolved,4
TCK-015049,CUST-011974,2024-06-01,Billing,Medium,15.9,Resolved,1
TCK-015050,CUST-011974,2024-09-02,Performance,High,12.4,Resolved,1
TCK-015051,CUST-011975,22/08/2023,Integration,Medium,1.3,Resolved,2
TCK-015052,CUST-011976,2022-06-05,Login,Low,57.6,Closed,4
TCK-015053,CUST-011977,2023-10-09,Technical,Low,16.5,Resolved,2
TCK-015054,CUST-011977,2023-08-03,Billing,Medium,11.7,Closed,2
TCK-015055,CUST-011978,2024-05-05,Login,Low,2.7,Resolved,5
TCK-015056,CUST-011979,2024-03-16,Billing,Medium,2.9,Escalated,1
TCK-015057,CUST-011979,2024-03-31,Performance,High,1.3,Closed,1
TCK-015058,CUST-011981,2023-10-18,Integration,Medium,29.3,Resolved,5
TCK-015059,CUST-011981,2024-10-23,Login,Medium,6.6,Closed,3
TCK-015060,CUST-011982,2023-04-18,Login,Low,5.0,Closed,4
TCK-015061,CUST-011982,22/11/2022,Billing,Medium,30.7,Resolved,2
TCK-015062,CUST-011983,2024-05-09,Technical,Medium,2.2,Resolved,5
TCK-015063,CUST-011984,2023-08-23,Login,Critical,24.0,Resolved,1
TCK-015064,CUST-011984,2023-12-09,Technical,Low,26.7,Closed,2
TCK-015065,CUST-011985,2024-06-05,Technical,High,80.7,Resolved,2
TCK-015066,CUST-011986,2024-09-25,Login,Low,12.8,Resolved,4
TCK-015067,CUST-011986,2024-03-03,Performance,High,11.8,Resolved,1
TCK-015068,CUST-011987,2024-02-13,Technical,Critical,14.6,Resolved,2
TCK-015069,CUST-011987,2024-06-03,Performance,Low,13.4,Resolved,3
TCK-015070,CUST-011987,2024-07-21,Billing,Low,92.7,Resolved,3
TCK-015071,CUST-011988,2024-10-23,Billing,Low,36.2,Resolved,3
TCK-015072,CUST-011989,2024-09-27,Integration,High,14.2,Closed,5
TCK-015073,CUST-011989,2024-04-22,Performance,High,0.5,Resolved,4
TCK-015074,CUST-011990,2024-05-27,Login,Low,33.9,Resolved,2
TCK-015075,CUST-011990,2024-06-25,Login,Medium,4.6,Pending,1
TCK-015076,CUST-011990,2024-03-06,Integration,Medium,5.9,Resolved,2
TCK-015077,CUST-011990,2024-05-20,Billing,Medium,12.6,Closed,2
TCK-015078,CUST-011990,2024-03-19,Billing,Low,54.0,Resolved,5
TCK-015079,CUST-011991,2024-02-28,Technical,Low,12.0,Resolved,3
TCK-015080,CUST-011992,2024-08-16,Billing,Low,7.6,Closed,1
TCK-015081,CUST-011993,2024-11-18,Performance,Medium,34.7,Resolved,4
TCK-015082,CUST-011994,2024-11-13,Technical,High,5.8,Closed,2
TCK-015083,CUST-011995,2023-01-10,Integration,Low,13.1,Resolved,1
TCK-015084,CUST-011995,2022-10-17,Technical,Critical,50.6,Resolved,2
TCK-015085,CUST-011996,2023-06-24,Billing,Medium,8.3,Closed,4
TCK-015086,CUST-011997,2023-01-07,Billing,Medium,4.7,Closed,5
TCK-015087,CUST-011997,2023-05-30,Technical,High,68.3,Resolved,1
TCK-015088,CUST-011997,2023-03-20,Technical,Medium,7.9,Resolved,2
TCK-015089,CUST-011997,2022-06-25,Technical,Medium,24.6,Escalated,1
TCK-015090,CUST-011999,2024-02-07,Technical,Low,12.2,Resolved,1
TCK-015091,CUST-012000,2024-02-13,Technical,Low,0.5,Resolved,4
TCK-015092,CUST-012000,2022-05-25,Performance,Low,1.2,Resolved,3
